domain,rtb_account_id,country,network_spend_7d,network_daily_spend,route_key
temu.com,67055dc40f05bd0011e279ae,US,2162949.8910719226,308992.8416,"('temu.com', '67055dc40f05bd0011e279ae', 'US')"
temu.com,5f6413c9612b1a0015099993,US,636078.5104012829,90868.3586,"('temu.com', '5f6413c9612b1a0015099993', 'US')"
temu.com,618a29d9ef3f360017e9acca,US,582472.6027165111,83210.3718,"('temu.com', '618a29d9ef3f360017e9acca', 'US')"
grand.gs,5f6413c9612b1a0015099993,US,471192.49676872126,67313.2138,"('grand.gs', '5f6413c9612b1a0015099993', 'US')"
dreamgames.com,5f6413c9612b1a0015099993,US,318783.8862825338,45540.5552,"('dreamgames.com', '5f6413c9612b1a0015099993', 'US')"
tiktok.com,5f6413c9612b1a0015099993,US,311349.40637601726,44478.4866,"('tiktok.com', '5f6413c9612b1a0015099993', 'US')"
snap.com,5f6413c9612b1a0015099993,MX,222220.14280630235,31745.7347,"('snap.com', '5f6413c9612b1a0015099993', 'MX')"
king.com,5f6413c9612b1a0015099993,US,199494.39589928306,28499.1994,"('king.com', '5f6413c9612b1a0015099993', 'US')"
apple.com,602442ef9f0893001526406b,US,191836.6571824848,27405.2367,"('apple.com', '602442ef9f0893001526406b', 'US')"
lessmore.games,5f6413c9612b1a0015099993,US,176173.06579769024,25167.5808,"('lessmore.games', '5f6413c9612b1a0015099993', 'US')"
doordash.com,5f6413c9612b1a0015099993,US,169113.99607485614,24159.1423,"('doordash.com', '5f6413c9612b1a0015099993', 'US')"
tiktok.com,5f6413c9612b1a0015099993,JP,163218.94225133394,23316.9918,"('tiktok.com', '5f6413c9612b1a0015099993', 'JP')"
freecash.com,5f6413c9612b1a0015099993,US,160367.34757121993,22909.6211,"('freecash.com', '5f6413c9612b1a0015099993', 'US')"
betboom.ru,5f6413c9612b1a0015099993,RU,158478.17252173976,22639.7389,"('betboom.ru', '5f6413c9612b1a0015099993', 'RU')"
temu.com,67055dc40f05bd0011e279ae,GB,155447.67188938978,22206.8103,"('temu.com', '67055dc40f05bd0011e279ae', 'GB')"
temu.com,67055dc40f05bd0011e279ae,AU,146556.9177170385,20936.7025,"('temu.com', '67055dc40f05bd0011e279ae', 'AU')"
crowncoinscasino.com,5f6413c9612b1a0015099993,US,139028.36829469082,19861.1955,"('crowncoinscasino.com', '5f6413c9612b1a0015099993', 'US')"
king.com,5fbc06efdcdfdb0015dda411,US,137892.17418040018,19698.882,"('king.com', '5fbc06efdcdfdb0015dda411', 'US')"
temu.com,67055dc40f05bd0011e279ae,MX,137724.3697385397,19674.91,"('temu.com', '67055dc40f05bd0011e279ae', 'MX')"
tiktok.com,5f6413c9612b1a0015099993,GB,137457.50560490426,19636.7865,"('tiktok.com', '5f6413c9612b1a0015099993', 'GB')"
temu.com,67055dc40f05bd0011e279ae,CO,129673.62823569153,18524.804,"('temu.com', '67055dc40f05bd0011e279ae', 'CO')"
temu.com,5f6413c9612b1a0015099993,GB,124044.8727104874,17720.6961,"('temu.com', '5f6413c9612b1a0015099993', 'GB')"
modo.us,5f6413c9612b1a0015099993,US,123988.2199754416,17712.6029,"('modo.us', '5f6413c9612b1a0015099993', 'US')"
snap.com,5f6413c9612b1a0015099993,US,111183.50085317963,15883.3573,"('snap.com', '5f6413c9612b1a0015099993', 'US')"
casino.draftkings.com,5f6413c9612b1a0015099993,US,107167.37299401267,15309.6247,"('casino.draftkings.com', '5f6413c9612b1a0015099993', 'US')"
tiktok.com,5f6413c9612b1a0015099993,DE,106618.61592709468,15231.2308,"('tiktok.com', '5f6413c9612b1a0015099993', 'DE')"
robinhood.com,5f6413c9612b1a0015099993,US,102319.50542753364,14617.0722,"('robinhood.com', '5f6413c9612b1a0015099993', 'US')"
shopee.com.br,5fffe796e4fa2100156e364a,BR,99674.76742932611,14239.2525,"('shopee.com.br', '5fffe796e4fa2100156e364a', 'BR')"
vitastudio.ai,5f6413c9612b1a0015099993,US,96367.95737546493,13766.8511,"('vitastudio.ai', '5f6413c9612b1a0015099993', 'US')"
creditkarma.com,5f6413c9612b1a0015099993,US,95357.28116666191,13622.4687,"('creditkarma.com', '5f6413c9612b1a0015099993', 'US')"
productmadness.com,5f6413c9612b1a0015099993,US,91095.35194748842,13013.6217,"('productmadness.com', '5f6413c9612b1a0015099993', 'US')"
scopely.com,5bc0e10e25c7d7796ebe8fc0,US,89922.98583999988,12846.1408,"('scopely.com', '5bc0e10e25c7d7796ebe8fc0', 'US')"
temu.com,67055dc40f05bd0011e279ae,KR,89765.49139635089,12823.6416,"('temu.com', '67055dc40f05bd0011e279ae', 'KR')"
gls.com,5f6413c9612b1a0015099993,US,87638.31337201226,12519.7591,"('gls.com', '5f6413c9612b1a0015099993', 'US')"
temu.com,67055dc40f05bd0011e279ae,JP,86173.61348587643,12310.5162,"('temu.com', '67055dc40f05bd0011e279ae', 'JP')"
polymarket.com,5f6413c9612b1a0015099993,US,85168.19519747341,12166.885,"('polymarket.com', '5f6413c9612b1a0015099993', 'US')"
tiktok.com,5f6413c9612b1a0015099993,FR,83906.95159887582,11986.7074,"('tiktok.com', '5f6413c9612b1a0015099993', 'FR')"
temu.com,67055dc40f05bd0011e279ae,BR,83451.35517773191,11921.6222,"('temu.com', '67055dc40f05bd0011e279ae', 'BR')"
temu.com,67055dc40f05bd0011e279ae,CA,82236.03853462313,11748.0055,"('temu.com', '67055dc40f05bd0011e279ae', 'CA')"
betty.ca,5f6413c9612b1a0015099993,CA,82079.53808922716,11725.6483,"('betty.ca', '5f6413c9612b1a0015099993', 'CA')"
temu.com,5f6413c9612b1a0015099993,CA,80156.39629328036,11450.9138,"('temu.com', '5f6413c9612b1a0015099993', 'CA')"
loomgames.com,5f6413c9612b1a0015099993,US,79426.70664104255,11346.6724,"('loomgames.com', '5f6413c9612b1a0015099993', 'US')"
temu.com,67055dc40f05bd0011e279ae,FR,79171.83380577166,11310.262,"('temu.com', '67055dc40f05bd0011e279ae', 'FR')"
temu.com,67055dc40f05bd0011e279ae,CH,78644.47123037433,11234.9245,"('temu.com', '67055dc40f05bd0011e279ae', 'CH')"
hungrystudio.com,5f6413c9612b1a0015099993,US,73807.0937522934,10543.8705,"('hungrystudio.com', '5f6413c9612b1a0015099993', 'US')"
kalshi.com,5f6413c9612b1a0015099993,US,71800.87125468357,10257.2673,"('kalshi.com', '5f6413c9612b1a0015099993', 'US')"
revolut.com,5f6413c9612b1a0015099993,FR,71594.76561074401,10227.8237,"('revolut.com', '5f6413c9612b1a0015099993', 'FR')"
hplconsultingltd.com,5f6413c9612b1a0015099993,US,70825.77254428601,10117.9675,"('hplconsultingltd.com', '5f6413c9612b1a0015099993', 'US')"
temu.com,67055dc40f05bd0011e279ae,ZA,69518.08795448854,9931.1554,"('temu.com', '67055dc40f05bd0011e279ae', 'ZA')"
goodluckstudioltd.com,5f6413c9612b1a0015099993,US,68475.83271367461,9782.2618,"('goodluckstudioltd.com', '5f6413c9612b1a0015099993', 'US')"
grand.gs,5f6413c9612b1a0015099993,GB,67801.15582584761,9685.8794,"('grand.gs', '5f6413c9612b1a0015099993', 'GB')"
chimebank.com,5f6413c9612b1a0015099993,US,66942.30151911412,9563.1859,"('chimebank.com', '5f6413c9612b1a0015099993', 'US')"
tiktok.com,5f6413c9612b1a0015099993,IT,65151.48491697589,9307.355,"('tiktok.com', '5f6413c9612b1a0015099993', 'IT')"
courtyard.io,5f6413c9612b1a0015099993,US,63738.83876684914,9105.5484,"('courtyard.io', '5f6413c9612b1a0015099993', 'US')"
scopely.com,5f6413c9612b1a0015099993,US,61311.939771696845,8758.8485,"('scopely.com', '5f6413c9612b1a0015099993', 'US')"
temu.com,67055dc40f05bd0011e279ae,IL,60910.565975795456,8701.5094,"('temu.com', '67055dc40f05bd0011e279ae', 'IL')"
temu.com,5f6413c9612b1a0015099993,CH,60573.47107261889,8653.353,"('temu.com', '5f6413c9612b1a0015099993', 'CH')"
realplayltd.com,5f6413c9612b1a0015099993,US,59318.46169897739,8474.066,"('realplayltd.com', '5f6413c9612b1a0015099993', 'US')"
tiktok.com,5bc0e10e25c7d7796ebe8fc0,US,58969.98044700009,8424.2829,"('tiktok.com', '5bc0e10e25c7d7796ebe8fc0', 'US')"
draftkings.com,5f6413c9612b1a0015099993,US,58837.11601604599,8405.3023,"('draftkings.com', '5f6413c9612b1a0015099993', 'US')"
temu.com,65660afecebd4a0011dcc2ac,US,56996.70767171594,8142.3868,"('temu.com', '65660afecebd4a0011dcc2ac', 'US')"
casino.draftkings.com,5f6413c9612b1a0015099993,CA,56718.940443283325,8102.7058,"('casino.draftkings.com', '5f6413c9612b1a0015099993', 'CA')"
amazon.com,67f579a965660600111030c2,US,56703.91617,8100.5595,"('amazon.com', '67f579a965660600111030c2', 'US')"
mercadolibre.com,5f6413c9612b1a0015099993,MX,54967.523978866535,7852.5034,"('mercadolibre.com', '5f6413c9612b1a0015099993', 'MX')"
revolut.com,5f6413c9612b1a0015099993,GB,54615.97850200332,7802.2826,"('revolut.com', '5f6413c9612b1a0015099993', 'GB')"
cloudfront.net,5f6413c9612b1a0015099993,IN,54111.10328209838,7730.1576,"('cloudfront.net', '5f6413c9612b1a0015099993', 'IN')"
temu.com,5f6413c9612b1a0015099993,CO,53791.012455578646,7684.4304,"('temu.com', '5f6413c9612b1a0015099993', 'CO')"
mercadolibre.com,5f6413c9612b1a0015099993,BR,52798.64388883234,7542.6634,"('mercadolibre.com', '5f6413c9612b1a0015099993', 'BR')"
prizepicks.com,5f6413c9612b1a0015099993,US,51460.44695531443,7351.4924,"('prizepicks.com', '5f6413c9612b1a0015099993', 'US')"
temu.com,67055dc40f05bd0011e279ae,SA,50999.939927796004,7285.7057,"('temu.com', '67055dc40f05bd0011e279ae', 'SA')"
freecash.com,5f6413c9612b1a0015099993,DE,49921.17946810994,7131.5971,"('freecash.com', '5f6413c9612b1a0015099993', 'DE')"
global.e.mi.com,63217c5d436480001cd32ae4,BR,49299.80978106145,7042.83,"('global.e.mi.com', '63217c5d436480001cd32ae4', 'BR')"
amazon.com,66e46b7a0f05bd0011e180e6,US,48830.96528285113,6975.8522,"('amazon.com', '66e46b7a0f05bd0011e180e6', 'US')"
jackpotcity.com,5f6413c9612b1a0015099993,CA,48451.962191226674,6921.7089,"('jackpotcity.com', '5f6413c9612b1a0015099993', 'CA')"
revolut.com,5f6413c9612b1a0015099993,IT,47127.05690771287,6732.4367,"('revolut.com', '5f6413c9612b1a0015099993', 'IT')"
tiktok.com,5f6413c9612b1a0015099993,VN,46770.59420524325,6681.5135,"('tiktok.com', '5f6413c9612b1a0015099993', 'VN')"
papayagaming.com,5fbc06efdcdfdb0015dda411,US,46293.41071760009,6613.3444,"('papayagaming.com', '5fbc06efdcdfdb0015dda411', 'US')"
coupang.com,69a6eb8e8bd5a04249ce2e3d,KR,45908.53282232136,6558.3618,"('coupang.com', '69a6eb8e8bd5a04249ce2e3d', 'KR')"
temu.com,5f6413c9612b1a0015099993,AR,45500.07173299222,6500.0102,"('temu.com', '5f6413c9612b1a0015099993', 'AR')"
king.com,5f6413c9612b1a0015099993,GB,44984.493985458466,6426.3563,"('king.com', '5f6413c9612b1a0015099993', 'GB')"
dave.com,5f6413c9612b1a0015099993,US,44769.726161619445,6395.6752,"('dave.com', '5f6413c9612b1a0015099993', 'US')"
temu.com,67055dc40f05bd0011e279ae,PE,44600.92614835276,6371.5609,"('temu.com', '67055dc40f05bd0011e279ae', 'PE')"
healthycell.com,5f6413c9612b1a0015099993,US,42758.72135262805,6108.3888,"('healthycell.com', '5f6413c9612b1a0015099993', 'US')"
dreamgames.com,60bdc983a982ad0017edb6f7,US,42691.41596970483,6098.7737,"('dreamgames.com', '60bdc983a982ad0017edb6f7', 'US')"
tiktok.com,5f6413c9612b1a0015099993,BR,42382.137694030374,6054.5911,"('tiktok.com', '5f6413c9612b1a0015099993', 'BR')"
apple.com,602442ef9f0893001526406b,GB,41518.76160114589,5931.2517,"('apple.com', '602442ef9f0893001526406b', 'GB')"
temu.com,615ff7aacf8ca30017d834ea,US,41469.771553799896,5924.2531,"('temu.com', '615ff7aacf8ca30017d834ea', 'US')"
coupang.com,5e8e56f8fc8d4200150b3c16,KR,40996.91325350377,5856.7019,"('coupang.com', '5e8e56f8fc8d4200150b3c16', 'KR')"
mobilityware.com,5f6413c9612b1a0015099993,US,40461.84868556428,5780.2641,"('mobilityware.com', '5f6413c9612b1a0015099993', 'US')"
click.2deliverynetworks.com,61e94b2bc6dbdc0017ea3870,US,40023.657421723845,5717.6653,"('click.2deliverynetworks.com', '61e94b2bc6dbdc0017ea3870', 'US')"
shopee.com.my,5fffe796e4fa2100156e364a,MY,39728.52589195837,5675.5037,"('shopee.com.my', '5fffe796e4fa2100156e364a', 'MY')"
cg.net,5f6413c9612b1a0015099993,RU,39506.18245973295,5643.7404,"('cg.net', '5f6413c9612b1a0015099993', 'RU')"
walmart.com,645a4ac71263430014fc0a33,US,37334.19842103894,5333.4569,"('walmart.com', '645a4ac71263430014fc0a33', 'US')"
aviagames.com,5f6413c9612b1a0015099993,US,37002.05640860333,5286.0081,"('aviagames.com', '5f6413c9612b1a0015099993', 'US')"
revolut.com,5f6413c9612b1a0015099993,ES,36779.635175064635,5254.2336,"('revolut.com', '5f6413c9612b1a0015099993', 'ES')"
casinoplus.com.ph,5caf77f1e04ca66a2d4bcd7c,PH,36085.23120267997,5155.033,"('casinoplus.com.ph', '5caf77f1e04ca66a2d4bcd7c', 'PH')"
squareup.com,5f6413c9612b1a0015099993,US,36071.85280963352,5153.1218,"('squareup.com', '5f6413c9612b1a0015099993', 'US')"
temu.com,5f6413c9612b1a0015099993,DE,36047.52146932069,5149.6459,"('temu.com', '5f6413c9612b1a0015099993', 'DE')"
tiktok.com,5f6413c9612b1a0015099993,ES,35537.40137727288,5076.7716,"('tiktok.com', '5f6413c9612b1a0015099993', 'ES')"
temu.com,5f6413c9612b1a0015099993,BR,33661.351223469355,4808.7645,"('temu.com', '5f6413c9612b1a0015099993', 'BR')"
cloudfront.net,5f6413c9612b1a0015099993,BD,33334.47083345861,4762.0673,"('cloudfront.net', '5f6413c9612b1a0015099993', 'BD')"
lbhit939.top,6135c233b2f85d001747c3d2,RU,32794.84422723419,4684.9777,"('lbhit939.top', '6135c233b2f85d001747c3d2', 'RU')"
creditkarma.com,60770b778d0e4a0015f20ea9,US,32758.912050740033,4679.8446,"('creditkarma.com', '60770b778d0e4a0015f20ea9', 'US')"
kwai.com,65b7e5c3d5f847001169024b,BR,31952.646293110036,4564.6638,"('kwai.com', '65b7e5c3d5f847001169024b', 'BR')"
32red.com,5f6413c9612b1a0015099993,GB,31605.52833814997,4515.0755,"('32red.com', '5f6413c9612b1a0015099993', 'GB')"
shopee.co.id,63d743303639240014ba0dd0,ID,31505.224125260036,4500.7463,"('shopee.co.id', '63d743303639240014ba0dd0', 'ID')"
papayagaming.com,5f6413c9612b1a0015099993,US,31332.43729376657,4476.0625,"('papayagaming.com', '5f6413c9612b1a0015099993', 'US')"
freecash.com,5f6413c9612b1a0015099993,GB,31082.501407053453,4440.3573,"('freecash.com', '5f6413c9612b1a0015099993', 'GB')"
spark.net,5f6413c9612b1a0015099993,US,30910.032127323935,4415.7189,"('spark.net', '5f6413c9612b1a0015099993', 'US')"
creditkarma.com,5bc0e10e25c7d7796ebe8fc0,US,30876.154544000095,4410.8792,"('creditkarma.com', '5bc0e10e25c7d7796ebe8fc0', 'US')"
moneylion.com,5f6413c9612b1a0015099993,US,30504.192548724044,4357.7418,"('moneylion.com', '5f6413c9612b1a0015099993', 'US')"
gotdragonfire.com,5f6413c9612b1a0015099993,US,30468.067026527366,4352.581,"('gotdragonfire.com', '5f6413c9612b1a0015099993', 'US')"
centurygame.com,5f6413c9612b1a0015099993,US,30372.986947292167,4338.9981,"('centurygame.com', '5f6413c9612b1a0015099993', 'US')"
com.mergegame.icookie,5f6413c9612b1a0015099993,US,30166.29675981789,4309.471,"('com.mergegame.icookie', '5f6413c9612b1a0015099993', 'US')"
kwai.com,5e89fcef428f870016d9e994,BR,30050.883617960015,4292.9834,"('kwai.com', '5e89fcef428f870016d9e994', 'BR')"
temu.com,67055dc40f05bd0011e279ae,ES,29739.63858543924,4248.5198,"('temu.com', '67055dc40f05bd0011e279ae', 'ES')"
pari.ru,5f6413c9612b1a0015099993,RU,29536.950722283105,4219.5644,"('pari.ru', '5f6413c9612b1a0015099993', 'RU')"
temu.com,67055dc40f05bd0011e279ae,DE,28997.893207423076,4142.5562,"('temu.com', '67055dc40f05bd0011e279ae', 'DE')"
globalcc.top,60bdc983a982ad0017edb6f7,US,28918.430209913975,4131.2043,"('globalcc.top', '60bdc983a982ad0017edb6f7', 'US')"
mistplay.com,5f6413c9612b1a0015099993,US,28690.141076091495,4098.5916,"('mistplay.com', '5f6413c9612b1a0015099993', 'US')"
jp.co.rakuten.android,561e8d936b8d90f61a000d2f,JP,28639.18477089655,4091.3121,"('jp.co.rakuten.android', '561e8d936b8d90f61a000d2f', 'JP')"
otto.de,5f6413c9612b1a0015099993,DE,28559.61772402351,4079.9454,"('otto.de', '5f6413c9612b1a0015099993', 'DE')"
shopee.ph,5fffe796e4fa2100156e364a,PH,28497.911888223818,4071.1303,"('shopee.ph', '5fffe796e4fa2100156e364a', 'PH')"
zynga.com,5f6413c9612b1a0015099993,US,28485.456542837303,4069.3509,"('zynga.com', '5f6413c9612b1a0015099993', 'US')"
wudi360.com,5f6413c9612b1a0015099993,US,28383.746612026745,4054.8209,"('wudi360.com', '5f6413c9612b1a0015099993', 'US')"
playtika.com,5f6413c9612b1a0015099993,US,28172.615160734684,4024.6593,"('playtika.com', '5f6413c9612b1a0015099993', 'US')"
betmaster.com.mx,5f6413c9612b1a0015099993,MX,27405.350763785114,3915.0501,"('betmaster.com.mx', '5f6413c9612b1a0015099993', 'MX')"
draftkings.com,602442ef9f0893001526406b,US,27369.92671343602,3909.9895,"('draftkings.com', '602442ef9f0893001526406b', 'US')"
oakevergames.com,5f6413c9612b1a0015099993,US,27250.052943900504,3892.8647,"('oakevergames.com', '5f6413c9612b1a0015099993', 'US')"
amazon.co.uk,66cde67e3db5f70011e66c74,GB,26936.175349999998,3848.025,"('amazon.co.uk', '66cde67e3db5f70011e66c74', 'GB')"
pf1hh5eg3gi8iz8h.com,5f6413c9612b1a0015099993,BR,26768.211388606156,3824.0302,"('pf1hh5eg3gi8iz8h.com', '5f6413c9612b1a0015099993', 'BR')"
aliexpress.com,5e89fcef428f870016d9e994,ES,26496.695104339957,3785.2422,"('aliexpress.com', '5e89fcef428f870016d9e994', 'ES')"
higgs.dominoislandgame.com,5f6413c9612b1a0015099993,ID,26303.27479986175,3757.6107,"('higgs.dominoislandgame.com', '5f6413c9612b1a0015099993', 'ID')"
grand.gs,5f6413c9612b1a0015099993,CA,25895.12872492725,3699.3041,"('grand.gs', '5f6413c9612b1a0015099993', 'CA')"
temu.com,67055dc40f05bd0011e279ae,UA,25859.3981555502,3694.1997,"('temu.com', '67055dc40f05bd0011e279ae', 'UA')"
temu.com,67055dc40f05bd0011e279ae,NO,25686.691348406053,3669.5273,"('temu.com', '67055dc40f05bd0011e279ae', 'NO')"
mercadolibre.com.mx,645a4ac71263430014fc0a33,MX,25685.872628203273,3669.4104,"('mercadolibre.com.mx', '645a4ac71263430014fc0a33', 'MX')"
fanatics.com,5f6413c9612b1a0015099993,US,25606.222684233253,3658.0318,"('fanatics.com', '5f6413c9612b1a0015099993', 'US')"
temu.com,67055dc40f05bd0011e279ae,CL,25324.826108174875,3617.8323,"('temu.com', '67055dc40f05bd0011e279ae', 'CL')"
king.com,5f6413c9612b1a0015099993,DE,25136.955280530194,3590.9936,"('king.com', '5f6413c9612b1a0015099993', 'DE')"
sportsbook.draftkings.com,5bc0e10e25c7d7796ebe8fc0,US,24844.444664999988,3549.2064,"('sportsbook.draftkings.com', '5bc0e10e25c7d7796ebe8fc0', 'US')"
playdogsoft.com,5f6413c9612b1a0015099993,US,24805.199845829484,3543.6,"('playdogsoft.com', '5f6413c9612b1a0015099993', 'US')"
grantcash.com,5f6413c9612b1a0015099993,US,24777.153690609022,3539.5934,"('grantcash.com', '5f6413c9612b1a0015099993', 'US')"
homes.com,5e56893e6c71d40018de3ad1,US,24720.27993985821,3531.4686,"('homes.com', '5e56893e6c71d40018de3ad1', 'US')"
superplay.co,60c86e9b217f2400175cfe6b,US,24655.387717000136,3522.1982,"('superplay.co', '60c86e9b217f2400175cfe6b', 'US')"
temu.com,5f6413c9612b1a0015099993,NO,24638.997312495238,3519.8568,"('temu.com', '5f6413c9612b1a0015099993', 'NO')"
shein.com,5e56893e6c71d40018de3ad1,GB,24578.98915534891,3511.2842,"('shein.com', '5e56893e6c71d40018de3ad1', 'GB')"
j188.help,5f6413c9612b1a0015099993,MM,24548.452728149146,3506.9218,"('j188.help', '5f6413c9612b1a0015099993', 'MM')"
juno-beauty-pe.com,5caf77f1e04ca66a2d4bcd7c,JP,24310.150597510037,3472.8787,"('juno-beauty-pe.com', '5caf77f1e04ca66a2d4bcd7c', 'JP')"
temu.com,618a29d9ef3f360017e9acca,GB,24212.008634775357,3458.8584,"('temu.com', '618a29d9ef3f360017e9acca', 'GB')"
temu.com,5f6413c9612b1a0015099993,IL,24084.059740556964,3440.58,"('temu.com', '5f6413c9612b1a0015099993', 'IL')"
temu.com,67055dc40f05bd0011e279ae,NZ,24062.125276769806,3437.4465,"('temu.com', '67055dc40f05bd0011e279ae', 'NZ')"
crowncoinscasino.com,60770b778d0e4a0015f20ea9,US,23946.80029962005,3420.9715,"('crowncoinscasino.com', '60770b778d0e4a0015f20ea9', 'US')"
shopee.com.br,5e89fcef428f870016d9e994,BR,23759.142736409976,3394.1632,"('shopee.com.br', '5e89fcef428f870016d9e994', 'BR')"
temu.com,67055dc40f05bd0011e279ae,AE,23689.98677109441,3384.2838,"('temu.com', '67055dc40f05bd0011e279ae', 'AE')"
productmadness.com,5f6413c9612b1a0015099993,AU,23673.64085955714,3381.9487,"('productmadness.com', '5f6413c9612b1a0015099993', 'AU')"
pkrbet0.com,5f6413c9612b1a0015099993,PK,23635.999188103957,3376.5713,"('pkrbet0.com', '5f6413c9612b1a0015099993', 'PK')"
lessmore.games,5f6413c9612b1a0015099993,PK,23351.366254881366,3335.9095,"('lessmore.games', '5f6413c9612b1a0015099993', 'PK')"
higgsgames.com,5f6413c9612b1a0015099993,ID,23082.802074144754,3297.5432,"('higgsgames.com', '5f6413c9612b1a0015099993', 'ID')"
supercell.com,5f6413c9612b1a0015099993,JP,23064.153442537157,3294.8791,"('supercell.com', '5f6413c9612b1a0015099993', 'JP')"
tiktok.com,5e89fcef428f870016d9e994,TH,23010.68828795006,3287.2412,"('tiktok.com', '5e89fcef428f870016d9e994', 'TH')"
igg.com,5f6413c9612b1a0015099993,RU,22793.214053791387,3256.1734,"('igg.com', '5f6413c9612b1a0015099993', 'RU')"
apps.rustore.ru,5f6413c9612b1a0015099993,RU,22748.619577395737,3249.8028,"('apps.rustore.ru', '5f6413c9612b1a0015099993', 'RU')"
tiktok.com,5f6413c9612b1a0015099993,TH,22713.85717134371,3244.8367,"('tiktok.com', '5f6413c9612b1a0015099993', 'TH')"
temu.com,67055dc40f05bd0011e279ae,GT,22331.01336128368,3190.1448,"('temu.com', '67055dc40f05bd0011e279ae', 'GT')"
dreamgames.com,5f6413c9612b1a0015099993,GB,22189.730192934137,3169.9615,"('dreamgames.com', '5f6413c9612b1a0015099993', 'GB')"
turo.com,5f6413c9612b1a0015099993,US,22150.906050831305,3164.4152,"('turo.com', '5f6413c9612b1a0015099993', 'US')"
temu.com,618a29d9ef3f360017e9acca,FR,21937.05519575223,3133.865,"('temu.com', '618a29d9ef3f360017e9acca', 'FR')"
xm.com,5f6413c9612b1a0015099993,IN,21920.481954134924,3131.4974,"('xm.com', '5f6413c9612b1a0015099993', 'IN')"
mercadolivre.com.br,645a4ac71263430014fc0a33,BR,21857.400349633852,3122.4858,"('mercadolivre.com.br', '645a4ac71263430014fc0a33', 'BR')"
temu.com,67055dc40f05bd0011e279ae,NG,21807.294456483363,3115.3278,"('temu.com', '67055dc40f05bd0011e279ae', 'NG')"
snowprintstudios.com,5f6413c9612b1a0015099993,US,21723.9243586081,3103.4178,"('snowprintstudios.com', '5f6413c9612b1a0015099993', 'US')"
mercadolibre.com,5f6413c9612b1a0015099993,AR,21460.177244268332,3065.7396,"('mercadolibre.com', '5f6413c9612b1a0015099993', 'AR')"
fanaticsinc.com,5f6413c9612b1a0015099993,US,21111.58159673625,3015.9402,"('fanaticsinc.com', '5f6413c9612b1a0015099993', 'US')"
centurygame.com,5f6413c9612b1a0015099993,JP,21103.57607610707,3014.7966,"('centurygame.com', '5f6413c9612b1a0015099993', 'JP')"
lessmore.games,5f6413c9612b1a0015099993,RU,20915.033943923117,2987.862,"('lessmore.games', '5f6413c9612b1a0015099993', 'RU')"
playojo.com,5f6413c9612b1a0015099993,CA,20790.8725601592,2970.1247,"('playojo.com', '5f6413c9612b1a0015099993', 'CA')"
triumpharcade.com,60770b778d0e4a0015f20ea9,US,20786.059515119974,2969.4371,"('triumpharcade.com', '60770b778d0e4a0015f20ea9', 'US')"
tiktok.com,5f6413c9612b1a0015099993,MX,20777.810179355336,2968.2586,"('tiktok.com', '5f6413c9612b1a0015099993', 'MX')"
tiktok.com,5f6413c9612b1a0015099993,ID,20774.777058717475,2967.8253,"('tiktok.com', '5f6413c9612b1a0015099993', 'ID')"
lessmore.games,5f6413c9612b1a0015099993,GB,20524.592208203245,2932.0846,"('lessmore.games', '5f6413c9612b1a0015099993', 'GB')"
rotatelab.com,5f6413c9612b1a0015099993,US,20508.063963820357,2929.7234,"('rotatelab.com', '5f6413c9612b1a0015099993', 'US')"
uber.com,561e8d936b8d90f61a000d2f,US,20507.662993282705,2929.6661,"('uber.com', '561e8d936b8d90f61a000d2f', 'US')"
shopee.co.id,5e89fcef428f870016d9e994,ID,20484.146090029888,2926.3066,"('shopee.co.id', '5e89fcef428f870016d9e994', 'ID')"
cyphergames.com,5f6413c9612b1a0015099993,US,20464.023415668235,2923.4319,"('cyphergames.com', '5f6413c9612b1a0015099993', 'US')"
experian.com,5f6413c9612b1a0015099993,US,20452.342656404035,2921.7632,"('experian.com', '5f6413c9612b1a0015099993', 'US')"
gu55.us,65b7e5c3d5f847001169024b,BR,20413.316426144767,2916.1881,"('gu55.us', '65b7e5c3d5f847001169024b', 'BR')"
temu.com,67055dc40f05bd0011e279ae,AR,20348.946256838397,2906.9923,"('temu.com', '67055dc40f05bd0011e279ae', 'AR')"
saalt.com,5f6413c9612b1a0015099993,US,20226.04777622041,2889.4354,"('saalt.com', '5f6413c9612b1a0015099993', 'US')"
fonbet.ru,5f6413c9612b1a0015099993,RU,20210.164448753552,2887.1663,"('fonbet.ru', '5f6413c9612b1a0015099993', 'RU')"
jet2holidays.com,5fffe796e4fa2100156e364a,GB,20203.440898458848,2886.2058,"('jet2holidays.com', '5fffe796e4fa2100156e364a', 'GB')"
coppel.com,645a4ac71263430014fc0a33,MX,20173.331301145805,2881.9045,"('coppel.com', '645a4ac71263430014fc0a33', 'MX')"
lessmore.games,5f6413c9612b1a0015099993,DE,20125.90767252174,2875.1297,"('lessmore.games', '5f6413c9612b1a0015099993', 'DE')"
candycrushsodasaga.com,5f6413c9612b1a0015099993,US,20108.183413199273,2872.5976,"('candycrushsodasaga.com', '5f6413c9612b1a0015099993', 'US')"
rakuten.co.jp,5e8e56f8fc8d4200150b3c16,JP,19994.86107428256,2856.4087,"('rakuten.co.jp', '5e8e56f8fc8d4200150b3c16', 'JP')"
temu.com,5f6413c9612b1a0015099993,FR,19922.595859320783,2846.0851,"('temu.com', '5f6413c9612b1a0015099993', 'FR')"
shopee.co.id,645a4ac71263430014fc0a33,ID,19888.848401978994,2841.2641,"('shopee.co.id', '645a4ac71263430014fc0a33', 'ID')"
lessmore.games,5f6413c9612b1a0015099993,TR,19740.126906025645,2820.0181,"('lessmore.games', '5f6413c9612b1a0015099993', 'TR')"
modmingletech.com,60bdc983a982ad0017edb6f7,US,19711.447064626995,2815.921,"('modmingletech.com', '60bdc983a982ad0017edb6f7', 'US')"
mintegral.com,60bdc983a982ad0017edb6f7,RU,19710.43073574507,2815.7758,"('mintegral.com', '60bdc983a982ad0017edb6f7', 'RU')"
dreamgames.com,5bc0e10e25c7d7796ebe8fc0,US,19559.729983999958,2794.2471,"('dreamgames.com', '5bc0e10e25c7d7796ebe8fc0', 'US')"
casino.betway.com,5f6413c9612b1a0015099993,GB,19479.43970326886,2782.7771,"('casino.betway.com', '5f6413c9612b1a0015099993', 'GB')"
shopee.co.id,5e56893e6c71d40018de3ad1,ID,19433.983921419145,2776.2834,"('shopee.co.id', '5e56893e6c71d40018de3ad1', 'ID')"
coupang.com,645a4ac71263430014fc0a33,KR,19377.367914036735,2768.1954,"('coupang.com', '645a4ac71263430014fc0a33', 'KR')"
29h77.com,5f6413c9612b1a0015099993,BR,19366.622463184685,2766.6604,"('29h77.com', '5f6413c9612b1a0015099993', 'BR')"
peak.com,5f6413c9612b1a0015099993,US,19276.047524637113,2753.7211,"('peak.com', '5f6413c9612b1a0015099993', 'US')"
kashkick.com,5f6413c9612b1a0015099993,US,19219.97000164709,2745.71,"('kashkick.com', '5f6413c9612b1a0015099993', 'US')"
crowncoinscasino.com,5bc0e10e25c7d7796ebe8fc0,US,18910.760941000026,2701.5373,"('crowncoinscasino.com', '5bc0e10e25c7d7796ebe8fc0', 'US')"
shein.com,5e56893e6c71d40018de3ad1,US,18906.348194704366,2700.9069,"('shein.com', '5e56893e6c71d40018de3ad1', 'US')"
dreamgames.com,5f6413c9612b1a0015099993,KR,18862.060675496934,2694.5801,"('dreamgames.com', '5f6413c9612b1a0015099993', 'KR')"
shopee.com,60bdc983a982ad0017edb6f7,ID,18851.86989203405,2693.1243,"('shopee.com', '60bdc983a982ad0017edb6f7', 'ID')"
temu.com,5f6413c9612b1a0015099993,ES,18840.239809702936,2691.4628,"('temu.com', '5f6413c9612b1a0015099993', 'ES')"
66pk8888.com,5f6413c9612b1a0015099993,PK,18733.26736498984,2676.1811,"('66pk8888.com', '5f6413c9612b1a0015099993', 'PK')"
higgsgame.com,5f9b336ea3b86126bbdb3aa1,ID,18588.90492790139,2655.5578,"('higgsgame.com', '5f9b336ea3b86126bbdb3aa1', 'ID')"
temu.com,618a29d9ef3f360017e9acca,IL,18574.474197979373,2653.4963,"('temu.com', '618a29d9ef3f360017e9acca', 'IL')"
ligastavok.ru,5f6413c9612b1a0015099993,RU,18462.11796755095,2637.4454,"('ligastavok.ru', '5f6413c9612b1a0015099993', 'RU')"
temu.com,5f6413c9612b1a0015099993,MX,18457.07734142166,2636.7253,"('temu.com', '5f6413c9612b1a0015099993', 'MX')"
drugvokrug.ru,618a29d9ef3f360017e9acca,RU,18317.93762024265,2616.8482,"('drugvokrug.ru', '618a29d9ef3f360017e9acca', 'RU')"
dreamgames.com,5f6413c9612b1a0015099993,DE,18241.231465103276,2605.8902,"('dreamgames.com', '5f6413c9612b1a0015099993', 'DE')"
temu.com,618a29d9ef3f360017e9acca,ZA,18137.33679730198,2591.0481,"('temu.com', '618a29d9ef3f360017e9acca', 'ZA')"
selflender.com,5f6413c9612b1a0015099993,US,18099.19618798825,2585.5995,"('selflender.com', '5f6413c9612b1a0015099993', 'US')"
amazon.de,66cde67e3db5f70011e66c74,DE,17956.582700000014,2565.2261,"('amazon.de', '66cde67e3db5f70011e66c74', 'DE')"
shein.com,5e89fcef428f870016d9e994,GB,17936.40452401999,2562.3435,"('shein.com', '5e89fcef428f870016d9e994', 'GB')"
global.e.mi.com,63217c5d436480001cd32ae4,TR,17844.786546763495,2549.2552,"('global.e.mi.com', '63217c5d436480001cd32ae4', 'TR')"
pinterest.com,5f6413c9612b1a0015099993,US,17829.99202734974,2547.1417,"('pinterest.com', '5f6413c9612b1a0015099993', 'US')"
hungrystudio.com,5bc0e10e25c7d7796ebe8fc0,US,17773.217021000033,2539.031,"('hungrystudio.com', '5bc0e10e25c7d7796ebe8fc0', 'US')"
bonprix.de,645a4ac71263430014fc0a33,DE,17656.74113261099,2522.3916,"('bonprix.de', '645a4ac71263430014fc0a33', 'DE')"
revolut.com,5f6413c9612b1a0015099993,BE,17623.98797233316,2517.7126,"('revolut.com', '5f6413c9612b1a0015099993', 'BE')"
revolut.com,5f6413c9612b1a0015099993,PL,17449.704074559675,2492.8149,"('revolut.com', '5f6413c9612b1a0015099993', 'PL')"
grand.gs,5f6413c9612b1a0015099993,DE,17435.279972034943,2490.7543,"('grand.gs', '5f6413c9612b1a0015099993', 'DE')"
zzzz2233.com,5f6413c9612b1a0015099993,BR,17372.70275403287,2481.8147,"('zzzz2233.com', '5f6413c9612b1a0015099993', 'BR')"
temu.com,67055dc40f05bd0011e279ae,CR,17334.809791928565,2476.4014,"('temu.com', '67055dc40f05bd0011e279ae', 'CR')"
temu.com,67055dc40f05bd0011e279ae,DO,17293.811912196383,2470.5446,"('temu.com', '67055dc40f05bd0011e279ae', 'DO')"
jackpotjoy.com,5f6413c9612b1a0015099993,GB,17040.20174201743,2434.3145,"('jackpotjoy.com', '5f6413c9612b1a0015099993', 'GB')"
temu.com,618a29d9ef3f360017e9acca,AR,16917.133397679278,2416.7333,"('temu.com', '618a29d9ef3f360017e9acca', 'AR')"
global.e.mi.com,63217c5d436480001cd32ae4,ID,16913.358498328118,2416.1941,"('global.e.mi.com', '63217c5d436480001cd32ae4', 'ID')"
getyourguide.com,645a4ac71263430014fc0a33,FR,16913.051186863097,2416.1502,"('getyourguide.com', '645a4ac71263430014fc0a33', 'FR')"
timee.co.jp,645a4ac71263430014fc0a33,JP,16897.317886915094,2413.9026,"('timee.co.jp', '645a4ac71263430014fc0a33', 'JP')"
cargurus.com,5f6413c9612b1a0015099993,US,16852.978629850128,2407.5684,"('cargurus.com', '5f6413c9612b1a0015099993', 'US')"
centurygame.com,5bc0e10e25c7d7796ebe8fc0,US,16844.76022999998,2406.3943,"('centurygame.com', '5bc0e10e25c7d7796ebe8fc0', 'US')"
mintegral.com,60bdc983a982ad0017edb6f7,ID,16809.562259659975,2401.366,"('mintegral.com', '60bdc983a982ad0017edb6f7', 'ID')"
org.nustaronline.games,5e89fcef428f870016d9e994,PH,16631.32230594996,2375.9032,"('org.nustaronline.games', '5e89fcef428f870016d9e994', 'PH')"
tiktok.com,5f6413c9612b1a0015099993,PH,16602.91512996181,2371.845,"('tiktok.com', '5f6413c9612b1a0015099993', 'PH')"
temu.com,5f6413c9612b1a0015099993,PE,16580.556747374005,2368.651,"('temu.com', '5f6413c9612b1a0015099993', 'PE')"
tiktok.com,5e56893e6c71d40018de3ad1,TH,16245.362735495946,2320.7661,"('tiktok.com', '5e56893e6c71d40018de3ad1', 'TH')"
binance.com,5f6413c9612b1a0015099993,CN,16186.943793379778,2312.4205,"('binance.com', '5f6413c9612b1a0015099993', 'CN')"
temu.com,5f8f4996f2a95d39439fccf1,US,16143.610044556055,2306.23,"('temu.com', '5f8f4996f2a95d39439fccf1', 'US')"
yahoo.co.jp,5f6413c9612b1a0015099993,JP,16009.902311177295,2287.1289,"('yahoo.co.jp', '5f6413c9612b1a0015099993', 'JP')"
pocket7games.com,60c86e9b217f2400175cfe6b,US,15994.133483000003,2284.8762,"('pocket7games.com', '60c86e9b217f2400175cfe6b', 'US')"
jjwin3.com,5f6413c9612b1a0015099993,PK,15916.79211339524,2273.8274,"('jjwin3.com', '5f6413c9612b1a0015099993', 'PK')"
king.com,5f6413c9612b1a0015099993,FR,15803.774336174667,2257.682,"('king.com', '5f6413c9612b1a0015099993', 'FR')"
tiktok.com,5bc0e10e25c7d7796ebe8fc0,GB,15795.181390999953,2256.4545,"('tiktok.com', '5bc0e10e25c7d7796ebe8fc0', 'GB')"
google.com,5bc0e10e25c7d7796ebe8fc0,IN,15790.395459000036,2255.7708,"('google.com', '5bc0e10e25c7d7796ebe8fc0', 'IN')"
rollicgames.com,5f6413c9612b1a0015099993,US,15768.354308002014,2252.622,"('rollicgames.com', '5f6413c9612b1a0015099993', 'US')"
royal.dominoislandgame.com,5f6413c9612b1a0015099993,ID,15748.163355252673,2249.7376,"('royal.dominoislandgame.com', '5f6413c9612b1a0015099993', 'ID')"
lessmore.games,5f6413c9612b1a0015099993,IN,15649.981151370994,2235.7116,"('lessmore.games', '5f6413c9612b1a0015099993', 'IN')"
brani888.com,5fffe796e4fa2100156e364a,ID,15621.107040201392,2231.5867,"('brani888.com', '5fffe796e4fa2100156e364a', 'ID')"
revolut.com,5f6413c9612b1a0015099993,NL,15563.98450101956,2223.4264,"('revolut.com', '5f6413c9612b1a0015099993', 'NL')"
evamobi.com,60bdc983a982ad0017edb6f7,RU,15563.121396882969,2223.3031,"('evamobi.com', '60bdc983a982ad0017edb6f7', 'RU')"
global.e.mi.com,63217c5d436480001cd32ae4,MX,15520.465070438611,2217.2093,"('global.e.mi.com', '63217c5d436480001cd32ae4', 'MX')"
temu.com,618a29d9ef3f360017e9acca,KR,15460.54545394522,2208.6494,"('temu.com', '618a29d9ef3f360017e9acca', 'KR')"
com.godlike,5f6413c9612b1a0015099993,US,15448.868172929499,2206.9812,"('com.godlike', '5f6413c9612b1a0015099993', 'US')"
playrix.com,5bc0e10e25c7d7796ebe8fc0,US,15382.593010000048,2197.5133,"('playrix.com', '5bc0e10e25c7d7796ebe8fc0', 'US')"
aipushok.com,5f6413c9612b1a0015099993,BR,15364.958570449693,2194.9941,"('aipushok.com', '5f6413c9612b1a0015099993', 'BR')"
king.com,5f6413c9612b1a0015099993,AU,15358.116651365792,2194.0167,"('king.com', '5f6413c9612b1a0015099993', 'AU')"
fl8mz79i.com,65b7e5c3d5f847001169024b,BR,15266.210239196178,2180.8872,"('fl8mz79i.com', '65b7e5c3d5f847001169024b', 'BR')"
freecash.com,5bc0e10e25c7d7796ebe8fc0,US,15191.821745999974,2170.2602,"('freecash.com', '5bc0e10e25c7d7796ebe8fc0', 'US')"
yandex.ru,63d743e53639240014ba0ddd,RU,15114.484350791938,2159.2121,"('yandex.ru', '63d743e53639240014ba0ddd', 'RU')"
nianticlabs.com,5f6413c9612b1a0015099993,KR,15053.529018805231,2150.5041,"('nianticlabs.com', '5f6413c9612b1a0015099993', 'KR')"
rovio.com,5f6413c9612b1a0015099993,US,15052.948866432253,2150.4213,"('rovio.com', '5f6413c9612b1a0015099993', 'US')"
images.9234423.com,5f6413c9612b1a0015099993,BD,15034.855110112549,2147.8364,"('images.9234423.com', '5f6413c9612b1a0015099993', 'BD')"
ca.sugarbush.jackpotcity,5f6413c9612b1a0015099993,CA,15030.528394318713,2147.2183,"('ca.sugarbush.jackpotcity', '5f6413c9612b1a0015099993', 'CA')"
temu.com,5f6413c9612b1a0015099993,KR,14988.073117316952,2141.1533,"('temu.com', '5f6413c9612b1a0015099993', 'KR')"
otto.de,645a4ac71263430014fc0a33,DE,14894.887659479991,2127.8411,"('otto.de', '645a4ac71263430014fc0a33', 'DE')"
tiktok.com,5f6413c9612b1a0015099993,ZA,14888.68291668152,2126.9547,"('tiktok.com', '5f6413c9612b1a0015099993', 'ZA')"
snap.com,5f6413c9612b1a0015099993,GT,14882.016045769004,2126.0023,"('snap.com', '5f6413c9612b1a0015099993', 'GT')"
esim.holafly.com,5f6413c9612b1a0015099993,ES,14836.359089141712,2119.4799,"('esim.holafly.com', '5f6413c9612b1a0015099993', 'ES')"
revolut.com,5f6413c9612b1a0015099993,RO,14819.124334400156,2117.0178,"('revolut.com', '5f6413c9612b1a0015099993', 'RO')"
dropbox.com,5f6413c9612b1a0015099993,US,14787.90866195865,2112.5584,"('dropbox.com', '5f6413c9612b1a0015099993', 'US')"
tiktok.com,5f6413c9612b1a0015099993,CA,14742.612741830852,2106.0875,"('tiktok.com', '5f6413c9612b1a0015099993', 'CA')"
carfax.com,645a4ac71263430014fc0a33,US,14730.870080684184,2104.41,"('carfax.com', '645a4ac71263430014fc0a33', 'US')"
esim.holafly.com,5f6413c9612b1a0015099993,MX,14671.038572029269,2095.8627,"('esim.holafly.com', '5f6413c9612b1a0015099993', 'MX')"
trendyol.com,645a4ac71263430014fc0a33,RO,14599.444209346204,2085.6349,"('trendyol.com', '645a4ac71263430014fc0a33', 'RO')"
roletapixbr.com,65b7e5c3d5f847001169024b,BR,14570.078943575849,2081.4398,"('roletapixbr.com', '65b7e5c3d5f847001169024b', 'BR')"
jeulover.com,5f6413c9612b1a0015099993,US,14498.968302110736,2071.2812,"('jeulover.com', '5f6413c9612b1a0015099993', 'US')"
papayagaming.com,60c86e9b217f2400175cfe6b,US,14477.198562999996,2068.1712,"('papayagaming.com', '60c86e9b217f2400175cfe6b', 'US')"
global.e.mi.com,63217c5d436480001cd32ae4,RU,14471.018492033749,2067.2884,"('global.e.mi.com', '63217c5d436480001cd32ae4', 'RU')"
dreamgames.com,5bc0e10e25c7d7796ebe8fc0,JP,14418.783618000045,2059.8262,"('dreamgames.com', '5bc0e10e25c7d7796ebe8fc0', 'JP')"
temu.com,618a29d9ef3f360017e9acca,CL,14362.520223650392,2051.7886,"('temu.com', '618a29d9ef3f360017e9acca', 'CL')"
1q198dzp.com,65b7e5c3d5f847001169024b,BR,14350.027018955248,2050.0039,"('1q198dzp.com', '65b7e5c3d5f847001169024b', 'BR')"
onyx-odds.com,5f6413c9612b1a0015099993,US,14306.616189807986,2043.8023,"('onyx-odds.com', '5f6413c9612b1a0015099993', 'US')"
winline.ru,5f6413c9612b1a0015099993,RU,14236.49052145196,2033.7844,"('winline.ru', '5f6413c9612b1a0015099993', 'RU')"
virgingames.com,5f6413c9612b1a0015099993,GB,14224.236378262023,2032.0338,"('virgingames.com', '5f6413c9612b1a0015099993', 'GB')"
king.com,60770b778d0e4a0015f20ea9,US,14127.822405189996,2018.2603,"('king.com', '60770b778d0e4a0015f20ea9', 'US')"
shopee.com.my,5e89fcef428f870016d9e994,MY,14073.18192084998,2010.4546,"('shopee.com.my', '5e89fcef428f870016d9e994', 'MY')"
crypto.com,5f6413c9612b1a0015099993,US,14055.90648005932,2007.9866,"('crypto.com', '5f6413c9612b1a0015099993', 'US')"
lessmore.games,5f6413c9612b1a0015099993,CA,13983.746526359555,1997.6781,"('lessmore.games', '5f6413c9612b1a0015099993', 'CA')"
revolut.com,5f6413c9612b1a0015099993,SE,13951.3609985422,1993.0516,"('revolut.com', '5f6413c9612b1a0015099993', 'SE')"
revolut.com,5f6413c9612b1a0015099993,PT,13881.242348892836,1983.0346,"('revolut.com', '5f6413c9612b1a0015099993', 'PT')"
underdogfantasy.com,5f6413c9612b1a0015099993,US,13797.40924140492,1971.0585,"('underdogfantasy.com', '5f6413c9612b1a0015099993', 'US')"
temu.com,5f6413c9612b1a0015099993,AU,13672.82840099624,1953.2612,"('temu.com', '5f6413c9612b1a0015099993', 'AU')"
snap.com,5f6413c9612b1a0015099993,DO,13631.864461435685,1947.4092,"('snap.com', '5f6413c9612b1a0015099993', 'DO')"
luckyday.com,5f6413c9612b1a0015099993,US,13630.535571631564,1947.2194,"('luckyday.com', '5f6413c9612b1a0015099993', 'US')"
mf.cola,5f6413c9612b1a0015099993,US,13625.323900474898,1946.4748,"('mf.cola', '5f6413c9612b1a0015099993', 'US')"
shopee.vn,5e56893e6c71d40018de3ad1,VN,13568.17867043555,1938.3112,"('shopee.vn', '5e56893e6c71d40018de3ad1', 'VN')"
grand.gs,5f6413c9612b1a0015099993,FR,13567.330023051756,1938.19,"('grand.gs', '5f6413c9612b1a0015099993', 'FR')"
shopee.com.my,5e56893e6c71d40018de3ad1,MY,13561.581253729222,1937.3688,"('shopee.com.my', '5e56893e6c71d40018de3ad1', 'MY')"
rakuten.co.jp,5fffe796e4fa2100156e364a,JP,13546.17574403785,1935.168,"('rakuten.co.jp', '5fffe796e4fa2100156e364a', 'JP')"
redirecionamentobrr2.com,65b7e5c3d5f847001169024b,BR,13542.536948501747,1934.6481,"('redirecionamentobrr2.com', '65b7e5c3d5f847001169024b', 'BR')"
temu.com,5f6413c9612b1a0015099993,ZA,13462.304203297157,1923.1863,"('temu.com', '5f6413c9612b1a0015099993', 'ZA')"
snap.com,5f6413c9612b1a0015099993,HT,13439.531781614007,1919.9331,"('snap.com', '5f6413c9612b1a0015099993', 'HT')"
lessmore.games,5f6413c9612b1a0015099993,JP,13425.159381533525,1917.8799,"('lessmore.games', '5f6413c9612b1a0015099993', 'JP')"
lessmore.games,5f6413c9612b1a0015099993,KR,13419.83059907283,1917.1187,"('lessmore.games', '5f6413c9612b1a0015099993', 'KR')"
spark.net,5f6413c9612b1a0015099993,UZ,13409.004055339825,1915.572,"('spark.net', '5f6413c9612b1a0015099993', 'UZ')"
com.games,5f6413c9612b1a0015099993,US,13364.992312961107,1909.2846,"('com.games', '5f6413c9612b1a0015099993', 'US')"
global.e.mi.com,63217c5d436480001cd32ae4,PH,13361.222738914847,1908.7461,"('global.e.mi.com', '63217c5d436480001cd32ae4', 'PH')"
temu.com,5f6413c9612b1a0015099993,DO,13343.69748318885,1906.2425,"('temu.com', '5f6413c9612b1a0015099993', 'DO')"
k0q5.h8g6w5r.com,5caf77f1e04ca66a2d4bcd7c,BR,13278.813336490017,1896.9733,"('k0q5.h8g6w5r.com', '5caf77f1e04ca66a2d4bcd7c', 'BR')"
temu.com,618a29d9ef3f360017e9acca,PE,13177.285581095113,1882.4694,"('temu.com', '618a29d9ef3f360017e9acca', 'PE')"
brani888.com,5e56893e6c71d40018de3ad1,ID,13168.35773773196,1881.194,"('brani888.com', '5e56893e6c71d40018de3ad1', 'ID')"
walmart.com,61c23cfa1958de001706a194,US,13051.913390699916,1864.5591,"('walmart.com', '61c23cfa1958de001706a194', 'US')"
tango.me,5f6413c9612b1a0015099993,SA,13047.816041874003,1863.9737,"('tango.me', '5f6413c9612b1a0015099993', 'SA')"
revolut.com,5f6413c9612b1a0015099993,DE,13040.106889339255,1862.8724,"('revolut.com', '5f6413c9612b1a0015099993', 'DE')"
twomerge.com,5f6413c9612b1a0015099993,RU,12984.79771423134,1854.9711,"('twomerge.com', '5f6413c9612b1a0015099993', 'RU')"
amazon.it,66cde67e3db5f70011e66c74,IT,12980.77804999996,1854.3969,"('amazon.it', '66cde67e3db5f70011e66c74', 'IT')"
bestplay.app,60bdc983a982ad0017edb6f7,US,12914.856643972034,1844.9795,"('bestplay.app', '60bdc983a982ad0017edb6f7', 'US')"
tiktok.com,5f6413c9612b1a0015099993,TR,12822.65905425206,1831.8084,"('tiktok.com', '5f6413c9612b1a0015099993', 'TR')"
bitso.com,5f6413c9612b1a0015099993,MX,12815.271798214204,1830.7531,"('bitso.com', '5f6413c9612b1a0015099993', 'MX')"
playtika.com,5fbc06efdcdfdb0015dda411,US,12792.08297329999,1827.4404,"('playtika.com', '5fbc06efdcdfdb0015dda411', 'US')"
booking.com,5f6413c9612b1a0015099993,ES,12781.20890422761,1825.887,"('booking.com', '5f6413c9612b1a0015099993', 'ES')"
oakevergames.com,5f6413c9612b1a0015099993,RU,12778.335731982623,1825.4765,"('oakevergames.com', '5f6413c9612b1a0015099993', 'RU')"
nianticlabs.com,5f6413c9612b1a0015099993,US,12754.163412751659,1822.0233,"('nianticlabs.com', '5f6413c9612b1a0015099993', 'US')"
sinsay.com,645a4ac71263430014fc0a33,PL,12701.739218322613,1814.5342,"('sinsay.com', '645a4ac71263430014fc0a33', 'PL')"
rakuten.co.jp,61c23cfa1958de001706a194,JP,12679.923582110017,1811.4177,"('rakuten.co.jp', '61c23cfa1958de001706a194', 'JP')"
temu.com,5f6413c9612b1a0015099993,PL,12629.989334749647,1804.2842,"('temu.com', '5f6413c9612b1a0015099993', 'PL')"
candycrushsaga.com,5f9b336ea3b86126bbdb3aa1,US,12604.832923355532,1800.6904,"('candycrushsaga.com', '5f9b336ea3b86126bbdb3aa1', 'US')"
ibotta.com,5f6413c9612b1a0015099993,US,12599.966519572163,1799.9952,"('ibotta.com', '5f6413c9612b1a0015099993', 'US')"
temu.com,5f6413c9612b1a0015099993,JP,12585.0775675546,1797.8682,"('temu.com', '5f6413c9612b1a0015099993', 'JP')"
coppel.com,5f6413c9612b1a0015099993,MX,12583.61895993489,1797.6599,"('coppel.com', '5f6413c9612b1a0015099993', 'MX')"
temu.com,5f6413c9612b1a0015099993,NG,12566.515900162089,1795.2166,"('temu.com', '5f6413c9612b1a0015099993', 'NG')"
shopee.vn,5f6413c9612b1a0015099993,VN,12493.64710286279,1784.8067,"('shopee.vn', '5f6413c9612b1a0015099993', 'VN')"
doubledowninteractive.com,5f6413c9612b1a0015099993,US,12403.291495988291,1771.8988,"('doubledowninteractive.com', '5f6413c9612b1a0015099993', 'US')"
scopely.com,60770b778d0e4a0015f20ea9,US,12372.372857970102,1767.4818,"('scopely.com', '60770b778d0e4a0015f20ea9', 'US')"
pandora.com,60c9b375fb988e0017d6e500,US,12370.907566999993,1767.2725,"('pandora.com', '60c9b375fb988e0017d6e500', 'US')"
axlebolt.com,5f6413c9612b1a0015099993,RU,12322.72494960557,1760.3893,"('axlebolt.com', '5f6413c9612b1a0015099993', 'RU')"
ice.bet.br,5caf77f1e04ca66a2d4bcd7c,BR,12271.30200778995,1753.0431,"('ice.bet.br', '5caf77f1e04ca66a2d4bcd7c', 'BR')"
pocket7games.com,5e150c8b5fd7df7b642140df,US,12263.08340321791,1751.8691,"('pocket7games.com', '5e150c8b5fd7df7b642140df', 'US')"
binance.com,5f6413c9612b1a0015099993,VN,12181.933516010671,1740.2762,"('binance.com', '5f6413c9612b1a0015099993', 'VN')"
googll.store,5f6413c9612b1a0015099993,EG,12143.054784584738,1734.7221,"('googll.store', '5f6413c9612b1a0015099993', 'EG')"
scientificgames.com,60c86e9b217f2400175cfe6b,US,12121.397815000018,1731.6283,"('scientificgames.com', '60c86e9b217f2400175cfe6b', 'US')"
king.com,64c165a37c1dd00011cb65f1,US,12109.768676420083,1729.967,"('king.com', '64c165a37c1dd00011cb65f1', 'US')"
matchingham.gs,5f6413c9612b1a0015099993,US,12091.325300264938,1727.3322,"('matchingham.gs', '5f6413c9612b1a0015099993', 'US')"
c6.com,5f6413c9612b1a0015099993,BR,12028.287872764366,1718.3268,"('c6.com', '5f6413c9612b1a0015099993', 'BR')"
google.com,649482d5cec8d700113d2881,KR,12028.032315436005,1718.2903,"('google.com', '649482d5cec8d700113d2881', 'KR')"
scopely.com,5f6413c9612b1a0015099993,GB,12023.185827841911,1717.598,"('scopely.com', '5f6413c9612b1a0015099993', 'GB')"
chime.com,5bc0e10e25c7d7796ebe8fc0,US,11956.096710999993,1708.0138,"('chime.com', '5bc0e10e25c7d7796ebe8fc0', 'US')"
triumph.gg,60bdc983a982ad0017edb6f7,US,11870.22934163103,1695.747,"('triumph.gg', '60bdc983a982ad0017edb6f7', 'US')"
tiktok.com,5e56893e6c71d40018de3ad1,ID,11861.523411686261,1694.5033,"('tiktok.com', '5e56893e6c71d40018de3ad1', 'ID')"
temu.com,67055dc40f05bd0011e279ae,OM,11833.858406561158,1690.5512,"('temu.com', '67055dc40f05bd0011e279ae', 'OM')"
centurygame.com,5f6413c9612b1a0015099993,KR,11829.25027385063,1689.8929,"('centurygame.com', '5f6413c9612b1a0015099993', 'KR')"
rent.com,5f6413c9612b1a0015099993,US,11822.501525574018,1688.9288,"('rent.com', '5f6413c9612b1a0015099993', 'US')"
centurygames.com,5bc0e10e25c7d7796ebe8fc0,RU,11741.939805000065,1677.42,"('centurygames.com', '5bc0e10e25c7d7796ebe8fc0', 'RU')"
casino.on.betmgm.ca,5bc0e10e25c7d7796ebe8fc0,CA,11608.711439999994,1658.3873,"('casino.on.betmgm.ca', '5bc0e10e25c7d7796ebe8fc0', 'CA')"
badam.mobi,5f6413c9612b1a0015099993,SA,11597.012318328416,1656.716,"('badam.mobi', '5f6413c9612b1a0015099993', 'SA')"
temu.com,67055dc40f05bd0011e279ae,JO,11506.46161734446,1643.7802,"('temu.com', '67055dc40f05bd0011e279ae', 'JO')"
facebook.com,5f6413c9612b1a0015099993,US,11492.766347604917,1641.8238,"('facebook.com', '5f6413c9612b1a0015099993', 'US')"
tiktok.com,5f6413c9612b1a0015099993,NG,11478.1196982846,1639.7314,"('tiktok.com', '5f6413c9612b1a0015099993', 'NG')"
temu.com,618a29d9ef3f360017e9acca,CO,11434.765035977507,1633.5379,"('temu.com', '618a29d9ef3f360017e9acca', 'CO')"
revolut.com,5f6413c9612b1a0015099993,CZ,11433.284639458023,1633.3264,"('revolut.com', '5f6413c9612b1a0015099993', 'CZ')"
megabonanza.com,5f6413c9612b1a0015099993,US,11402.452016674171,1628.9217,"('megabonanza.com', '5f6413c9612b1a0015099993', 'US')"
robinhood.com,5bc0e10e25c7d7796ebe8fc0,US,11363.61489800005,1623.3736,"('robinhood.com', '5bc0e10e25c7d7796ebe8fc0', 'US')"
temu.com,67055dc40f05bd0011e279ae,IT,11357.21385158869,1622.4591,"('temu.com', '67055dc40f05bd0011e279ae', 'IT')"
esim.holafly.com,5f6413c9612b1a0015099993,GB,11287.695279198788,1612.5279,"('esim.holafly.com', '5f6413c9612b1a0015099993', 'GB')"
shopee.vn,5e89fcef428f870016d9e994,VN,11274.026511729957,1610.5752,"('shopee.vn', '5e89fcef428f870016d9e994', 'VN')"
tiktok.com,5bc0e10e25c7d7796ebe8fc0,BR,11252.080410999952,1607.4401,"('tiktok.com', '5bc0e10e25c7d7796ebe8fc0', 'BR')"
lessmore.games,5f6413c9612b1a0015099993,AU,11251.912588460138,1607.4161,"('lessmore.games', '5f6413c9612b1a0015099993', 'AU')"
ahamo.com,5caf77f1e04ca66a2d4bcd7c,JP,11213.880699549974,1601.983,"('ahamo.com', '5caf77f1e04ca66a2d4bcd7c', 'JP')"
booking.com,5f6413c9612b1a0015099993,GB,11207.112423102211,1601.0161,"('booking.com', '5f6413c9612b1a0015099993', 'GB')"
shopee.com,5e89fcef428f870016d9e994,VN,11188.896169880027,1598.4137,"('shopee.com', '5e89fcef428f870016d9e994', 'VN')"
55m666.com,5f6413c9612b1a0015099993,PK,11176.306488564125,1596.6152,"('55m666.com', '5f6413c9612b1a0015099993', 'PK')"
neteasegames.com,5f6413c9612b1a0015099993,JP,11159.01747682327,1594.1454,"('neteasegames.com', '5f6413c9612b1a0015099993', 'JP')"
capital.com,5f6413c9612b1a0015099993,AE,11052.559176155568,1578.937,"('capital.com', '5f6413c9612b1a0015099993', 'AE')"
temu.com,67055dc40f05bd0011e279ae,RS,10981.008395348648,1568.7155,"('temu.com', '67055dc40f05bd0011e279ae', 'RS')"
p7fa76856.xyz,5f6413c9612b1a0015099993,ID,10978.060416864875,1568.2943,"('p7fa76856.xyz', '5f6413c9612b1a0015099993', 'ID')"
aliexpress.com,5e89fcef428f870016d9e994,FR,10970.875334139972,1567.2679,"('aliexpress.com', '5e89fcef428f870016d9e994', 'FR')"
fon.bet,5f6413c9612b1a0015099993,RU,10970.522042492474,1567.2174,"('fon.bet', '5f6413c9612b1a0015099993', 'RU')"
metacoregames.com,5f6413c9612b1a0015099993,US,10950.211562297296,1564.3159,"('metacoregames.com', '5f6413c9612b1a0015099993', 'US')"
polymarket.us,5bc0e10e25c7d7796ebe8fc0,US,10947.506767000048,1563.9295,"('polymarket.us', '5bc0e10e25c7d7796ebe8fc0', 'US')"
google.com,5bc0e10e25c7d7796ebe8fc0,US,10941.410481999988,1563.0586,"('google.com', '5bc0e10e25c7d7796ebe8fc0', 'US')"
myntra.com,645a4ac71263430014fc0a33,IN,10900.360638395126,1557.1944,"('myntra.com', '645a4ac71263430014fc0a33', 'IN')"
booking.com,5f6413c9612b1a0015099993,DE,10879.090175796751,1554.1557,"('booking.com', '5f6413c9612b1a0015099993', 'DE')"
tiktok.com,5bc0e10e25c7d7796ebe8fc0,DE,10873.085356000001,1553.2979,"('tiktok.com', '5bc0e10e25c7d7796ebe8fc0', 'DE')"
grand.gs,5f6413c9612b1a0015099993,AU,10859.804036414476,1551.4006,"('grand.gs', '5f6413c9612b1a0015099993', 'AU')"
betvictor.com,5f6413c9612b1a0015099993,GB,10836.942275507305,1548.1346,"('betvictor.com', '5f6413c9612b1a0015099993', 'GB')"
nestleusa.com,66e46b7a0f05bd0011e180e6,US,10793.25852420103,1541.8941,"('nestleusa.com', '66e46b7a0f05bd0011e180e6', 'US')"
ya.ru,60bdc983a982ad0017edb6f7,RU,10786.13117938098,1540.8759,"('ya.ru', '60bdc983a982ad0017edb6f7', 'RU')"
amazon.fr,66cde67e3db5f70011e66c74,FR,10773.95265,1539.1361,"('amazon.fr', '66cde67e3db5f70011e66c74', 'FR')"
temu.com,618a29d9ef3f360017e9acca,JP,10724.170102859103,1532.0243,"('temu.com', '618a29d9ef3f360017e9acca', 'JP')"
sportzino.com,5f6413c9612b1a0015099993,US,10655.823107826795,1522.2604,"('sportzino.com', '5f6413c9612b1a0015099993', 'US')"
ivymobile.com,5f6413c9612b1a0015099993,US,10632.623100117793,1518.9462,"('ivymobile.com', '5f6413c9612b1a0015099993', 'US')"
temu.com,5f6413c9612b1a0015099993,CZ,10606.772901482422,1515.2533,"('temu.com', '5f6413c9612b1a0015099993', 'CZ')"
pg.com,66e46b7a0f05bd0011e180e6,US,10576.28838232106,1510.8983,"('pg.com', '66e46b7a0f05bd0011e180e6', 'US')"
getyourguide.com,645a4ac71263430014fc0a33,GB,10524.562522340315,1503.5089,"('getyourguide.com', '645a4ac71263430014fc0a33', 'GB')"
acebet.com,5f6413c9612b1a0015099993,US,10514.74327219139,1502.1062,"('acebet.com', '5f6413c9612b1a0015099993', 'US')"
shopee.com,60bdc983a982ad0017edb6f7,BR,10496.404069414964,1499.4863,"('shopee.com', '60bdc983a982ad0017edb6f7', 'BR')"
6746437378,5bc0e10e25c7d7796ebe8fc0,US,10407.890739000006,1486.8415,"('6746437378', '5bc0e10e25c7d7796ebe8fc0', 'US')"
shopee.com.br,5e56893e6c71d40018de3ad1,BR,10403.15562863591,1486.1651,"('shopee.com.br', '5e56893e6c71d40018de3ad1', 'BR')"
majority.com,5f6413c9612b1a0015099993,US,10400.521214210265,1485.7887,"('majority.com', '5f6413c9612b1a0015099993', 'US')"
esim.holafly.com,5f6413c9612b1a0015099993,US,10341.788032430119,1477.3983,"('esim.holafly.com', '5f6413c9612b1a0015099993', 'US')"
temu.com,67055dc40f05bd0011e279ae,PA,10298.08165561499,1471.1545,"('temu.com', '67055dc40f05bd0011e279ae', 'PA')"
com.wb.hotd.socialstrategy,5f9b336ea3b86126bbdb3aa1,US,10262.155903801615,1466.0223,"('com.wb.hotd.socialstrategy', '5f9b336ea3b86126bbdb3aa1', 'US')"
pari-apk.ru,5f6413c9612b1a0015099993,RU,10240.243013414285,1462.8919,"('pari-apk.ru', '5f6413c9612b1a0015099993', 'RU')"
nexon.net,5fbc06efdcdfdb0015dda411,KR,10207.390650599957,1458.1987,"('nexon.net', '5fbc06efdcdfdb0015dda411', 'KR')"
funstage.com,5f6413c9612b1a0015099993,DE,10182.905914969371,1454.7008,"('funstage.com', '5f6413c9612b1a0015099993', 'DE')"
booking.com,5f6413c9612b1a0015099993,FR,10163.047449577622,1451.8639,"('booking.com', '5f6413c9612b1a0015099993', 'FR')"
whoop.com,66e46b7a0f05bd0011e180e6,US,10161.071315853009,1451.5816,"('whoop.com', '66e46b7a0f05bd0011e180e6', 'US')"
temu.com,5f6413c9612b1a0015099993,AE,10079.382013302533,1439.9117,"('temu.com', '5f6413c9612b1a0015099993', 'AE')"
snoggle.app,5f6413c9612b1a0015099993,DE,10061.160717681612,1437.3087,"('snoggle.app', '5f6413c9612b1a0015099993', 'DE')"
grand.gs,5f6413c9612b1a0015099993,SA,10013.306737796569,1430.4724,"('grand.gs', '5f6413c9612b1a0015099993', 'SA')"
snap.com,5f6413c9612b1a0015099993,NI,9966.27966897038,1423.7542,"('snap.com', '5f6413c9612b1a0015099993', 'NI')"
amazon.com.br,66cde67e3db5f70011e66c74,BR,9918.529079999986,1416.9327,"('amazon.com.br', '66cde67e3db5f70011e66c74', 'BR')"
99f222.com,5f6413c9612b1a0015099993,BD,9841.55445333236,1405.9364,"('99f222.com', '5f6413c9612b1a0015099993', 'BD')"
grammarly.com,5f6413c9612b1a0015099993,US,9804.396340539879,1400.628,"('grammarly.com', '5f6413c9612b1a0015099993', 'US')"
booking.com,5f6413c9612b1a0015099993,PL,9785.797029839112,1397.971,"('booking.com', '5f6413c9612b1a0015099993', 'PL')"
kwai.com,60bdc983a982ad0017edb6f7,BR,9772.482205694,1396.0689,"('kwai.com', '60bdc983a982ad0017edb6f7', 'BR')"
amazon.com,65660afecebd4a0011dcc2ac,US,9770.74217425333,1395.8203,"('amazon.com', '65660afecebd4a0011dcc2ac', 'US')"
candywriter.com,5f6413c9612b1a0015099993,US,9767.513675684513,1395.3591,"('candywriter.com', '5f6413c9612b1a0015099993', 'US')"
clove.jp,61936e419aca75001740e38a,JP,9660.405625857056,1380.0579,"('clove.jp', '61936e419aca75001740e38a', 'JP')"
magazineluiza.com.br,645a4ac71263430014fc0a33,BR,9651.43132574493,1378.7759,"('magazineluiza.com.br', '645a4ac71263430014fc0a33', 'BR')"
4861166.com,5f6413c9612b1a0015099993,PK,9644.67141246891,1377.8102,"('4861166.com', '5f6413c9612b1a0015099993', 'PK')"
shopee.sg,5f6413c9612b1a0015099993,BR,9630.874958108549,1375.8393,"('shopee.sg', '5f6413c9612b1a0015099993', 'BR')"
caliente.mx,5f6413c9612b1a0015099993,MX,9624.327693385258,1374.904,"('caliente.mx', '5f6413c9612b1a0015099993', 'MX')"
goodroid.co.jp,60bdc983a982ad0017edb6f7,US,9620.530585345037,1374.3615,"('goodroid.co.jp', '60bdc983a982ad0017edb6f7', 'US')"
com.playmate.playzone,5e89fcef428f870016d9e994,PH,9599.119513379977,1371.3028,"('com.playmate.playzone', '5e89fcef428f870016d9e994', 'PH')"
onelink.shein.com,5e56893e6c71d40018de3ad1,SA,9537.003356304009,1362.4291,"('onelink.shein.com', '5e56893e6c71d40018de3ad1', 'SA')"
tango.me,5f6413c9612b1a0015099993,US,9529.591563074799,1361.3702,"('tango.me', '5f6413c9612b1a0015099993', 'US')"
bestplay.app,5f6413c9612b1a0015099993,US,9525.868954505451,1360.8384,"('bestplay.app', '5f6413c9612b1a0015099993', 'US')"
lbhit939.top,61e94b2bc6dbdc0017ea3870,RU,9520.29238618644,1360.0418,"('lbhit939.top', '61e94b2bc6dbdc0017ea3870', 'RU')"
momox.biz,649482d5cec8d700113d2881,DE,9508.148174862985,1358.3069,"('momox.biz', '649482d5cec8d700113d2881', 'DE')"
amazon.co.jp,66cde67e3db5f70011e66c74,JP,9503.638299999997,1357.6626,"('amazon.co.jp', '66cde67e3db5f70011e66c74', 'JP')"
grand.gs,5f6413c9612b1a0015099993,IN,9485.9731804705,1355.139,"('grand.gs', '5f6413c9612b1a0015099993', 'IN')"
com.neoparty,5f6413c9612b1a0015099993,ID,9483.783429014475,1354.8262,"('com.neoparty', '5f6413c9612b1a0015099993', 'ID')"
supercell.com,5f6413c9612b1a0015099993,US,9483.106910674142,1354.7296,"('supercell.com', '5f6413c9612b1a0015099993', 'US')"
z28.breghd.com,5caf77f1e04ca66a2d4bcd7c,TH,9456.125224920012,1350.875,"('z28.breghd.com', '5caf77f1e04ca66a2d4bcd7c', 'TH')"
brani888.com,5e89fcef428f870016d9e994,ID,9448.189785110024,1349.7414,"('brani888.com', '5e89fcef428f870016d9e994', 'ID')"
shopee.co.id,61dba28ceabd16001728ae11,ID,9439.28494470005,1348.4693,"('shopee.co.id', '61dba28ceabd16001728ae11', 'ID')"
playrix.com,60c86e9b217f2400175cfe6b,US,9435.016565000014,1347.8595,"('playrix.com', '60c86e9b217f2400175cfe6b', 'US')"
joinautopilot.com,5f6413c9612b1a0015099993,US,9431.242569985287,1347.3204,"('joinautopilot.com', '5f6413c9612b1a0015099993', 'US')"
nianticlabs.com,5f6413c9612b1a0015099993,GB,9411.754295147834,1344.5363,"('nianticlabs.com', '5f6413c9612b1a0015099993', 'GB')"
sporty.bet,5f6413c9612b1a0015099993,NG,9384.303089126633,1340.6147,"('sporty.bet', '5f6413c9612b1a0015099993', 'NG')"
loomgames.com,5f6413c9612b1a0015099993,GB,9379.507270351063,1339.9296,"('loomgames.com', '5f6413c9612b1a0015099993', 'GB')"
snap.com,5f6413c9612b1a0015099993,HN,9364.104808695674,1337.7293,"('snap.com', '5f6413c9612b1a0015099993', 'HN')"
666d.life,5f6413c9612b1a0015099993,PK,9308.304682389178,1329.7578,"('666d.life', '5f6413c9612b1a0015099993', 'PK')"
temu.com,67055dc40f05bd0011e279ae,QA,9299.980159333621,1328.5686,"('temu.com', '67055dc40f05bd0011e279ae', 'QA')"
amazon.com,663a7cb734e4cf00117c9299,US,9299.63152599999,1328.5188,"('amazon.com', '663a7cb734e4cf00117c9299', 'US')"
draftkings.com,5f6413c9612b1a0015099993,CA,9293.786179612918,1327.6837,"('draftkings.com', '5f6413c9612b1a0015099993', 'CA')"
otto.de,60c9b375fb988e0017d6e500,DE,9247.894793999974,1321.1278,"('otto.de', '60c9b375fb988e0017d6e500', 'DE')"
income.reward.play.games.fun.free.money.earn.real.lucky.play.com,5e56893e6c71d40018de3ad1,US,9241.783725299867,1320.2548,"('income.reward.play.games.fun.free.money.earn.real.lucky.play.com', '5e56893e6c71d40018de3ad1', 'US')"
redfin.com,5f6413c9612b1a0015099993,US,9220.659331855637,1317.237,"('redfin.com', '5f6413c9612b1a0015099993', 'US')"
pandasofcaribbean.com,5f6413c9612b1a0015099993,US,9218.314163594583,1316.902,"('pandasofcaribbean.com', '5f6413c9612b1a0015099993', 'US')"
f111bd.com,5f6413c9612b1a0015099993,BD,9216.218022028013,1316.6026,"('f111bd.com', '5f6413c9612b1a0015099993', 'BD')"
r05prvs.com,65b7e5c3d5f847001169024b,BR,9209.947520196976,1315.7068,"('r05prvs.com', '65b7e5c3d5f847001169024b', 'BR')"
king.com,5f6413c9612b1a0015099993,IN,9196.05461993484,1313.7221,"('king.com', '5f6413c9612b1a0015099993', 'IN')"
temu.com,67055dc40f05bd0011e279ae,NL,9170.280068732898,1310.04,"('temu.com', '67055dc40f05bd0011e279ae', 'NL')"
mirdomovyat.ru,5f6413c9612b1a0015099993,RU,9163.59412997806,1309.0849,"('mirdomovyat.ru', '5f6413c9612b1a0015099993', 'RU')"
fattha.com,5f6413c9612b1a0015099993,KH,9153.736890682314,1307.6767,"('fattha.com', '5f6413c9612b1a0015099993', 'KH')"
shopee.ph,645a4ac71263430014fc0a33,PH,9145.777100473873,1306.5396,"('shopee.ph', '645a4ac71263430014fc0a33', 'PH')"
higgsgame.com,61936e419aca75001740e38a,ID,9115.717753499008,1302.2454,"('higgsgame.com', '61936e419aca75001740e38a', 'ID')"
brani888.com,63d743303639240014ba0dd0,ID,9109.593472689969,1301.3705,"('brani888.com', '63d743303639240014ba0dd0', 'ID')"
temu.com,67055dc40f05bd0011e279ae,KZ,9085.781781120975,1297.9688,"('temu.com', '67055dc40f05bd0011e279ae', 'KZ')"
shopee.com,60bdc983a982ad0017edb6f7,VN,9084.61325949102,1297.8019,"('shopee.com', '60bdc983a982ad0017edb6f7', 'VN')"
unibet.co.uk,5f6413c9612b1a0015099993,GB,9070.073091171482,1295.7247,"('unibet.co.uk', '5f6413c9612b1a0015099993', 'GB')"
apple.com,602442ef9f0893001526406b,CA,9051.288171548027,1293.0412,"('apple.com', '602442ef9f0893001526406b', 'CA')"
mattel163.com,5f6413c9612b1a0015099993,US,9020.51925202137,1288.6456,"('mattel163.com', '5f6413c9612b1a0015099993', 'US')"
zomato.com,5f6413c9612b1a0015099993,IN,9013.774390784007,1287.6821,"('zomato.com', '5f6413c9612b1a0015099993', 'IN')"
king.com,5f6413c9612b1a0015099993,NL,9007.017541729107,1286.7168,"('king.com', '5f6413c9612b1a0015099993', 'NL')"
temu.com,618a29d9ef3f360017e9acca,NG,8993.04782048042,1284.7211,"('temu.com', '618a29d9ef3f360017e9acca', 'NG')"
admiralcasino.co.uk,5f6413c9612b1a0015099993,GB,8990.198168300061,1284.314,"('admiralcasino.co.uk', '5f6413c9612b1a0015099993', 'GB')"
hollandandbarrett.com,645a4ac71263430014fc0a33,GB,8984.882977592022,1283.5547,"('hollandandbarrett.com', '645a4ac71263430014fc0a33', 'GB')"
jy39ff3i7.com,65b7e5c3d5f847001169024b,ID,8955.694516032701,1279.3849,"('jy39ff3i7.com', '65b7e5c3d5f847001169024b', 'ID')"
superlive.chat,5f6413c9612b1a0015099993,US,8954.036575881997,1279.1481,"('superlive.chat', '5f6413c9612b1a0015099993', 'US')"
vip.oiytrexz.hair,5f6413c9612b1a0015099993,IN,8952.639010432056,1278.9484,"('vip.oiytrexz.hair', '5f6413c9612b1a0015099993', 'IN')"
seagamefun.com,5f6413c9612b1a0015099993,TH,8939.78725799013,1277.1125,"('seagamefun.com', '5f6413c9612b1a0015099993', 'TH')"
apple.com,602442ef9f0893001526406b,KR,8931.897147575068,1275.9853,"('apple.com', '602442ef9f0893001526406b', 'KR')"
baitoru.com,645a4ac71263430014fc0a33,JP,8921.41560711543,1274.4879,"('baitoru.com', '645a4ac71263430014fc0a33', 'JP')"
y8w8.x9j8b3u.com,5caf77f1e04ca66a2d4bcd7c,BR,8915.024687800053,1273.575,"('y8w8.x9j8b3u.com', '5caf77f1e04ca66a2d4bcd7c', 'BR')"
candycrushsaga.com,5e150c8b5fd7df7b642140df,US,8877.734569236982,1268.2478,"('candycrushsaga.com', '5e150c8b5fd7df7b642140df', 'US')"
apple.com,602442ef9f0893001526406b,AU,8872.187022683018,1267.4553,"('apple.com', '602442ef9f0893001526406b', 'AU')"
luckios.com,5f6413c9612b1a0015099993,US,8844.701701472852,1263.5288,"('luckios.com', '5f6413c9612b1a0015099993', 'US')"
revolut.com,5f6413c9612b1a0015099993,NO,8839.6664684178,1262.8095,"('revolut.com', '5f6413c9612b1a0015099993', 'NO')"
king.com,5fbc06efdcdfdb0015dda411,GB,8834.444627099965,1262.0635,"('king.com', '5fbc06efdcdfdb0015dda411', 'GB')"
amazon.com,62451df8df1c7b0011064d0d,US,8834.053249615583,1262.0076,"('amazon.com', '62451df8df1c7b0011064d0d', 'US')"
casino.draftkings.com,602442ef9f0893001526406b,US,8822.809490565014,1260.4014,"('casino.draftkings.com', '602442ef9f0893001526406b', 'US')"
tiktok.com,5f6413c9612b1a0015099993,KR,8756.22777891078,1250.8897,"('tiktok.com', '5f6413c9612b1a0015099993', 'KR')"
samsung.com,67f579a965660600111030c2,US,8738.765629999947,1248.3951,"('samsung.com', '67f579a965660600111030c2', 'US')"
getyourguide.com,645a4ac71263430014fc0a33,IT,8737.336306360849,1248.1909,"('getyourguide.com', '645a4ac71263430014fc0a33', 'IT')"
topgamesinc.com,5bc0e10e25c7d7796ebe8fc0,US,8734.682870000002,1247.8118,"('topgamesinc.com', '5bc0e10e25c7d7796ebe8fc0', 'US')"
happymeal.com,6391345e690bb000176c1058,US,8726.096776369981,1246.5853,"('happymeal.com', '6391345e690bb000176c1058', 'US')"
justplayapps.com,5bc0e10e25c7d7796ebe8fc0,US,8711.38033499998,1244.4829,"('justplayapps.com', '5bc0e10e25c7d7796ebe8fc0', 'US')"
courtyard.io,5f6413c9612b1a0015099993,AU,8693.806973819137,1241.9724,"('courtyard.io', '5f6413c9612b1a0015099993', 'AU')"
betway.com,5f6413c9612b1a0015099993,GB,8683.965884364843,1240.5666,"('betway.com', '5f6413c9612b1a0015099993', 'GB')"
lessmore.games,5bc0e10e25c7d7796ebe8fc0,US,8663.05346700002,1237.5791,"('lessmore.games', '5bc0e10e25c7d7796ebe8fc0', 'US')"
lovoo.com,5f6413c9612b1a0015099993,DE,8636.82969170198,1233.8328,"('lovoo.com', '5f6413c9612b1a0015099993', 'DE')"
temu.com,5fffe796e4fa2100156e364a,ZA,8611.108500188826,1230.1584,"('temu.com', '5fffe796e4fa2100156e364a', 'ZA')"
yandex.ru,63924801f7a526001bc728e2,RU,8567.4908844555,1223.9273,"('yandex.ru', '63924801f7a526001bc728e2', 'RU')"
esim.holafly.com,5f6413c9612b1a0015099993,AU,8563.721526411271,1223.3888,"('esim.holafly.com', '5f6413c9612b1a0015099993', 'AU')"
facebook.com,5f6413c9612b1a0015099993,IN,8554.043947724336,1222.0063,"('facebook.com', '5f6413c9612b1a0015099993', 'IN')"
activision.com,5f6413c9612b1a0015099993,MX,8551.971780973148,1221.7103,"('activision.com', '5f6413c9612b1a0015099993', 'MX')"
global.e.mi.com,63217c5d436480001cd32ae4,ES,8539.928236518339,1219.9897,"('global.e.mi.com', '63217c5d436480001cd32ae4', 'ES')"
baseballhits.com,5f6413c9612b1a0015099993,US,8520.980661881451,1217.283,"('baseballhits.com', '5f6413c9612b1a0015099993', 'US')"
oakevergames.com,5f6413c9612b1a0015099993,JP,8495.223570024427,1213.6034,"('oakevergames.com', '5f6413c9612b1a0015099993', 'JP')"
okex.com,5f6413c9612b1a0015099993,CN,8481.466530106545,1211.6381,"('okex.com', '5f6413c9612b1a0015099993', 'CN')"
archpin.co.kr,5caf77f1e04ca66a2d4bcd7c,KR,8462.130068670007,1208.8757,"('archpin.co.kr', '5caf77f1e04ca66a2d4bcd7c', 'KR')"
revolut.com,5f6413c9612b1a0015099993,GR,8450.349321996608,1207.1928,"('revolut.com', '5f6413c9612b1a0015099993', 'GR')"
draftkings.com,5bc0e10e25c7d7796ebe8fc0,US,8443.000388000002,1206.1429,"('draftkings.com', '5bc0e10e25c7d7796ebe8fc0', 'US')"
stargames.de,5f6413c9612b1a0015099993,DE,8428.605188242622,1204.0865,"('stargames.de', '5f6413c9612b1a0015099993', 'DE')"
shopee.com,5f6413c9612b1a0015099993,TH,8425.528669021136,1203.647,"('shopee.com', '5f6413c9612b1a0015099993', 'TH')"
amazon.com,66cde67e3db5f70011e66c74,IN,8404.385809999972,1200.6265,"('amazon.com', '66cde67e3db5f70011e66c74', 'IN')"
grand.gs,5f6413c9612b1a0015099993,TR,8347.03704050009,1192.4339,"('grand.gs', '5f6413c9612b1a0015099993', 'TR')"
rakuten.co.jp,645a4ac71263430014fc0a33,JP,8346.191081689183,1192.313,"('rakuten.co.jp', '645a4ac71263430014fc0a33', 'JP')"
scopely.com,5f6413c9612b1a0015099993,FR,8339.589449913849,1191.3699,"('scopely.com', '5f6413c9612b1a0015099993', 'FR')"
lilo.mf-stat.online,5fd73c61617f68000fb6584f,US,8338.008589509906,1191.1441,"('lilo.mf-stat.online', '5fd73c61617f68000fb6584f', 'US')"
centurygame.com,5bc0e10e25c7d7796ebe8fc0,KR,8328.943103000016,1189.849,"('centurygame.com', '5bc0e10e25c7d7796ebe8fc0', 'KR')"
serasaexperian.com.br,561e8d936b8d90f61a000d2f,BR,8322.67472924371,1188.9535,"('serasaexperian.com.br', '561e8d936b8d90f61a000d2f', 'BR')"
id.higgsroyaldream.com,5f6413c9612b1a0015099993,ID,8311.195211517155,1187.3136,"('id.higgsroyaldream.com', '5f6413c9612b1a0015099993', 'ID')"
grand.gs,5f6413c9612b1a0015099993,SE,8306.320820717434,1186.6173,"('grand.gs', '5f6413c9612b1a0015099993', 'SE')"
4399.com,5f6413c9612b1a0015099993,JP,8295.06421560204,1185.0092,"('4399.com', '5f6413c9612b1a0015099993', 'JP')"
king.com,5f6413c9612b1a0015099993,SE,8292.52817113841,1184.6469,"('king.com', '5f6413c9612b1a0015099993', 'SE')"
casino.betway.com,5f6413c9612b1a0015099993,CA,8210.95471021751,1172.9935,"('casino.betway.com', '5f6413c9612b1a0015099993', 'CA')"
mintegral.com,60bdc983a982ad0017edb6f7,US,8189.645799027022,1169.9494,"('mintegral.com', '60bdc983a982ad0017edb6f7', 'US')"
didi.com,5f6413c9612b1a0015099993,HK,8160.117872119565,1165.7311,"('didi.com', '5f6413c9612b1a0015099993', 'HK')"
esim.holafly.com,5f6413c9612b1a0015099993,DE,8152.059022147,1164.5799,"('esim.holafly.com', '5f6413c9612b1a0015099993', 'DE')"
temu.com,67055dc40f05bd0011e279ae,UY,8147.275391024494,1163.8965,"('temu.com', '67055dc40f05bd0011e279ae', 'UY')"
temu.com,65660afecebd4a0011dcc2ac,GB,8143.03857053153,1163.2912,"('temu.com', '65660afecebd4a0011dcc2ac', 'GB')"
com.mico,5f6413c9612b1a0015099993,RU,8115.619209299364,1159.3742,"('com.mico', '5f6413c9612b1a0015099993', 'RU')"
temu.com,5f6413c9612b1a0015099993,PT,8050.333262272938,1150.0476,"('temu.com', '5f6413c9612b1a0015099993', 'PT')"
11029984.com,5f6413c9612b1a0015099993,BD,8045.864497754697,1149.4092,"('11029984.com', '5f6413c9612b1a0015099993', 'BD')"
temu.com,618a29d9ef3f360017e9acca,AE,8038.242278201094,1148.3203,"('temu.com', '618a29d9ef3f360017e9acca', 'AE')"
opera.com,5f6413c9612b1a0015099993,NG,8034.346315789927,1147.7638,"('opera.com', '5f6413c9612b1a0015099993', 'NG')"
getyourguide.com,645a4ac71263430014fc0a33,DE,8030.562749835666,1147.2232,"('getyourguide.com', '645a4ac71263430014fc0a33', 'DE')"
king.com,5f6413c9612b1a0015099993,DK,8019.518692723983,1145.6455,"('king.com', '5f6413c9612b1a0015099993', 'DK')"
nianticlabs.com,5f6413c9612b1a0015099993,NL,8007.5361476331655,1143.9337,"('nianticlabs.com', '5f6413c9612b1a0015099993', 'NL')"
playsimple.in,5f6413c9612b1a0015099993,US,8003.433029528002,1143.3476,"('playsimple.in', '5f6413c9612b1a0015099993', 'US')"
aliexpress.com,5e89fcef428f870016d9e994,IT,7978.625766499974,1139.8037,"('aliexpress.com', '5e89fcef428f870016d9e994', 'IT')"
vx6lno91huq88.com,5caf77f1e04ca66a2d4bcd7c,BR,7961.648415629987,1137.3783,"('vx6lno91huq88.com', '5caf77f1e04ca66a2d4bcd7c', 'BR')"
exmox.com,5f6413c9612b1a0015099993,GB,7958.691049356517,1136.9559,"('exmox.com', '5f6413c9612b1a0015099993', 'GB')"
hungrystudio.com,5bc0e10e25c7d7796ebe8fc0,JP,7938.997787000024,1134.1425,"('hungrystudio.com', '5bc0e10e25c7d7796ebe8fc0', 'JP')"
seamoney.com,645a4ac71263430014fc0a33,ID,7923.192439123401,1131.8846,"('seamoney.com', '645a4ac71263430014fc0a33', 'ID')"
shopee.com.br,65b7e5c3d5f847001169024b,BR,7891.938219964989,1127.4197,"('shopee.com.br', '65b7e5c3d5f847001169024b', 'BR')"
onmgsim3f.com,5caf77f1e04ca66a2d4bcd7c,BR,7885.294281730015,1126.4706,"('onmgsim3f.com', '5caf77f1e04ca66a2d4bcd7c', 'BR')"
fonbet.kz,5f6413c9612b1a0015099993,KZ,7808.739161938871,1115.5342,"('fonbet.kz', '5f6413c9612b1a0015099993', 'KZ')"
g5e.com,5f6413c9612b1a0015099993,US,7805.089713821557,1115.0128,"('g5e.com', '5f6413c9612b1a0015099993', 'US')"
com.kiwifun,5f6413c9612b1a0015099993,US,7802.671244480796,1114.6673,"('com.kiwifun', '5f6413c9612b1a0015099993', 'US')"
pulsegames.org,5f6413c9612b1a0015099993,US,7802.657269915747,1114.6653,"('pulsegames.org', '5f6413c9612b1a0015099993', 'US')"
activision.com,5bc0e10e25c7d7796ebe8fc0,MX,7800.373877999974,1114.3391,"('activision.com', '5bc0e10e25c7d7796ebe8fc0', 'MX')"
mf.cola,5f6413c9612b1a0015099993,GB,7739.129230379851,1105.5899,"('mf.cola', '5f6413c9612b1a0015099993', 'GB')"
aliexpress.com,5e89fcef428f870016d9e994,KR,7721.939654109986,1103.1342,"('aliexpress.com', '5e89fcef428f870016d9e994', 'KR')"
cyphergames.com,60bdc983a982ad0017edb6f7,US,7715.430999905,1102.2044,"('cyphergames.com', '60bdc983a982ad0017edb6f7', 'US')"
aliexpress.com,5e89fcef428f870016d9e994,BR,7688.915986630011,1098.4166,"('aliexpress.com', '5e89fcef428f870016d9e994', 'BR')"
baba-entertainment.com,5f6413c9612b1a0015099993,US,7688.36343207348,1098.3376,"('baba-entertainment.com', '5f6413c9612b1a0015099993', 'US')"
revolut.com,60770b778d0e4a0015f20ea9,ES,7685.289527450007,1097.8985,"('revolut.com', '60770b778d0e4a0015f20ea9', 'ES')"
tiktok.com,5f6413c9612b1a0015099993,SA,7681.150506029984,1097.3072,"('tiktok.com', '5f6413c9612b1a0015099993', 'SA')"
nianticlabs.com,5f6413c9612b1a0015099993,DE,7673.267183448326,1096.181,"('nianticlabs.com', '5f6413c9612b1a0015099993', 'DE')"
victoryapp0.top,5f6413c9612b1a0015099993,PK,7659.034479256279,1094.1478,"('victoryapp0.top', '5f6413c9612b1a0015099993', 'PK')"
temu.com,67055dc40f05bd0011e279ae,PL,7626.003716321814,1089.4291,"('temu.com', '67055dc40f05bd0011e279ae', 'PL')"
revolut.com,60770b778d0e4a0015f20ea9,FR,7614.195880410034,1087.7423,"('revolut.com', '60770b778d0e4a0015f20ea9', 'FR')"
shopee.com,631c290e3f7bdc001bdfb779,TH,7600.506383664401,1085.7866,"('shopee.com', '631c290e3f7bdc001bdfb779', 'TH')"
melbet.com,5f6413c9612b1a0015099993,SY,7582.164814640922,1083.1664,"('melbet.com', '5f6413c9612b1a0015099993', 'SY')"
webtoons.com,5bc0e10e25c7d7796ebe8fc0,US,7554.164734000018,1079.1664,"('webtoons.com', '5bc0e10e25c7d7796ebe8fc0', 'US')"
creditkarma.com,685d0956892f9d0011d79cb7,US,7552.421790959961,1078.9174,"('creditkarma.com', '685d0956892f9d0011d79cb7', 'US')"
vk21ii2.com,65b7e5c3d5f847001169024b,BR,7545.734288832195,1077.962,"('vk21ii2.com', '65b7e5c3d5f847001169024b', 'BR')"
instagram.com,602442ef9f0893001526406b,US,7540.148005002977,1077.164,"('instagram.com', '602442ef9f0893001526406b', 'US')"
moonactive.com,5bc0e10e25c7d7796ebe8fc0,US,7531.605624000004,1075.9437,"('moonactive.com', '5bc0e10e25c7d7796ebe8fc0', 'US')"
serasa.com,5f6413c9612b1a0015099993,BR,7521.753633690307,1074.5362,"('serasa.com', '5f6413c9612b1a0015099993', 'BR')"
evgo.com,5f6413c9612b1a0015099993,US,7484.959313248968,1069.2799,"('evgo.com', '5f6413c9612b1a0015099993', 'US')"
esim.holafly.com,5f6413c9612b1a0015099993,IT,7480.445220180256,1068.635,"('esim.holafly.com', '5f6413c9612b1a0015099993', 'IT')"
yesplay.bet,5f6413c9612b1a0015099993,ZA,7465.705353940364,1066.5293,"('yesplay.bet', '5f6413c9612b1a0015099993', 'ZA')"
dreamgames.com,5f6413c9612b1a0015099993,FR,7455.5883115567085,1065.084,"('dreamgames.com', '5f6413c9612b1a0015099993', 'FR')"
xm.com,5f6413c9612b1a0015099993,TR,7446.626207297423,1063.8037,"('xm.com', '5f6413c9612b1a0015099993', 'TR')"
tiktok.com,5f6413c9612b1a0015099993,AE,7438.883034251333,1062.6976,"('tiktok.com', '5f6413c9612b1a0015099993', 'AE')"
mico.com,5f6413c9612b1a0015099993,SA,7437.789847541744,1062.5414,"('mico.com', '5f6413c9612b1a0015099993', 'SA')"
temu.com,5f6413c9612b1a0015099993,NL,7418.469660871106,1059.7814,"('temu.com', '5f6413c9612b1a0015099993', 'NL')"
dreamgames.com,60bdc983a982ad0017edb6f7,GB,7399.506001484023,1057.0723,"('dreamgames.com', '60bdc983a982ad0017edb6f7', 'GB')"
bigo.tv,5fbc06efdcdfdb0015dda411,US,7383.579479200007,1054.7971,"('bigo.tv', '5fbc06efdcdfdb0015dda411', 'US')"
temu.com,67055dc40f05bd0011e279ae,EC,7375.78319408616,1053.6833,"('temu.com', '67055dc40f05bd0011e279ae', 'EC')"
bears-with-benefits.com,5fd73c61617f68000fb6584f,FR,7359.190424824376,1051.3129,"('bears-with-benefits.com', '5fd73c61617f68000fb6584f', 'FR')"
stone.com,5f6413c9612b1a0015099993,BR,7352.546599995622,1050.3638,"('stone.com', '5f6413c9612b1a0015099993', 'BR')"
kindpatches.com,5f6413c9612b1a0015099993,US,7323.6312486735105,1046.233,"('kindpatches.com', '5f6413c9612b1a0015099993', 'US')"
casino.borgataonline.com,5bc0e10e25c7d7796ebe8fc0,US,7314.982692999991,1044.9975,"('casino.borgataonline.com', '5bc0e10e25c7d7796ebe8fc0', 'US')"
mercadolibre.com,5f6413c9612b1a0015099993,CL,7311.4020717193835,1044.486,"('mercadolibre.com', '5f6413c9612b1a0015099993', 'CL')"
bolegames.com,5f6413c9612b1a0015099993,US,7307.436094206669,1043.9194,"('bolegames.com', '5f6413c9612b1a0015099993', 'US')"
gravypass.com,5fdbcb6754719a0015122725,US,7298.637101842885,1042.6624,"('gravypass.com', '5fdbcb6754719a0015122725', 'US')"
olleyo.com,5f6413c9612b1a0015099993,US,7293.220103108286,1041.8886,"('olleyo.com', '5f6413c9612b1a0015099993', 'US')"
bytedance.com,5bc0e10e25c7d7796ebe8fc0,JP,7283.998125999989,1040.5712,"('bytedance.com', '5bc0e10e25c7d7796ebe8fc0', 'JP')"
ea.com,5f6413c9612b1a0015099993,US,7255.340588165227,1036.4772,"('ea.com', '5f6413c9612b1a0015099993', 'US')"
temu.com,5fffe796e4fa2100156e364a,AU,7250.743840054897,1035.8205,"('temu.com', '5fffe796e4fa2100156e364a', 'AU')"
cyphergames.com,5f6413c9612b1a0015099993,KR,7192.29060973619,1027.4701,"('cyphergames.com', '5f6413c9612b1a0015099993', 'KR')"
esim.holafly.com,5f6413c9612b1a0015099993,CH,7190.378689880486,1027.197,"('esim.holafly.com', '5f6413c9612b1a0015099993', 'CH')"
king.com,5f6413c9612b1a0015099993,KR,7185.450156124005,1026.4929,"('king.com', '5f6413c9612b1a0015099993', 'KR')"
jp.trip.com,645a4ac71263430014fc0a33,JP,7177.926457079354,1025.4181,"('jp.trip.com', '645a4ac71263430014fc0a33', 'JP')"
philips.com,66e46b7a0f05bd0011e180e6,US,7177.36795306198,1025.3383,"('philips.com', '66e46b7a0f05bd0011e180e6', 'US')"
aliexpress.com,5e89fcef428f870016d9e994,IL,7165.650673699987,1023.6644,"('aliexpress.com', '5e89fcef428f870016d9e994', 'IL')"
shein.com,5fffe796e4fa2100156e364a,GB,7158.564448732202,1022.6521,"('shein.com', '5fffe796e4fa2100156e364a', 'GB')"
winpot.mx,5fbc06efdcdfdb0015dda411,MX,7151.9932740999975,1021.7133,"('winpot.mx', '5fbc06efdcdfdb0015dda411', 'MX')"
tiktok.com,5bc0e10e25c7d7796ebe8fc0,FR,7144.288008000005,1020.6126,"('tiktok.com', '5bc0e10e25c7d7796ebe8fc0', 'FR')"
com.cerveceriamodelo.modelonow,5f6413c9612b1a0015099993,BR,7131.169835716257,1018.7385,"('com.cerveceriamodelo.modelonow', '5f6413c9612b1a0015099993', 'BR')"
temu.com,67055dc40f05bd0011e279ae,PH,7131.0150790748985,1018.7164,"('temu.com', '67055dc40f05bd0011e279ae', 'PH')"
hoteltonight.com,5f6413c9612b1a0015099993,US,7128.720215649744,1018.3886,"('hoteltonight.com', '5f6413c9612b1a0015099993', 'US')"
centurygame.com,5f6413c9612b1a0015099993,GB,7109.613684549953,1015.6591,"('centurygame.com', '5f6413c9612b1a0015099993', 'GB')"
peakgames.net,5f6413c9612b1a0015099993,US,7107.516005574832,1015.3594,"('peakgames.net', '5f6413c9612b1a0015099993', 'US')"
gains.com,5f6413c9612b1a0015099993,US,7101.446365268927,1014.4923,"('gains.com', '5f6413c9612b1a0015099993', 'US')"
productmadness.com,5bc0e10e25c7d7796ebe8fc0,US,7095.486292000012,1013.6409,"('productmadness.com', '5bc0e10e25c7d7796ebe8fc0', 'US')"
mexc.com,5f6413c9612b1a0015099993,NG,7081.751193888402,1011.6787,"('mexc.com', '5f6413c9612b1a0015099993', 'NG')"
temu.com,5f6413c9612b1a0015099993,BE,7073.765998189898,1010.538,"('temu.com', '5f6413c9612b1a0015099993', 'BE')"
shopee.com,5f6413c9612b1a0015099993,MY,7073.016508168927,1010.4309,"('shopee.com', '5f6413c9612b1a0015099993', 'MY')"
shopee.com,5e56893e6c71d40018de3ad1,ID,7068.946467164875,1009.8495,"('shopee.com', '5e56893e6c71d40018de3ad1', 'ID')"
joycastle.mobi,60c86e9b217f2400175cfe6b,US,7064.7190679999885,1009.2456,"('joycastle.mobi', '60c86e9b217f2400175cfe6b', 'US')"
6744304405,5bc0e10e25c7d7796ebe8fc0,US,7033.897935999981,1004.8426,"('6744304405', '5bc0e10e25c7d7796ebe8fc0', 'US')"
polymarket.us,5f9b336ea3b86126bbdb3aa1,US,7027.394042521773,1003.9134,"('polymarket.us', '5f9b336ea3b86126bbdb3aa1', 'US')"
shopee.com,631c290e3f7bdc001bdfb779,VN,7025.286769999978,1003.6124,"('shopee.com', '631c290e3f7bdc001bdfb779', 'VN')"
clinique.com,66e46b7a0f05bd0011e180e6,US,7008.020034828,1001.1457,"('clinique.com', '66e46b7a0f05bd0011e180e6', 'US')"
shopee.co.id,6526e0feb1392d001124df7d,ID,7000.4374982843965,1000.0625,"('shopee.co.id', '6526e0feb1392d001124df7d', 'ID')"
yasesugi.store,5caf77f1e04ca66a2d4bcd7c,JP,6995.776499300006,999.3966,"('yasesugi.store', '5caf77f1e04ca66a2d4bcd7c', 'JP')"
fonbet.by,5f6413c9612b1a0015099993,BY,6983.975907556364,997.7108,"('fonbet.by', '5f6413c9612b1a0015099993', 'BY')"
grand.gs,5bc0e10e25c7d7796ebe8fc0,US,6973.496248000012,996.2137,"('grand.gs', '5bc0e10e25c7d7796ebe8fc0', 'US')"
temu.com,5f6413c9612b1a0015099993,IT,6945.6975355222985,992.2425,"('temu.com', '5f6413c9612b1a0015099993', 'IT')"
rakuten.co.jp,63d743303639240014ba0dd0,JP,6941.558025709988,991.6511,"('rakuten.co.jp', '63d743303639240014ba0dd0', 'JP')"
grand.gs,5f6413c9612b1a0015099993,NO,6932.053515509535,990.2934,"('grand.gs', '5f6413c9612b1a0015099993', 'NO')"
gameduell.com,5f6413c9612b1a0015099993,DE,6930.083176547246,990.0119,"('gameduell.com', '5f6413c9612b1a0015099993', 'DE')"
king.com,5f6413c9612b1a0015099993,MX,6917.852922776148,988.2647,"('king.com', '5f6413c9612b1a0015099993', 'MX')"
grand.gs,5f6413c9612b1a0015099993,CH,6891.683548082998,984.5262,"('grand.gs', '5f6413c9612b1a0015099993', 'CH')"
amazon.es,66cde67e3db5f70011e66c74,ES,6885.455949999982,983.6366,"('amazon.es', '66cde67e3db5f70011e66c74', 'ES')"
devsisters.com,5fbc06efdcdfdb0015dda411,KR,6882.316309900009,983.188,"('devsisters.com', '5fbc06efdcdfdb0015dda411', 'KR')"
devsisters.com,5f6413c9612b1a0015099993,KR,6878.160323837726,982.5943,"('devsisters.com', '5f6413c9612b1a0015099993', 'KR')"
esim.holafly.com,5f6413c9612b1a0015099993,FR,6872.532689870298,981.7904,"('esim.holafly.com', '5f6413c9612b1a0015099993', 'FR')"
tiktok.com,5e56893e6c71d40018de3ad1,VN,6854.862521667888,979.2661,"('tiktok.com', '5e56893e6c71d40018de3ad1', 'VN')"
sports.nj.betmgm.com,5bc0e10e25c7d7796ebe8fc0,US,6841.197740999983,977.314,"('sports.nj.betmgm.com', '5bc0e10e25c7d7796ebe8fc0', 'US')"
courtyard.io,5f6413c9612b1a0015099993,GB,6840.639505848556,977.2342,"('courtyard.io', '5f6413c9612b1a0015099993', 'GB')"
185949949.com,5f6413c9612b1a0015099993,PH,6838.242694703503,976.8918,"('185949949.com', '5f6413c9612b1a0015099993', 'PH')"
devsisters.com,5fbc06efdcdfdb0015dda411,US,6825.494379400012,975.0706,"('devsisters.com', '5fbc06efdcdfdb0015dda411', 'US')"
googll.store,5f6413c9612b1a0015099993,ID,6818.789033258967,974.1127,"('googll.store', '5f6413c9612b1a0015099993', 'ID')"
shopee.tw,5fffe796e4fa2100156e364a,TW,6811.799230280931,973.1142,"('shopee.tw', '5fffe796e4fa2100156e364a', 'TW')"
revolut.com,5f6413c9612b1a0015099993,HU,6809.796024407099,972.828,"('revolut.com', '5f6413c9612b1a0015099993', 'HU')"
king.com,5fbc06efdcdfdb0015dda411,AU,6806.138935199979,972.3056,"('king.com', '5fbc06efdcdfdb0015dda411', 'AU')"
freecash.com,5f6413c9612b1a0015099993,CA,6798.257035698404,971.1796,"('freecash.com', '5f6413c9612b1a0015099993', 'CA')"
svipclubapp.net,5f6413c9612b1a0015099993,PK,6796.87410246029,970.982,"('svipclubapp.net', '5f6413c9612b1a0015099993', 'PK')"
fashionnova.com,645a4ac71263430014fc0a33,US,6796.448652331136,970.9212,"('fashionnova.com', '645a4ac71263430014fc0a33', 'US')"
peak.com,5bc0e10e25c7d7796ebe8fc0,US,6755.066859000006,965.0096,"('peak.com', '5bc0e10e25c7d7796ebe8fc0', 'US')"
click.2deliverynetworks.com,6135c233b2f85d001747c3d2,US,6748.361297642085,964.0516,"('click.2deliverynetworks.com', '6135c233b2f85d001747c3d2', 'US')"
temu.com,5fffe796e4fa2100156e364a,IL,6730.237148628361,961.4624,"('temu.com', '5fffe796e4fa2100156e364a', 'IL')"
com.wudi,5f6413c9612b1a0015099993,US,6729.429797770703,961.3471,"('com.wudi', '5f6413c9612b1a0015099993', 'US')"
capital.com,5f6413c9612b1a0015099993,CH,6707.96112736527,958.2802,"('capital.com', '5f6413c9612b1a0015099993', 'CH')"
hungerstation.com,5f6413c9612b1a0015099993,SA,6699.698451911032,957.0998,"('hungerstation.com', '5f6413c9612b1a0015099993', 'SA')"
shopee.com.my,645a4ac71263430014fc0a33,MY,6688.71527513332,955.5308,"('shopee.com.my', '645a4ac71263430014fc0a33', 'MY')"
melbet.com,5f6413c9612b1a0015099993,CI,6663.613609761454,951.9448,"('melbet.com', '5f6413c9612b1a0015099993', 'CI')"
googll.store,5f6413c9612b1a0015099993,MR,6644.104827583922,949.1578,"('googll.store', '5f6413c9612b1a0015099993', 'MR')"
temu.com,61e94b2bc6dbdc0017ea3870,AU,6637.705852052654,948.2437,"('temu.com', '61e94b2bc6dbdc0017ea3870', 'AU')"
global.e.mi.com,63217c5d436480001cd32ae4,FR,6595.523024865875,942.2176,"('global.e.mi.com', '63217c5d436480001cd32ae4', 'FR')"
binance.com,5f6413c9612b1a0015099993,BD,6592.253724701801,941.7505,"('binance.com', '5f6413c9612b1a0015099993', 'BD')"
shopee.co.id,5fffe796e4fa2100156e364a,ID,6587.918345507986,941.1312,"('shopee.co.id', '5fffe796e4fa2100156e364a', 'ID')"
magnit.ru,63924801f7a526001bc728e2,RU,6582.2496700295715,940.3214,"('magnit.ru', '63924801f7a526001bc728e2', 'RU')"
mmygame.org,5f6413c9612b1a0015099993,IN,6579.8069258141695,939.9724,"('mmygame.org', '5f6413c9612b1a0015099993', 'IN')"
afoavpsdiuvnds.website,5f6413c9612b1a0015099993,BR,6571.501479430253,938.7859,"('afoavpsdiuvnds.website', '5f6413c9612b1a0015099993', 'BR')"
temu.com,61e94b2bc6dbdc0017ea3870,US,6568.069111938222,938.2956,"('temu.com', '61e94b2bc6dbdc0017ea3870', 'US')"
belbet.by,5f6413c9612b1a0015099993,BY,6567.07912798047,938.1542,"('belbet.by', '5f6413c9612b1a0015099993', 'BY')"
dreamgames.com,5f6413c9612b1a0015099993,JP,6544.549754217967,934.9357,"('dreamgames.com', '5f6413c9612b1a0015099993', 'JP')"
solitairecash.com,5e150c8b5fd7df7b642140df,US,6533.057562431505,933.2939,"('solitairecash.com', '5e150c8b5fd7df7b642140df', 'US')"
gimica.com,60bdc983a982ad0017edb6f7,US,6528.994970868023,932.7136,"('gimica.com', '60bdc983a982ad0017edb6f7', 'US')"
freecash.com,5f6413c9612b1a0015099993,JP,6526.999560928572,932.4285,"('freecash.com', '5f6413c9612b1a0015099993', 'JP')"
djgame.co,5f6413c9612b1a0015099993,IN,6522.355938763637,931.7651,"('djgame.co', '5f6413c9612b1a0015099993', 'IN')"
supersonic.com,60bdc983a982ad0017edb6f7,US,6512.263932833997,930.3234,"('supersonic.com', '60bdc983a982ad0017edb6f7', 'US')"
amblegame.ltd,5f6413c9612b1a0015099993,US,6505.615742573687,929.3737,"('amblegame.ltd', '5f6413c9612b1a0015099993', 'US')"
shopee.co.th,645a4ac71263430014fc0a33,TH,6491.6662797087,927.3809,"('shopee.co.th', '645a4ac71263430014fc0a33', 'TH')"
snap.com,5f6413c9612b1a0015099993,SV,6490.836073077933,927.2623,"('snap.com', '5f6413c9612b1a0015099993', 'SV')"
casumo.com,5f6413c9612b1a0015099993,GB,6486.875953069947,926.6966,"('casumo.com', '5f6413c9612b1a0015099993', 'GB')"
temu.com,67055dc40f05bd0011e279ae,SV,6464.728922334485,923.5327,"('temu.com', '67055dc40f05bd0011e279ae', 'SV')"
doodlemobile.com,5f6413c9612b1a0015099993,US,6462.42782671496,923.204,"('doodlemobile.com', '5f6413c9612b1a0015099993', 'US')"
king.com,5f6413c9612b1a0015099993,BR,6457.17420702655,922.4535,"('king.com', '5f6413c9612b1a0015099993', 'BR')"
888casino.com,5f6413c9612b1a0015099993,GB,6438.681710421823,919.8117,"('888casino.com', '5f6413c9612b1a0015099993', 'GB')"
temu.com,67055dc40f05bd0011e279ae,BE,6390.9865281190805,912.9981,"('temu.com', '67055dc40f05bd0011e279ae', 'BE')"
nianticlabs.com,5f6413c9612b1a0015099993,DK,6368.224465463596,909.7464,"('nianticlabs.com', '5f6413c9612b1a0015099993', 'DK')"
booking.com,5f6413c9612b1a0015099993,NL,6351.009985112207,907.2871,"('booking.com', '5f6413c9612b1a0015099993', 'NL')"
yandex.ru,618a29d9ef3f360017e9acca,RU,6340.021064229314,905.7173,"('yandex.ru', '618a29d9ef3f360017e9acca', 'RU')"
walmart.com,5fffe796e4fa2100156e364a,US,6335.940413183905,905.1343,"('walmart.com', '5fffe796e4fa2100156e364a', 'US')"
aliexpress.com,5e89fcef428f870016d9e994,DE,6327.270745840005,903.8958,"('aliexpress.com', '5e89fcef428f870016d9e994', 'DE')"
help.axlebolt.com,5bc0e10e25c7d7796ebe8fc0,RU,6326.7020660000035,903.8146,"('help.axlebolt.com', '5bc0e10e25c7d7796ebe8fc0', 'RU')"
mexc.com,5f6413c9612b1a0015099993,BD,6323.119599872847,903.3028,"('mexc.com', '5f6413c9612b1a0015099993', 'BD')"
ciciai.com,5bc0e10e25c7d7796ebe8fc0,GB,6315.440905,902.2058,"('ciciai.com', '5bc0e10e25c7d7796ebe8fc0', 'GB')"
aliexpress.com,5e89fcef428f870016d9e994,GB,6294.928876309984,899.2756,"('aliexpress.com', '5e89fcef428f870016d9e994', 'GB')"
temu.com,618a29d9ef3f360017e9acca,CA,6284.570043320999,897.7957,"('temu.com', '618a29d9ef3f360017e9acca', 'CA')"
king.com,5f6413c9612b1a0015099993,TR,6283.613441295123,897.6591,"('king.com', '5f6413c9612b1a0015099993', 'TR')"
lp.chocozap.jp,6135c233b2f85d001747c3d2,JP,6279.25536438349,897.0365,"('lp.chocozap.jp', '6135c233b2f85d001747c3d2', 'JP')"
yologamestudios.com,5f6413c9612b1a0015099993,US,6275.088387662663,896.4412,"('yologamestudios.com', '5f6413c9612b1a0015099993', 'US')"
super.com,5f6413c9612b1a0015099993,US,6272.6849725039265,896.0979,"('super.com', '5f6413c9612b1a0015099993', 'US')"
priceline.com,5f6413c9612b1a0015099993,US,6255.477853286357,893.6397,"('priceline.com', '5f6413c9612b1a0015099993', 'US')"
temu.com,69fad8557dbb2c94758f91e6,US,6255.1568568689845,893.5938,"('temu.com', '69fad8557dbb2c94758f91e6', 'US')"
gravypass.com,5fd73c61617f68000fb6584f,US,6234.403679501861,890.6291,"('gravypass.com', '5fd73c61617f68000fb6584f', 'US')"
global.e.mi.com,63217c5d436480001cd32ae4,CO,6224.927150021275,889.2753,"('global.e.mi.com', '63217c5d436480001cd32ae4', 'CO')"
paters.jp,5f6413c9612b1a0015099993,JP,6221.679087931645,888.8113,"('paters.jp', '5f6413c9612b1a0015099993', 'JP')"
bubadu.com,5f6413c9612b1a0015099993,US,6220.47747017812,888.6396,"('bubadu.com', '5f6413c9612b1a0015099993', 'US')"
trading212.com,5f6413c9612b1a0015099993,DE,6195.900166439731,885.1286,"('trading212.com', '5f6413c9612b1a0015099993', 'DE')"
megawayscasino.com,5f6413c9612b1a0015099993,GB,6189.557559062403,884.2225,"('megawayscasino.com', '5f6413c9612b1a0015099993', 'GB')"
temu.com,61e94b2bc6dbdc0017ea3870,CR,6186.576084175321,883.7966,"('temu.com', '61e94b2bc6dbdc0017ea3870', 'CR')"
tiktok.com,5e89fcef428f870016d9e994,VN,6179.374912790004,882.7678,"('tiktok.com', '5e89fcef428f870016d9e994', 'VN')"
scorewarrior.com,5f6413c9612b1a0015099993,US,6172.3583314867765,881.7655,"('scorewarrior.com', '5f6413c9612b1a0015099993', 'US')"
caliente.com,5f6413c9612b1a0015099993,MX,6170.610278303159,881.5158,"('caliente.com', '5f6413c9612b1a0015099993', 'MX')"
peacocktv.com,67f579a965660600111030c2,US,6167.639119999987,881.0913,"('peacocktv.com', '67f579a965660600111030c2', 'US')"
lamoda.ru,63d743e53639240014ba0ddd,RU,6162.0970015429375,880.2996,"('lamoda.ru', '63d743e53639240014ba0ddd', 'RU')"
dreamgames.com,5f6413c9612b1a0015099993,AU,6150.600023794988,878.6571,"('dreamgames.com', '5f6413c9612b1a0015099993', 'AU')"
hungrystudio.com,5f6413c9612b1a0015099993,GB,6098.850684392148,871.2644,"('hungrystudio.com', '5f6413c9612b1a0015099993', 'GB')"
nike.com,61936e419aca75001740e38a,US,6069.764671094004,867.1092,"('nike.com', '61936e419aca75001740e38a', 'US')"
temu.com,618a29d9ef3f360017e9acca,CH,6039.036115528472,862.7194,"('temu.com', '618a29d9ef3f360017e9acca', 'CH')"
coupang.com,5e89fcef428f870016d9e994,KR,6023.958077630019,860.5654,"('coupang.com', '5e89fcef428f870016d9e994', 'KR')"
temu.com,5f6413c9612b1a0015099993,SA,6016.946483728569,859.5638,"('temu.com', '5f6413c9612b1a0015099993', 'SA')"
crazylabs.com,5bc0e10e25c7d7796ebe8fc0,US,6016.683524000013,859.5262,"('crazylabs.com', '5bc0e10e25c7d7796ebe8fc0', 'US')"
dreamgames.com,5f6413c9612b1a0015099993,TR,6000.122681788558,857.1604,"('dreamgames.com', '5f6413c9612b1a0015099993', 'TR')"
apple.com,602442ef9f0893001526406b,ID,5995.784386165998,856.5406,"('apple.com', '602442ef9f0893001526406b', 'ID')"
paramount.com,618a29d9ef3f360017e9acca,US,5994.8365496800825,856.4052,"('paramount.com', '618a29d9ef3f360017e9acca', 'US')"
prizepicks.com,5bc0e10e25c7d7796ebe8fc0,US,5982.132600999987,854.5904,"('prizepicks.com', '5bc0e10e25c7d7796ebe8fc0', 'US')"
tsum.ru,5fbc06efdcdfdb0015dda411,RU,5958.4542972999925,851.2078,"('tsum.ru', '5fbc06efdcdfdb0015dda411', 'RU')"
funstage.com,5f6413c9612b1a0015099993,GB,5953.804640301079,850.5435,"('funstage.com', '5f6413c9612b1a0015099993', 'GB')"
ar.shein.com,631c290e3f7bdc001bdfb779,SA,5952.143358864998,850.3062,"('ar.shein.com', '631c290e3f7bdc001bdfb779', 'SA')"
temu.com,618a29d9ef3f360017e9acca,MX,5946.331005433167,849.4759,"('temu.com', '618a29d9ef3f360017e9acca', 'MX')"
higgsgames.com,5f6413c9612b1a0015099993,RU,5942.4825103580415,848.9261,"('higgsgames.com', '5f6413c9612b1a0015099993', 'RU')"
voodoo.io,5f6413c9612b1a0015099993,US,5927.144451537214,846.7349,"('voodoo.io', '5f6413c9612b1a0015099993', 'US')"
tr.okx.com,5f6413c9612b1a0015099993,TR,5926.166999672991,846.5953,"('tr.okx.com', '5f6413c9612b1a0015099993', 'TR')"
vpko7t.com,5f6413c9612b1a0015099993,IN,5925.977440500952,846.5682,"('vpko7t.com', '5f6413c9612b1a0015099993', 'IN')"
temu.com,5f6413c9612b1a0015099993,HN,5910.208105054656,844.3154,"('temu.com', '5f6413c9612b1a0015099993', 'HN')"
tiktok.com,63d743303639240014ba0dd0,ID,5889.839686450008,841.4057,"('tiktok.com', '63d743303639240014ba0dd0', 'ID')"
lemanapro.ru,5f6413c9612b1a0015099993,RU,5881.792267732198,840.256,"('lemanapro.ru', '5f6413c9612b1a0015099993', 'RU')"
mexc.com,5f6413c9612b1a0015099993,VE,5879.874100681527,839.982,"('mexc.com', '5f6413c9612b1a0015099993', 'VE')"
nianticlabs.com,5f6413c9612b1a0015099993,ES,5875.264820134176,839.3235,"('nianticlabs.com', '5f6413c9612b1a0015099993', 'ES')"
shopee.co.th,5e89fcef428f870016d9e994,TH,5866.821945400012,838.1174,"('shopee.co.th', '5e89fcef428f870016d9e994', 'TH')"
okex.com,5f6413c9612b1a0015099993,BR,5850.565690422971,835.7951,"('okex.com', '5f6413c9612b1a0015099993', 'BR')"
jusymygame.github.io,60bdc983a982ad0017edb6f7,US,5848.579996617,835.5114,"('jusymygame.github.io', '60bdc983a982ad0017edb6f7', 'US')"
googll.store,5f6413c9612b1a0015099993,CI,5831.146266241832,833.0209,"('googll.store', '5f6413c9612b1a0015099993', 'CI')"
harrypotterhogwartsmystery.com,5f6413c9612b1a0015099993,US,5830.421727505902,832.9174,"('harrypotterhogwartsmystery.com', '5f6413c9612b1a0015099993', 'US')"
lessmore.games,5f6413c9612b1a0015099993,FR,5823.804128400561,831.972,"('lessmore.games', '5f6413c9612b1a0015099993', 'FR')"
temu.com,5f6413c9612b1a0015099993,MD,5819.426725491618,831.3467,"('temu.com', '5f6413c9612b1a0015099993', 'MD')"
falabella.cl,645a4ac71263430014fc0a33,CL,5803.828738356035,829.1184,"('falabella.cl', '645a4ac71263430014fc0a33', 'CL')"
vertexgames.net,60c86e9b217f2400175cfe6b,US,5788.136601000005,826.8767,"('vertexgames.net', '60c86e9b217f2400175cfe6b', 'US')"
mediaexpert.pl,645a4ac71263430014fc0a33,PL,5779.869753201523,825.6957,"('mediaexpert.pl', '645a4ac71263430014fc0a33', 'PL')"
centurygames.com,5bc0e10e25c7d7796ebe8fc0,US,5768.441103000001,824.063,"('centurygames.com', '5bc0e10e25c7d7796ebe8fc0', 'US')"
googll.store,5f6413c9612b1a0015099993,DZ,5757.463364637467,822.4948,"('googll.store', '5f6413c9612b1a0015099993', 'DZ')"
googll.store,5f6413c9612b1a0015099993,NP,5752.869174040721,821.8385,"('googll.store', '5f6413c9612b1a0015099993', 'NP')"
hepsiburada.com,645a4ac71263430014fc0a33,TR,5751.580055387799,821.6543,"('hepsiburada.com', '645a4ac71263430014fc0a33', 'TR')"
mexc.com,5f6413c9612b1a0015099993,VN,5749.531357871982,821.3616,"('mexc.com', '5f6413c9612b1a0015099993', 'VN')"
shopee.ph,5e56893e6c71d40018de3ad1,PH,5748.912844407648,821.2733,"('shopee.ph', '5e56893e6c71d40018de3ad1', 'PH')"
30842.vip,5f6413c9612b1a0015099993,IN,5745.87790518505,820.8397,"('30842.vip', '5f6413c9612b1a0015099993', 'IN')"
goeuro.com,5f6413c9612b1a0015099993,US,5724.062349851387,817.7232,"('goeuro.com', '5f6413c9612b1a0015099993', 'US')"
googll.store,5f6413c9612b1a0015099993,SO,5714.249461995123,816.3214,"('googll.store', '5f6413c9612b1a0015099993', 'SO')"
global.e.mi.com,63217c5d436480001cd32ae4,CL,5705.99917419715,815.1427,"('global.e.mi.com', '63217c5d436480001cd32ae4', 'CL')"
temu.com,67055dc40f05bd0011e279ae,GR,5697.06985494078,813.8671,"('temu.com', '67055dc40f05bd0011e279ae', 'GR')"
keeta-global.com,5f6413c9612b1a0015099993,BR,5667.13607999391,809.5909,"('keeta-global.com', '5f6413c9612b1a0015099993', 'BR')"
shopee.com,60bdc983a982ad0017edb6f7,PH,5665.493511998993,809.3562,"('shopee.com', '60bdc983a982ad0017edb6f7', 'PH')"
pixonic.com,5f6413c9612b1a0015099993,US,5656.937798431492,808.134,"('pixonic.com', '5f6413c9612b1a0015099993', 'US')"
org.nustaronline.games,61dba28ceabd16001728ae11,PH,5655.737926999979,807.9626,"('org.nustaronline.games', '61dba28ceabd16001728ae11', 'PH')"
didiglobal.com,5f6413c9612b1a0015099993,AR,5655.545329290691,807.935,"('didiglobal.com', '5f6413c9612b1a0015099993', 'AR')"
king.com,5f6413c9612b1a0015099993,ES,5645.003739692289,806.4291,"('king.com', '5f6413c9612b1a0015099993', 'ES')"
ligastavok.ru,60bdc983a982ad0017edb6f7,RU,5628.320936048988,804.0458,"('ligastavok.ru', '60bdc983a982ad0017edb6f7', 'RU')"
playtika.com,60c86e9b217f2400175cfe6b,US,5614.265070999996,802.0379,"('playtika.com', '60c86e9b217f2400175cfe6b', 'US')"
spark.net,5f6413c9612b1a0015099993,CA,5602.003564202361,800.2862,"('spark.net', '5f6413c9612b1a0015099993', 'CA')"
coral.co.uk,5bc0e10e25c7d7796ebe8fc0,GB,5599.709331000002,799.9585,"('coral.co.uk', '5bc0e10e25c7d7796ebe8fc0', 'GB')"
dreamgames.com,5f6413c9612b1a0015099993,CA,5590.7567689895,798.6795,"('dreamgames.com', '5f6413c9612b1a0015099993', 'CA')"
varomoney.com,5f6413c9612b1a0015099993,US,5577.501061040421,796.7859,"('varomoney.com', '5f6413c9612b1a0015099993', 'US')"
tonybet.com,5f6413c9612b1a0015099993,IE,5573.070434168989,796.1529,"('tonybet.com', '5f6413c9612b1a0015099993', 'IE')"
playrix.com,60770b778d0e4a0015f20ea9,US,5568.4114391700095,795.4873,"('playrix.com', '60770b778d0e4a0015f20ea9', 'US')"
grand.gs,5f6413c9612b1a0015099993,DK,5561.436845423919,794.491,"('grand.gs', '5f6413c9612b1a0015099993', 'DK')"
spark.net,5f6413c9612b1a0015099993,ZA,5557.9599220432865,793.9943,"('spark.net', '5f6413c9612b1a0015099993', 'ZA')"
centurygame.com,5f6413c9612b1a0015099993,DE,5556.791771537253,793.8274,"('centurygame.com', '5f6413c9612b1a0015099993', 'DE')"
brani888.com,6135c233b2f85d001747c3d2,ID,5545.276661213379,792.1824,"('brani888.com', '6135c233b2f85d001747c3d2', 'ID')"
sezzle.com,5f6413c9612b1a0015099993,US,5536.446558229782,790.9209,"('sezzle.com', '5f6413c9612b1a0015099993', 'US')"
mars.com,66e46b7a0f05bd0011e180e6,US,5532.878063976985,790.4112,"('mars.com', '66e46b7a0f05bd0011e180e6', 'US')"
afterpay.com,5f6413c9612b1a0015099993,US,5520.3453329399035,788.6208,"('afterpay.com', '5f6413c9612b1a0015099993', 'US')"
iherb.com,618a29d9ef3f360017e9acca,SA,5519.791636578715,788.5417,"('iherb.com', '618a29d9ef3f360017e9acca', 'SA')"
android.rakuten.co.jp,5caf77f1e04ca66a2d4bcd7c,JP,5504.927116930008,786.4182,"('android.rakuten.co.jp', '5caf77f1e04ca66a2d4bcd7c', 'JP')"
crowncoinscasino.com,62451df8df1c7b0011064d0d,US,5499.421168868821,785.6316,"('crowncoinscasino.com', '62451df8df1c7b0011064d0d', 'US')"
hardrock.bet,5bc0e10e25c7d7796ebe8fc0,US,5495.143494000008,785.0205,"('hardrock.bet', '5bc0e10e25c7d7796ebe8fc0', 'US')"
netconsumerguide.com,61e94b2bc6dbdc0017ea3870,US,5493.1758187523,784.7394,"('netconsumerguide.com', '61e94b2bc6dbdc0017ea3870', 'US')"
goldennugget.com,5f6413c9612b1a0015099993,US,5488.50972992245,784.0728,"('goldennugget.com', '5f6413c9612b1a0015099993', 'US')"
booking.com,5f6413c9612b1a0015099993,IT,5488.1643294608675,784.0235,"('booking.com', '5f6413c9612b1a0015099993', 'IT')"
leroymerlin.ru,618a29d9ef3f360017e9acca,RU,5477.097624539571,782.4425,"('leroymerlin.ru', '618a29d9ef3f360017e9acca', 'RU')"
clinique.com,62451df8df1c7b0011064d0d,US,5474.110102417278,782.0157,"('clinique.com', '62451df8df1c7b0011064d0d', 'US')"
pkr98.bet,5f6413c9612b1a0015099993,PK,5459.740006904427,779.9629,"('pkr98.bet', '5f6413c9612b1a0015099993', 'PK')"
modo.us,60770b778d0e4a0015f20ea9,US,5441.946579960006,777.4209,"('modo.us', '60770b778d0e4a0015f20ea9', 'US')"
temu.com,5f6413c9612b1a0015099993,FI,5434.471887400707,776.3531,"('temu.com', '5f6413c9612b1a0015099993', 'FI')"
binance.com,5f6413c9612b1a0015099993,ID,5434.110072541378,776.3014,"('binance.com', '5f6413c9612b1a0015099993', 'ID')"
uber.com,561e8d936b8d90f61a000d2f,AR,5423.3162937976,774.7595,"('uber.com', '561e8d936b8d90f61a000d2f', 'AR')"
king.com,5f6413c9612b1a0015099993,JP,5420.0834206556465,774.2976,"('king.com', '5f6413c9612b1a0015099993', 'JP')"
345win.cc,5f6413c9612b1a0015099993,PK,5398.003160607974,771.1433,"('345win.cc', '5f6413c9612b1a0015099993', 'PK')"
toptop.jp,5f6413c9612b1a0015099993,JP,5391.337019794635,770.191,"('toptop.jp', '5f6413c9612b1a0015099993', 'JP')"
snoonu.com,618a29d9ef3f360017e9acca,QA,5382.134877047836,768.8764,"('snoonu.com', '618a29d9ef3f360017e9acca', 'QA')"
it-trendex.com,5f6413c9612b1a0015099993,ZA,5370.721910727647,767.246,"('it-trendex.com', '5f6413c9612b1a0015099993', 'ZA')"
nianticlabs.com,5f6413c9612b1a0015099993,HK,5369.7394781024195,767.1056,"('nianticlabs.com', '5f6413c9612b1a0015099993', 'HK')"
supertreat.net,5f6413c9612b1a0015099993,US,5360.060267736866,765.7229,"('supertreat.net', '5f6413c9612b1a0015099993', 'US')"
esim.holafly.com,5f6413c9612b1a0015099993,CO,5347.4937260740135,763.9277,"('esim.holafly.com', '5f6413c9612b1a0015099993', 'CO')"
king.com,5f06518e8421a500152881bb,US,5328.84237220684,761.2632,"('king.com', '5f06518e8421a500152881bb', 'US')"
williamsinteractive.com,5f6413c9612b1a0015099993,US,5317.917330114781,759.7025,"('williamsinteractive.com', '5f6413c9612b1a0015099993', 'US')"
sporty.bet,5f6413c9612b1a0015099993,GH,5314.683602733142,759.2405,"('sporty.bet', '5f6413c9612b1a0015099993', 'GH')"
g777app.com,5f6413c9612b1a0015099993,BD,5313.727671025992,759.104,"('g777app.com', '5f6413c9612b1a0015099993', 'BD')"
uber.com,561e8d936b8d90f61a000d2f,GB,5310.88178321793,758.6974,"('uber.com', '561e8d936b8d90f61a000d2f', 'GB')"
sportmaster.ru,63d743e53639240014ba0ddd,RU,5295.857622808358,756.5511,"('sportmaster.ru', '63d743e53639240014ba0ddd', 'RU')"
global.e.mi.com,63217c5d436480001cd32ae4,PE,5281.514296400281,754.502,"('global.e.mi.com', '63217c5d436480001cd32ae4', 'PE')"
aliexpress.com,5e89fcef428f870016d9e994,PL,5276.235574210007,753.7479,"('aliexpress.com', '5e89fcef428f870016d9e994', 'PL')"
alltrails.com,60770b778d0e4a0015f20ea9,GB,5275.887823969998,753.6983,"('alltrails.com', '60770b778d0e4a0015f20ea9', 'GB')"
justplayapps.com,5f6413c9612b1a0015099993,US,5264.2155497031,752.0308,"('justplayapps.com', '5f6413c9612b1a0015099993', 'US')"
booking.com,5f6413c9612b1a0015099993,RO,5263.039592915851,751.8628,"('booking.com', '5f6413c9612b1a0015099993', 'RO')"
lessmore.games,5f6413c9612b1a0015099993,MX,5258.9314251377145,751.2759,"('lessmore.games', '5f6413c9612b1a0015099993', 'MX')"
zeta-ai.io,5bc0e10e25c7d7796ebe8fc0,US,5250.68104499998,750.0973,"('zeta-ai.io', '5bc0e10e25c7d7796ebe8fc0', 'US')"
vitastudio.ai,5f6413c9612b1a0015099993,DE,5248.625607665522,749.8037,"('vitastudio.ai', '5f6413c9612b1a0015099993', 'DE')"
e56dteb.com,65b7e5c3d5f847001169024b,BR,5248.276890370457,749.7538,"('e56dteb.com', '65b7e5c3d5f847001169024b', 'BR')"
supercell.com,5f6413c9612b1a0015099993,FR,5246.266775499209,749.4667,"('supercell.com', '5f6413c9612b1a0015099993', 'FR')"
dhgate.com,5e8e56f8fc8d4200150b3c16,US,5218.227837149495,745.4611,"('dhgate.com', '5e8e56f8fc8d4200150b3c16', 'US')"
truecaller.com,5f6413c9612b1a0015099993,US,5215.6995452436295,745.0999,"('truecaller.com', '5f6413c9612b1a0015099993', 'US')"
mobilityware.com,5f6413c9612b1a0015099993,CA,5213.9072969031495,744.8439,"('mobilityware.com', '5f6413c9612b1a0015099993', 'CA')"
ajaib88ku.net,5fffe796e4fa2100156e364a,ID,5202.659606496594,743.2371,"('ajaib88ku.net', '5fffe796e4fa2100156e364a', 'ID')"
playrix.com,61936e419aca75001740e38a,US,5193.327769614009,741.904,"('playrix.com', '61936e419aca75001740e38a', 'US')"
com.wudi,5f6413c9612b1a0015099993,AE,5188.808614877138,741.2584,"('com.wudi', '5f6413c9612b1a0015099993', 'AE')"
king.com,5f6413c9612b1a0015099993,CA,5188.659194177136,741.237,"('king.com', '5f6413c9612b1a0015099993', 'CA')"
com.fatmerge,5f6413c9612b1a0015099993,US,5186.246429443582,740.8923,"('com.fatmerge', '5f6413c9612b1a0015099993', 'US')"
prom.ua,645a4ac71263430014fc0a33,UA,5182.91894088235,740.417,"('prom.ua', '645a4ac71263430014fc0a33', 'UA')"
promotioninmotion.com,66e46b7a0f05bd0011e180e6,US,5180.579468430993,740.0828,"('promotioninmotion.com', '66e46b7a0f05bd0011e180e6', 'US')"
tiktok.com,5bc0e10e25c7d7796ebe8fc0,IT,5159.154334999976,737.022,"('tiktok.com', '5bc0e10e25c7d7796ebe8fc0', 'IT')"
esim.holafly.com,5f6413c9612b1a0015099993,BR,5146.411226420205,735.2016,"('esim.holafly.com', '5f6413c9612b1a0015099993', 'BR')"
starbucks.com,66e46b7a0f05bd0011e180e6,US,5144.502238244011,734.9289,"('starbucks.com', '66e46b7a0f05bd0011e180e6', 'US')"
grand.gs,5f6413c9612b1a0015099993,IT,5142.128289154207,734.5898,"('grand.gs', '5f6413c9612b1a0015099993', 'IT')"
temu.com,62563a74f5c7a20011b32398,ZA,5137.98600299998,733.998,"('temu.com', '62563a74f5c7a20011b32398', 'ZA')"
grand.gs,5f6413c9612b1a0015099993,ES,5130.248915513011,732.8927,"('grand.gs', '5f6413c9612b1a0015099993', 'ES')"
king.com,5f6413c9612b1a0015099993,VN,5126.171402693654,732.3102,"('king.com', '5f6413c9612b1a0015099993', 'VN')"
freecash.com,5f6413c9612b1a0015099993,FR,5108.187964519369,729.7411,"('freecash.com', '5f6413c9612b1a0015099993', 'FR')"
dyson.com,62451df8df1c7b0011064d0d,US,5087.608056284493,726.8012,"('dyson.com', '62451df8df1c7b0011064d0d', 'US')"
shopee.ph,5f6413c9612b1a0015099993,PH,5080.242600235748,725.7489,"('shopee.ph', '5f6413c9612b1a0015099993', 'PH')"
redirecionamentobr3.com,65b7e5c3d5f847001169024b,BR,5077.183265627417,725.3119,"('redirecionamentobr3.com', '65b7e5c3d5f847001169024b', 'BR')"
roblox.com,5bc0e10e25c7d7796ebe8fc0,US,5064.972592999987,723.5675,"('roblox.com', '5bc0e10e25c7d7796ebe8fc0', 'US')"
caitech.co.jp,5bc0e10e25c7d7796ebe8fc0,JP,5046.622543000001,720.9461,"('caitech.co.jp', '5bc0e10e25c7d7796ebe8fc0', 'JP')"
9234423.com,5f6413c9612b1a0015099993,BD,5043.9974088797235,720.5711,"('9234423.com', '5f6413c9612b1a0015099993', 'BD')"
temu.com,5f6413c9612b1a0015099993,DK,5040.540828355163,720.0773,"('temu.com', '5f6413c9612b1a0015099993', 'DK')"
1xbet.com,5f6413c9612b1a0015099993,VN,5035.051782548677,719.2931,"('1xbet.com', '5f6413c9612b1a0015099993', 'VN')"
jackpotcity.ca,5bc0e10e25c7d7796ebe8fc0,CA,5026.8299050000005,718.1186,"('jackpotcity.ca', '5bc0e10e25c7d7796ebe8fc0', 'CA')"
whalejoy.net,5f6413c9612b1a0015099993,RU,5020.971094625947,717.2816,"('whalejoy.net', '5f6413c9612b1a0015099993', 'RU')"
freecash.com,5f6413c9612b1a0015099993,AT,5016.500517931201,716.6429,"('freecash.com', '5f6413c9612b1a0015099993', 'AT')"
0494984.com,5f6413c9612b1a0015099993,PH,4998.184623098368,714.0264,"('0494984.com', '5f6413c9612b1a0015099993', 'PH')"
shopee.com,5fffe796e4fa2100156e364a,VN,4998.1581221969645,714.0226,"('shopee.com', '5fffe796e4fa2100156e364a', 'VN')"
com.mergegame.icookie,5f6413c9612b1a0015099993,TW,4996.869239328573,713.8385,"('com.mergegame.icookie', '5f6413c9612b1a0015099993', 'TW')"
grand.gs,5f6413c9612b1a0015099993,MX,4973.861682083974,710.5517,"('grand.gs', '5f6413c9612b1a0015099993', 'MX')"
wonderpeople.com,5f6413c9612b1a0015099993,US,4970.620828191726,710.0887,"('wonderpeople.com', '5f6413c9612b1a0015099993', 'US')"
doordash.com,5f6413c9612b1a0015099993,AU,4947.236837066948,706.7481,"('doordash.com', '5f6413c9612b1a0015099993', 'AU')"
allegro.pl,645a4ac71263430014fc0a33,PL,4942.822281915101,706.1175,"('allegro.pl', '645a4ac71263430014fc0a33', 'PL')"
tiktok.com,5e56893e6c71d40018de3ad1,MY,4939.658917535329,705.6656,"('tiktok.com', '5e56893e6c71d40018de3ad1', 'MY')"
superbet.bet.br,65b7e5c3d5f847001169024b,BR,4928.334969783504,704.0479,"('superbet.bet.br', '65b7e5c3d5f847001169024b', 'BR')"
duolingo.com,5f6413c9612b1a0015099993,US,4914.028937130643,702.0041,"('duolingo.com', '5f6413c9612b1a0015099993', 'US')"
whitebit.com,5f6413c9612b1a0015099993,UA,4905.189842346765,700.7414,"('whitebit.com', '5f6413c9612b1a0015099993', 'UA')"
comegamehub.com,5f6413c9612b1a0015099993,IN,4901.91077529817,700.273,"('comegamehub.com', '5f6413c9612b1a0015099993', 'IN')"
booking.com,5f6413c9612b1a0015099993,PT,4893.968942523938,699.1384,"('booking.com', '5f6413c9612b1a0015099993', 'PT')"
letsgooo.com,5f6413c9612b1a0015099993,US,4891.5488039399215,698.7927,"('letsgooo.com', '5f6413c9612b1a0015099993', 'US')"
afxocimvswd.site,5f6413c9612b1a0015099993,BR,4890.6385411132,698.6626,"('afxocimvswd.site', '5f6413c9612b1a0015099993', 'BR')"
timee.co.jp,561e8d936b8d90f61a000d2f,JP,4890.254025101194,698.6077,"('timee.co.jp', '561e8d936b8d90f61a000d2f', 'JP')"
temu.com,5fffe796e4fa2100156e364a,NZ,4888.501152909811,698.3573,"('temu.com', '5fffe796e4fa2100156e364a', 'NZ')"
spark.net,5f6413c9612b1a0015099993,KG,4881.072817450897,697.2961,"('spark.net', '5f6413c9612b1a0015099993', 'KG')"
textnow.com,5f6413c9612b1a0015099993,US,4874.977428371116,696.4253,"('textnow.com', '5f6413c9612b1a0015099993', 'US')"
centurygame.com,5f6413c9612b1a0015099993,AU,4872.606727018669,696.0867,"('centurygame.com', '5f6413c9612b1a0015099993', 'AU')"
hardrock.bet,60770b778d0e4a0015f20ea9,US,4858.471714670001,694.0674,"('hardrock.bet', '60770b778d0e4a0015f20ea9', 'US')"
shopee.vn,6526e0feb1392d001124df7d,VN,4835.324368571661,690.7606,"('shopee.vn', '6526e0feb1392d001124df7d', 'VN')"
playdemic.com,5f6413c9612b1a0015099993,US,4828.759777438765,689.8228,"('playdemic.com', '5f6413c9612b1a0015099993', 'US')"
play.monopolycasino.com,5f6413c9612b1a0015099993,GB,4827.216034432477,689.6023,"('play.monopolycasino.com', '5f6413c9612b1a0015099993', 'GB')"
nutrivossen.com,6135c233b2f85d001747c3d2,DE,4819.68277430354,688.5261,"('nutrivossen.com', '6135c233b2f85d001747c3d2', 'DE')"
trendyol.sa,645a4ac71263430014fc0a33,SA,4817.03315681897,688.1476,"('trendyol.sa', '645a4ac71263430014fc0a33', 'SA')"
wbd.com,67f579a965660600111030c2,US,4808.195089999993,686.885,"('wbd.com', '67f579a965660600111030c2', 'US')"
aliexpress.com,5e89fcef428f870016d9e994,PT,4804.908837599998,686.4155,"('aliexpress.com', '5e89fcef428f870016d9e994', 'PT')"
shopee.com,5fffe796e4fa2100156e364a,TH,4786.810570173058,683.8301,"('shopee.com', '5fffe796e4fa2100156e364a', 'TH')"
zegostudio.com,5bc0e10e25c7d7796ebe8fc0,US,4784.053821999999,683.4363,"('zegostudio.com', '5bc0e10e25c7d7796ebe8fc0', 'US')"
revolut.com,5f6413c9612b1a0015099993,BG,4778.7804441535045,682.6829,"('revolut.com', '5f6413c9612b1a0015099993', 'BG')"
global.e.mi.com,63217c5d436480001cd32ae4,AR,4775.322487230763,682.1889,"('global.e.mi.com', '63217c5d436480001cd32ae4', 'AR')"
olymptrade.com,5f6413c9612b1a0015099993,IN,4762.616353505893,680.3738,"('olymptrade.com', '5f6413c9612b1a0015099993', 'IN')"
e-food.gr,5f6413c9612b1a0015099993,GR,4757.285165431541,679.6122,"('e-food.gr', '5f6413c9612b1a0015099993', 'GR')"
temu.com,618a29d9ef3f360017e9acca,SA,4751.787987956778,678.8269,"('temu.com', '618a29d9ef3f360017e9acca', 'SA')"
yandex.ru,644fff26ff6cc5001440892f,RU,4746.560907252014,678.0801,"('yandex.ru', '644fff26ff6cc5001440892f', 'RU')"
sporty.bet,5f6413c9612b1a0015099993,TZ,4743.303256207797,677.6148,"('sporty.bet', '5f6413c9612b1a0015099993', 'TZ')"
supercent.com,5f6413c9612b1a0015099993,US,4736.4893274393235,676.6413,"('supercent.com', '5f6413c9612b1a0015099993', 'US')"
mexloan.elaworld.com,5caf77f1e04ca66a2d4bcd7c,MX,4733.923655839998,676.2748,"('mexloan.elaworld.com', '5caf77f1e04ca66a2d4bcd7c', 'MX')"
com.wb.hotd.socialstrategy,5f9b336ea3b86126bbdb3aa1,GB,4727.822610372503,675.4032,"('com.wb.hotd.socialstrategy', '5f9b336ea3b86126bbdb3aa1', 'GB')"
temu.com,671bd87469f356001105653b,US,4727.363867101399,675.3377,"('temu.com', '671bd87469f356001105653b', 'US')"
com.mergegame.icookie,5f6413c9612b1a0015099993,DE,4717.825778120079,673.9751,"('com.mergegame.icookie', '5f6413c9612b1a0015099993', 'DE')"
temu.com,5f6413c9612b1a0015099993,KZ,4709.848634134114,672.8355,"('temu.com', '5f6413c9612b1a0015099993', 'KZ')"
lessmore.games,5f6413c9612b1a0015099993,IQ,4707.672153918447,672.5246,"('lessmore.games', '5f6413c9612b1a0015099993', 'IQ')"
snap.com,5f6413c9612b1a0015099993,JM,4696.187178222737,670.8839,"('snap.com', '5f6413c9612b1a0015099993', 'JM')"
paramount.com,6391345e690bb000176c1058,US,4695.876622490003,670.8395,"('paramount.com', '6391345e690bb000176c1058', 'US')"
esim.holafly.com,5f6413c9612b1a0015099993,CA,4682.828580539671,668.9755,"('esim.holafly.com', '5f6413c9612b1a0015099993', 'CA')"
vitastudio.ai,5bc0e10e25c7d7796ebe8fc0,US,4677.437593000025,668.2054,"('vitastudio.ai', '5bc0e10e25c7d7796ebe8fc0', 'US')"
spinxgames.com,5bc0e10e25c7d7796ebe8fc0,US,4672.670137999991,667.5243,"('spinxgames.com', '5bc0e10e25c7d7796ebe8fc0', 'US')"
lastasylum.com,5bc0e10e25c7d7796ebe8fc0,US,4666.770883999989,666.6816,"('lastasylum.com', '5bc0e10e25c7d7796ebe8fc0', 'US')"
doordash.com,5f6413c9612b1a0015099993,CA,4653.412119532096,664.7732,"('doordash.com', '5f6413c9612b1a0015099993', 'CA')"
bosbosgames.com,5bc0e10e25c7d7796ebe8fc0,ID,4651.313271999986,664.4733,"('bosbosgames.com', '5bc0e10e25c7d7796ebe8fc0', 'ID')"
clorox.com,66e46b7a0f05bd0011e180e6,US,4634.474459831991,662.0678,"('clorox.com', '66e46b7a0f05bd0011e180e6', 'US')"
zynga.com,5f6413c9612b1a0015099993,TR,4629.748541126313,661.3926,"('zynga.com', '5f6413c9612b1a0015099993', 'TR')"
affufasexygame.com,5fffe796e4fa2100156e364a,TH,4629.124135852618,661.3034,"('affufasexygame.com', '5fffe796e4fa2100156e364a', 'TH')"
mcdonalds.co.uk,5c4f514dbfa483080c46675f,US,4624.164693640002,660.595,"('mcdonalds.co.uk', '5c4f514dbfa483080c46675f', 'US')"
temu.com,618a29d9ef3f360017e9acca,AZ,4609.450008237032,658.4929,"('temu.com', '618a29d9ef3f360017e9acca', 'AZ')"
bradesco.com.br,5f6413c9612b1a0015099993,BR,4604.186192951277,657.7409,"('bradesco.com.br', '5f6413c9612b1a0015099993', 'BR')"
com.shopee.id,6168e52a9008de00174bc182,ID,4604.083969630891,657.7263,"('com.shopee.id', '6168e52a9008de00174bc182', 'ID')"
cloudfront.net,5f6413c9612b1a0015099993,BR,4601.078112676894,657.2969,"('cloudfront.net', '5f6413c9612b1a0015099993', 'BR')"
sb-valan-pan9.service-info.jp,5caf77f1e04ca66a2d4bcd7c,JP,4574.560848309995,653.5087,"('sb-valan-pan9.service-info.jp', '5caf77f1e04ca66a2d4bcd7c', 'JP')"
aliexpress.com,5e89fcef428f870016d9e994,NL,4565.260903479997,652.1801,"('aliexpress.com', '5e89fcef428f870016d9e994', 'NL')"
classpass.com,5f6413c9612b1a0015099993,US,4541.8712757865,648.8388,"('classpass.com', '5f6413c9612b1a0015099993', 'US')"
tiktok.com,5f6413c9612b1a0015099993,MY,4536.655075820732,648.0936,"('tiktok.com', '5f6413c9612b1a0015099993', 'MY')"
loomgames.com,5f6413c9612b1a0015099993,CA,4532.779282777862,647.5399,"('loomgames.com', '5f6413c9612b1a0015099993', 'CA')"
amazon.ca,66cde67e3db5f70011e66c74,CA,4521.971050000002,645.9959,"('amazon.ca', '66cde67e3db5f70011e66c74', 'CA')"
0494984.com,5f6413c9612b1a0015099993,BD,4519.288761754671,645.6127,"('0494984.com', '5f6413c9612b1a0015099993', 'BD')"
gdsgog.xyz,5f6413c9612b1a0015099993,IN,4518.854773677933,645.5507,"('gdsgog.xyz', '5f6413c9612b1a0015099993', 'IN')"
igs.com.tw,5f6413c9612b1a0015099993,CN,4518.83769912606,645.5482,"('igs.com.tw', '5f6413c9612b1a0015099993', 'CN')"
temu.com,618a29d9ef3f360017e9acca,JO,4508.448306659718,644.064,"('temu.com', '618a29d9ef3f360017e9acca', 'JO')"
network.mobile.rakuten.co.jp,5caf77f1e04ca66a2d4bcd7c,JP,4474.986049280003,639.2837,"('network.mobile.rakuten.co.jp', '5caf77f1e04ca66a2d4bcd7c', 'JP')"
ninjatrader.com,5bc0e10e25c7d7796ebe8fc0,US,4470.511671999972,638.6445,"('ninjatrader.com', '5bc0e10e25c7d7796ebe8fc0', 'US')"
apple.com,602442ef9f0893001526406b,BR,4463.864811693054,637.695,"('apple.com', '602442ef9f0893001526406b', 'BR')"
opera.com,5f6413c9612b1a0015099993,ZA,4460.382476300101,637.1975,"('opera.com', '5f6413c9612b1a0015099993', 'ZA')"
temu.com,5f6413c9612b1a0015099993,HU,4459.181603643776,637.0259,"('temu.com', '5f6413c9612b1a0015099993', 'HU')"
bestsecret.com,645a4ac71263430014fc0a33,DE,4450.857325695986,635.8368,"('bestsecret.com', '645a4ac71263430014fc0a33', 'DE')"
fasterserve.com,60bdc983a982ad0017edb6f7,DE,4443.32853000999,634.7612,"('fasterserve.com', '60bdc983a982ad0017edb6f7', 'DE')"
snap.com,5f6413c9612b1a0015099993,PA,4435.5339851849885,633.6477,"('snap.com', '5f6413c9612b1a0015099993', 'PA')"
dd10win.com,5f6413c9612b1a0015099993,PK,4433.25706359379,633.3224,"('dd10win.com', '5f6413c9612b1a0015099993', 'PK')"
spark.net,5f6413c9612b1a0015099993,UA,4433.027924883603,633.2897,"('spark.net', '5f6413c9612b1a0015099993', 'UA')"
gsupport.zrrglobal.com,5bc0e10e25c7d7796ebe8fc0,RU,4424.469241999997,632.067,"('gsupport.zrrglobal.com', '5bc0e10e25c7d7796ebe8fc0', 'RU')"
grand.gs,5f6413c9612b1a0015099993,JP,4420.697889917357,631.5283,"('grand.gs', '5f6413c9612b1a0015099993', 'JP')"
alltrails.com,60770b778d0e4a0015f20ea9,US,4412.489299670019,630.3556,"('alltrails.com', '60770b778d0e4a0015f20ea9', 'US')"
spark.net,5f6413c9612b1a0015099993,GB,4409.398013213462,629.914,"('spark.net', '5f6413c9612b1a0015099993', 'GB')"
centurygame.com,5f6413c9612b1a0015099993,CA,4408.206279851621,629.7438,"('centurygame.com', '5f6413c9612b1a0015099993', 'CA')"
winpot.mx,5f6413c9612b1a0015099993,MX,4399.937957310334,628.5626,"('winpot.mx', '5f6413c9612b1a0015099993', 'MX')"
temu.com,61e94b2bc6dbdc0017ea3870,SV,4394.403206483737,627.7719,"('temu.com', '61e94b2bc6dbdc0017ea3870', 'SV')"
shein.com,5e56893e6c71d40018de3ad1,MX,4390.264257247233,627.1806,"('shein.com', '5e56893e6c71d40018de3ad1', 'MX')"
microfun.com,5f6413c9612b1a0015099993,DE,4388.051544816556,626.8645,"('microfun.com', '5f6413c9612b1a0015099993', 'DE')"
acorns.com,5bc0e10e25c7d7796ebe8fc0,US,4387.3690490000035,626.767,"('acorns.com', '5bc0e10e25c7d7796ebe8fc0', 'US')"
uber.com,561e8d936b8d90f61a000d2f,FR,4377.656592931833,625.3795,"('uber.com', '561e8d936b8d90f61a000d2f', 'FR')"
dreamgames.com,5f6413c9612b1a0015099993,NL,4372.44334014875,624.6348,"('dreamgames.com', '5f6413c9612b1a0015099993', 'NL')"
grand.gs,5f6413c9612b1a0015099993,NL,4342.463089035167,620.3519,"('grand.gs', '5f6413c9612b1a0015099993', 'NL')"
snowprintstudios.com,5f6413c9612b1a0015099993,GB,4338.205087803879,619.7436,"('snowprintstudios.com', '5f6413c9612b1a0015099993', 'GB')"
revolut.com,5f6413c9612b1a0015099993,SK,4331.887730950669,618.8411,"('revolut.com', '5f6413c9612b1a0015099993', 'SK')"
chumbacasino.com,5f6413c9612b1a0015099993,US,4330.709292058287,618.6728,"('chumbacasino.com', '5f6413c9612b1a0015099993', 'US')"
standardpuzzle.com,5f6413c9612b1a0015099993,US,4329.852640670434,618.5504,"('standardpuzzle.com', '5f6413c9612b1a0015099993', 'US')"
king.com,5f6413c9612b1a0015099993,IT,4324.298183495659,617.7569,"('king.com', '5f6413c9612b1a0015099993', 'IT')"
loomgames.com,5f6413c9612b1a0015099993,AU,4323.882181221419,617.6975,"('loomgames.com', '5f6413c9612b1a0015099993', 'AU')"
global.e.mi.com,63217c5d436480001cd32ae4,DE,4314.190660073071,616.313,"('global.e.mi.com', '63217c5d436480001cd32ae4', 'DE')"
onelink.shein.com,5e56893e6c71d40018de3ad1,GB,4311.936149759212,615.9909,"('onelink.shein.com', '5e56893e6c71d40018de3ad1', 'GB')"
temu.com,5f6413c9612b1a0015099993,AL,4307.404148832244,615.3434,"('temu.com', '5f6413c9612b1a0015099993', 'AL')"
temu.com,67055dc40f05bd0011e279ae,BG,4306.63576866036,615.2337,"('temu.com', '67055dc40f05bd0011e279ae', 'BG')"
therockapp.com,60bdc983a982ad0017edb6f7,RU,4304.477677570992,614.9254,"('therockapp.com', '60bdc983a982ad0017edb6f7', 'RU')"
swagbucks.com,5f6413c9612b1a0015099993,US,4301.147103201845,614.4496,"('swagbucks.com', '5f6413c9612b1a0015099993', 'US')"
mohegansun.com,5f6413c9612b1a0015099993,US,4299.382257291765,614.1975,"('mohegansun.com', '5f6413c9612b1a0015099993', 'US')"
self.inc,60770b778d0e4a0015f20ea9,US,4293.108172390004,613.3012,"('self.inc', '60770b778d0e4a0015f20ea9', 'US')"
avito.ru,618a29d9ef3f360017e9acca,RU,4287.881289060868,612.5545,"('avito.ru', '618a29d9ef3f360017e9acca', 'RU')"
temu.com,5f6413c9612b1a0015099993,CL,4285.708257977491,612.244,"('temu.com', '5f6413c9612b1a0015099993', 'CL')"
temu.com,6a30eb0dede581a042458add,US,4281.979770195012,611.7114,"('temu.com', '6a30eb0dede581a042458add', 'US')"
yandex.ru,5e56893e6c71d40018de3ad1,RU,4272.873333256047,610.4105,"('yandex.ru', '5e56893e6c71d40018de3ad1', 'RU')"
huntingsniper.games,5fbc06efdcdfdb0015dda411,US,4267.082060500001,609.5832,"('huntingsniper.games', '5fbc06efdcdfdb0015dda411', 'US')"
foodvisor.io,5f6413c9612b1a0015099993,FR,4265.133496033408,609.3048,"('foodvisor.io', '5f6413c9612b1a0015099993', 'FR')"
easybrain.com,5f6413c9612b1a0015099993,US,4260.112877735501,608.5876,"('easybrain.com', '5f6413c9612b1a0015099993', 'US')"
snap.com,5f6413c9612b1a0015099993,CR,4259.665087653152,608.5236,"('snap.com', '5f6413c9612b1a0015099993', 'CR')"
beton.ua,5f6413c9612b1a0015099993,UA,4257.104185913742,608.1577,"('beton.ua', '5f6413c9612b1a0015099993', 'UA')"
apple.com,5e56893e6c71d40018de3ad1,TW,4249.526277826175,607.0752,"('apple.com', '5e56893e6c71d40018de3ad1', 'TW')"
aliexpress.com,685d0956892f9d0011d79cb7,US,4246.767816179998,606.6811,"('aliexpress.com', '685d0956892f9d0011d79cb7', 'US')"
temu.com,67055dc40f05bd0011e279ae,IE,4243.223483655111,606.1748,"('temu.com', '67055dc40f05bd0011e279ae', 'IE')"
temu.com,671bd87469f356001105653b,GB,4239.575343529405,605.6536,"('temu.com', '671bd87469f356001105653b', 'GB')"
bonprix.nl,645a4ac71263430014fc0a33,NL,4238.961581071294,605.5659,"('bonprix.nl', '645a4ac71263430014fc0a33', 'NL')"
temu.com,65660afecebd4a0011dcc2ac,JP,4237.36649365054,605.3381,"('temu.com', '65660afecebd4a0011dcc2ac', 'JP')"
falcongames.com,5f6413c9612b1a0015099993,US,4228.994659293166,604.1421,"('falcongames.com', '5f6413c9612b1a0015099993', 'US')"
sb-slimore.service-info.jp,5caf77f1e04ca66a2d4bcd7c,JP,4219.193459350004,602.7419,"('sb-slimore.service-info.jp', '5caf77f1e04ca66a2d4bcd7c', 'JP')"
bears-with-benefits.com,5fd73c61617f68000fb6584f,SE,4216.046408709618,602.2923,"('bears-with-benefits.com', '5fd73c61617f68000fb6584f', 'SE')"
global.e.mi.com,63217c5d436480001cd32ae4,IN,4215.453563147858,602.2077,"('global.e.mi.com', '63217c5d436480001cd32ae4', 'IN')"
mgmplus.com,66cde67e3db5f70011e66c74,GB,4213.877530000007,601.9825,"('mgmplus.com', '66cde67e3db5f70011e66c74', 'GB')"
bwin.es,60770b778d0e4a0015f20ea9,ES,4213.71788465001,601.9597,"('bwin.es', '60770b778d0e4a0015f20ea9', 'ES')"
emag.ro,645a4ac71263430014fc0a33,RO,4211.9663424126165,601.7095,"('emag.ro', '645a4ac71263430014fc0a33', 'RO')"
bidease.com,618a29d9ef3f360017e9acca,ZA,4201.59891613955,600.2284,"('bidease.com', '618a29d9ef3f360017e9acca', 'ZA')"
playvalve.com,60bdc983a982ad0017edb6f7,US,4192.427817775007,598.9183,"('playvalve.com', '60bdc983a982ad0017edb6f7', 'US')"
tv.kukufm.com,5f9b336ea3b86126bbdb3aa1,IN,4186.622910742499,598.089,"('tv.kukufm.com', '5f9b336ea3b86126bbdb3aa1', 'IN')"
global.e.mi.com,63217c5d436480001cd32ae4,IT,4185.475872226044,597.9251,"('global.e.mi.com', '63217c5d436480001cd32ae4', 'IT')"
br.shopee.com,5caf77f1e04ca66a2d4bcd7c,BR,4185.155712850009,597.8794,"('br.shopee.com', '5caf77f1e04ca66a2d4bcd7c', 'BR')"
gu55.my,65b7e5c3d5f847001169024b,BR,4183.971759309076,597.7103,"('gu55.my', '65b7e5c3d5f847001169024b', 'BR')"
yandex.ru,6526e0feb1392d001124df7d,RU,4175.8696328074675,596.5528,"('yandex.ru', '6526e0feb1392d001124df7d', 'RU')"
latamairlines.com,645a4ac71263430014fc0a33,BR,4172.860604446616,596.1229,"('latamairlines.com', '645a4ac71263430014fc0a33', 'BR')"
clearskindreams.site,5caf77f1e04ca66a2d4bcd7c,JP,4166.056945789996,595.151,"('clearskindreams.site', '5caf77f1e04ca66a2d4bcd7c', 'JP')"
poly-casino.com,5bc0e10e25c7d7796ebe8fc0,US,4162.566697999983,594.6524,"('poly-casino.com', '5bc0e10e25c7d7796ebe8fc0', 'US')"
instagram.com,5bc0e10e25c7d7796ebe8fc0,US,4158.984901000006,594.1407,"('instagram.com', '5bc0e10e25c7d7796ebe8fc0', 'US')"
phantom.com,5f6413c9612b1a0015099993,US,4153.884212094663,593.412,"('phantom.com', '5f6413c9612b1a0015099993', 'US')"
goldapple.ru,618a29d9ef3f360017e9acca,RU,4151.425903260032,593.0608,"('goldapple.ru', '618a29d9ef3f360017e9acca', 'RU')"
linkedin.com,602442ef9f0893001526406b,IN,4147.194150238023,592.4563,"('linkedin.com', '602442ef9f0893001526406b', 'IN')"
temu.com,618a29d9ef3f360017e9acca,PH,4145.351991587483,592.1931,"('temu.com', '618a29d9ef3f360017e9acca', 'PH')"
googll.store,5f6413c9612b1a0015099993,BD,4144.726121561138,592.1037,"('googll.store', '5f6413c9612b1a0015099993', 'BD')"
xm.com,5f6413c9612b1a0015099993,MA,4135.501934648885,590.786,"('xm.com', '5f6413c9612b1a0015099993', 'MA')"
esim.holafly.com,5f6413c9612b1a0015099993,AT,4132.814013482719,590.402,"('esim.holafly.com', '5f6413c9612b1a0015099993', 'AT')"
temu.com,5fffe796e4fa2100156e364a,AE,4131.984362903855,590.2835,"('temu.com', '5fffe796e4fa2100156e364a', 'AE')"
revolut.com,5f6413c9612b1a0015099993,DK,4127.571443077448,589.6531,"('revolut.com', '5f6413c9612b1a0015099993', 'DK')"
clinique.com,67f579a965660600111030c2,US,4127.56319999999,589.6519,"('clinique.com', '67f579a965660600111030c2', 'US')"
c6bank.com.br,5f6413c9612b1a0015099993,BR,4121.50652089447,588.7866,"('c6bank.com.br', '5f6413c9612b1a0015099993', 'BR')"
perplexity.ai,5bc0e10e25c7d7796ebe8fc0,US,4113.028234999999,587.5755,"('perplexity.ai', '5bc0e10e25c7d7796ebe8fc0', 'US')"
therewardinglocker2.com,5fdbcb6754719a0015122725,US,4108.724165339969,586.9606,"('therewardinglocker2.com', '5fdbcb6754719a0015122725', 'US')"
6566176181,5bc0e10e25c7d7796ebe8fc0,US,4108.64258599999,586.9489,"('6566176181', '5bc0e10e25c7d7796ebe8fc0', 'US')"
temu.com,61e94b2bc6dbdc0017ea3870,MX,4102.634478713457,586.0906,"('temu.com', '61e94b2bc6dbdc0017ea3870', 'MX')"
bigo.tv,5f6413c9612b1a0015099993,SA,4102.312726056005,586.0447,"('bigo.tv', '5f6413c9612b1a0015099993', 'SA')"
mixbook.com,5f6413c9612b1a0015099993,US,4099.66827247771,585.6669,"('mixbook.com', '5f6413c9612b1a0015099993', 'US')"
global.e.mi.com,63217c5d436480001cd32ae4,MY,4088.092376578362,584.0132,"('global.e.mi.com', '63217c5d436480001cd32ae4', 'MY')"
okex.com,5f6413c9612b1a0015099993,KR,4083.4715303919875,583.3531,"('okex.com', '5f6413c9612b1a0015099993', 'KR')"
tiktok.com,5e89fcef428f870016d9e994,PH,4076.9259302900055,582.418,"('tiktok.com', '5e89fcef428f870016d9e994', 'PH')"
com.mergegame.icookie,5f6413c9612b1a0015099993,JP,4076.3796987141022,582.34,"('com.mergegame.icookie', '5f6413c9612b1a0015099993', 'JP')"
grand.gs,60770b778d0e4a0015f20ea9,US,4076.2646261300033,582.3235,"('grand.gs', '60770b778d0e4a0015f20ea9', 'US')"
cyphergames.com,5f6413c9612b1a0015099993,JP,4073.497573930843,581.9282,"('cyphergames.com', '5f6413c9612b1a0015099993', 'JP')"
ajio.com,645a4ac71263430014fc0a33,IN,4068.6189605661025,581.2313,"('ajio.com', '645a4ac71263430014fc0a33', 'IN')"
king.com,5f6413c9612b1a0015099993,TH,4068.496212985565,581.2137,"('king.com', '5f6413c9612b1a0015099993', 'TH')"
mexc.com,5f6413c9612b1a0015099993,PK,4053.2169079998366,579.031,"('mexc.com', '5f6413c9612b1a0015099993', 'PK')"
koboiku.click,65b7e5c3d5f847001169024b,ID,4042.168859503368,577.4527,"('koboiku.click', '65b7e5c3d5f847001169024b', 'ID')"
bacanaplay.com,5f6413c9612b1a0015099993,PT,4041.118956913747,577.3027,"('bacanaplay.com', '5f6413c9612b1a0015099993', 'PT')"
play.cewdf.xyz,5f6413c9612b1a0015099993,IN,4036.5758773116786,576.6537,"('play.cewdf.xyz', '5f6413c9612b1a0015099993', 'IN')"
rainbow1.xyz,5f6413c9612b1a0015099993,MM,4033.37728741875,576.1968,"('rainbow1.xyz', '5f6413c9612b1a0015099993', 'MM')"
learnings.ai,60bdc983a982ad0017edb6f7,US,4031.8408231860076,575.9773,"('learnings.ai', '60bdc983a982ad0017edb6f7', 'US')"
linkedin.com,602442ef9f0893001526406b,GB,4030.9932419450056,575.8562,"('linkedin.com', '602442ef9f0893001526406b', 'GB')"
activision.com,5bc0e10e25c7d7796ebe8fc0,CO,4024.3361840000143,574.9052,"('activision.com', '5bc0e10e25c7d7796ebe8fc0', 'CO')"
casino.nj.betmgm.com,5bc0e10e25c7d7796ebe8fc0,US,4017.7531779999995,573.9647,"('casino.nj.betmgm.com', '5bc0e10e25c7d7796ebe8fc0', 'US')"
melbet.com,5f6413c9612b1a0015099993,IQ,4014.6065698892517,573.5152,"('melbet.com', '5f6413c9612b1a0015099993', 'IQ')"
googll.store,5f6413c9612b1a0015099993,PH,4013.3399891602903,573.3343,"('googll.store', '5f6413c9612b1a0015099993', 'PH')"
pg.com,67f579a965660600111030c2,US,4002.747300000003,571.821,"('pg.com', '67f579a965660600111030c2', 'US')"
lego.us,6391345e690bb000176c1058,US,4002.0412000000197,571.7202,"('lego.us', '6391345e690bb000176c1058', 'US')"
superplay.co,5f6413c9612b1a0015099993,US,4000.7541540477337,571.5363,"('superplay.co', '5f6413c9612b1a0015099993', 'US')"
papaya.com,64c165a37c1dd00011cb65f1,US,3999.537386669985,571.3625,"('papaya.com', '64c165a37c1dd00011cb65f1', 'US')"
okx.com,5f6413c9612b1a0015099993,CN,3998.705735854341,571.2437,"('okx.com', '5f6413c9612b1a0015099993', 'CN')"
falabella.com.co,645a4ac71263430014fc0a33,CO,3988.203595684709,569.7434,"('falabella.com.co', '645a4ac71263430014fc0a33', 'CO')"
hungrystudio.com,5f6413c9612b1a0015099993,CA,3985.6096255480597,569.3728,"('hungrystudio.com', '5f6413c9612b1a0015099993', 'CA')"
temu.com,5fffe796e4fa2100156e364a,GB,3979.314225528574,568.4735,"('temu.com', '5fffe796e4fa2100156e364a', 'GB')"
it-trendex.com,5f6413c9612b1a0015099993,IN,3977.7439839315166,568.2491,"('it-trendex.com', '5f6413c9612b1a0015099993', 'IN')"
corp.supercent.io,5f6413c9612b1a0015099993,US,3972.8430868235755,567.549,"('corp.supercent.io', '5f6413c9612b1a0015099993', 'US')"
magnit.ru,644fff26ff6cc5001440892f,RU,3971.219270255996,567.317,"('magnit.ru', '644fff26ff6cc5001440892f', 'RU')"
indshoping.com,5f6413c9612b1a0015099993,IN,3967.670945233698,566.8101,"('indshoping.com', '5f6413c9612b1a0015099993', 'IN')"
lottoland.co.uk,5f6413c9612b1a0015099993,GB,3966.9043641185476,566.7006,"('lottoland.co.uk', '5f6413c9612b1a0015099993', 'GB')"
gu55.vip,65b7e5c3d5f847001169024b,BR,3965.4504210121117,566.4929,"('gu55.vip', '65b7e5c3d5f847001169024b', 'BR')"
track.linknexapro.com,6135c233b2f85d001747c3d2,DE,3965.3133527596888,566.4733,"('track.linknexapro.com', '6135c233b2f85d001747c3d2', 'DE')"
it-trendex.com,5f6413c9612b1a0015099993,CM,3959.2592317075696,565.6085,"('it-trendex.com', '5f6413c9612b1a0015099993', 'CM')"
americangirl.com,6391345e690bb000176c1058,US,3957.1565781800005,565.3081,"('americangirl.com', '6391345e690bb000176c1058', 'US')"
uber.com,649482d5cec8d700113d2881,GB,3957.026985771987,565.2896,"('uber.com', '649482d5cec8d700113d2881', 'GB')"
supercell.net,5f6413c9612b1a0015099993,FR,3954.0279598721772,564.8611,"('supercell.net', '5f6413c9612b1a0015099993', 'FR')"
rovio.com,5fbc06efdcdfdb0015dda411,US,3946.2743683000062,563.7535,"('rovio.com', '5fbc06efdcdfdb0015dda411', 'US')"
binance.com,5f6413c9612b1a0015099993,TR,3935.306740345686,562.1867,"('binance.com', '5f6413c9612b1a0015099993', 'TR')"
melbet.com,5f6413c9612b1a0015099993,MR,3929.8068636574953,561.401,"('melbet.com', '5f6413c9612b1a0015099993', 'MR')"
coupang.com.tw,5e8e56f8fc8d4200150b3c16,TW,3929.6006184229536,561.3715,"('coupang.com.tw', '5e8e56f8fc8d4200150b3c16', 'TW')"
0494984.com,5f6413c9612b1a0015099993,MM,3922.7531002659275,560.3933,"('0494984.com', '5f6413c9612b1a0015099993', 'MM')"
goplaycom.com,5f6413c9612b1a0015099993,IN,3921.3982564673856,560.1998,"('goplaycom.com', '5f6413c9612b1a0015099993', 'IN')"
temu.com,67055dc40f05bd0011e279ae,MD,3918.439974864114,559.7771,"('temu.com', '67055dc40f05bd0011e279ae', 'MD')"
loomgames.com,5f6413c9612b1a0015099993,DE,3912.6829865190316,558.9547,"('loomgames.com', '5f6413c9612b1a0015099993', 'DE')"
temu.com,61e94b2bc6dbdc0017ea3870,CO,3910.731883959718,558.676,"('temu.com', '61e94b2bc6dbdc0017ea3870', 'CO')"
tiktok.com,5bc0e10e25c7d7796ebe8fc0,MX,3910.2825110000063,558.6118,"('tiktok.com', '5bc0e10e25c7d7796ebe8fc0', 'MX')"
booking.com,5f6413c9612b1a0015099993,BE,3908.3184716226215,558.3312,"('booking.com', '5f6413c9612b1a0015099993', 'BE')"
googll.store,5f6413c9612b1a0015099993,BO,3902.4006499740117,557.4858,"('googll.store', '5f6413c9612b1a0015099993', 'BO')"
bravestars.com,60bdc983a982ad0017edb6f7,US,3898.5731727770044,556.939,"('bravestars.com', '60bdc983a982ad0017edb6f7', 'US')"
marathonbet.ru,5f6413c9612b1a0015099993,RU,3894.4141511371454,556.3449,"('marathonbet.ru', '5f6413c9612b1a0015099993', 'RU')"
revolve.com,645a4ac71263430014fc0a33,US,3889.826187333646,555.6895,"('revolve.com', '645a4ac71263430014fc0a33', 'US')"
freecash.com,5f6413c9612b1a0015099993,AU,3886.4904681512166,555.2129,"('freecash.com', '5f6413c9612b1a0015099993', 'AU')"
esupplements.com,67f579a965660600111030c2,US,3877.2347799999898,553.8907,"('esupplements.com', '67f579a965660600111030c2', 'US')"
temu.com,67055dc40f05bd0011e279ae,AT,3874.9181522250296,553.5597,"('temu.com', '67055dc40f05bd0011e279ae', 'AT')"
raidshadowlegends.com,5e150c8b5fd7df7b642140df,US,3873.8451287544663,553.4064,"('raidshadowlegends.com', '5e150c8b5fd7df7b642140df', 'US')"
temu.com,5fffe796e4fa2100156e364a,US,3873.7543546895986,553.3935,"('temu.com', '5fffe796e4fa2100156e364a', 'US')"
fon.bet,60770b778d0e4a0015f20ea9,RU,3867.2893768099952,552.4699,"('fon.bet', '60770b778d0e4a0015f20ea9', 'RU')"
capcut.com,5bc0e10e25c7d7796ebe8fc0,US,3855.2073870000004,550.7439,"('capcut.com', '5bc0e10e25c7d7796ebe8fc0', 'US')"
global.app.mi.com,6135c233b2f85d001747c3d2,RU,3853.03456025133,550.4335,"('global.app.mi.com', '6135c233b2f85d001747c3d2', 'RU')"
temu.com,67055dc40f05bd0011e279ae,MA,3845.8767562646026,549.411,"('temu.com', '67055dc40f05bd0011e279ae', 'MA')"
scopely.com,60c86e9b217f2400175cfe6b,US,3837.3114510000123,548.1874,"('scopely.com', '60c86e9b217f2400175cfe6b', 'US')"
draftkings.com,5bc0e10e25c7d7796ebe8fc0,CA,3834.2685029999984,547.7526,"('draftkings.com', '5bc0e10e25c7d7796ebe8fc0', 'CA')"
mico.com,5f6413c9612b1a0015099993,IL,3824.1425630463164,546.3061,"('mico.com', '5f6413c9612b1a0015099993', 'IL')"
roletapixx.io,65b7e5c3d5f847001169024b,BR,3823.1393093067077,546.1628,"('roletapixx.io', '65b7e5c3d5f847001169024b', 'BR')"
temu.com,5f6413c9612b1a0015099993,GT,3813.1799811681976,544.74,"('temu.com', '5f6413c9612b1a0015099993', 'GT')"
wolt.com,5e8e56f8fc8d4200150b3c16,DE,3811.755448906297,544.5365,"('wolt.com', '5e8e56f8fc8d4200150b3c16', 'DE')"
novig.com,5f6413c9612b1a0015099993,US,3807.7854952182397,543.9694,"('novig.com', '5f6413c9612b1a0015099993', 'US')"
googll.store,5f6413c9612b1a0015099993,UZ,3801.1535966211914,543.0219,"('googll.store', '5f6413c9612b1a0015099993', 'UZ')"
shopee.co.th,61dba28ceabd16001728ae11,TH,3799.0954339000086,542.7279,"('shopee.co.th', '61dba28ceabd16001728ae11', 'TH')"
shopify.com,5f6413c9612b1a0015099993,US,3791.155125850789,541.5936,"('shopify.com', '5f6413c9612b1a0015099993', 'US')"
getyourguide.com,645a4ac71263430014fc0a33,US,3790.974362937654,541.5678,"('getyourguide.com', '645a4ac71263430014fc0a33', 'US')"
helenoftroy.com,66e46b7a0f05bd0011e180e6,US,3784.005503230007,540.5722,"('helenoftroy.com', '66e46b7a0f05bd0011e180e6', 'US')"
pokerstars.com,5f6413c9612b1a0015099993,CA,3779.010425728855,539.8586,"('pokerstars.com', '5f6413c9612b1a0015099993', 'CA')"
linkedin.com,60bdc983a982ad0017edb6f7,US,3778.2837286920026,539.7548,"('linkedin.com', '60bdc983a982ad0017edb6f7', 'US')"
tiktok.com,5f6413c9612b1a0015099993,PE,3766.4853203061393,538.0693,"('tiktok.com', '5f6413c9612b1a0015099993', 'PE')"
duracell.com,66e46b7a0f05bd0011e180e6,US,3763.1391500170025,537.5913,"('duracell.com', '66e46b7a0f05bd0011e180e6', 'US')"
knivesout.jp,5caf77f1e04ca66a2d4bcd7c,JP,3757.9228739999967,536.8461,"('knivesout.jp', '5caf77f1e04ca66a2d4bcd7c', 'JP')"
com.newleaf,5f6413c9612b1a0015099993,US,3753.1432456226494,536.1633,"('com.newleaf', '5f6413c9612b1a0015099993', 'US')"
higame.com.vn,60bdc983a982ad0017edb6f7,US,3749.860255795003,535.6943,"('higame.com.vn', '60bdc983a982ad0017edb6f7', 'US')"
farfetch.com,5f6413c9612b1a0015099993,MX,3741.602116019676,534.5146,"('farfetch.com', '5f6413c9612b1a0015099993', 'MX')"
rakuten.co.jp,61e94b2bc6dbdc0017ea3870,JP,3740.9943758370723,534.4278,"('rakuten.co.jp', '61e94b2bc6dbdc0017ea3870', 'JP')"
com.wudi,5f6413c9612b1a0015099993,SA,3735.6280699471176,533.6612,"('com.wudi', '5f6413c9612b1a0015099993', 'SA')"
axlebolt.com,60770b778d0e4a0015f20ea9,RU,3730.4929298100014,532.9276,"('axlebolt.com', '60770b778d0e4a0015f20ea9', 'RU')"
scopely.com,5f9b336ea3b86126bbdb3aa1,US,3724.015824954992,532.0023,"('scopely.com', '5f9b336ea3b86126bbdb3aa1', 'US')"
mico.com,5f6413c9612b1a0015099993,SY,3718.1402276844674,531.1629,"('mico.com', '5f6413c9612b1a0015099993', 'SY')"
com.wudi,5f6413c9612b1a0015099993,GB,3713.405912209687,530.4866,"('com.wudi', '5f6413c9612b1a0015099993', 'GB')"
app-central.com,60bdc983a982ad0017edb6f7,BR,3712.1402703599983,530.3058,"('app-central.com', '60bdc983a982ad0017edb6f7', 'BR')"
tripledotstudios.com,5bc0e10e25c7d7796ebe8fc0,US,3711.9489130000106,530.2784,"('tripledotstudios.com', '5bc0e10e25c7d7796ebe8fc0', 'US')"
nianticlabs.com,5f6413c9612b1a0015099993,MY,3702.180269350858,528.8829,"('nianticlabs.com', '5f6413c9612b1a0015099993', 'MY')"
tiktok.com,5f6413c9612b1a0015099993,AR,3698.3886918626736,528.3412,"('tiktok.com', '5f6413c9612b1a0015099993', 'AR')"
shopee.co.id,5f6413c9612b1a0015099993,ID,3692.6361954774584,527.5195,"('shopee.co.id', '5f6413c9612b1a0015099993', 'ID')"
blinkit.com,645a4ac71263430014fc0a33,IN,3689.821904840843,527.1174,"('blinkit.com', '645a4ac71263430014fc0a33', 'IN')"
sportybet.com,5bc0e10e25c7d7796ebe8fc0,GH,3688.199260999999,526.8856,"('sportybet.com', '5bc0e10e25c7d7796ebe8fc0', 'GH')"
eobuwie.com.pl,645a4ac71263430014fc0a33,PL,3681.8252199153753,525.975,"('eobuwie.com.pl', '645a4ac71263430014fc0a33', 'PL')"
merrickpetcare.com,66e46b7a0f05bd0011e180e6,US,3675.3621965300085,525.0517,"('merrickpetcare.com', '66e46b7a0f05bd0011e180e6', 'US')"
melbet.com,5f6413c9612b1a0015099993,MA,3674.0271862302407,524.861,"('melbet.com', '5f6413c9612b1a0015099993', 'MA')"
temu.com,618a29d9ef3f360017e9acca,BH,3671.040813409136,524.4344,"('temu.com', '618a29d9ef3f360017e9acca', 'BH')"
rynatcapital.com,5bc0e10e25c7d7796ebe8fc0,DE,3659.637023999985,522.8053,"('rynatcapital.com', '5bc0e10e25c7d7796ebe8fc0', 'DE')"
uber.com,561e8d936b8d90f61a000d2f,CA,3658.1265151009393,522.5895,"('uber.com', '561e8d936b8d90f61a000d2f', 'CA')"
tiktok.com,5e56893e6c71d40018de3ad1,PH,3654.795150300921,522.1136,"('tiktok.com', '5e56893e6c71d40018de3ad1', 'PH')"
beymen.com,645a4ac71263430014fc0a33,TR,3651.4774076757562,521.6396,"('beymen.com', '645a4ac71263430014fc0a33', 'TR')"
foodpanda.hk,645a4ac71263430014fc0a33,HK,3651.3238809885847,521.6177,"('foodpanda.hk', '645a4ac71263430014fc0a33', 'HK')"
amazon.com,66cde67e3db5f70011e66c74,ES,3651.1990899999996,521.5999,"('amazon.com', '66cde67e3db5f70011e66c74', 'ES')"
ldfcorp.com,5bc0e10e25c7d7796ebe8fc0,JP,3651.069847000008,521.5814,"('ldfcorp.com', '5bc0e10e25c7d7796ebe8fc0', 'JP')"
actionfit.kr,5f6413c9612b1a0015099993,JP,3645.5483233547907,520.7926,"('actionfit.kr', '5f6413c9612b1a0015099993', 'JP')"
temu.com,615ff7aacf8ca30017d834ea,AE,3634.861437599987,519.2659,"('temu.com', '615ff7aacf8ca30017d834ea', 'AE')"
temu.com,67055dc40f05bd0011e279ae,GE,3633.4282642989992,519.0612,"('temu.com', '67055dc40f05bd0011e279ae', 'GE')"
cyphergames.com,5f6413c9612b1a0015099993,GB,3632.9789976150546,518.997,"('cyphergames.com', '5f6413c9612b1a0015099993', 'GB')"
zynga.com,60bdc983a982ad0017edb6f7,US,3632.7611684820085,518.9659,"('zynga.com', '60bdc983a982ad0017edb6f7', 'US')"
dreamgames.com,60bdc983a982ad0017edb6f7,DE,3630.128187096007,518.5897,"('dreamgames.com', '60bdc983a982ad0017edb6f7', 'DE')"
candycrushsaga.com,5fbc06efdcdfdb0015dda411,US,3625.783119999992,517.969,"('candycrushsaga.com', '5fbc06efdcdfdb0015dda411', 'US')"
nianticlabs.com,5f6413c9612b1a0015099993,NO,3622.6596554810903,517.5228,"('nianticlabs.com', '5f6413c9612b1a0015099993', 'NO')"
playdemic.com,5f6413c9612b1a0015099993,GB,3618.5027488803516,516.929,"('playdemic.com', '5f6413c9612b1a0015099993', 'GB')"
tp02ej.com,5caf77f1e04ca66a2d4bcd7c,BR,3615.7890293699934,516.5413,"('tp02ej.com', '5caf77f1e04ca66a2d4bcd7c', 'BR')"
freecash.com,5f6413c9612b1a0015099993,IT,3613.7520181668942,516.2503,"('freecash.com', '5f6413c9612b1a0015099993', 'IT')"
supercell.com,5f6413c9612b1a0015099993,TR,3610.763443176467,515.8233,"('supercell.com', '5f6413c9612b1a0015099993', 'TR')"
moonactive.com,60c86e9b217f2400175cfe6b,US,3596.94174600001,513.8488,"('moonactive.com', '60c86e9b217f2400175cfe6b', 'US')"
didiglobal.com,5f6413c9612b1a0015099993,MX,3593.1178604723486,513.3026,"('didiglobal.com', '5f6413c9612b1a0015099993', 'MX')"
temu.com,618a29d9ef3f360017e9acca,NO,3589.2345929639573,512.7478,"('temu.com', '618a29d9ef3f360017e9acca', 'NO')"
grammarly.com,5f6413c9612b1a0015099993,GB,3589.2177803472046,512.7454,"('grammarly.com', '5f6413c9612b1a0015099993', 'GB')"
letsplayuno.com,5f6413c9612b1a0015099993,US,3587.6840736028153,512.5263,"('letsplayuno.com', '5f6413c9612b1a0015099993', 'US')"
dreamgames.com,5f6413c9612b1a0015099993,PL,3587.0950461148022,512.4421,"('dreamgames.com', '5f6413c9612b1a0015099993', 'PL')"
betano.bet,5f6413c9612b1a0015099993,BR,3587.0316483956394,512.4331,"('betano.bet', '5f6413c9612b1a0015099993', 'BR')"
9234423.com,5f6413c9612b1a0015099993,MM,3585.109142585852,512.1584,"('9234423.com', '5f6413c9612b1a0015099993', 'MM')"
sports.on.betmgm.ca,5bc0e10e25c7d7796ebe8fc0,CA,3584.8682170000006,512.124,"('sports.on.betmgm.ca', '5bc0e10e25c7d7796ebe8fc0', 'CA')"
1028live.com,5f6413c9612b1a0015099993,BR,3573.6402361981336,510.52,"('1028live.com', '5f6413c9612b1a0015099993', 'BR')"
gsupport.37games.com,5bc0e10e25c7d7796ebe8fc0,JP,3571.8306330000046,510.2615,"('gsupport.37games.com', '5bc0e10e25c7d7796ebe8fc0', 'JP')"
pinterest.com,60770b778d0e4a0015f20ea9,US,3564.306985899991,509.1867,"('pinterest.com', '60770b778d0e4a0015f20ea9', 'US')"
freecash.com,5f6413c9612b1a0015099993,CH,3563.5988554533496,509.0856,"('freecash.com', '5f6413c9612b1a0015099993', 'CH')"
esim.holafly.com,5f6413c9612b1a0015099993,NO,3563.1049282133,509.015,"('esim.holafly.com', '5f6413c9612b1a0015099993', 'NO')"
com.wudi,5f6413c9612b1a0015099993,DE,3563.099096797754,509.0142,"('com.wudi', '5f6413c9612b1a0015099993', 'DE')"
jet2holidays.com,6526e0feb1392d001124df7d,GB,3556.5791627580925,508.0827,"('jet2holidays.com', '6526e0feb1392d001124df7d', 'GB')"
lottomart.com,5f6413c9612b1a0015099993,GB,3553.112745480597,507.5875,"('lottomart.com', '5f6413c9612b1a0015099993', 'GB')"
grand.gs,5f6413c9612b1a0015099993,BR,3545.4119548737576,506.4874,"('grand.gs', '5f6413c9612b1a0015099993', 'BR')"
temu.com,67055dc40f05bd0011e279ae,IS,3543.083873494324,506.1548,"('temu.com', '67055dc40f05bd0011e279ae', 'IS')"
governorofpoker.com,5f6413c9612b1a0015099993,NL,3542.0517865299453,506.0074,"('governorofpoker.com', '5f6413c9612b1a0015099993', 'NL')"
345win6.com,5f6413c9612b1a0015099993,PK,3540.5651813356626,505.795,"('345win6.com', '5f6413c9612b1a0015099993', 'PK')"
google.com,690b67ee68a76483c6871c19,US,3533.9351620960124,504.8479,"('google.com', '690b67ee68a76483c6871c19', 'US')"
shopee.com,5e89fcef428f870016d9e994,TH,3531.7044057999956,504.5292,"('shopee.com', '5e89fcef428f870016d9e994', 'TH')"
temu.com,63217c5d436480001cd32ae4,FR,3530.522479761035,504.3604,"('temu.com', '63217c5d436480001cd32ae4', 'FR')"
mico.com,5f6413c9612b1a0015099993,JO,3529.087532350508,504.1554,"('mico.com', '5f6413c9612b1a0015099993', 'JO')"
go-jek.com,561e8d936b8d90f61a000d2f,ID,3526.719080086104,503.817,"('go-jek.com', '561e8d936b8d90f61a000d2f', 'ID')"
twomerge.com,5f6413c9612b1a0015099993,JP,3526.4973432845923,503.7853,"('twomerge.com', '5f6413c9612b1a0015099993', 'JP')"
dreamgames.com,5f6413c9612b1a0015099993,DK,3516.607940531975,502.3726,"('dreamgames.com', '5f6413c9612b1a0015099993', 'DK')"
cloudfront.net,5f6413c9612b1a0015099993,KH,3515.000160741494,502.1429,"('cloudfront.net', '5f6413c9612b1a0015099993', 'KH')"
actionfit.kr,5f6413c9612b1a0015099993,US,3513.6794907631183,501.9542,"('actionfit.kr', '5f6413c9612b1a0015099993', 'US')"
temu.com,67055dc40f05bd0011e279ae,AM,3505.8002492164615,500.8286,"('temu.com', '67055dc40f05bd0011e279ae', 'AM')"
zeroogravitygames.com,60c86e9b217f2400175cfe6b,US,3504.037786000005,500.5768,"('zeroogravitygames.com', '60c86e9b217f2400175cfe6b', 'US')"
getyourguide.es,645a4ac71263430014fc0a33,ES,3503.6597021701377,500.5228,"('getyourguide.es', '645a4ac71263430014fc0a33', 'ES')"
pokemongolive.com,5f9b336ea3b86126bbdb3aa1,GB,3502.638447953295,500.3769,"('pokemongolive.com', '5f9b336ea3b86126bbdb3aa1', 'GB')"
binance.com,5f6413c9612b1a0015099993,KR,3502.5446203445204,500.3635,"('binance.com', '5f6413c9612b1a0015099993', 'KR')"
