Publisher Account ID,Publisher Account Name,Publisher App ID,Publisher App Name,Report Ad Spend (Unified)
6107c3b4abaef100175b9029,Lessmore UG (haftungsbeschränkt),686eb03d675b99fe079dac34,Arrows Android,"$207,876"
67078359be02e20011a686ec,365scores,67078f17c81241f35a6237cb,iOS 365Scores: Live Scores & News,"$202,591"
684c3af4806ba9001147f9cd,Livesport sro,684fe5259f7ebc7d027585c8,IOS | Flashscore: Live Scores & News,"$183,670"
6297c4bc012073001b3df035,Yandex Inc.,69b7c74fe797e72329f6938f,zhouwu19894325-gmail-com_com-toplinkc-foxexcellent,"$172,358"
5c05196699e4374b87bda3b9,Tripledot Studios,5f3fcad2f503650001352dfc,Woodoku,"$155,069"
6021599b8b3e5600159fcc76,HITAPPS GAMES LTD,68887aeb5f7b35e31f06647a,Word Solitaire: Associations IOS,"$134,003"
5c05196699e4374b87bda3b9,Tripledot Studios,5efb5d6c93032a0001e65bce,Woodoku,"$118,864"
670cfa366f113e00119a799f,Vinted,6716548809f72ec0f50798ed,Vinted IOS,"$104,682"
6862932aaff9d800114174ac,Flightradar24 AB,686295a9394e0109dd4a2580,Flightradar24 | Flight Tracker,"$101,798"
6570788bee73b50011dbb6f6,Eyecon Global Ltd,6571c9ecba6511036ea4df55,Eyecon,"$100,825"
6247027c20721a0018bb6528,First Touch Games,62f26eace36b0fcf8cd64d02,Dream League Soccer,"$99,559"
57d1b461ae2b57d903000027,Easybrain Ltd,592fc29cc10833a4760012c6,Sudoku - Classic Sudoku Puzzle Game,"$98,534"
5af5b8f9e408f136156e7cae,"Zedge, Inc.",5ee8976e2df77a0001480c94,ZEDGE Wallpapers & Ringtones,"$97,025"
6107c3b4abaef100175b9029,Lessmore UG (haftungsbeschränkt),689c4f436dce1f7513be19b9,Arrows – Puzzle Escape,"$96,978"
5c05196699e4374b87bda3b9,Tripledot Studios,5c093910a4a7ea3d70999820,Solitaire - A Classic Card Game,"$85,793"
5b1526a7de961d3317b1d475,X-FLOW LTD,603cf6d080c4a228357168ea,Happy Color iOS (NEW),"$82,525"
5fe2fafd6013fb0015208652,GamoVation,667c14204d6765df32fe9234,Tile Club,"$79,085"
684c3af4806ba9001147f9cd,Livesport sro,684fe594c195c4600e876f24,AND | Flashscore: Live Scores & News,"$74,990"
6247027c20721a0018bb6528,First Touch Games,62f26e8e348007e331ea2907,Dream League Soccer,"$69,511"
67b5b2c077bd1c00117b9adc,Sofa IT doo,67b5f7021be9345ad181a7d8,Sofascore IOS,"$66,107"
6920858f3fcd392133e22a59,Rakuten Viber,6971dc22d4ba143db9061eec,Rakuten Viber,"$65,955"
57d1b461ae2b57d903000027,Easybrain Ltd,661556bb5b2dea6d39bb0063,Crossword Master GP,"$62,799"
5b1526a7de961d3317b1d475,X-FLOW LTD,5a777f42d76bfe102f007091,Happy Color Android - Paint by Number,"$61,760"
664e27f28ffbbf0011f1d3b8,Grand Games,664e2850d8ed690a5fd5d88f,Magic Sort,"$58,439"
561e8d946b8d90f61a002087,Rovio,54c63cb2a684cd593e000126,Angry Birds 2 iOS,"$57,748"
56d55c72562b9c353800000d,Voodoo,5b83e2f3ebcb4a0f62d80e85,Paper.io 2,"$56,847"
5aafdd4a0520357fabf54aa6,Badoo,5ae1d7c5cf3ad762761bbca1,Badoo - Free Chat & Dating App,"$51,674"
57d1b461ae2b57d903000027,Easybrain Ltd,5fdfae0fc5d4c9ab8efa6701,Number Match IOS,"$51,378"
66e0182c82571e00117d2acb,FotMob AS,66e0363553834547abf558a2,FotMob iOS,"$49,934"
680748860437920011951532,BeSoccer,6807543f9e0c8ad76e7f0c01,BeSoccer,"$49,457"
561e8d936b8d90f61a000ade,Supercell,50046b006d791be34e17e959,Hay Day IOS,"$49,083"
68ed0a0c4cac2a9dc3250a10,Loom Games Oyun Yazilim ve Pazarlam,68ee72e79797ab8c2943d2d9,Pixel Flow!,"$48,458"
670cfa366f113e00119a799f,Vinted,671654af58450cca797bb25d,Vinted Android,"$46,694"
5aafdd4a0520357fabf54aa6,Badoo,5aafe5c62567717fa575bfc1,Badoo - The Dating App,"$46,196"
57d1b461ae2b57d903000027,Easybrain Ltd,69165ca6db8feadf7f6ab9aa,Arrow Puzzle GP,"$45,686"
59e4bb543f0fa9a20900afa3,TabTale LTD,68762a46e27c18d19b12edde,Sled Surfers iOS_CL,"$44,852"
57d1b461ae2b57d903000027,Easybrain Ltd,6049dfc28457e34b9883e80a,Number Match GP,"$44,500"
67b5b2c077bd1c00117b9adc,Sofa IT doo,67b5f446390c720c73a0e3f3,Sofascore android,"$42,926"
57d1b461ae2b57d903000027,Easybrain Ltd,66b372f5e33c9a548741ff37,Crossword Master IOS,"$42,499"
5bb6123fa4ae3604537ad781,Fugo Games,5c1dea438aa5b200174b0a72,Words Of Wonders - Android,"$42,210"
6276c973f70e7c001895be79,RobTop Games AB,6276cb2872361e0c07c98cec,Geometry Dash Lite,"$41,935"
680748860437920011951532,BeSoccer,68075411da8e5a572a730472,BeSoccer,"$40,576"
561e8d936b8d90f61a000ade,Supercell,52a764b09fd76a3932000008,Hay Day Android,"$40,068"
6920858f3fcd392133e22a59,Rakuten Viber,6971eef873c0a231fff7afde,Rakuten Viber,"$38,865"
6862932aaff9d800114174ac,Flightradar24 AB,686299fc79819ef02142b9ce,Flightradar24 Flight Tracker,"$38,864"
561e8d926b8d90f61a00013e,Miniclip SA,55a4e36aad6c18e83a000159,8 Ball Pool,"$37,769"
5c05196699e4374b87bda3b9,Tripledot Studios,5df90b5c66091a78d5815e82,Blackjack Casino iOS,"$36,961"
57d1b461ae2b57d903000027,Easybrain Ltd,5cb99eb2e520d93f2a43c588,Jigsaw Puzzles Android,"$36,129"
57d1b461ae2b57d903000027,Easybrain Ltd,5f33efea7aae9f000162155d,Art Puzzle GP,"$35,794"
6021599b8b3e5600159fcc76,HITAPPS GAMES LTD,68887b364afcdbfb426b9180,Word Solitaire: Associations Android,"$35,107"
5bb6123fa4ae3604537ad781,Fugo Games,5c1cdefbd71d110017b3f88b,Words Of Wonders - iOS,"$34,032"
561e8d966b8d90f61a0033c4,Moon Active,6266b49b6a7efba7e6ccbbe1,Travel Town iOS,"$33,933"
57d1b461ae2b57d903000027,Easybrain Ltd,59d39cbfef6627a809002d5b,Sudoku - Classic Logic Puzzle Game,"$33,343"
561e8d966b8d90f61a0033c4,Moon Active,6267b266886bc70496f956fa,Travel Town Android,"$33,136"
561e8d936b8d90f61a0014d2,Bertheussen IT,5057845678715d951df74577,Wordfeud,"$31,689"
64075f57d6da1900141e5aba,Code Dish GmbH,63b7bf0fa928816f6c42effc,Tile Match - Match Puzzle Game,"$30,520"
61c991a5fe4ec600172e5e08,MOOVIT APP GLOBAL LTD,61c9990776261dfb959407aa,Moovit iOS,"$30,411"
5c52bd6ffbeb402419bef87d,SYBO Games,5e4e66ea60ce6a001791d156,Subway Surfers (Non-COPPA),"$30,268"
5c05196699e4374b87bda3b9,Tripledot Studios,67036259901d39379d5ac7ba,Woodoku Blast iOS,"$29,724"
57d1b461ae2b57d903000027,Easybrain Ltd,5c9c7a04d13ede0012e22ff2,Blockudoku IOS,"$29,706"
561e8d936b8d90f61a0014d2,Bertheussen IT,506857fe244c88a76639a514,Wordfeud FREE,"$29,650"
5fc671cbba624b0015a61bf1,Saygames LTD,66eab024f909844620b78871,Hexa Sort,"$28,572"
69a816c2814b9fb75404bc85,Kinkajoo Ltd,69a818fbc212359192fdc3cc,com.rummikubfree,"$27,456"
5fc671cbba624b0015a61bf1,Saygames LTD,66ea968ed96b6cc4df566092,Hexa Sort,"$27,392"
5fc671cbba624b0015a61bf1,Saygames LTD,69271712f65130bc5467d34a,Pocket Sort: coin puzzle,"$26,859"
5c05196699e4374b87bda3b9,Tripledot Studios,5c093969f7a1953d6377362b,Solitaire - A Classic Card Game iOS,"$26,829"
5c05196699e4374b87bda3b9,Tripledot Studios,66fe1af9cde9700bb6f04290,Woodoku Blast Android,"$26,600"
57d1b461ae2b57d903000027,Easybrain Ltd,5dc290cf1051eb0012a6b214,Blockudoku GP,"$26,397"
6276c973f70e7c001895be79,RobTop Games AB,6295ff7c3987b19e74b43c3e,Geometry Dash Lite Android,"$26,338"
6297c4bc012073001b3df035,Yandex Inc.,6859240353ef1303f912ce2f,seamobi-dev-gmail-com_com-supervpn-vpn-free-proxy,"$25,898"
561e8d946b8d90f61a002019,Mobiletech Software SRL,662e0e2c61db5b0a87580cb6,MusicX Pro,"$25,560"
5c05196699e4374b87bda3b9,Tripledot Studios,66cc45cd3151a503c115fe9b,Spades - Classic Cards,"$25,347"
61c991a5fe4ec600172e5e08,MOOVIT APP GLOBAL LTD,61c9994ec3aa9ecb8f64d131,Moovit Android,"$24,822"
561e8d946b8d90f61a002019,Mobiletech Software SRL,5fa1e909a1a78e5fc27dc5e0,Tubidy Fm Radio Music Player,"$24,219"
57d1b461ae2b57d903000027,Easybrain Ltd,5a30e47b794900452500459c,Puzzles IOS,"$24,167"
607d46752ca90f00153876e8,Jungle Frog LDA,66851b564d981e89bb8afc00,Offline Games - No Wifi Games,"$23,191"
602ad40427689c0015fb2d9e,PhotoCircle Inc.,6035b4c3019023aabed66830,PhotoCircle,"$22,914"
56d55c72562b9c353800000d,Voodoo,5b99403f45e58040ccdd7177,Paper.io 2,"$22,901"
5fc618102e8dd2001579b65d,App Central ltd,6996fd123630b752386af791,Candy Race Launcher,"$22,210"
561e8d926b8d90f61a00013e,Miniclip SA,5552167b1f1ac071400000d9,8 Ball Pool iOS Live,"$21,835"
5ec6f4dbdae5f50015c2980b,PCA Bear LLC,6408c6335f2edf398c67c208,Melon Playground,"$21,770"
6666afb99ec3300011cdf91d,Appvestor ApS,66e9622858fb9d52b9a34d4b,AV - ZTN Notepad - com.ztnstudio.notepad,"$21,633"
619b548fc9c9c1001796f1f6,Gimica GmbH,67978c1bc1d0e427bfd009bc,JustPlay iOS,"$20,567"
57d1b461ae2b57d903000027,Easybrain Ltd,5c88efab1c2e1f6eb4ca10cc,Nonogram IOS,"$20,499"
561e8d956b8d90f61a003069,IdeaSolutions S.r.l.,6384938d1e0c734133a722a4,Amerigo File Manager iOS,"$20,288"
561e8d936b8d90f61a00134a,Veraxen Ltd,524ad17f92fcd29365000006,Jigsaw Collection HD,"$20,257"
67078359be02e20011a686ec,365scores,6707900e901d39379d5ad723,Android 365Scores: Live Scores & News,"$20,223"
57d1b461ae2b57d903000027,Easybrain Ltd,64f9e2ac8fb8ac04ca897cd1,Easy Words GP,"$20,190"
5c52bd6ffbeb402419bef87d,SYBO Games,5e4e6838246d020018f1e653,Subway Surfers (Non-COPPA),"$20,123"
5c77abceef995c60fecc3f39,FunCorp,613b6b43712d08f9fac3c118,iFunny iOS,"$20,120"
5fe2fafd6013fb0015208652,GamoVation,61fd167eb969e9afd12d5161,Mahjong Club,"$20,028"
5bec0018c9af0a7962a96f4a,Rollic Games,672c8db687f9dce6e6634762,ColorBlockJam,"$19,958"
643c740fc34c0300130c743e,VPNABLE LTD,6551f45e8ec95628af4f0fb4,vpnify_ios,"$19,721"
60f059faaf96d700177d115f,Yolo Oyun Yazılım ve Pazarlama AS,65ae59c48c749c0555a5ed77,Find Hidden Objects - Spot It!,"$19,452"
68b57bc85828fa59037e71c3,Ganko srl,68b584b971c490d59a8888cb,Sticker GO!,"$19,267"
664e27f28ffbbf0011f1d3b8,Grand Games,667bec734d6765df32fe9171,Magic Sort!,"$18,995"
56d55c72562b9c353800000d,Voodoo,693161fe713ec82bbfc4b736,Marble Sort!,"$18,799"
682b575afc11e60011201e88,Alpred SL,682c1a896883128549d0f6b7,Meteored Android,"$18,572"
6297c4bc012073001b3df035,Yandex Inc.,6a047a82a076ba86dfd30d7a,verbitsky-retoucher_com_pingsecure_client_app,"$18,515"
58737456236d8f446400071c,FIOGONIA LIMITED,6814ec1fae377462a542071c,Shape Escape iOS,"$18,350"
59d49801fa5a566117002fd5,Sweatcoin,59d5d0667f2ced5b17003f7b,Sweatcoin,"$18,343"
561e8d946b8d90f61a001509,Outfit7,5b338d3a2df7e7468a4fb004,My Talking Tom 2 - appstore,"$18,130"
663c90f772fce00011b7f353,Citymapper (Via),66fffb4004a01a45408d13fa,Citymapper,"$18,069"
561e8d966b8d90f61a0033c4,Moon Active,6874fa4e61fad0cbc8862a9e,Hole Stars,"$18,029"
57d1b461ae2b57d903000027,Easybrain Ltd,5ef316979c3a0300015b0a03,Art Puzzle - iOS,"$17,891"
619cc4d31a366f0017fe8d06,AI CREATIVITY S.R.L.,67161f1ba3ee0d8eae75599e,Remini iOS,"$17,850"
58737456236d8f446400071c,FIOGONIA LIMITED,6814f77716e6847d6f09c8a5,Shape Escape Android,"$17,406"
561e8d936b8d90f61a000662,nerByte GMBH,5fd1db884a9ae275930ef975,Solitaire Android,"$17,391"
670153ce6f113e00119a0fad,SensusTech LLC,67015658901d39379d5ac3e8,Universal TV Remote Control,"$17,356"
5fc671cbba624b0015a61bf1,Saygames LTD,68c440008bd300152cfb70c4,Pocket Sort: coin puzzle,"$16,656"
5fc671cbba624b0015a61bf1,Saygames LTD,611bbf6a80cc92b96866ad3b,Overturn Military,"$16,539"
6297c4bc012073001b3df035,Yandex Inc.,6964bd7ad36c1656eeacff93,lyvgames-outlook-com_com-lyh-flowvpn,"$16,502"
647deb456149810011be5192,Joyteractive Ltd,631afd1248a0f788d7762b15,Cryptogram: Word Brain Puzzle,"$16,403"
65241b8db3ff7d001153bca8,Onefootball Gmbh,652d6214814931c3829cb10d,OneFootball iOS,"$16,402"
64678a9ed7125400115d9869,GenDigital,650411ec5551fd9849db7aca,AVG AntiVirus & Security,"$15,968"
5fc618102e8dd2001579b65d,App Central ltd,698a103cefc515f9db958ea0,Duck Blast Launcher,"$15,954"
607d46752ca90f00153876e8,Jungle Frog LDA,66852bd7efa7b310eb763e69,Offline Games - No Wifi Games,"$15,926"
66a8f651514c00001147b0d5,Clickfun Limited,66a8f6c8aac742b8e38fce3d,Gocrypto,"$15,833"
68ed0a0c4cac2a9dc3250a10,Loom Games Oyun Yazilim ve Pazarlam,68ee73f89797ab8c2943d33e,Pixel Flow!,"$15,654"
627b73f7023d420018e2f038,Chardonnay Partners LLC,656f0c89e20427efa3001171,Business Empire ios,"$15,639"
5efd8ef70165690015e8b224,Blackout Lab SL,616f5141d877b8dc18b84ead,Spades - Android,"$15,537"
5bec0018c9af0a7962a96f4a,Rollic Games,672c9b15913e67d2955d1ab6,ColorBlockJam,"$15,381"
56d55c72562b9c353800000d,Voodoo,6623f108853bc6953cc5709d,BeReal iOS,"$15,298"
6297c4bc012073001b3df035,Yandex Inc.,6968b4cfde96560c91c4c11a,mliu43734-gmail-com_com-fly-ultra-free-vpn-high,"$14,995"
60f059faaf96d700177d115f,Yolo Oyun Yazılım ve Pazarlama AS,65b787f14affe7a8358ee665,Find Hidden Objects - Spot It!,"$14,964"
59e4bb543f0fa9a20900afa3,TabTale LTD,641854429091f900e1111e9a,Glow: Fashion Idol iOS_CL,"$14,958"
57d1b461ae2b57d903000027,Easybrain Ltd,5b61c1d3a5eacf3ee67a792c,Pixel Art: Create by Number,"$14,911"
57d1b461ae2b57d903000027,Easybrain Ltd,5d406c47cf18f200178643cf,Nonogram Android,"$14,888"
68f9f5db75ceafc7a8ee6155,LiveScore,68f9f643adc1b994d6b7c171,Livescore,"$14,811"
5c05196699e4374b87bda3b9,Tripledot Studios,60a4e1e3cf4957c21093d8e8,Triple Tile,"$14,766"
5fc671cbba624b0015a61bf1,Saygames LTD,62e93c3863ecb481c7bc9b94,Hotel Master,"$14,613"
64075f57d6da1900141e5aba,Code Dish GmbH,63ff39ab1e40c644de13073f,Tile Match - Match Puzzle Game,"$14,540"
619b548fc9c9c1001796f1f6,Gimica GmbH,64ec9384993b2f0f1f1d1c9a,Solitaire Verse,"$14,528"
5fc671cbba624b0015a61bf1,Saygames LTD,68f61435da231d4f28128efc,Arrows Escape,"$14,483"
641d8986be2b36001370ca2a,Mackolik,6421975d2401c991de092482,Mackolik iOS,"$14,447"
64075f57d6da1900141e5aba,Code Dish GmbH,647dbe0bb7a4c97fb3997264,Dream Island - Match 3 Games,"$14,419"
6297c4bc012073001b3df035,Yandex Inc.,697b68bda265576fe92438e3,qichen-big_com-tiptop-free-super-fast-link,"$14,417"
619cc4d31a366f0017fe8d06,AI CREATIVITY S.R.L.,642eeb44c80b214ca21006f6,Remini AI,"$14,215"
64803209bfd9aa0011593484,Bluetile Games,68d262d8243b588097fd5dda,BESTPLAY Play to earn & donate,"$14,162"
68b71eb3d7cac5dae6e2a61f,Mobicia Limited,68b745a053ed8f1c847e64b5,Bus Times iOS,"$14,052"
561e8d946b8d90f61a001509,Outfit7,5b338ba8a3ecc44677296503,My Talking Tom 2 - Android,"$14,041"
5fc671cbba624b0015a61bf1,Saygames LTD,673dd572da8bc813a1134e03,Little Farm Story,"$14,033"
60c319e160f8540017a53701,Spyke Games,6937e3ed4ec75c29056b4ff0,Yarn Flow,"$14,025"
5c05196699e4374b87bda3b9,Tripledot Studios,66cc48f0f04eb8d914d2af0d,Spades - Classic Cards,"$13,938"
67c057525a9de100115b66ec,JustPlay GmbH,674718d1fa70582cee6c049e,JustPlay,"$13,851"
64803209bfd9aa0011593484,Bluetile Games,67fd02d65856c0088117d972,Playtest Pro,"$13,834"
5c05196699e4374b87bda3b9,Tripledot Studios,60a4e1d7cf4957c21093d8e3,Triple Tile,"$13,791"
64b7f29fcca9af0011fd585d,Sonderads,654cfadfcf969be4de4d8eb1,Cryptoguru: Trading Simulator,"$13,676"
664372d48ffbbf0011f17452,Nordeus,66447f7b6e3e372b114a8cda,Top Eleven - Android,"$13,667"
58737456236d8f446400071c,FIOGONIA LIMITED,681881d216e6847d6f09df17,Rummy 500 Android,"$13,604"
56d55c72562b9c353800000d,Voodoo,609a8393c5d1524132e8e288,Mob Control Android,"$13,485"
6297c4bc012073001b3df035,Yandex Inc.,6748805c2cbb484556728dc9,tiptp1777_com-free-tiptop-vpn-proxy,"$13,470"
58665aa0444a4aeb0d000130,Instabridge Sweden AB,5e60cd1f3610f800010eaf6a,Instabridge,"$13,391"
561e8d946b8d90f61a002087,Rovio,54c63cf4a684cd593e000128,Angry Birds 2 Android,"$13,199"
5ce6bee4142941540d1c9d36,Solitaire Grand Harvest,68f0c51cbea871f37200d1c0,SGH And,"$13,136"
5fe2fafd6013fb0015208652,GamoVation,6425f150c4d8b0bedab9783e,Tile Club,"$13,087"
676405dff3fa5d00114fee22,Opera Software Ireland,67be80e8d85e20dacde19429,Local News,"$12,986"
5c657afed9e6e60012bab5d9,gamestudiopsv@gmail.com,67f3efcc9c3da54da0569e6b,6474685600,"$12,888"
56d55c72562b9c353800000d,Voodoo,693166e7728b5ddeb6aff0cb,Marble Sort!,"$12,837"
6107c3b4abaef100175b9029,Lessmore UG (haftungsbeschränkt),62275ffbd96ee2a0b2bdcbb0,Eatventure_IOS,"$12,804"
5a53889945eaab512501251e,AddApptr GmbH,627a7fad9a5916612c6cb77e,IT-PM_Futbin_iOS,"$12,772"
6107c3b4abaef100175b9029,Lessmore UG (haftungsbeschränkt),61a9f4b1cc2b76c9343879db,Eatventure,"$12,710"
57d1b461ae2b57d903000027,Easybrain Ltd,615dd65a5e0f3b245d50aa97,Backgammon GP,"$12,696"
561e8d946b8d90f61a001509,Outfit7,60371993488877a0ea0bb3d5,My Talking Angela 2 - appstore,"$12,677"
561e8d926b8d90f61a00013e,Miniclip SA,6400d8af2fedc3f1a4d8207f,Carrom Pool,"$12,622"
58737456236d8f446400071c,FIOGONIA LIMITED,65fdb0090aa4012353420027,Dominoes Android Fiogonia,"$12,595"
5dcf09394f6eed0018145e58,Unico Studio LLC,5ddc1e48eb34040017baac7a,Brain Test: Tricky Puzzles,"$12,507"
5fc671cbba624b0015a61bf1,Saygames LTD,673dcee201f19870b266002b,Little Farm Story,"$12,499"
64803209bfd9aa0011593484,Bluetile Games,6878fcb8eb91ef8f5fcbe810,Block Blitz,"$12,440"
57d1b461ae2b57d903000027,Easybrain Ltd,69613d6aa37bf42bb072233f,Brick Blast iOS,"$12,335"
5f3414f3b421040016eb5132,Dream Games,69b04c714f9ec504f3655f91,Royal Kingdom iOS,"$12,332"
5fc671cbba624b0015a61bf1,Saygames LTD,611bbee5350eb6e37c140bf6,Overturn Military,"$12,302"
69a816c2814b9fb75404bc85,Kinkajoo Ltd,69d20b9a5adfe10ca04f803b,Android Rummikub Free,"$12,281"
58737456236d8f446400071c,FIOGONIA LIMITED,69396939dcd0ca7503955f33,Drop Escape Android,"$12,029"
5af5b8f9e408f136156e7cae,"Zedge, Inc.",5afb1d908e03cf7acee1a079,ZEDGE™ Wallpapers,"$12,006"
6297c4bc012073001b3df035,Yandex Inc.,68527792e9b47688840edfd7,seamobi-dev-gmail-com_con-hotspot-vpn-free-master,"$11,969"
64803209bfd9aa0011593484,Bluetile Games,649fd139847c940a560e47aa,Yatzy - Fun Classic Dice Game,"$11,949"
643d1561e09b08001442e672,Sliide,68efa5a24ebb41ab326d8070,Metro Play,"$11,777"
60c319e160f8540017a53701,Spyke Games,69495ce058c80b13f78eff4b,Yarn Flow,"$11,624"
60112a3ed3c4a000156a31d9,Superplay,619e4c9f799184ce269991cd,Dice Dreams,"$11,597"
561e8d976b8d90f61a004735,Dots,5b7c5bff274f5b2f7bc47219,Twodots iOS,"$11,485"
5fc618102e8dd2001579b65d,App Central ltd,68c17bab0ed903cf7fceab95,Pillow Chase Home App,"$11,427"
57d1b461ae2b57d903000027,Easybrain Ltd,5a167dd1d0d008d90400a61d,Pixel Art - Color by Number,"$11,339"
56d55c72562b9c353800000d,Voodoo,5f5ba15b8b44650001cad5b7,Hole.io,"$11,184"
5c657afed9e6e60012bab5d9,gamestudiopsv@gmail.com,63f9bfaac8a3adeead40e9c0,com.lmr.lfm,"$11,177"
607d46752ca90f00153876e8,Jungle Frog LDA,628b5fbc2aae43fd12071c3f,2 Players iOS,"$11,124"
58737456236d8f446400071c,FIOGONIA LIMITED,65d7922f27332d35a876bb68,Spades Android,"$11,107"
561e8d956b8d90f61a003365,Fingersoft Oy,582b1fdaad837782410004e4,Hill Climb Racing 2,"$10,996"
5ed15ca4662ff10016409214,Gamma Play,691b2920eb8573f6001bc3ed,QR & Barcode Scanner,"$10,982"
56d55c72562b9c353800000d,Voodoo,5950d4eef493bbec54002184,Flappy Dunk,"$10,935"
561e8d936b8d90f61a0014ca,LOTUM Media GmbH,5130b34aff10712a34000051,4 Pics 1 Word iOS,"$10,901"
561e8d956b8d90f61a003219,"Appodeal, Inc.",5b39cf1f8ee1171c6d2df44a,Bolt Browser and Documents,"$10,849"
619b548fc9c9c1001796f1f6,Gimica GmbH,64ec93a0047c0ca49c766f17,Treasure Masters,"$10,626"
5dcc0df6a4305a00173b9cf8,WeWard,5dcc0ea50f531500173bd7c7,WeWard,"$10,496"
5fe2fafd6013fb0015208652,GamoVation,61fd17a90936fb0801aa04bf,Mahjong Club,"$10,476"
64678a9ed7125400115d9869,GenDigital,650410fbb30c764e0a11f51e,Avast Antivirus & Security,"$10,442"
5fc618102e8dd2001579b65d,App Central ltd,69c3fa1ffc715c15d6ae9ec3,DramaStream Launcher,"$10,411"
61e93624cf7a710017932586,"Appgeneration, Lda",651439edb30c764e0a120c14,myTuner Radio,"$10,403"
5fc671cbba624b0015a61bf1,Saygames LTD,66b3500a8b82298c2add7cdd,TDS - Tower Destiny Survive,"$10,374"
5b84c65ca73f7a027c553f4a,Rewards Game,6905adc23ab3eb7275ecffe1,Color Pixel Shooter,"$10,273"
571e02473fcc597c3900003b,CallApp Software Ltd.,5d8352b7e5edcb0018c3932d,CallApp,"$10,259"
641d8986be2b36001370ca2a,Mackolik,64219729dd087c60bef127d1,Mackolik Android,"$10,077"
5e05c0a26057ae0017e7d51c,FlintCast s.r.o.,5f293a77fd8df300014e46b8,Dating and Chat - Maybe you,"$9,981"
561e8d936b8d90f61a000d42,PE Digital GmbH,5f74d53bf1c0751a159817cc,Lovoo iOS,"$9,950"
561e8d936b8d90f61a001260,MAG Interactive,5ed4e3b26d7abd00014975e1,New QuizDuel,"$9,866"
643d1561e09b08001442e672,Sliide,68d40d4f63e6cee0292ae24b,T-Mobile Play,"$9,824"
57d1b461ae2b57d903000027,Easybrain Ltd,5e84a5d1ce415a000187164f,Sudoku Killer iOS,"$9,773"
5fe2fafd6013fb0015208652,GamoVation,6718ca934a1ec2bd8d864e26,Mahjong Triple Club,"$9,749"
60112a3ed3c4a000156a31d9,Superplay,60112a9e7e07f1c9680afb81,Dice Dreams,"$9,532"
57d1b461ae2b57d903000027,Easybrain Ltd,59c0bfe44b342c7f280015fe,Solitaire – Classic Card Game,"$9,489"
6021599b8b3e5600159fcc76,HITAPPS GAMES LTD,66ed44a4f909844620b79258,Connect Word iOS,"$9,454"
561e8d946b8d90f61a002087,Rovio,542a4bc8e59c024d0b00009b,Angry Birds Friends iOS,"$9,449"
5c05196699e4374b87bda3b9,Tripledot Studios,6256c62214e8da0a085db7fb,Get Color,"$9,295"
6297c4bc012073001b3df035,Yandex Inc.,66869524b8c631b497b71178,billing@vpnable-com_andr_com-vpn-free-hotspot-secure-vpnify,"$9,230"
59d49801fa5a566117002fd5,Sweatcoin,5aa66899bacdc27c1e00d074,Sweatcoin Android Tapdaq,"$9,188"
6297c4bc012073001b3df035,Yandex Inc.,6890746abe4de6e6367b84ad,nowhopeteame_com-now-vpn,"$9,172"
64075f57d6da1900141e5aba,Code Dish GmbH,6051fadcdec34f1e8a8888cc,"Sweet Crunch - Matching, Blast Puzzle Game","$9,172"
561e8d946b8d90f61a001509,Outfit7,60370bfa488877a0ea0bb3c4,My Talking Angela 2 - Android,"$9,150"
5c05196699e4374b87bda3b9,Tripledot Studios,66c5d0ccb5852a686fdb8cb2,Block away Android,"$9,092"
5cda78f561a35300113a86ab,Moonee,6809ac2c2568b8f33495b6d8,Bubble Bus,"$9,092"
57d1b461ae2b57d903000027,Easybrain Ltd,66db113537f8220673f9e833,Easy Words IOS,"$9,052"
561e8d956b8d90f61a003365,Fingersoft Oy,5821ac608c3c580c2e000275,Hill Climb Racing 2,"$9,040"
5c05196699e4374b87bda3b9,Tripledot Studios,66c5d3a46bdfe2cbb4e6053e,Block Away iOS,"$8,949"
6666afb99ec3300011cdf91d,Appvestor ApS,66df00a7655237cdd139d0f1,Erasoft - Notepad - Notes and Notebook - er.notepad.notes.notebook.checklist.calendar,"$8,929"
5fe2fafd6013fb0015208652,GamoVation,63764fda650877c584196fbe,Sudoku Android,"$8,900"
67890ce306da6400110244a9,Golf Dreams AB,67890d69d85b8663adee3c95,Golf Dreams,"$8,878"
621e7a3f257d5f001422669b,Innplay Labs,625eafbe443b2f1fa136e3e5,Animal Kingdom: Coin Raid,"$8,760"
664e27f28ffbbf0011f1d3b8,Grand Games,69b93ca2706d59116318809e,Block Out!,"$8,680"
561e8d936b8d90f61a000662,nerByte GMBH,59b833f0f2287a750a001e81,・Solitaire・,"$8,674"
56d55c72562b9c353800000d,Voodoo,60994b96c5d1524132e8e1a7,Mob Control,"$8,603"
668fb233514c00001146f038,Free VPN Planet SRL,6697ad3f30f0637f5c7d1d74,ios - Free VPN Proxy by VPN Planet,"$8,589"
561e8d966b8d90f61a0033c4,Moon Active,5e7d32bd4ecf620001e063d3,Family Island Android,"$8,566"
5fc618102e8dd2001579b65d,App Central ltd,68d0074c5d4cf995d2b88105,Hole U Can Eat Home App,"$8,566"
6666afb99ec3300011cdf91d,Appvestor ApS,667401f7c454e70b9452a263,AV - Notes with Caller ID - com.caller.notes,"$8,558"
561e8d936b8d90f61a0014ca,LOTUM Media GmbH,515aff900964d0f21f00000e,4 Pics 1 Word Android,"$8,544"
66a8f651514c00001147b0d5,Clickfun Limited,69033660fb2dadf108d1ea87,Gocrypto,"$8,528"
64803209bfd9aa0011593484,Bluetile Games,64a41edf830ec394da0090b7,Solitaire - Card Game,"$8,513"
5e3692d21cd3cb0018dd4329,SuperSonic Studios,67c5d66bb267104b50bac22d,Hole It 3D,"$8,441"
5fc618102e8dd2001579b65d,App Central ltd,68cbdca90b1389d880129815,Yoga Flex Home App,"$8,404"
561e8d966b8d90f61a0033c4,Moon Active,6874f911c29b931d7cca3c05,Hole Stars,"$8,388"
617916e8f3ef190017a83854,Digitalchemy,6437bbf28cbfdaf80ef2afb2,My Calendar - Period Tracker,"$8,375"
668fb233514c00001146f038,Free VPN Planet SRL,669776a6fa880d1a7613075f,android - Free VPN Proxy by Planet VPN,"$8,369"
561e8d956b8d90f61a002f2c,AxesInMotion,5cf7b90a169e9a0017613cea,Extreme Car Driving  Simulator,"$8,330"
619b548fc9c9c1001796f1f6,Gimica GmbH,64ec9253047c0ca49c766f09,Balls Versus Blocks,"$8,264"
5fc671cbba624b0015a61bf1,Saygames LTD,68ff58a163adfe977a1f6cc3,Arrows escape,"$8,250"
561e8d946b8d90f61a001f18,Nordcurrent,5d075faccf7fcd0018c2939b,Cooking Fever,"$8,201"
6297c4bc012073001b3df035,Yandex Inc.,69ba6b5a0114322d67472974,zhouwu19894325-gmail-com_com-meilingnet-fastnetd,"$8,152"
64803209bfd9aa0011593484,Bluetile Games,659677f9c64ca439507c3d73,Spades Stars - Card Game,"$8,052"
59fb487bbe77065f5800afc3,Azur Games,5e0399f7ddf7457b59f24958,Worms Zone .io - Voracious Snake,"$8,042"
57d1b461ae2b57d903000027,Easybrain Ltd,6672d811429c14443ac5fb6d,Hidden Spots,"$8,014"
58737456236d8f446400071c,FIOGONIA LIMITED,68188fc416e6847d6f09dfd3,Rummy 500 iOS,"$7,969"
621e7a3f257d5f001422669b,Innplay Labs,625eaf7743b3a022a19d93be,Animal Kingdom: Coin Raid,"$7,959"
64803209bfd9aa0011593484,Bluetile Games,66166d8dc0c070078a977c88,Dominoes Masters,"$7,930"
5fc618102e8dd2001579b65d,App Central ltd,68e2673c5f81a96145dc421d,City on Fire Home App,"$7,912"
57d1b461ae2b57d903000027,Easybrain Ltd,68fb9bbf7f709b69e4128604,Brick blast GP,"$7,872"
619b548fc9c9c1001796f1f6,Gimica GmbH,669e8af6787c69775be1056f,Tile Match Ultimate,"$7,825"
58737456236d8f446400071c,FIOGONIA LIMITED,65ddede5d1b71b57183c4444,Spades iOS,"$7,795"
619b548fc9c9c1001796f1f6,Gimica GmbH,619b54ec1e625bd45aa1ecdc,Treasure Master,"$7,654"
59e4bb543f0fa9a20900afa3,TabTale LTD,68762a478894e2822280ba12,Sled Surfers Google_CL,"$7,596"
6297c4bc012073001b3df035,Yandex Inc.,697728659557abdc3c8db5da,qichen-big_com-teng-ify-master-vpn,"$7,504"
619b548fc9c9c1001796f1f6,Gimica GmbH,645243a50ccf9ed0c9ba14b7,Wooden Puzzle Bliss,"$7,496"
619b548fc9c9c1001796f1f6,Gimica GmbH,65ba6971285feb21006299f0,Water Sorter,"$7,487"
5fc618102e8dd2001579b65d,App Central ltd,698b4202d2a96479c4932245,Shark Madness Launcher,"$7,473"
64803209bfd9aa0011593484,Bluetile Games,64a41f5638325e04da4db2f3,Word Search - Word Puzzle Game,"$7,381"
6297c4bc012073001b3df035,Yandex Inc.,675063a96ec632464fb4244f,HornetLtdProgrammatic_ios_com-gethornet-Hornet,"$7,361"
6298c12ee18acf001be07064,Candivore,6298c1a502725ce5f8955ee4,Match Masters,"$7,358"
66a8f651514c00001147b0d5,Clickfun Limited,6940300d8a8e970b1eeea028,Gotrading,"$7,291"
664372d48ffbbf0011f17452,Nordeus,664485f1d09efc5a9e422018,Top Eleven - iOS,"$7,240"
5fc618102e8dd2001579b65d,App Central ltd,694966f98301764ca7d4fd6b,Barber Salon Launcher,"$7,172"
6247027c20721a0018bb6528,First Touch Games,6478799b11f74ed45246d305,Score! Hero,"$7,156"
56d55c72562b9c353800000d,Voodoo,5b2a4c2c8815f423b86d090f,Hole.io,"$7,130"
5fe2fafd6013fb0015208652,GamoVation,6246cd584809ec692bfde5d8,Chess Club Android,"$7,121"
59e4bb543f0fa9a20900afa3,TabTale LTD,61e5d5d49825bc1d318fdc60,Lamar iOS,"$7,113"
59e4bb543f0fa9a20900afa3,TabTale LTD,670cda36ebba7eba60427108,Coffee Mania:Drink Sort Puzzle iOS_CL,"$7,059"
61f942f0ba92d00017cd7a43,Team Terrible,61f943f8445469a5aa7e6663,Baby In Yellow,"$7,021"
561e8d936b8d90f61a001260,MAG Interactive,5ed4fc06feb39e0001da38d9,New QuizDuel,"$7,012"
5ce6bee4142941540d1c9d36,Solitaire Grand Harvest,68f0c55c7ae17ddd8cf0aad3,SGH IOS,"$6,925"
561e8d936b8d90f61a0014bb,Soner Kara,5ee34bb92df77a00014809fb,Traffic Rider Android,"$6,897"
5c05196699e4374b87bda3b9,Tripledot Studios,610ccc6c9c3ae14ea4312862,Get Color - Water Sort Puzzle,"$6,887"
56d55c72562b9c353800000d,Voodoo,5af56c332803314ab33837f0,Ball Blast,"$6,860"
56d55c72562b9c353800000d,Voodoo,68d55d6fbf1b2fd3f923d7f2,Castle Clashers!,"$6,792"
561e8d946b8d90f61a001509,Outfit7,5255b961b39f75841900000e,My Talking Tom - appstore,"$6,721"
561e8d976b8d90f61a003d96,Gram Games,5b8903545ea5db50e8fba901,Merge Dragons!,"$6,695"
5fc671cbba624b0015a61bf1,Saygames LTD,66b34dfe8b82298c2add7cb7,TDS - Tower Destiny Survive,"$6,666"
6021599b8b3e5600159fcc76,HITAPPS GAMES LTD,66101aeac0c070078a9775cf,Connect Words Android,"$6,647"
561e8d946b8d90f61a001509,Outfit7,5242caf9a4f9e5ad24000009,My Talking Tom - Android,"$6,641"
6093fd75b33a50001533d418,Goodgame Studios,651b392792580af6d5f1a897,Sunshine Island - Android,"$6,612"
6093fd75b33a50001533d418,Goodgame Studios,68caef64eed2e73438ddd312,Big Farm Homestead,"$6,586"
561e8d936b8d90f61a00059f,Wooga,593fb6656eaa535318001c43,June's Journey (Android),"$6,524"
6297c4bc012073001b3df035,Yandex Inc.,69b169a7987039d6bdff43fa,zhouwu19894325-gmail-com_com-bluesunrise-PaperFly,"$6,520"
561e8d936b8d90f61a000d42,PE Digital GmbH,5f74f7552f67893c0aa28ff5,Lovoo Android,"$6,453"
6297c4bc012073001b3df035,Yandex Inc.,685eae0ea49e6497f395dba1,yuechao-ma_com-free-app-open-lite,"$6,391"
561e8d946b8d90f61a001509,Outfit7,5e1d8a1e3434b70018260c4c,My Talking Tom Friends - Android,"$6,353"
676405dff3fa5d00114fee22,Opera Software Ireland,67be8627b5a7d2bd8485c466,Opera News,"$6,328"
66e0182c82571e00117d2acb,FotMob AS,66e02042d7770a6a369721c5,FotMob Android,"$6,283"
57d1b461ae2b57d903000027,Easybrain Ltd,63974e72c5c2a3f1faf76b37,Backgammon iOS,"$6,240"
577a61dcda179a9c3f000089,Kolibri Games (fka Fluffy Fairy),61e1aaaaabec5e9f2ed508c8,Idle Bank Tycoon,"$6,203"
6297c4bc012073001b3df035,Yandex Inc.,69297e78b88dcb4daa968fa5,tds-easyapp_com-anoshenko-android-solitaires,"$6,113"
5fc671cbba624b0015a61bf1,Saygames LTD,62e9283565ec0d99f0f0fb77,Hotel Master,"$6,111"
5e3692d21cd3cb0018dd4329,SuperSonic Studios,5fa029b49f4c0275a7cf1372,Going Balls,"$6,107"
64075f57d6da1900141e5aba,Code Dish GmbH,65802019356fbd1f45ff6c6f,PiggyKingdom,"$6,090"
5dcf09394f6eed0018145e58,Unico Studio LLC,688d0619b474a91081b23c72,Screw Out iOS,"$6,089"
5b5ec3e8337f272131edc824,MadBox,60ccb4ca950f6127ef6c8e16,Pocket Champs (Android),"$6,079"
561e8d936b8d90f61a0014bb,Soner Kara,5f032a3cad18570001b0cdb6,Traffic Rider iOS,"$6,067"
59baf14999eaaa880a002c38,LOOP GAMES SAS,5e68bdb6fd1a750001765a91,Domino,"$6,062"
6297c4bc012073001b3df035,Yandex Inc.,6981daa2932fcb9012e72f5f,lyvgames-outlook-com_com-polaris-ravenvpn,"$6,049"
561e8d946b8d90f61a001509,Outfit7,5e1da6c13434b70018260f1a,My Talking Tom Friends - appstore,"$6,039"
6297c4bc012073001b3df035,Yandex Inc.,693fe580a5e39c9bec6605be,yan443193697dex_com.zsskxsw.android.zclientapp,"$6,029"
5fc618102e8dd2001579b65d,App Central ltd,699f01023630b752386b72d0,Makeup Challenge Launcher,"$6,027"
6107c3b4abaef100175b9029,Lessmore UG (haftungsbeschränkt),654b71bbd1c31fd96c33fd73,We are Warriors!,"$6,026"
68f9f5db75ceafc7a8ee6155,LiveScore,68fa1ba4022b1cca2040ae57,LiveScore - Android,"$5,969"
664e27f28ffbbf0011f1d3b8,Grand Games,67efaf829c3da54da0569119,Car Match,"$5,892"
627b73f7023d420018e2f038,Chardonnay Partners LLC,6525346160aebaee1ce37381,Number Crunch (Number Match NPC),"$5,823"
607d46752ca90f00153876e8,Jungle Frog LDA,628b67c33897e262a2a04e7f,2 Players (Android),"$5,817"
5fc618102e8dd2001579b65d,App Central ltd,68e79ff19ac1f436b38905f3,Gun Chase Launcher,"$5,767"
5dcf09394f6eed0018145e58,Unico Studio LLC,673254d932ceed910a7d0114,Bus Craze Android,"$5,766"
64219c0480513f00143dbdc5,Match en Direct,64219c789587b72e7535292a,Med iOS,"$5,754"
5f58b1ac675b0600157e7105,Papaya Gaming,5f58b1eb58401a000165c9f7,Solitaire Cash,"$5,737"
64b7f29fcca9af0011fd585d,Sonderads,65abce9f83257a2e7ed5569a,Cryptoguru: Trading Simulator,"$5,730"
5c05196699e4374b87bda3b9,Tripledot Studios,655c85f46d563178776cc1c7,Car Out Android,"$5,642"
68b57bc85828fa59037e71c3,Ganko srl,68b584d80cc4dedb7b9cfaf7,Sticker GO!,"$5,579"
5e072f709b72ee0018763bc3,TAPCLAP,641c54b44e8910abf4bdad7e,Pirate Treasures: Jewel & Gems,"$5,578"
561e8d966b8d90f61a0033c4,Moon Active,5e7d30c44ecf620001e063b2,Family Island iOS,"$5,558"
627b73f7023d420018e2f038,Chardonnay Partners LLC,6525293d5946c49eb49f90da,Dominoes Android,"$5,519"
5ec6f4dbdae5f50015c2980b,PCA Bear LLC,6407bfeaff549a001a163e13,Melon Playground,"$5,498"
62ea666c62b76e001b3eca4f,LLC East-Games,62f1051ffaf12b2a7ad9a1d1,Tanks Blitz,"$5,495"
561e8d976b8d90f61a003d96,Gram Games,57ab3a00a16956894a000083,1010! iOS,"$5,464"
56cb43391ba696884900000a,Ilyon Dynamics,5773eb407e454c2e62000065,bubble shooter orig,"$5,451"
619b548fc9c9c1001796f1f6,Gimica GmbH,69c94e21a1176c00b1abeaf9,Spiral Drop,"$5,449"
66e545690f05bd0011e185b8,JEDY APPS TECHNOLOGY LTD,68d0053e5d4cf995d2b88096,Gallery - Photos & Videos App,"$5,442"
561e8d926b8d90f61a00013e,Miniclip SA,655f6d086d563178776ccadc,Head Ball 2 - Online Soccer,"$5,402"
5b5ec3e8337f272131edc824,MadBox,60ccb45348b73dee1c482975,Pocket Champs,"$5,383"
561e8d946b8d90f61a001509,Outfit7,56dfd8e1702a055e0b000019,Talking Tom Gold Run - appstore,"$5,383"
676405dff3fa5d00114fee22,Opera Software Ireland,68c19e650ed903cf7fceacb1,Breaking News,"$5,380"
58737456236d8f446400071c,FIOGONIA LIMITED,69398b124ec2844d25311b7e,Drop Escape iOS,"$5,346"
5fc618102e8dd2001579b65d,App Central ltd,692d9305965aa7e90a0c05ba,Waterslide Tycoon Home Screen,"$5,339"
6155ad11120d4a0017386a18,Agave Games,66accd5ae33c9a548741ed15,Find The Cat - Hidden Objects,"$5,330"
5fc671cbba624b0015a61bf1,Saygames LTD,6877b97061fad0cbc8864d87,RUSH: Xtreme,"$5,268"
6297c4bc012073001b3df035,Yandex Inc.,6862f463394e0109dd4a28dd,seamobi-dev-gmail-com_com-hotspotvpn-super4-ios,"$5,263"
69930b23eea67583ba0c3092,Yazio GmbH,69957fa53630b752386ae154,Yazio Android,"$5,258"
5fc671cbba624b0015a61bf1,Saygames LTD,690885f3bafb456cf25439e9,RUSH: Xtreme,"$5,256"
6297c4bc012073001b3df035,Yandex Inc.,66ebfd8df2fa5bc8304f9dd6,imelab_olcorporationolai,"$5,254"
5efd8ef70165690015e8b224,Blackout Lab SL,617abfcb5a0795a1213622a9,Spades - iOS,"$5,228"
561e8d936b8d90f61a000838,Social Point,5bc5a5f7a7806402bb362826,Dragon City Android IS,"$5,223"
56cb43391ba696884900000a,Ilyon Dynamics,5798689ea5a73f5568000012,com.ilyondynamics.bubbleShooterClassic_i_1666,"$5,205"
5fc671cbba624b0015a61bf1,Saygames LTD,6628dd0a853bc6953cc57713,Wasteland life,"$5,204"
5c6d3f727ba3842bffdc24f1,Beresnev Games,66bf547d6bdfe2cbb4e5d773,Race Master,"$5,191"
6107c3b4abaef100175b9029,Lessmore UG (haftungsbeschränkt),65280eda3acf1b5f6538305a,We are Warriors,"$5,185"
57d1b461ae2b57d903000027,Easybrain Ltd,64de05bdabb23eee2a179c21,Number Sums IOS,"$5,159"
619376d458dde20017d66610,MATRYOSHKA GAMES (CY) LTD,6448b31bdf6798e0373866bd,Royal Cooking,"$5,150"
577a61dcda179a9c3f000089,Kolibri Games (fka Fluffy Fairy),6377904574b3e203dfb81037,Idle Bank Tycoon,"$5,131"
619b548fc9c9c1001796f1f6,Gimica GmbH,63021b704b6012824b206f74,Ball Bounce,"$5,130"
647deb456149810011be5192,Joyteractive Ltd,64da286899eac20203d759d8,Cryptogram new,"$5,082"
561e8d936b8d90f61a00059f,Wooga,593fb6104e118dfd71002055,June's Journey (iOS),"$5,069"
561e8d966b8d90f61a0033c4,Moon Active,6963b8c8a37bf42bb0723c32,Jelly Busters iOS,"$5,065"
676405dff3fa5d00114fee22,Opera Software Ireland,677393b087298a2a13dc7d1b,Opera for Android with AI,"$5,052"
619b548fc9c9c1001796f1f6,Gimica GmbH,64ec92bd993b2f0f1f1d1c95,Bubble Pop: Wild Rescue,"$5,051"
60afcdd4407e6d0018810836,Fomo Oyun Yazılım ve Pazarlama A.Ş. İstanbul İhtisas Serbest Bölge Şubesi,667ad1914d6765df32fe8e13,Twisted Ropes: Untangle 3D,"$5,048"
64803209bfd9aa0011593484,Bluetile Games,66cd6740334673785d02ece9,Dominoes Master: Classic Game,"$5,042"
561e8d966b8d90f61a0033c4,Moon Active,689afad70703f1332b3e799f,Merge Hotel Empire－Design Game,"$5,015"
619b548fc9c9c1001796f1f6,Gimica GmbH,619b54c0dfb892ac20d4c55c,Solitaire Verse,"$5,009"
58737456236d8f446400071c,FIOGONIA LIMITED,65cf93f17ec96f667da822f8,Hearts Android,"$5,007"
627b73f7023d420018e2f038,Chardonnay Partners LLC,652534b55946c49eb49f90ee,Number Crunch Android (Number Match NPC),"$5,005"
6298c12ee18acf001be07064,Candivore,6298d2b35720e2c746535acb,Match Masters iOS,"$4,991"
561e8d946b8d90f61a002019,Mobiletech Software SRL,68b83ce1a509f9a037747cdc,Musix Player,"$4,980"
5fc671cbba624b0015a61bf1,Saygames LTD,6525270e5946c49eb49f90c2,Hidden Objects - The Journey,"$4,956"
64803209bfd9aa0011593484,Bluetile Games,6526703e4168a1c19383dcff,Solitaire - The #1 Card Game,"$4,909"
606b29ab14eb890015bd2f01,WeeWoo Mobile,673389473d9729c67682d8e2,GPS257-01 - Music Player - MP3 Player,"$4,902"
561e8d946b8d90f61a002087,Rovio,5bae36b2e8801f307022b0e3,Angry Birds Dream Blast,"$4,848"
64803209bfd9aa0011593484,Bluetile Games,65ba16acd5857e078ac1c087,Spades Stars,"$4,848"
561e8d946b8d90f61a001509,Outfit7,571de51b3fcc597c3900002e,Talking Tom Gold Run - Android,"$4,810"
627b73f7023d420018e2f038,Chardonnay Partners LLC,652528265551fd9849dba29b,Dominoes iOS,"$4,808"
5fc671cbba624b0015a61bf1,Saygames LTD,68596500ffaac6a17b385ecd,Roll the Hole,"$4,805"
5c05196699e4374b87bda3b9,Tripledot Studios,65afdf2e0e240f604db279ab,Nuts Sort iOS,"$4,804"
561e8d976b8d90f61a003d96,Gram Games,5b88fd2f47346250e209a7b7,Merge Dragons! iOS,"$4,790"
58737456236d8f446400071c,FIOGONIA LIMITED,653b4b8b17328877a39ec4b4,Euchre Android,"$4,782"
64803209bfd9aa0011593484,Bluetile Games,6915a8e5a4aa904933f4139e,Block Blitz: Puzzle Adventure,"$4,777"
64803209bfd9aa0011593484,Bluetile Games,649eeab39018de0fbec588f6,Yatzy - Dice Game,"$4,773"
69930b23eea67583ba0c3092,Yazio GmbH,69956fbdeca04079046054bc,Yazio iOS,"$4,743"
59e4bb543f0fa9a20900afa3,TabTale LTD,5c8661882c668752470f7fc5,Amaze iOS_CL,"$4,735"
5dcf09394f6eed0018145e58,Unico Studio LLC,5dcf09882aa70a0017bcdd70,Brain Test: Tricky Puzzles,"$4,734"
56d55c72562b9c353800000d,Voodoo,66b0c2e2e33c9a548741f773,Epic Plane Evolution,"$4,716"
5dcc0df6a4305a00173b9cf8,WeWard,5dcc118aa641b70018d331eb,WeWard,"$4,689"
64803209bfd9aa0011593484,Bluetile Games,64a41dba830ec394da0090b2,Connect the Dots,"$4,662"
60afcdd4407e6d0018810836,Fomo Oyun Yazılım ve Pazarlama A.Ş. İstanbul İhtisas Serbest Bölge Şubesi,64c2648349fc2279edeb88f2,Traffic Escape,"$4,649"
6666afb99ec3300011cdf91d,Appvestor ApS,66c2f7630be6380351b550b4,AV - Blacklist - call.blacklist.blocker,"$4,614"
561e8d936b8d90f61a0008da,Pixonic Games Ltd,5d691c99279e14001728f04c,War Robots,"$4,610"
6297c4bc012073001b3df035,Yandex Inc.,69a546513630b752386bd1a8,qichen-big_com-quan-brother-secure-vpn,"$4,533"
6155ad11120d4a0017386a18,Agave Games,66de1a57eb92fa8376897d1d,Finding Cats,"$4,424"
5fb27298d8ff880015e84750,MNO GO APPS LTD,65366dcec49ce3355b6b2ad6,Trivia Scapes,"$4,420"
690dd96feb3bf4c11bf941dc,Footballco Media Limited,690dfae5bd04c47d2c1bb664,Goal Live Scores,"$4,405"
561e8d966b8d90f61a0033c4,Moon Active,606a4bfe98071b6c2e623c92,Zen Match,"$4,394"
58737456236d8f446400071c,FIOGONIA LIMITED,65ddf0e2d1b71b57183c4458,Hearts iOS,"$4,392"
561e8d946b8d90f61a002087,Rovio,54b5208eae8b8f080a00002b,Angry Birds POP! iOS,"$4,389"
56d55c72562b9c353800000d,Voodoo,68d55d4cbf1b2fd3f923d7ed,Castle Clashers!,"$4,380"
693a98f538cf425060b4c773,Mediafigaro,698217064f170c846e96869e,LCM - Android,"$4,359"
604a7ccb4f898b00151e2797,FunCraft,6760906b9e6ef0ac4dc6d30c,Farkle,"$4,353"
5c77abceef995c60fecc3f39,FunCorp,613b6aa33e4cfafb2cc12dd8,iFunny Android,"$4,353"
64678a9ed7125400115d9869,GenDigital,650413bc60aebaee1ce34b92,CCleaner,"$4,344"
6297c4bc012073001b3df035,Yandex Inc.,69662434faef996194e539e5,vlkharchev_com-clipglider-gpmain,"$4,319"
561e8d936b8d90f61a000afd,Ubisoft Mobile Games,55fca33410fbe75528000011,Hungry Shark World,"$4,303"
619b548fc9c9c1001796f1f6,Gimica GmbH,677ece00d85b8663adee1240,Blockbuster,"$4,262"
64803209bfd9aa0011593484,Bluetile Games,64a3d0ecfaafda98af70163b,Water Sortpuz - Color Puzzle,"$4,250"
6267e053f2d4b90018ad84e4,Burny Games,686d2a6e986d20e7dc934424,Colorwood Associations,"$4,229"
5c05196699e4374b87bda3b9,Tripledot Studios,65afdf88ef93e047135cf386,Nuts Sort Android,"$4,193"
5dcf09394f6eed0018145e58,Unico Studio LLC,688be23f5f7b35e31f068efa,Screw Out Android,"$4,183"
60afcdd4407e6d0018810836,Fomo Oyun Yazılım ve Pazarlama A.Ş. İstanbul İhtisas Serbest Bölge Şubesi,64b66f6d6c82e304b4f34823,Traffic Escape,"$4,159"
64803209bfd9aa0011593484,Bluetile Games,649fd286831ce850a7063c8b,Ball Sortpuz - Color Puzzle,"$4,155"
6297c4bc012073001b3df035,Yandex Inc.,69e68e87b1e4be9ed9885d41,lyvgames-outlook-com_digital-pinnaclewave-vpn-work-huade,"$4,153"
6297c4bc012073001b3df035,Yandex Inc.,691db66d63ddd979c47b5da1,yurihead_com-infoshell-recradio,"$4,141"
6093fd75b33a50001533d418,Goodgame Studios,690e43e630591dab9d8bd756,Big Farm Homestead iOS,"$4,140"
561e8d946b8d90f61a002087,Rovio,651283dcb30c764e0a120808,Angry Birds Dream Blast (Spender),"$4,133"
56d55c72562b9c353800000d,Voodoo,5cd9793d9ccc2b0012438b7c,Aquapark.io,"$4,085"
57d1b461ae2b57d903000027,Easybrain Ltd,63400ea7656314681b939a2d,Logic Puzzle IOS,"$4,037"
561e8d956b8d90f61a0030cf,Ketchapp,590b5df4004ccfdd3b000a35,Rider,"$4,016"
5c657afed9e6e60012bab5d9,gamestudiopsv@gmail.com,6760359e9e6ef0ac4dc6d216,com.honanStudio.driveX,"$4,014"
619b548fc9c9c1001796f1f6,Gimica GmbH,64ec933c3412b9437bf5dc42,Merge Blasters,"$4,006"
5c05196699e4374b87bda3b9,Tripledot Studios,66458a7ff10d75e1ff15b47a,Tile Dynasty: Triple Mahjong,"$3,995"
5c05196699e4374b87bda3b9,Tripledot Studios,65f426fc7f07c7cab8163cec,Tile Dynasty: Triple Mahjong,"$3,975"
561e8d956b8d90f61a003219,"Appodeal, Inc.",5f4d59a9c3fdf402238f8676,com.kraftwerk9.universal/628575,"$3,964"
5c6a96f373ca3d6bbe3fff38,AppQuantum,6149cce5646a75dcf790f424,Gold and Goblins: Idle Merger & Mining Simulator(android),"$3,941"
561e8d936b8d90f61a00035c,Supersonic Software Ltd.,5a0477a93affebb904001a96,Puzzle Page,"$3,923"
6267e053f2d4b90018ad84e4,Burny Games,673b01914bfff2d5786cc144,Colorwood Words Puzzle Game,"$3,897"
5fc671cbba624b0015a61bf1,Saygames LTD,6385e7e830da92c237a88a9d,Vehicle Masters,"$3,889"
561e8d956b8d90f61a003219,"Appodeal, Inc.",5e9c67a8de2e001cda43aca8,com.marcuss.note/143020,"$3,875"
6093fd75b33a50001533d418,Goodgame Studios,651b38305946c49eb49f8535,Sunshine Island - iOS,"$3,811"
64219c0480513f00143dbdc5,Match en Direct,64219c982401c991de0924ad,Med Android,"$3,790"
5c05196699e4374b87bda3b9,Tripledot Studios,6794f869ffda0af1dd8c5087,Gin Rummy iOS,"$3,782"
607d46752ca90f00153876e8,Jungle Frog LDA,62cbe004ec873ebbcc905fb9,Antistress Android,"$3,762"
5c657afed9e6e60012bab5d9,gamestudiopsv@gmail.com,676035f27913198c9ecafc3c,6736580540,"$3,758"
58665aa0444a4aeb0d000130,Instabridge Sweden AB,697767dc9557abdc3c8dbb3b,Nova Launcher,"$3,753"
5fc671cbba624b0015a61bf1,Saygames LTD,689af59351ee842315f061e9,Renovation Day,"$3,731"
561e8d926b8d90f61a00013e,Miniclip SA,655f6dfa6d563178776ccae3,Head Ball 2 - Soccer Game,"$3,726"
619b548fc9c9c1001796f1f6,Gimica GmbH,6985f1c18a0253803d2955b2,Atlantis Bounce,"$3,716"
5bec0018c9af0a7962a96f4a,Rollic Games,661d2b6e0e0761ce8e0a0058,Timeline Up!,"$3,713"
627b73f7023d420018e2f038,Chardonnay Partners LLC,627b749e35fce096055f469d,Spades iOS,"$3,698"
5fc671cbba624b0015a61bf1,Saygames LTD,673dc79833fecb32fa7e3387,Last Stronghold,"$3,698"
58737456236d8f446400071c,FIOGONIA LIMITED,660449ac896437e3f9e6ae74,Yatzy Android,"$3,695"
61e93624cf7a710017932586,"Appgeneration, Lda",6620f11b345a6dc6b1a38bcf,Radio MX,"$3,640"
57d1b461ae2b57d903000027,Easybrain Ltd,63ecb112d2d5e918b398432d,Number Sums GP,"$3,610"
5dcf09394f6eed0018145e58,Unico Studio LLC,69c2ec93fc715c15d6ae8972,Math Solitaire iOS,"$3,607"
59fb487bbe77065f5800afc3,Azur Games,605dfa9a555e1e571854b077,State.io,"$3,603"
607d46752ca90f00153876e8,Jungle Frog LDA,661fee8b853bc6953cc56b71,1 2 3 4 Player Games - Offline,"$3,594"
67d985067690520011429022,Playtika,696f8a0d1fdcb2679d25ac4e,WSOP Poker,"$3,594"
619b548fc9c9c1001796f1f6,Gimica GmbH,64ec93e338e5f4adf8260b18,Word Seekers,"$3,585"
6821f44e379ae300116eba49,inforoad GmbH,68248e0738a42a2dc1efc930,Clever Tanken iOS,"$3,581"
647064a3001eb40011826210,Zuuks Games,647065abfed1e7a7ec4ab3bf,Truck Simulator : Ultimate,"$3,575"
56d55c72562b9c353800000d,Voodoo,6931c6efe2188c0df83d339b,Sand Loop,"$3,570"
6297c4bc012073001b3df035,Yandex Inc.,684a03cdc195c4600e873930,yuechao-ma_com-free-app-open,"$3,570"
61e93624cf7a710017932586,"Appgeneration, Lda",650067fc5946c49eb49f655d,Radio ES,"$3,569"
607d46752ca90f00153876e8,Jungle Frog LDA,666723f8546a6ecbfaa5875c,1 2 3 4 Player Games,"$3,564"
5a9d60d3b1c1666c2e0056ba,Homa Games,647e0028b7a4c97fb39972c6,Weapon Master!,"$3,563"
5cc173c6d788b30012b2ff51,Loop Games A.S.,69b41482102c6dbbb60d58e0,Money Sort,"$3,553"
6297c4bc012073001b3df035,Yandex Inc.,665eddcf7fc4289bfc671f4e,thegosarussia_miuithemes,"$3,550"
64803209bfd9aa0011593484,Bluetile Games,64e4c1ec575deb9efd61dafb,Water Sortpuz,"$3,545"
5eb3c48aa80eba00159907c3,Matchingham Games Limited,5ebc21458b8b4d00017445f7,Braindom-ios,"$3,540"
64803209bfd9aa0011593484,Bluetile Games,64a41f129018de0fbec58dd7,Spider Solitaire,"$3,530"
561e8d946b8d90f61a002087,Rovio,542a4bf2e59c024d0b00009e,Angry Birds Friends Android,"$3,527"
56d55c72562b9c353800000d,Voodoo,65a805e4718078d1bb4c1783,Cup Heroes IOS,"$3,522"
5fc671cbba624b0015a61bf1,Saygames LTD,683ee1c7cd4b6e3af019bda8,My Sticker Room,"$3,514"
6267e053f2d4b90018ad84e4,Burny Games,686d28a335bf0df8a13d3da9,Colorwood Associations,"$3,512"
65e71ba517069f0011a36cfa,Rounds,67ab306cf372f630d3b78e90,Messages,"$3,509"
63d229657d9fc60014b1afdf,Paxie Games,68c96804d6eb9a7df06c8c78,Wiggle Escape,"$3,487"
5c6a96f373ca3d6bbe3fff38,AppQuantum,61446cda1dcedfb9bb4d2133,Gold And Goblins iOS,"$3,486"
6297c4bc012073001b3df035,Yandex Inc.,695fa5c0c2964f188fd66864,hornetltdprogrammatic_hornet-stories,"$3,481"
619b548fc9c9c1001796f1f6,Gimica GmbH,67e2766044b5b9c0ea9965bf,Pin Master,"$3,451"
647064a3001eb40011826210,Zuuks Games,64706513a9373851a6483e4e,Bus Simulator : Ultimate,"$3,441"
5c05196699e4374b87bda3b9,Tripledot Studios,654a277d81a779134515f4fa,Cross Math iOS,"$3,439"
57d1b461ae2b57d903000027,Easybrain Ltd,5c9c7a4ca4ab3200182c5b48,Difference IOS,"$3,439"
627b73f7023d420018e2f038,Chardonnay Partners LLC,6525272160aebaee1ce37355,Spades Android,"$3,431"
57840ccb9cf122a434000054,Seriously,5632387493ec85eb0b00000d,Best Fiends - Android,"$3,431"
5c05196699e4374b87bda3b9,Tripledot Studios,6656acb705023a21ade85319,Blossom Match,"$3,429"
64678a9ed7125400115d9869,GenDigital,6504125848832e941ea49644,AVG Cleaner,"$3,420"
5fb510aa8072bf0015d8d59d,Tap2Play LLC,60a4d2c2cf4957c21093d8b5,CMS_IOS_Count Masters,"$3,388"
58737456236d8f446400071c,FIOGONIA LIMITED,6604479b0aa40123534213cb,Yatzy iOS,"$3,378"
699aa4324c0d69d44ce3d3fb,7 Hits Games LLC-FZ,699ad9723630b752386b2a8b,Gummy Drop iOS,"$3,376"
5fc671cbba624b0015a61bf1,Saygames LTD,64b147f65bb311e36806f76f,DOP 5: Delete One Part,"$3,364"
56d55c72562b9c353800000d,Voodoo,5df377321d9685610fcdd62d,Woodturning 3D,"$3,311"
58f71febd4e19c8f3b000fff,Soccer Manager Ltd,65b0f266285feb2100625a23,Soccer Manager 2025,"$3,307"
56d55c72562b9c353800000d,Voodoo,6971f35b9557abdc3c8d6b43,Loop Sort,"$3,305"
65b10d6ad5f847001168a1ea,SPARK STAR LIMITED,65bb6ddb285feb210062a044,ДругВокруг,"$3,300"
561e8d956b8d90f61a003219,"Appodeal, Inc.",5912fb91085bcd9d5d00102a,com.MadOut.BIG/74079,"$3,296"
619b548fc9c9c1001796f1f6,Gimica GmbH,643e8e4f6c9fd54552e584de,Sugar Rush Adventure,"$3,285"
64803209bfd9aa0011593484,Bluetile Games,68a5d5b89b70a4a368c58a7d,Hole Rush: Eat All Puzzle,"$3,279"
6267e053f2d4b90018ad84e4,Burny Games,65784ddca475438b9f797211,Colorwood sort puzzle game,"$3,275"
56cb43391ba696884900000a,Ilyon Dynamics,620bb0080b6dd752967c9f48,net.master.triple.3d.find_i_1620,"$3,274"
59baf14999eaaa880a002c38,LOOP GAMES SAS,617642567565bfc860872e12,Domino iOS,"$3,271"
64803209bfd9aa0011593484,Bluetile Games,654a1fa4c8354b1e0d015db7,Spider Solitaire iOS,"$3,243"
5e05c0a26057ae0017e7d51c,FlintCast s.r.o.,5e05c13f3434b7001824e25d,SweetMeet,"$3,236"
561e8d946b8d90f61a001509,Outfit7,5bbb367f4d3adf044149d3e0,Hero Dash - appstore,"$3,234"
655c9ef75942160011cb5867,PROGAMESLAB LTD,682ee38b6883128549d119f2,Goblin MIner,"$3,228"
5f58b1ac675b0600157e7105,Papaya Gaming,645b741cf9888365825678df,Bingo Cash,"$3,215"
5fb510aa8072bf0015d8d59d,Tap2Play LLC,6686a50a4d6765df32feb2a8,SHO_IOS_Shoot It,"$3,213"
5fb27298d8ff880015e84750,MNO GO APPS LTD,5fc9e83b3bbe0ddcff33364a,QuizzLand,"$3,191"
561e8d956b8d90f61a003219,"Appodeal, Inc.",65f1b1c0e37910f3193e4b57,com.ollie.omanager/757492,"$3,186"
619376d458dde20017d66610,MATRYOSHKA GAMES (CY) LTD,6448b1ee31ae7b322785e37e,Royal Cooking,"$3,181"
561e8d936b8d90f61a000f17,Smart Project GmbH,66a10ece251757c475bc6586,Kitty Sort: Twisted Tails,"$3,168"
619cc4d31a366f0017fe8d06,AI CREATIVITY S.R.L.,67ffcb8a84f5677d170bc3e4,Alight Motion Android,"$3,150"
64803209bfd9aa0011593484,Bluetile Games,64e4c150575deb9efd61daf0,Connect the Dots - Color Game,"$3,149"
5fb510aa8072bf0015d8d59d,Tap2Play LLC,60e41f4d76d07ccbb31c2f6f,FTR_ANDROID_Fidget Trading,"$3,148"
617916e8f3ef190017a83854,Digitalchemy,62581e128118d7c8a40aec80,Currency Converter Plus Android,"$3,142"
6297c4bc012073001b3df035,Yandex Inc.,6912064edcd984f22c652c3f,deveem_io-deveem-vpn,"$3,136"
64803209bfd9aa0011593484,Bluetile Games,69283643b88dcb4daa967f3d,Sort Journey - Travel Puzzle,"$3,129"
6297c4bc012073001b3df035,Yandex Inc.,69bbb45e6a450f7b4f11e1c4,yuechao-ma_com-ray-litter-stars,"$3,113"
561e8d926b8d90f61a00013e,Miniclip SA,66eab48b548cf7c84914c278,WAR Drone,"$3,108"
670153ce6f113e00119a0fad,SensusTech LLC,670156c0901d39379d5ac3ed,Remote Control for Android TV,"$3,108"
5fc671cbba624b0015a61bf1,Saygames LTD,5f196b226694ec0001781c5c,Stealth Master,"$3,100"
5fe2fafd6013fb0015208652,GamoVation,6246cce0a5da4be0fe1d78f0,Chess Club iOS,"$3,099"
56cb43391ba696884900000a,Ilyon Dynamics,620bb0bc522dd40c01d1ef94,com.master.triple3d.find_a_1620,"$3,080"
61e93624cf7a710017932586,"Appgeneration, Lda",6564ce913eb26e8fe73a4662,Smart Cleaner,"$3,074"
5d1495e8b6c82f00120db30d,Product Madness,5d4410805bf30c0017376feb,Lightning Link Casino Slots Android,"$3,071"
57398bfe4d0c2a683c0000da,Kefir!,68b6d55770bcfc8975dc6417,Sunday City,"$3,065"
5b5ec3e8337f272131edc824,MadBox,5d5e630cf7853d06d0c54d8c,Stickman Hook  iOS,"$3,064"
619b548fc9c9c1001796f1f6,Gimica GmbH,69ce8dfa93c260539036b241,com.gimica.threadform,"$3,063"
663c90f772fce00011b7f353,Citymapper (Via),66fffbb304a01a45408d13ff,Citymapper,"$3,063"
5fc671cbba624b0015a61bf1,Saygames LTD,6654729f39ab84e8d845ce70,Wasteland life iOS,"$3,056"
5c657afed9e6e60012bab5d9,gamestudiopsv@gmail.com,64cb459f49fc2279edeb95cd,1564657118,"$3,042"
5e3692d21cd3cb0018dd4329,SuperSonic Studios,67c5d98bb267104b50bac23b,Hole it!,"$3,040"
561e8d956b8d90f61a003365,Fingersoft Oy,55599f8db60c1a3a1900014f,Hill Climb Racing,"$3,029"
65b10d6ad5f847001168a1ea,SPARK STAR LIMITED,65bb6e434affe7a8358f0240,ДругВокруг,"$3,027"
61e93624cf7a710017932586,"Appgeneration, Lda",65006719a4f8fd44fc1731c4,myTuner Radio,"$3,021"
5c05196699e4374b87bda3b9,Tripledot Studios,67932115ffda0af1dd8c4b65,Gin Rummy: Classic Card Games,"$3,006"
699aa4324c0d69d44ce3d3fb,7 Hits Games LLC-FZ,699ad8b0502bf17c88447a15,Gummy Drop Android,"$2,999"
64803209bfd9aa0011593484,Bluetile Games,650963fe60aebaee1ce35153,Word Search Journey Puzzles,"$2,995"
5fc671cbba624b0015a61bf1,Saygames LTD,69f3251d41d4695486a13afe,Grass Master,"$2,994"
5fc618102e8dd2001579b65d,App Central ltd,6952845158c80b13f78f781c,Crazy Clinic Home Screen,"$2,993"
59e4bb543f0fa9a20900afa3,TabTale LTD,61c9c33f8f673c75ae74e9f0,Lamar Android,"$2,993"
6640b81d1d36b20011446b1f,Waveline Media FZ-LLC,6640b8f458030769d6220bf6,Nabd iOS,"$2,983"
561e8d956b8d90f61a0028f7,Nexters Global LTD,5a82eba6f8e38c6735001e7d,Hero Wars Android,"$2,967"
619b548fc9c9c1001796f1f6,Gimica GmbH,69c94b86a1176c00b1abea51,Tangram Heaven iOS,"$2,964"
6297c4bc012073001b3df035,Yandex Inc.,683976ee39e1c3b9776e4bb5,zavlad2_ru-thousandcardgame-android_bidding,"$2,962"
6297c4bc012073001b3df035,Yandex Inc.,66ec12b0f2fa5bc8304f9e8e,imelab_ iMe_android,"$2,958"
619b548fc9c9c1001796f1f6,Gimica GmbH,6448fd1811af6ec1f39a0376,Bubble Pop,"$2,952"
5e072f709b72ee0018763bc3,TAPCLAP,641c562487be9c5a5185358f,Pirate Treasures - Gems Puzzle,"$2,951"
6297c4bc012073001b3df035,Yandex Inc.,6a0b15c0ea1371b7b7d2bd6a,seamobi-dev-gmail-com_fsnl-SpeedVPN,"$2,944"
61e93624cf7a710017932586,"Appgeneration, Lda",6620f1b6853bc6953cc56c8c,Radio CO,"$2,940"
5cc173c6d788b30012b2ff51,Loop Games A.S.,640eed65b4c2dda80e960557,Number Match,"$2,929"
56d55c72562b9c353800000d,Voodoo,5a8c3943d21df82a030009a3,Helix Jump,"$2,927"
577a61dcda179a9c3f000089,Kolibri Games (fka Fluffy Fairy),577a63137498d903690000b3,Idle Miner Tycoon,"$2,923"
67a0d88e77bd1c00117ad4f5,Rock Rim Media Inc,67deadb9c0f3b12f78d9733d,"VK iOS: social network, messenger","$2,920"
56d55c72562b9c353800000d,Voodoo,68c99f63c01c1ca4267e5ee9,Beads Out,"$2,910"
5bec0018c9af0a7962a96f4a,Rollic Games,67f6602ae9924abb27e06d8e,SlitherRush,"$2,905"
61e93624cf7a710017932586,"Appgeneration, Lda",6256cc0fd442beff471ae9af,Word Connect,"$2,902"
6821f44e379ae300116eba49,inforoad GmbH,68248c325d76eda5a687a294,Clever Tanken Android,"$2,899"
619b548fc9c9c1001796f1f6,Gimica GmbH,69c94e109687533e5335f517,spider Stack,"$2,891"
58f71febd4e19c8f3b000fff,Soccer Manager Ltd,65b0e2f8aad06991469bbd88,Soccer Manager 2025,"$2,885"
604a7ccb4f898b00151e2797,FunCraft,687fbbeb0c57d8be6eea7dd4,Bingo Dice,"$2,854"
69eb7528a33b05d61de623e5,DVapps AB,69eb79e13e2ffb9da91d6d3f,Granny_Android_Interstitial,"$2,848"
6297c4bc012073001b3df035,Yandex Inc.,68fa20c93b9fb0eb81c8f920,yan443193697dex_vpnwhale,"$2,841"
59e4bb543f0fa9a20900afa3,TabTale LTD,5fa952a8447cc63a415502da,Phone Case DIY iOS_CL,"$2,836"
627b73f7023d420018e2f038,Chardonnay Partners LLC,65252a2822e02a63334660ad,Word Maker iOS,"$2,834"
63d229657d9fc60014b1afdf,Paxie Games,63e326a43efda38ea8c0fed5,Merge Studio And,"$2,829"
5c6d3f727ba3842bffdc24f1,Beresnev Games,66bf54c76bdfe2cbb4e5d778,Race Master,"$2,828"
5f58b1ac675b0600157e7105,Papaya Gaming,5f58b22af19a330001ecbe7c,Bubble Cash,"$2,827"
561e8d976b8d90f61a003bab,Estoty LLC,67c6bb7c658cf18e67f46049,I am Cat,"$2,813"
59ff73a9eb02606d5200174f,Heatherglade,6220adf3a4a442ed2494a5da,Idle Guy,"$2,811"
67a0d88e77bd1c00117ad4f5,Rock Rim Media Inc,67dead6ec0f3b12f78d97338,OK: Social Network,"$2,811"
5b84c65ca73f7a027c553f4a,Rewards Game,6905a93f2e9735e4101eaf5d,Color Pixel Shooter,"$2,808"
647064a3001eb40011826210,Zuuks Games,647065e488c4496aef0da005,Truck Simulator : Ultimate,"$2,805"
5bb6123fa4ae3604537ad781,Fugo Games,67ae222a099d7cdb3417251e,Word Master Android,"$2,804"
561e8d976b8d90f61a003bab,Estoty LLC,683e9fb7976f6819c686bfb7,Frost World,"$2,803"
5fc671cbba624b0015a61bf1,Saygames LTD,646ca998666e9090ff9f5cf4,Resourcer,"$2,802"
5c05196699e4374b87bda3b9,Tripledot Studios,654a325dd1c31fd96c33f9fb,Cross Math Android,"$2,802"
6267e053f2d4b90018ad84e4,Burny Games,65b343ef8f74f036798538f2,Colorwood Sort Puzzle Game,"$2,793"
617916e8f3ef190017a83854,Digitalchemy,6266fe3aca876110810a8abf,Period Calendar Android,"$2,791"
5a53889945eaab512501251e,AddApptr GmbH,670e5e6220deb557b6b20af3,HLTVorg_HLTV_iOS,"$2,785"
5bb6123fa4ae3604537ad781,Fugo Games,664b32c6e0cbed6459a1d0f3,WoW Zen Android,"$2,773"
65e71ba517069f0011a36cfa,Rounds,67a9ea53c1d0e427bfd04128,Simple Calendar,"$2,769"
57398bfe4d0c2a683c0000da,Kefir!,617298a270ec9addc9327768,Last Day on Earth Android,"$2,764"
561e8d956b8d90f61a0030cf,Ketchapp,5cfa7cc763d59454195e8849,2048 iOS MAX,"$2,761"
57d1b461ae2b57d903000027,Easybrain Ltd,5ebc16f75ebede000128445b,Solitaire Spider GP,"$2,761"
5c6a96f373ca3d6bbe3fff38,AppQuantum,6149c870a4666e28ac0bfbc7,Lumber inc (iOS),"$2,756"
561e8d936b8d90f61a0011da,Tactile Entertainment,5cb084d88b248c001130813c,Lily's Garden [App Store],"$2,752"
561e8d956b8d90f61a003219,"Appodeal, Inc.",590c9ac54d1c3bc23b000c39,com.MadOut.BIG/73922,"$2,750"
670153ce6f113e00119a0fad,SensusTech LLC,6701568b6463444629ac65e3,Remote Control for Rоku & TCL,"$2,747"
561e8d936b8d90f61a000662,nerByte GMBH,5fd1dbd586e927acbf089dfd,Spider Android,"$2,746"
619b548fc9c9c1001796f1f6,Gimica GmbH,6572dc8ea475438b9f7963b8,Tile Match Pro,"$2,741"
5eb3c48aa80eba00159907c3,Matchingham Games Limited,653be37117328877a39ec650,Animal Hunter_Android,"$2,733"
647064a3001eb40011826210,Zuuks Games,64706577676fd347ebc0b3c3,Bus Simulator : Ultimate,"$2,724"
57398bfe4d0c2a683c0000da,Kefir!,68af0d99fc3f0359d1a438e0,Sunday City: Sim Life,"$2,723"
61e93624cf7a710017932586,"Appgeneration, Lda",65006a38a4f8fd44fc1731d8,Radio DE,"$2,721"
561e8d936b8d90f61a000838,Social Point,5bc5a552a7806402bb3625e0,Dragon city iOS iS,"$2,717"
57d1b461ae2b57d903000027,Easybrain Ltd,673c9621f4ded7f554b486cd,Hidden Spots IOS,"$2,711"
5fc671cbba624b0015a61bf1,Saygames LTD,6385e6e367a220fbe5fba801,Vehicle Masters,"$2,708"
57d1b461ae2b57d903000027,Easybrain Ltd,696e0a48efa06da9cbed45fa,Arrow Puzzle iOS,"$2,691"
5fc618102e8dd2001579b65d,App Central ltd,6984601de6f73fe2b5840744,Pixel Monsters Launcher,"$2,677"
6666afb99ec3300011cdf91d,Appvestor ApS,6666b0c1546a6ecbfaa58603,AV - Call & Block - com.sappalodapps.callblocker,"$2,674"
5735de0ebcd1970756000054,PLAYGENDARY LIMITED,5735de75e02a8cfc550000b2,Bowmasters,"$2,668"
61e93624cf7a710017932586,"Appgeneration, Lda",64e72047141e8c0978ae439c,Radio Colombia,"$2,662"
5dd4218d593be30017cbe726,Joyride GmbH,5dd421c7e44ab0001721ef5f,JMO-A,"$2,649"
5fc671cbba624b0015a61bf1,Saygames LTD,683f027e096c91e0c7b377b1,My Sticker Room,"$2,640"
561e8d956b8d90f61a003219,"Appodeal, Inc.",6822d3466b30ee9d4d5dbb42,com.vpnhouse/767460,"$2,628"
64803209bfd9aa0011593484,Bluetile Games,695e6bd1012a302218f6693b,Sort Journey - Travel Puzzle,"$2,626"
59e4bb543f0fa9a20900afa3,TabTale LTD,64185442e87be9678a7bc049,Glow: Fashion Idol Google_CL,"$2,625"
5819f59c563213f87a000123,Pixel Federation,5819f87c833403037b0000d2,Diggy's Adventure,"$2,621"
561e8d956b8d90f61a003365,Fingersoft Oy,573082f8607a4e6d62000059,HCR 2016 (iOS),"$2,612"
561e8d946b8d90f61a001509,Outfit7,5433b77cfc55bb3f04000014,My Talking Angela - Android,"$2,603"
561e8d926b8d90f61a00013e,Miniclip SA,647dcd1762d1fcf5a60b533d,Speed Stars iOS,"$2,596"
5735de0ebcd1970756000054,PLAYGENDARY LIMITED,5a7da53019a5bacf1a0002e8,Tomb of the Mask,"$2,591"
5d1495e8b6c82f00120db30d,Product Madness,5d441277343c330017be9765,Cashman Casino IOS,"$2,581"
561e8d936b8d90f61a00134a,Veraxen Ltd,5ac780e71a839166af6b178c,Jigsaw Puzzle For Adults Android NEW,"$2,573"
60abbe0138d6920017b43190,Newry Global Media sl,68062c7dc04e125443c1e393,GPS276-01 - PDF Reader App,"$2,565"
561e8d946b8d90f61a002087,Rovio,6512ae485551fd9849db8def,Angry Birds Dream Blast (Spender),"$2,563"
617916e8f3ef190017a83854,Digitalchemy,644a5b23dfe96b344d33ddec,Fraction Calculator Plus iOS,"$2,563"
56d55c72562b9c353800000d,Voodoo,62154ba2c1aeb964ddda691c,Wizz - Make new friends - iOS,"$2,555"
57d1b461ae2b57d903000027,Easybrain Ltd,5ed7a4a424d95f000191aeeb,Nonogram Multicolor iOS,"$2,551"
56d55c72562b9c353800000d,Voodoo,60be1f9fcf519370e1717d7d,Collect Em All!,"$2,547"
61e93624cf7a710017932586,"Appgeneration, Lda",65006855b30c764e0a11efb0,Radio FR,"$2,538"
5fc671cbba624b0015a61bf1,Saygames LTD,68b56e9d336ff3da36c5d683,Hexa Shift,"$2,533"
5b84c65ca73f7a027c553f4a,Rewards Game,691fd30b0676c7ac38861e3f,Blaze Shooter,"$2,526"
64a6b4fdcca9af0011fc86b7,Vira Games Inc,68d42b6c243b588097fd7650,Life Sim 3D: Family Simulator,"$2,524"
561e8d966b8d90f61a0033c4,Moon Active,689afb00a1e0ba6b5d6a0fa7,Merge Hotel Empire: Design,"$2,520"
561e8d946b8d90f61a001509,Outfit7,5432c0f02f64768173000111,My Talking Angela - appstore,"$2,516"
61f942f0ba92d00017cd7a43,Team Terrible,61f9449586c322d60bac2138,Baby In Yellow,"$2,506"
58737456236d8f446400071c,FIOGONIA LIMITED,65fdab64896437e3f9e69b03,Solitaire iOS Fiogonia,"$2,501"
5c05196699e4374b87bda3b9,Tripledot Studios,5df90c9b66091a78d58161c2,Blackjack Casino Android,"$2,485"
5fc671cbba624b0015a61bf1,Saygames LTD,676aa37a106a4471a57c6c34,Watermelon Club,"$2,484"
5819f59c563213f87a000123,Pixel Federation,5819f8aa6bb5346334000165,Diggy's Adventure,"$2,484"
561e8d956b8d90f61a003069,IdeaSolutions S.r.l.,6381027ef4a02c77f3087f36,Amerigo Android,"$2,480"
5e3692d21cd3cb0018dd4329,SuperSonic Studios,671b4ccf25a5ffd5eca52fa3,Disassembly Master,"$2,478"
6297c4bc012073001b3df035,Yandex Inc.,69b7b3df1f89c74f7a8d160c,qichen-big_com-freevpn-vpn-fast-simple,"$2,469"
5fe2fafd6013fb0015208652,GamoVation,67190ec14a1ec2bd8d864fad,Mahjong Triple Club,"$2,464"
5eb3c48aa80eba00159907c3,Matchingham Games Limited,65c0eeedf31d94e5290f5f07,Animal Hunter_iOS,"$2,463"
61e93624cf7a710017932586,"Appgeneration, Lda",6511955c0e8e377c60310e1b,Radio UK,"$2,441"
6297c4bc012073001b3df035,Yandex Inc.,65f07efeffdf52c4905ee1bc,stolitomson_free.vpn.proxy.secure,"$2,427"
6247027c20721a0018bb6528,First Touch Games,64787b6711f74ed45246d310,Score! Hero,"$2,427"
58737456236d8f446400071c,FIOGONIA LIMITED,65fc16979fc751abe279f546,Word Universe Android,"$2,412"
5fc671cbba624b0015a61bf1,Saygames LTD,656de73f0c33641a15cb047a,Resourcer,"$2,400"
6021599b8b3e5600159fcc76,HITAPPS GAMES LTD,64ef106a4ca99f72ba7c5e9c,Picture Builder iOS,"$2,396"
561e8d966b8d90f61a0033c4,Moon Active,695b85c896e85e768a5694bd,Reality Bay iOS,"$2,390"
59fb487bbe77065f5800afc3,Azur Games,6564597df2be8e652a92ac8f,Train Miner,"$2,387"
619b548fc9c9c1001796f1f6,Gimica GmbH,6448facc85742373a3e120bc,Merge Blast,"$2,379"
5b84c65ca73f7a027c553f4a,Rewards Game,6a0bc153ea1371b7b7d2c720,Food Hunt,"$2,365"
561e8d926b8d90f61a00013e,Miniclip SA,608983bec6ed3ae6ebd0cfc1,Chess Clash,"$2,342"
5c05196699e4374b87bda3b9,Tripledot Studios,667500f6f646af2fcfc11eb8,Blossom Match: Puzzle Game,"$2,331"
561e8d936b8d90f61a000da4,XIMAD Inc.,569cf3b29ae6b1203d000008,Windows 8: Magic Jigsaw Puzzles,"$2,322"
64803209bfd9aa0011593484,Bluetile Games,67cacd640a3d5de492b67d4a,Zen Tiles - Mahjong Match,"$2,318"
5c657afed9e6e60012bab5d9,gamestudiopsv@gmail.com,65f81b98087f20f10516a7ba,6478971501,"$2,308"
627b73f7023d420018e2f038,Chardonnay Partners LLC,65252ae40e8e377c6031258b,Klonike iOS,"$2,304"
59fb487bbe77065f5800afc3,Azur Games,67371daf913e67d2955d3bfe,Tap Gallery,"$2,301"
561e8d966b8d90f61a0033c4,Moon Active,6963b25bdb109ebf7b7ad25b,Jelly Busters Android,"$2,300"
59fb487bbe77065f5800afc3,Azur Games,5e7b697a7b9a650001734e08,World War Heroes,"$2,298"
5fc618102e8dd2001579b65d,App Central ltd,65c23be4d63f23ff92210bb9,Ice Cream Roll - Cool Launcher New,"$2,293"
5fc671cbba624b0015a61bf1,Saygames LTD,68df8e797446ba296ffa3beb,Foodventure Inc: Idle Tycoon,"$2,282"
5e05c0a26057ae0017e7d51c,FlintCast s.r.o.,625fe84c5d6343e450a50f96,Dating with singles - iHappy,"$2,278"
619b548fc9c9c1001796f1f6,Gimica GmbH,65ba7202285feb2100629a32,Chef's Quest: Match Sensation,"$2,269"
561e8d976b8d90f61a003bab,Estoty LLC,6875025e61fad0cbc8862b25,Frost World,"$2,268"
5ec6f4dbdae5f50015c2980b,PCA Bear LLC,65caf79646d2d5fe8a6962ba,Playground Mod,"$2,267"
58737456236d8f446400071c,FIOGONIA LIMITED,65fdaed6f5d8b25533af0df5,Dominoes iOS Fiogonia,"$2,262"
5e3692d21cd3cb0018dd4329,SuperSonic Studios,66797484d022239028bfedff,Conquer Countries,"$2,261"
5fc671cbba624b0015a61bf1,Saygames LTD,69ccd34929ef4f8d2a744f24,Cozy Ropes iOS,"$2,258"
59e4bb543f0fa9a20900afa3,TabTale LTD,6140ae7d0382a376063dd442,Multi Maze iOS_CL,"$2,247"
58737456236d8f446400071c,FIOGONIA LIMITED,6674355af646af2fcfc11cf1,Match Match Match Android,"$2,246"
606b29ab14eb890015bd2f01,WeeWoo Mobile,622b4c8e91084a7a20a703a4,GPS164-01 - Copy My Data: Content Transfer,"$2,235"
619b548fc9c9c1001796f1f6,Gimica GmbH,64ec93557dd0db95c8120d68,Mix Blox,"$2,233"
561e8d966b8d90f61a0033c4,Moon Active,57173acc4e8b174875000026,My Cafe Android,"$2,233"
561e8d946b8d90f61a001f18,Nordcurrent,5f80642d40c52b7547da9f50,Airplane Chefs,"$2,230"
643d1561e09b08001442e672,Sliide,68efab604ebb41ab326d8100,TheDaily-Tiger,"$2,213"
561e8d936b8d90f61a00136a,MWM,6065c83c555e1e571854b738,Pro Color,"$2,207"
56d55c72562b9c353800000d,Voodoo,67a258d9f3986714c77f117d,Gear Fight!,"$2,206"
64803209bfd9aa0011593484,Bluetile Games,678e30742484c67c03b17533,Mahjong Voyage: Tile Matching,"$2,206"
63d229657d9fc60014b1afdf,Paxie Games,68c955d63d24db7d9d08eef7,Wiggle Escape,"$2,198"
5c657afed9e6e60012bab5d9,gamestudiopsv@gmail.com,69f063c6650039032ad3d77c,1610773520,"$2,195"
5efd8ef70165690015e8b224,Blackout Lab SL,5efd90c125fded000166c43a,Bubble - Android,"$2,174"
64803209bfd9aa0011593484,Bluetile Games,67f5279f9c3da54da056a40d,Zen Tiles - Mahjong Match,"$2,173"
57d1b461ae2b57d903000027,Easybrain Ltd,5f7c0ba2b835741bbec05e2f,Killer Sudoku GP,"$2,171"
561e8d926b8d90f61a00013e,Miniclip SA,659fd3393133fb3ba24a3dba,Carrom Pool: Disc Game,"$2,167"
561e8d976b8d90f61a003e29,Vizor Apps Ltd,58da773ae4f8bf8a4800108a,Klondike iOS,"$2,162"
5d074f140fbc770017190dd2,RUBY OYUN VE YAZ. DAN. SAN. TIC. A.Ş.,5da6dc3359f5670018ae7ccf,HunterAssassin_AND,"$2,161"
5fc671cbba624b0015a61bf1,Saygames LTD,69469630de78228fcc074eaf,BagMaster Isekai,"$2,150"
6267e053f2d4b90018ad84e4,Burny Games,63559f5be5f0bb6a9f621f94,Playdoku (iOS),"$2,147"
5fc671cbba624b0015a61bf1,Saygames LTD,68c7f91927e8c1bbd98b993d,Roll The Hole,"$2,147"
5fc671cbba624b0015a61bf1,Saygames LTD,5f196b618ffe460001a440f7,Stealth Master,"$2,138"
561e8d936b8d90f61a001168,IsCool Entertainment,59d79942143c3e9b09005bd7,Word Garden : Crosswords,"$2,133"
5fb510aa8072bf0015d8d59d,Tap2Play LLC,69a9323b900e8495e50fba1a,IBE_IOS_Idle Ball Escape,"$2,133"
561e8d956b8d90f61a002a2f,BoomBit Games Ltd,59a5436b579efd1c240023cf,Dartsy ANDROID,"$2,128"
561e8d946b8d90f61a002087,Rovio,5bae373ee8801f307022b329,Angry Birds Dream Blast,"$2,126"
65241b8db3ff7d001153bca8,Onefootball Gmbh,652d62983acf1b5f6538365d,OneFootball Android,"$2,121"
577a61dcda179a9c3f000089,Kolibri Games (fka Fluffy Fairy),577a626b0e1a47b43f0000ab,Idle Miner Tycoon,"$2,109"
5a6f56062c250d182f0056f3,Kwalee Ltd,67c060d3b5a7d2bd8485ce41,Queens Master iOS,"$2,108"
5cda78f561a35300113a86ab,Moonee,67b495582363a440422ff3f2,Dump Truck,"$2,105"
5efd8ef70165690015e8b224,Blackout Lab SL,5f3e92c4b75a77000139528b,Bubble Rainbow,"$2,103"
561e8d976b8d90f61a004735,Dots,5b7c63748734f02f83929e90,Twdots Android,"$2,102"
5fc671cbba624b0015a61bf1,Saygames LTD,5fd762835e487382e67c6548,DOP 2: Delete One Part,"$2,101"
606b29ab14eb890015bd2f01,WeeWoo Mobile,6734c189d46a6042b35b8a04,GPS258-01 - QR Scanner - Barcode Scanner,"$2,100"
617916e8f3ef190017a83854,Digitalchemy,6422eaa0716f711ab2e01b73,Calculator Plus with History iOS,"$2,095"
561e8d966b8d90f61a0033c4,Moon Active,6017ee664895cdbcfb059398,Zen Match Android,"$2,091"
65e71ba517069f0011a36cfa,Rounds,67af23d9390c720c73a0cc3f,Audio Player,"$2,083"
6297c4bc012073001b3df035,Yandex Inc.,69689e32b6c7ab8878a11511,yurihead_com-cronos-recordplayer,"$2,076"
60f059faaf96d700177d115f,Yolo Oyun Yazılım ve Pazarlama AS,6269c7ff5bcf7f1b2316874b,Find Differences Search & Spot_iOS,"$2,075"
59ff73a9eb02606d5200174f,Heatherglade,5f1fe0ac8ffe460001a4463d,Idle Guy,"$2,065"
68c94077c9fade0c8c4b5be8,LETGO MOBİL İNTERNET SERVİSLERİ VE,68cac2a497c5a555814d494a,Letgo_Android,"$2,065"
57d1b461ae2b57d903000027,Easybrain Ltd,67d19cd4e3373f37dc63670d,Number Tiles GP,"$2,065"
66e545690f05bd0011e185b8,JEDY APPS TECHNOLOGY LTD,67e26589c10b83f487d4c4b2,Gallery,"$2,056"
65e71ba517069f0011a36cfa,Rounds,67163b8b58450cca797bb1e7,Photo Lock App,"$2,049"
637c93290ad1a8001b64a071,MACHAPP Software Ltd,639067fdd8078568242f1745,Transparent clock & weather,"$2,048"
56d55c72562b9c353800000d,Voodoo,69e229a33851fb7a10cd7885,Path of Kings,"$2,047"
561e8d936b8d90f61a000838,Social Point,5bc5a6c53590c202a7a3ef7e,Monster Legends iOS IS,"$2,044"
6297c4bc012073001b3df035,Yandex Inc.,661e930a6942a19583bf8580,nektome_voice_and,"$2,041"
6297c4bc012073001b3df035,Yandex Inc.,685173cd8fb5e7c332790ef2,yuechao-ma_com-beautiful-bird,"$2,040"
5bec0018c9af0a7962a96f4a,Rollic Games,661d2c170e0761ce8e0a0065,Timeline Up!,"$2,036"
5bb6123fa4ae3604537ad781,Fugo Games,664b336ee0cbed6459a1d0fa,WoW Zen iOS,"$2,030"
5e3692d21cd3cb0018dd4329,SuperSonic Studios,6727645e640cc01ab98a9707,Disassembly Master 3D,"$2,022"
57840ccb9cf122a434000054,Seriously,5632361e9fff39ca16000011,Best Fiends - iOS,"$2,020"
5fc671cbba624b0015a61bf1,Saygames LTD,61b9ca567990cec74bc729fd,DOP 4: Draw One part iOS,"$2,011"
5bb6123fa4ae3604537ad781,Fugo Games,60acad91c9445c4980eac178,Words Of Wonders: Guru - iOS,"$2,008"
5bec0018c9af0a7962a96f4a,Rollic Games,6203e14e0245ef25cee3e5e3,Fill The Fridge,"$2,006"
6297c4bc012073001b3df035,Yandex Inc.,683ed63a976f6819c686c445,daymont87_ru-bestfeeds-VK-Feed_bidding,"$2,003"
5fc671cbba624b0015a61bf1,Saygames LTD,638f102be40e9e17b67ee74f,Perfect Lands,"$2,002"
561e8d976b8d90f61a00402a,Gameloft - Master Account,5a03240722fb62d46c0009b0,Asphalt 9 Android,"$1,997"
56d55c72562b9c353800000d,Voodoo,6821e9685d76eda5a687889c,The Almanac,"$1,997"
6297c4bc012073001b3df035,Yandex Inc.,6a26dc211aa91a42d50e5b4f,xploit1997_appgallery_C103695363,"$1,992"
619b548fc9c9c1001796f1f6,Gimica GmbH,66f44087625d91c8b3694fdc,Tangram Heaven,"$1,991"
561e8d936b8d90f61a000da4,XIMAD Inc.,5587c25959b1a0201a0001ad,iOS: Magic Jigsaw Puzzles,"$1,987"
61e93624cf7a710017932586,"Appgeneration, Lda",655ba1f92494ab76ffed7f8d,Radio MX,"$1,985"
655c9ef75942160011cb5867,PROGAMESLAB LTD,655c9f6f87876843d0b54b28,Goblins Wood (iOS),"$1,983"
619cc4d31a366f0017fe8d06,AI CREATIVITY S.R.L.,619cf02bfb4180914b22460e,Fonts iOS,"$1,976"
561e8d926b8d90f61a00013e,Miniclip SA,60c9dbd5be78bbdb97b2f074,Pure Sniper,"$1,976"
5fb510aa8072bf0015d8d59d,Tap2Play LLC,60e4220fe8e551a166c96e41,FTR_IOS_Fidget Trading,"$1,975"
5c52bd6ffbeb402419bef87d,SYBO Games,66d80e38e6845db6f88fb522,Subway Surfers City,"$1,974"
67d985067690520011429022,Playtika,696f8a7db09c1250baed4e2d,Slotomania,"$1,974"
5fc618102e8dd2001579b65d,App Central ltd,69493b1558c80b13f78efd77,It's Pee Time Home Screen,"$1,968"
619b548fc9c9c1001796f1f6,Gimica GmbH,61b09d4ecf3d2d42bd0627fc,Mad Smash,"$1,968"
619b548fc9c9c1001796f1f6,Gimica GmbH,67f8e58fe9924abb27e07b9f,Spider Solitaire,"$1,961"
5f69aef134a76100158aa316,Hypercell Games,67d2ff37475d5c0fa5705ae8,Wordpix Android,"$1,960"
5fc671cbba624b0015a61bf1,Saygames LTD,68b6d52a70bcfc8975dc6412,Renovation Day,"$1,955"
655c9ef75942160011cb5867,PROGAMESLAB LTD,655c9fdc87876843d0b54b2d,Goblins Wood (Android),"$1,951"
56d55c72562b9c353800000d,Voodoo,65c39f277ec96f667da803e2,Cup Heroes ANDROID,"$1,947"
561e8d956b8d90f61a003219,"Appodeal, Inc.",68765898e27c18d19b12f04b,com.pirvelads.ftvl/769836,"$1,945"
6297c4bc012073001b3df035,Yandex Inc.,6911ef10844b74af78c4afeb,tds-easyapp_com-breakpoint-ficbook_ios,"$1,944"
5fc671cbba624b0015a61bf1,Saygames LTD,608c2dd6bf4918f99a7a07dd,Helicopter Escape 3D,"$1,942"
5fc671cbba624b0015a61bf1,Saygames LTD,6304e878f4d8c3fec60c39b1,Surprise Toy 3D Android,"$1,939"
561e8d936b8d90f61a000838,Social Point,5bc5a814a7806402bb362a6c,Monster Legends Android IS,"$1,939"
56d55c72562b9c353800000d,Voodoo,69e1f385b1e4be9ed9881d18,Path of Kings,"$1,934"
6297c4bc012073001b3df035,Yandex Inc.,6a14143427cc99a77349fcea,hornetltdprogrammatic_com-gethornet-HornetStories,"$1,933"
60112a3ed3c4a000156a31d9,Superplay,63340a08f0329813c5abfc58,Domino Dreams,"$1,930"
561e8d976b8d90f61a004288,Panteon Software,64297953dfe277b2b2fc5e4e,Raid Rush: Tower Defense TD,"$1,927"
627b73f7023d420018e2f038,Chardonnay Partners LLC,65254248d38855ef54ab0f04,Brick Blast Android (AAA Fun),"$1,924"
6276c973f70e7c001895be79,RobTop Games AB,62af21d8349ec91095a52d85,Geometry Dash SubZero Android,"$1,924"
59fb487bbe77065f5800afc3,Azur Games,5e03855f8bb8c57b40716914,WormsZone.io - Hungry Snake,"$1,921"
57d1b461ae2b57d903000027,Easybrain Ltd,6262b25b01290d797e8040b5,Solitaire Spider IOS,"$1,912"
561e8d936b8d90f61a0008da,Pixonic Games Ltd,5d078598c0978f193417b892,War Robots Multiplayer Battles,"$1,906"
561e8d976b8d90f61a004288,Panteon Software,64298c8218a774531f338b19,Raid Rush: Tower Defense TD,"$1,902"
5c657afed9e6e60012bab5d9,gamestudiopsv@gmail.com,60daf4887a6be5a6bd8ff5da,1570315891,"$1,897"
5fc618102e8dd2001579b65d,App Central ltd,68ef7eb3bea871f37200c07c,Crazy Farmer Launcher,"$1,894"
5fb27298d8ff880015e84750,MNO GO APPS LTD,5fd1c4e886e927acbf089de4,QuizzLand,"$1,891"
5c657afed9e6e60012bab5d9,gamestudiopsv@gmail.com,66431e776e3e372b114a8903,com.goplaytoday.sniper3d,"$1,891"
5fc671cbba624b0015a61bf1,Saygames LTD,62431d685ea4246a988f8d44,Decor Life,"$1,885"
59fb487bbe77065f5800afc3,Azur Games,61f14bf025acf4dea3028ac6,State Connect,"$1,877"
5e3692d21cd3cb0018dd4329,SuperSonic Studios,64a13aa1831ce850a7063d54,Build A Babe,"$1,874"
5c52bd6ffbeb402419bef87d,SYBO Games,66d80d6e5634666900b5c3ce,Subway Surfers City,"$1,874"
59fb487bbe77065f5800afc3,Azur Games,66e4092f7c813f28288a305f,Tap Gallery,"$1,871"
561e8d946b8d90f61a001509,Outfit7,67908176f372f630d3b73a9a,My Talking Tom Friends 2 - Android,"$1,871"
561e8d936b8d90f61a0011da,Tactile Entertainment,5cb08c294bbf1800123682c6,Lily's Garden [Google Play],"$1,871"
5c995001d788b30012b2eb21,Vistrex LTD,64a592cefaafda98af701921,Zombie Miner Android,"$1,860"
61e93624cf7a710017932586,"Appgeneration, Lda",650068eea62892b3016159b7,Radio PL,"$1,859"
561e8d936b8d90f61a0014bb,Soner Kara,5fc78054976cf2727407dee6,Traffic Racer Android,"$1,856"
5fc671cbba624b0015a61bf1,Saygames LTD,673dcdc5fa70582cee6be8cc,Gold Rush: Frozen Adventures,"$1,853"
56d55c72562b9c353800000d,Voodoo,69287122228a0149c4207003,Loop Sort,"$1,851"
65cb5af6a3d8e1001191d9d7,GameDuell GmbH,65cc84f07f94e82ba925ca5a,Belote iOS,"$1,846"
64803209bfd9aa0011593484,Bluetile Games,67a6100dac670fb86b0884e7,Mahjong Tile Voyage,"$1,841"
561e8d956b8d90f61a003219,"Appodeal, Inc.",591d3e835985c41b730017a0,com.tellurionmobile.tCraft/40541,"$1,838"
59baf14999eaaa880a002c38,LOOP GAMES SAS,617645e085c2234891413ba3,Yatzy iOS,"$1,834"
561e8d966b8d90f61a00392d,WISE WAVE CORPORATION LIMITED,61f5c23a2d963c306bd7ee51,Texas Hold'em Poker,"$1,830"
59fb487bbe77065f5800afc3,Azur Games,5defa93dbd53a72fd3247e6a,Hidden Objects - Photo Puzzle iOS,"$1,817"
561e8d966b8d90f61a00392d,WISE WAVE CORPORATION LIMITED,55d1cc1ad05df87b400004fc,Blackjack 21: Blackjackist,"$1,817"
5fc671cbba624b0015a61bf1,Saygames LTD,69a96fb9900e8495e50fc0bc,Grass Cut,"$1,814"
61e93624cf7a710017932586,"Appgeneration, Lda",65a509403133fb3ba24a4ac2,Radio FM - Radio UK,"$1,806"
56cb43391ba696884900000a,Ilyon Dynamics,5e1c73d63434b7001825f97b,bubble.shooter.exxtreme_a_893,"$1,805"
5c657afed9e6e60012bab5d9,gamestudiopsv@gmail.com,6853e9216d263a1c60dc1a7b,com.huaweiwatchfit.app,"$1,802"
561e8d976b8d90f61a003e29,Vizor Apps Ltd,58da78493dc1ff3975000dec,Klondike GP,"$1,797"
5b84c65ca73f7a027c553f4a,Rewards Game,68206be95d76eda5a6877aa8,Color Knitzy Out,"$1,790"
5fc671cbba624b0015a61bf1,Saygames LTD,638f10e7e40e9e17b67ee756,Perfect Lands,"$1,789"
5dcf09394f6eed0018145e58,Unico Studio LLC,69601a14fb7bd77b8e3febad,Brain Test 5 iOS,"$1,779"
5fc671cbba624b0015a61bf1,Saygames LTD,61641332bd73ef85523254ef,My Little Universe,"$1,777"
561e8d956b8d90f61a003069,IdeaSolutions S.r.l.,6384946383ddc42e5b36a62d,Total iOS,"$1,763"
56d55c72562b9c353800000d,Voodoo,5d5e73ddf7853d06d0c54f31,Crazy Kick iOS,"$1,756"
65e71ba517069f0011a36cfa,Rounds,662a44db853bc6953cc57a06,Flat Equalizer,"$1,756"
68a3020bea56f62fad3dc60f,Ferah Games LLC-FZ,68b840c36ad869d1601daaef,Triple Match City_iOS,"$1,754"
61e93624cf7a710017932586,"Appgeneration, Lda",6500689f5946c49eb49f6562,Radio BR,"$1,745"
561e8d966b8d90f61a0033c4,Moon Active,5710ead9711222430f00003a,My Cafe iOS,"$1,738"
5fe2fafd6013fb0015208652,GamoVation,5fe2fb473a1dac7d78ba9eb2,Quick Checkers Android,"$1,734"
5fb27298d8ff880015e84750,MNO GO APPS LTD,655611bf79812c40ce1ff002,TriviaScapes,"$1,733"
561e8d946b8d90f61a001f18,Nordcurrent,5f08659e0897e90001009cd9,Pocket Styler,"$1,721"
561e8d926b8d90f61a00013e,Miniclip SA,55b62dbb81df8f346100024e,Agar.io,"$1,720"
6363db9288f1fc0014d3183c,FUNTECH PUBLISHING LTD,63fe26b12473ccc94bd77152,ABPV FT Android,"$1,715"
5fc671cbba624b0015a61bf1,Saygames LTD,60a5488549d6f3143b6fcea8,Fork N Sausage,"$1,714"
5dcf09394f6eed0018145e58,Unico Studio LLC,66c8d1d0f04eb8d914d2a77c,Brain Test All Star iOS,"$1,706"
60112a3ed3c4a000156a31d9,Superplay,637f4d37aa677a0987e0a002,Domino Dreams,"$1,701"
5c657afed9e6e60012bab5d9,gamestudiopsv@gmail.com,660bba8a5b2dea6d39baf2b8,com.vpn.secure.proxy.guard,"$1,698"
56d55c72562b9c353800000d,Voodoo,65ba39f6d5857e078ac1c166,Archery Clash ANDROID,"$1,697"
561e8d936b8d90f61a001168,IsCool Entertainment,59d798d7490d1eae09004976,Word Garden : Crosswords,"$1,695"
5c657afed9e6e60012bab5d9,gamestudiopsv@gmail.com,654dea38c8354b1e0d016936,1174039276,"$1,685"
57d1b461ae2b57d903000027,Easybrain Ltd,6855732c53ef1303f912b258,Number Tiles IOS,"$1,683"
5e05c0a26057ae0017e7d51c,FlintCast s.r.o.,66f1aec95e3d4ff89ed60b51,Talkie Live,"$1,682"
561e8d976b8d90f61a003e29,Vizor Apps Ltd,651c62b892580af6d5f1aa46,GM,"$1,682"
5c995001d788b30012b2eb21,Vistrex LTD,6597fb04cb80766e10776f5c,Zombie Miner iOS,"$1,681"
69a816c2814b9fb75404bc85,Kinkajoo Ltd,69d20bde7a24710416475352,Android Rummikub Israel,"$1,670"
5d1495e8b6c82f00120db30d,Product Madness,5d44105e343c330017be95e5,Lightning Link Casino Slots iOS,"$1,667"
5c657afed9e6e60012bab5d9,gamestudiopsv@gmail.com,69383834dcd0ca7503954ddf,com.soomapps.screenmirroring,"$1,666"
63f72be5cdfbcd00142028c0,Mongoose Net Ltd,63f72c6ad022f55a864ebefd,Solitaire Bliss Collection Android,"$1,665"
68ca90f7cdcaeb20374f5716,Syncme,68ca949aebc4d0ee151622eb,Sync.me,"$1,665"
6276c973f70e7c001895be79,RobTop Games AB,62af22ab7ce32c085974afc2,Geometry Dash SubZero,"$1,664"
5dcf09394f6eed0018145e58,Unico Studio LLC,6679b5703a2fe58e15167c11,Brain Test All-Star Android,"$1,663"
5e3692d21cd3cb0018dd4329,SuperSonic Studios,600807460363abe5cede07da,Going Balls ADR,"$1,663"
561e8d956b8d90f61a003219,"Appodeal, Inc.",66be026b963742d9728aa7bd,com.wudid.WorkCalendar/730172,"$1,658"
5dcf09394f6eed0018145e58,Unico Studio LLC,69c2ebf1fc715c15d6ae896a,Math Solitaire Android,"$1,651"
5fb510aa8072bf0015d8d59d,Tap2Play LLC,68a80c2f85125a98e7cd4d91,GUH_IOS_Gun Hero,"$1,649"
56d55c72562b9c353800000d,Voodoo,6623f18f6942a19583bf8d6c,BeReal Android,"$1,649"
5bb6123fa4ae3604537ad781,Fugo Games,60acacf9cf4957c21093e014,Words Of Wonders: Guru - Android,"$1,643"
561e8d926b8d90f61a00013e,Miniclip SA,66eab4af548cf7c84914c280,War Drone,"$1,638"
619b548fc9c9c1001796f1f6,Gimica GmbH,69c936318a916d2a311534cd,Color dots,"$1,635"
56d55c72562b9c353800000d,Voodoo,6931b7edfc997dde431045fd,Sand Loop,"$1,634"
59fb487bbe77065f5800afc3,Azur Games,5eb338d0c1b1ac0001ccabee,Pick Me Up 3D! iOS,"$1,634"
561e8d936b8d90f61a000ade,Supercell,653b8d7695201dc8a91e38b4,Boom Beach Android,"$1,630"
6297c4bc012073001b3df035,Yandex Inc.,69808294ae37fe79a7af1a0b,niuniu20250729_com-techconnect-hitvpn,"$1,628"
5fc671cbba624b0015a61bf1,Saygames LTD,69737608644e2d875b8e2e4e,Wheres My Seat,"$1,626"
5a53889945eaab512501251e,AddApptr GmbH,69bd4a74c24858546252c4fc,TorAlarmFutebol_LanceFutebol_Android,"$1,625"
60c319e160f8540017a53701,Spyke Games,633e890cc8b7b10255b717ba,Tile Busters iOS,"$1,609"
58737456236d8f446400071c,FIOGONIA LIMITED,653b89602d4a09aa87d47377,Euchre iOS,"$1,604"
561e8d956b8d90f61a002a2f,BoomBit Games Ltd,665edb841c5137fed0edd7f8,Car Sales Simulator,"$1,602"
561e8d936b8d90f61a000cd1,InnoGames GmbH,5a796b08d76bfe102f0079db,Forge of Empires iOS,"$1,598"
561e8d976b8d90f61a00402a,Gameloft - Master Account,5873cad6a44cff1b570006fc,Disney Magic Kingdoms,"$1,594"
561e8d956b8d90f61a003219,"Appodeal, Inc.",5aecb0d30383ee24c2693c5b,com.sobaka.app/103127,"$1,591"
56d55c72562b9c353800000d,Voodoo,66b0bdbbaef015d56feddb29,Epic Plane Evolution,"$1,589"
5fc671cbba624b0015a61bf1,Saygames LTD,620f8d7d2648213ed08fb4e1,Decor Life,"$1,584"
57398bfe4d0c2a683c0000da,Kefir!,616d6aca904d841324d1511c,Last Day on the Earth iOS,"$1,580"
65e71ba517069f0011a36cfa,Rounds,67ab36dfac670fb86b08952f,Clone Phone,"$1,578"
6155ad11120d4a0017386a18,Agave Games,69ef5f05ccc1202aa4bb6569,Art Block Puzzle: Snap & Merge,"$1,577"
5efd8ef70165690015e8b224,Blackout Lab SL,5efd90a325fded000166c435,Word - Android,"$1,574"
66b9be9902ae2000118d10c8,Holy Water Limited,66aab34faef015d56fedc9f0,My Drama,"$1,570"
561e8d946b8d90f61a001509,Outfit7,5bbb37cf40a3d604346fa809,Hero Dash - Android,"$1,569"
6297c4bc012073001b3df035,Yandex Inc.,685eafd4a49e6497f395dbcf,yuechao-ma_com-beautiful-bird-lite,"$1,568"
64678a9ed7125400115d9869,GenDigital,6504121e5551fd9849db7ad6,Avast Cleanup,"$1,567"
6297c4bc012073001b3df035,Yandex Inc.,62dac842729f606e4801c5a2,Yandex Games,"$1,564"
56d55c72562b9c353800000d,Voodoo,662fa8da7911ea06b391f08d,Clash Of Colors 3D,"$1,558"
68b71eb3d7cac5dae6e2a61f,Mobicia Limited,68b746df336ff3da36c5ec21,BusTimes-Android,"$1,552"
561e8d956b8d90f61a003219,"Appodeal, Inc.",5ef102f8ea85ad692953bf48,com.monkeyibrowstudios.worldsoccerchamps/553231,"$1,551"
59fb487bbe77065f5800afc3,Azur Games,605dde0782080856bc7cee61,State.io,"$1,550"
5819f59c563213f87a000123,Pixel Federation,67bc6f08c96b4c09d8bd4aa2,Train Station 3 - GP,"$1,548"
561e8d936b8d90f61a00035c,Supersonic Software Ltd.,550704329c621af846000068,World's Biggest Picture Cross,"$1,547"
561e8d936b8d90f61a00134a,Veraxen Ltd,68b19c41f4e164eff1c8318f,Goods Sort iOS,"$1,539"
65e71ba517069f0011a36cfa,Rounds,67a4b7419fe5d49d4b56f8be,Universal Remote,"$1,536"
5fe2fafd6013fb0015208652,GamoVation,69f9faf841d4695486a1b2b0,Goods Sort Club,"$1,534"
604a7ccb4f898b00151e2797,FunCraft,654e10e1a82fe1a9a3fa5704,Dice Yatzy,"$1,534"
64803209bfd9aa0011593484,Bluetile Games,698b08828dabb6ba11f357ec,Pixel Blast,"$1,533"
5fc671cbba624b0015a61bf1,Saygames LTD,65252a2a5551fd9849dba2ab,Hidden Objects - The Journey,"$1,525"
6297c4bc012073001b3df035,Yandex Inc.,69cf4b6829183204e326e679,niuniu20250729_com-technexus-hit,"$1,514"
6297c4bc012073001b3df035,Yandex Inc.,661809ebc0c070078a977f55,nektome_анонимный чат,"$1,511"
619b548fc9c9c1001796f1f6,Gimica GmbH,6449078331ae7b322785e442,Block Hole Clash,"$1,509"
6297c4bc012073001b3df035,Yandex Inc.,6851624a3e498a8535216074,seamobi-dev-gmail-com_com-optimizer-booster-fast-speedy-phone-smooth,"$1,509"
5735de0ebcd1970756000054,PLAYGENDARY LIMITED,5b2281dcd251a65c71ad0338,Tomb of the Mask (Android),"$1,506"
561e8d946b8d90f61a002087,Rovio,5ea2a9ab89314f0001e2a659,Angry Birds 2 Windows,"$1,505"
5e072f709b72ee0018763bc3,TAPCLAP,6717985658450cca797bb6e4,Candy Valley,"$1,505"
5a6f56062c250d182f0056f3,Kwalee Ltd,612612b4085d97af81455be8,Traffic Cop 3D,"$1,491"
693a98f538cf425060b4c773,Mediafigaro,698b4e5ca3a2efa5595260d5,LCM - IOS,"$1,489"
5ab5070d69e58f7fca39bfe6,Green Panda Games,5e8c33a4b7deaa0001a327ce,BlackJack,"$1,489"
561e8d976b8d90f61a00402a,Gameloft - Master Account,5873ca9f3a2fdbe202000596,Disney Magic Kingdoms,"$1,489"
5fc671cbba624b0015a61bf1,Saygames LTD,69bbfa44c46c38717763b4bc,BagMaster Isekai,"$1,487"
617916e8f3ef190017a83854,Digitalchemy,6192617cfc2cbce72d29acc5,Stylish Calculator Free - CALCU™,"$1,483"
59fb487bbe77065f5800afc3,Azur Games,5beda0e2ef11fa00128519a9,Go Escape!,"$1,476"
5fe2fafd6013fb0015208652,GamoVation,69fcc4107e1f4431ec740242,Goods Sort,"$1,475"
5819f59c563213f87a000123,Pixel Federation,60c71be050f49e980d141489,Train Station 2 - GP,"$1,472"
56d55c72562b9c353800000d,Voodoo,65ba3992285feb21006298bc,Archery Clash! IOS,"$1,471"
5819f59c563213f87a000123,Pixel Federation,68122d23e2a5963c5d5171c1,Train Station 3,"$1,468"
561e8d956b8d90f61a003219,"Appodeal, Inc.",5ec3c05394d44745cf07acef,com.monkeyibrow.worldsoccerchamps/525606,"$1,464"
6297c4bc012073001b3df035,Yandex Inc.,69a7381a3630b752386bf5c8,tds-easyapp_com-anoshenko-android-fav-solitaires,"$1,458"
561e8d946b8d90f61a002087,Rovio,60bf24480d2e8357d7cfa73c,Angry Birds Journey,"$1,456"
619cc4d31a366f0017fe8d06,AI CREATIVITY S.R.L.,65169dbc60aebaee1ce36447,Alight Motion iOS,"$1,456"
5fb510aa8072bf0015d8d59d,Tap2Play LLC,65b3a16fd5857e078ac198a3,ZOA_IOS_Zombie Apocalypse,"$1,455"
59baf14999eaaa880a002c38,LOOP GAMES SAS,5e68bddcfd1a750001765a95,Yatzy,"$1,447"
59fb487bbe77065f5800afc3,Azur Games,65dc541627332d35a876c5e8,Train Miner: Idle Railway Game,"$1,440"
5bec0018c9af0a7962a96f4a,Rollic Games,69a59cc713ccef6d33211de6,CarParkSort,"$1,440"
6297c4bc012073001b3df035,Yandex Inc.,687f906eeb91ef8f5fcc0da3,yan443193697dex_com-NebulaTunnelF,"$1,432"
561e8d956b8d90f61a003219,"Appodeal, Inc.",66cccb4820321015a24ea081,app.mpod.meloman/761818,"$1,431"
5fc671cbba624b0015a61bf1,Saygames LTD,6751845eb2e3c24a29e816cb,Stitch Jam Android,"$1,430"
561e8d946b8d90f61a002087,Rovio,54b520f823824c1747000021,Angry Birds POP,"$1,427"
5c05196699e4374b87bda3b9,Tripledot Studios,68623b19c72ffbaa1f7fbd89,Cryptogram,"$1,426"
5c657afed9e6e60012bab5d9,gamestudiopsv@gmail.com,6793a520b7c0c84dcaf1bcb2,com.sports.live.football.tv,"$1,425"
65cb5af6a3d8e1001191d9d7,GameDuell GmbH,65cc80d17f94e82ba925ca3d,Belote Android,"$1,421"
59e4bb543f0fa9a20900afa3,TabTale LTD,5c8660dcafe29655789f60df,Amaze Google_CL,"$1,420"
561e8d946b8d90f61a001f18,Nordcurrent,5d076054b0322d00170010d9,Cooking Fever (Android),"$1,420"
561e8d956b8d90f61a003219,"Appodeal, Inc.",635b632b0a02555c8904922b,com.sockslitepro.net/738973,"$1,417"
5fc671cbba624b0015a61bf1,Saygames LTD,61641296c9be3bf3df2b38c1,My Little Universe,"$1,412"
561e8d926b8d90f61a00013e,Miniclip SA,5e8708e1546d740001376150,Golf Battle,"$1,408"
561e8d936b8d90f61a000afd,Ubisoft Mobile Games,517161a62f9be54f03000013,Hungry Shark Evolution iOS,"$1,406"
627b73f7023d420018e2f038,Chardonnay Partners LLC,652544d95946c49eb49f912b,Business Empire: RichMan Android (AAA Fun),"$1,399"
561e8d926b8d90f61a00013e,Miniclip SA,5e87176313c5fd000146c0c9,Golf Battle,"$1,398"
655c9ef75942160011cb5867,PROGAMESLAB LTD,691d729276a257043d0ced84,Goblin Miner iOS,"$1,398"
561e8d956b8d90f61a002a2f,BoomBit Games Ltd,5b0bc90385dd273cd905a0ce,Darts Club,"$1,396"
561e8d956b8d90f61a0028f7,Nexters Global LTD,5a858757eadf6c6135002589,Hero Wars iOS,"$1,396"
617916e8f3ef190017a83854,Digitalchemy,6448f06311af6ec1f39a0341,Currency Converter Plus Live iOS,"$1,391"
5cda78f561a35300113a86ab,Moonee,60e445e3d0bc2567342774ca,Monsters Gang,"$1,388"
561e8d956b8d90f61a003219,"Appodeal, Inc.",5aadecfe4a7f2166bec31525,com.PoxelStudios.DudeTheftAuto/101630,"$1,384"
56d55c72562b9c353800000d,Voodoo,61bf48045d92c744032a84fb,Jewels Planet,"$1,375"
56d55c72562b9c353800000d,Voodoo,62a8bf0ee27cbecf021d2675,Block Jam 3D IOS,"$1,373"
64803209bfd9aa0011593484,Bluetile Games,68c937f147baffd702db0f70,Hole Rush Classic Game,"$1,372"
5dcf09394f6eed0018145e58,Unico Studio LLC,673e3c9501f19870b2660165,Bus Craze iOS,"$1,372"
5fc671cbba624b0015a61bf1,Saygames LTD,61b9c999d742f310ce9f9007,DOP 4: Draw One part Android,"$1,370"
619b548fc9c9c1001796f1f6,Gimica GmbH,66be5f49b5852a686fdb65cd,Puzzle Pop Blaster,"$1,367"
602ad40427689c0015fb2d9e,PhotoCircle Inc.,6036ab43ec54cf44b481d7d7,PhotoCircle,"$1,363"
619cc4d31a366f0017fe8d06,AI CREATIVITY S.R.L.,63245eca60c5a29692fc20b5,Fonts Android,"$1,361"
57d1b461ae2b57d903000027,Easybrain Ltd,611e2861f5e309957deba0f7,Logic Puzzle GP,"$1,358"
6666afb99ec3300011cdf91d,Appvestor ApS,68de3ebd7446ba296ffa2c01,Invica infotech - Translator - com.voicetexttranslate.voicetranslator,"$1,349"
5a53889945eaab512501251e,AddApptr GmbH,62fb754a156da7ef1c7dd29b,IsarInteractive_SkatFREE_iOS,"$1,345"
59e4bb543f0fa9a20900afa3,TabTale LTD,686d21c535bf0df8a13d3d45,Super Stylist iOS New,"$1,338"
56d55c72562b9c353800000d,Voodoo,67a39491f3986714c77f11aa,Gear Fight,"$1,337"
5dd4218d593be30017cbe726,Joyride GmbH,5ddd5cf771a3aa0011bd24ae,JMO-I,"$1,334"
63d229657d9fc60014b1afdf,Paxie Games,63d2696af04e6d7dde44589d,Merge Studio iOS,"$1,330"
59fb487bbe77065f5800afc3,Azur Games,5d1f4a2cf7ef4c7189ec4622,Stack Ball - Blast through platforms,"$1,326"
561e8d936b8d90f61a000662,nerByte GMBH,5ed636f79ab11000013cb88b,Spider Solitaire,"$1,322"
5a689d947f4def81700028c6,Fumb Games,61f7f517445469a5aa7e64a7,Bitcoin Miner: Idle Tycoon,"$1,311"
68fb8a82c95620ff5d00eca0,Midas Games Kft,68fb8bb3a2cdf41cc58f4141,Spark Win Cash,"$1,306"
58737456236d8f446400071c,FIOGONIA LIMITED,670506a6c81241f35a622e2d,Match Match Match! iOS,"$1,305"
58737456236d8f446400071c,FIOGONIA LIMITED,660188580aa4012353420826,Canasta iOS,"$1,303"
65e71ba517069f0011a36cfa,Rounds,6870ddc961fad0cbc8860606,Hub Video Downloader,"$1,300"
69eb7528a33b05d61de623e5,DVapps AB,69ec705f7d6a547b8b024d36,Granny2_Android_Interstitial,"$1,298"
5c05196699e4374b87bda3b9,Tripledot Studios,682eb23e1cd2863ca808bb6f,Mosaic Match,"$1,295"
5ec6f4dbdae5f50015c2980b,PCA Bear LLC,65d4c6be7f94e82ba925e403,Gangs Wars: Pixel Shooter RP,"$1,291"
619b548fc9c9c1001796f1f6,Gimica GmbH,69cbe03e16bed8a141f8498c,Word Kitchen,"$1,285"
5fc671cbba624b0015a61bf1,Saygames LTD,611bbd347371c4b452aaa5bc,Zoo- Happy Animals,"$1,279"
5cda78f561a35300113a86ab,Moonee,63a08053fe19d7dd1b138ac7,Mechangelion,"$1,277"
561e8d936b8d90f61a0014ca,LOTUM Media GmbH,677bfa1fc6932d0e3d18b592,Word Blitz iOS,"$1,275"
561e8d966b8d90f61a00392d,WISE WAVE CORPORATION LIMITED,61f45d957298f76637d3d097,Blackjack 21: Blackjackist,"$1,272"
59fb487bbe77065f5800afc3,Azur Games,6800e0f6c2d810cdad0edfcd,Fashion Queen,"$1,272"
59e4bb543f0fa9a20900afa3,TabTale LTD,68ba9b0f6cae5b30e67c3ee3,Shoot & Hide iOS_CL,"$1,267"
59fb487bbe77065f5800afc3,Azur Games,698319088a0253803d2926b7,Claw master,"$1,266"
5819f59c563213f87a000123,Pixel Federation,60c71cbfc610692632df2c07,Train Station 2 - iOS,"$1,265"
63d229657d9fc60014b1afdf,Paxie Games,68fdefa863adfe977a1f5dba,Glow Tales,"$1,259"
561e8d936b8d90f61a00134a,Veraxen Ltd,671107b44e4ec015241367ad,Goods Sort Andr,"$1,259"
57d1b461ae2b57d903000027,Easybrain Ltd,5e88602862fc090001f21e63,Solitaire Android,"$1,252"
561e8d926b8d90f61a00013e,Miniclip SA,5942499f7f6e0f5824002bd0,Football Strike,"$1,251"
66b9be9902ae2000118d10c8,Holy Water Limited,66aab3bfaef015d56fedc9f5,My_Drama_android,"$1,249"
5bb6123fa4ae3604537ad781,Fugo Games,604f4cc1af50cadec07a56a4,Words of Wonders: Search - iOS,"$1,249"
5fc671cbba624b0015a61bf1,Saygames LTD,676abb9deeca080cadc58637,Watermelon Club,"$1,249"
561e8d976b8d90f61a00402a,Gameloft - Master Account,5a0323c922fb62d46c0008ac,Asphalt 9 iOS,"$1,243"
5c657afed9e6e60012bab5d9,gamestudiopsv@gmail.com,69e0d1a456e5916218c200e3,rtasports.live.hd.new,"$1,241"
561e8d936b8d90f61a0014ca,LOTUM Media GmbH,662a6a943b493c22d404cad9,Quiz Planet Android,"$1,241"
67d985067690520011429022,Playtika,696f8aac1fdcb2679d25ac5f,WSOP Poker,"$1,236"
619b548fc9c9c1001796f1f6,Gimica GmbH,643e8ef261f3a0f1b433b24c,Wooden Puzzle Bliss,"$1,234"
59e4bb543f0fa9a20900afa3,TabTale LTD,670cda3b901d39379d5ae888,Coffee Mania:Drink Sort Puzzle Google_CL,"$1,233"
6297c4bc012073001b3df035,Yandex Inc.,69bcff5bfcf5d62a80fd108c,yuw990054-gmail-com_com-vpn-fire-good-fox,"$1,233"
627b73f7023d420018e2f038,Chardonnay Partners LLC,6501da4a5946c49eb49f6776,Klondike Android,"$1,232"
5dcf09394f6eed0018145e58,Unico Studio LLC,642d554ce0a2a9dd43591a76,Brain Test 4,"$1,231"
68a3020bea56f62fad3dc60f,Ferah Games LLC-FZ,694010d0a5e39c9bec660837,Cryptogram_iOS,"$1,221"
561e8d966b8d90f61a00392d,WISE WAVE CORPORATION LIMITED,61f5c37c83c8c03b0e337e75,Texas Hold'em Poker,"$1,218"
5bec0018c9af0a7962a96f4a,Rollic Games,67b3499de9c06c560856a4d5,KnitOut,"$1,214"
69eb7528a33b05d61de623e5,DVapps AB,69f0e4b44e0ef4f1aa267178,Granny_iOS,"$1,214"
5eb3c48aa80eba00159907c3,Matchingham Games Limited,692eb8c0abee3367a0cfb4e3,Jigsaw Block Sort_iOS,"$1,213"
6297c4bc012073001b3df035,Yandex Inc.,697720c873c0a231fff7f898,mliu43734-gmail-com_com-vpn-tools-bitter-BitterVpn,"$1,212"
59e4bb543f0fa9a20900afa3,TabTale LTD,5f96c5e92da30d5c9f0346b5,Phone Case DIY Google_CL,"$1,211"
5a9d60d3b1c1666c2e0056ba,Homa Games,63d25ad3ef0a64f9d5fe88e2,Fight For America 3D,"$1,206"
561e8d936b8d90f61a001260,MAG Interactive,5d30483d9007f200175ed30a,Wordzee,"$1,205"
606b29ab14eb890015bd2f01,WeeWoo Mobile,6805f897e9487fc038cd685d,GPS272 - Music MP3,"$1,203"
5f69aef134a76100158aa316,Hypercell Games,69ce34223b78c17b94b7e3ce,Airport Empire iOS,"$1,202"
561e8d956b8d90f61a003219,"Appodeal, Inc.",5dde20e8b14df84e3f5607d1,com.darkforestcat.Cloud-Music/162666,"$1,202"
5d1495e8b6c82f00120db30d,Product Madness,5d4410165bf30c0017376f33,Heart of Vegas - Slots Casino iOS,"$1,199"
561e8d956b8d90f61a003219,"Appodeal, Inc.",56042ea9fe6e470932000009,org.aastudio.games.longnards/14338,"$1,195"
619b548fc9c9c1001796f1f6,Gimica GmbH,64f1b74118744ab0e084130c,Water Sorter,"$1,191"
5735de0ebcd1970756000054,PLAYGENDARY LIMITED,59b69ccd63f87aa175000ff6,Kick the Buddy,"$1,185"
561e8d946b8d90f61a001509,Outfit7,57f606ff09a160dd3800002e,My Talking Hank - appstore,"$1,185"
5fc618102e8dd2001579b65d,App Central ltd,6a05ab0f5d0339c565bd9817,Buns and Bounce Home Screen,"$1,181"
5a9d60d3b1c1666c2e0056ba,Homa Games,622a179c8ed09c853292420a,Aquarium Land,"$1,178"
6276c973f70e7c001895be79,RobTop Games AB,62a853cf2ea0ce9f01928bfe,Geometry Dash World Android,"$1,177"
61e93624cf7a710017932586,"Appgeneration, Lda",651195bc5946c49eb49f7b37,Radio IT,"$1,175"
561e8d936b8d90f61a001260,MAG Interactive,65ce1f6d27332d35a8769ee2,Wordbubbles,"$1,174"
6021599b8b3e5600159fcc76,HITAPPS GAMES LTD,627b89b235fce096055f46c6,Blockin Color iOS,"$1,173"
56d55c72562b9c353800000d,Voodoo,6543aacb982e2c33346c2b05,Monster Survivors IOS,"$1,172"
5fb510aa8072bf0015d8d59d,Tap2Play LLC,6464c6c772140876617c89da,DEC_IOS_Delivery Construct,"$1,161"
61e93624cf7a710017932586,"Appgeneration, Lda",655e166e2494ab76ffed8875,Backgammon,"$1,160"
561e8d956b8d90f61a0030cf,Ketchapp,56b22000828da9f42000000f,Stack,"$1,159"
5bec0018c9af0a7962a96f4a,Rollic Games,67e50e38571d8b5b896a61c7,DropAwayColorPuzzle,"$1,155"
5bec0018c9af0a7962a96f4a,Rollic Games,67125a587bccdeafa20f7cd0,BusPuzzle,"$1,154"
5c657afed9e6e60012bab5d9,gamestudiopsv@gmail.com,67af60f2099d7cdb34172a22,com.live.sports.plushd,"$1,149"
6093fd75b33a50001533d418,Goodgame Studios,60bf68c70ac016fb2bcfacc7,Big Farm Mobile Harvest,"$1,149"
5a6f56062c250d182f0056f3,Kwalee Ltd,5f47c0e4d5fb94000180eeb0,Teacher Simulator,"$1,148"
56d55c72562b9c353800000d,Voodoo,624452098ddaecca4dff7aef,Puff Up IOS,"$1,146"
5fc671cbba624b0015a61bf1,Saygames LTD,618a73b0ab20ae2a733ff87b,Dreamdale Android,"$1,145"
68f74b4ee1b49591953cd5de,Almedia,69c14378fc715c15d6ae6d04,Freecash iOS,"$1,145"
6297c4bc012073001b3df035,Yandex Inc.,69a0162a48b310bec64a83d7,qichen-big_com-coco-neon-vpn-fly,"$1,144"
561e8d936b8d90f61a0014ca,LOTUM Media GmbH,676022fba581db7f1018d9b4,Word Blitz Android,"$1,143"
68c94077c9fade0c8c4b5be8,LETGO MOBİL İNTERNET SERVİSLERİ VE,68cabfa7d63f84f5a18f29b5,letgo,"$1,141"
561e8d936b8d90f61a001260,MAG Interactive,5056e7fb6dbb5d9471cfbd50,Ruzzle,"$1,137"
561e8d956b8d90f61a002a2f,BoomBit Games Ltd,67a9cb675c0575584f32622f,Mini Golf Club,"$1,135"
6155ad11120d4a0017386a18,Agave Games,698b5f1fd2a96479c4932439,Find The Cat 2 - Spot it!,"$1,133"
5fc671cbba624b0015a61bf1,Saygames LTD,673dc6c506fc42059aa34c51,Last Stronghold iOS,"$1,132"
6297c4bc012073001b3df035,Yandex Inc.,693954570695a651fce9cc1b,niuniu20250729_com-yhixmo-em5go4,"$1,128"
561e8d936b8d90f61a001096,MyGames MENA FZ LLC,6620e3ab3b493c22d404b7e0,Fable Town,"$1,127"
5e3692d21cd3cb0018dd4329,SuperSonic Studios,6812451878f4df95e467d210,Unravel Master,"$1,124"
561e8d936b8d90f61a001168,IsCool Entertainment,59b13a796413db5d6d00297f,Belote Coinche Multiplayer,"$1,123"
66e545690f05bd0011e185b8,JEDY APPS TECHNOLOGY LTD,69805c32e6f73fe2b583c0da,Email - All Email Login,"$1,123"
619b548fc9c9c1001796f1f6,Gimica GmbH,65842f1be8525ecc5feb82ef,Word Kitchen,"$1,121"
561e8d946b8d90f61a001ade,Jelly Button Games,58a1c10244dfb6ec57000178,Pirate Kings Android,"$1,120"
5fb510aa8072bf0015d8d59d,Tap2Play LLC,63ff72c440f9e74e6c22fc38,SHO_ANDROID_Shoot It,"$1,119"
5dcf09394f6eed0018145e58,Unico Studio LLC,67e5bc4592e18aa254c97a1d,Wood Block Jam,"$1,117"
619b548fc9c9c1001796f1f6,Gimica GmbH,64426a3fee9202e720c49a99,Word Seeker,"$1,117"
63d229657d9fc60014b1afdf,Paxie Games,694abbc603a25037e083b1a9,Tap Shift,"$1,117"
561e8d936b8d90f61a001260,MAG Interactive,67fe0a6dcad65030e350e755,Crozzle,"$1,117"
5c657afed9e6e60012bab5d9,gamestudiopsv@gmail.com,67ebbda5b3b1c9bae6d71595,com.asadapps.live.ten.sports,"$1,116"
56d55c72562b9c353800000d,Voodoo,68d26a71fe17dfbd3032ec14,Color Bus Trip,"$1,114"
6666afb99ec3300011cdf91d,Appvestor ApS,68de62947446ba296ffa2e82,Khunt - Alarm - com.alarm.clock.tools,"$1,113"
5fc671cbba624b0015a61bf1,Saygames LTD,6393131899f7819dae374e02,Monster Demolition,"$1,111"
5e3692d21cd3cb0018dd4329,SuperSonic Studios,6812442478f4df95e467d205,Unravel Master,"$1,110"
561e8d956b8d90f61a0030cf,Ketchapp,573a04e27fc9710662000016,Ballz,"$1,108"
604a7ccb4f898b00151e2797,FunCraft,68f143dabea871f37200d7a3,Card Connect,"$1,107"
61e93624cf7a710017932586,"Appgeneration, Lda",6262d3a2ce7c29d60a276e3d,Dominoes,"$1,102"
5fc671cbba624b0015a61bf1,Saygames LTD,646ca8e3f490cbef7bed3a7d,War Regions - Tactical Game,"$1,102"
561e8d956b8d90f61a003219,"Appodeal, Inc.",62b2dc4064dd86e351d18ca4,com.shirokovapp.instasave/730109,"$1,096"
5c657afed9e6e60012bab5d9,gamestudiopsv@gmail.com,5f80619c0913fc6b0c444d35,com.unrealgames.RacinginCar2020,"$1,093"
59e4bb543f0fa9a20900afa3,TabTale LTD,67a34154f372f630d3b77200,Flop House iOS_CL,"$1,092"
5ec6f4dbdae5f50015c2980b,PCA Bear LLC,66d0779520321015a24eafa3,Gangs Wars City: Pixel Shooter,"$1,091"
561e8d956b8d90f61a0030cf,Ketchapp,590b5e2acd3a325166003aac,Rider,"$1,089"
56d55c72562b9c353800000d,Voodoo,595e027dce5a32937c0005b3,Flappy Dunk,"$1,088"
6297c4bc012073001b3df035,Yandex Inc.,69a03f1eedf03ffcc8ea1606,mliu43734-gmail-com_com-freevpn-fast-cat-pro,"$1,084"
5a53889945eaab512501251e,AddApptr GmbH,5acf3fa3dbb9e026163f0724,IT-PM_Futbin_Android,"$1,077"
561e8d966b8d90f61a0033c4,Moon Active,695b83f596e85e768a569495,Reality Bay Android,"$1,064"
561e8d956b8d90f61a003219,"Appodeal, Inc.",65d8ac3127332d35a876bf46,com.frigatestudios.durak/754385,"$1,064"
6297c4bc012073001b3df035,Yandex Inc.,684360a627757d510c99d20c,seamobi-dev@gmail-com_com.bear.vpn.super.fast.unlimited.connect,"$1,063"
6155ad11120d4a0017386a18,Agave Games,69ef5f3733b9fbfaacab81b0,Art Block Puzzle: Snap & Merge,"$1,062"
561e8d946b8d90f61a001509,Outfit7,57f5ffa57cd60caa02000100,My Talking Hank - Android,"$1,062"
5c05196699e4374b87bda3b9,Tripledot Studios,5ebd2b021b28e900013eccb1,Hey Color,"$1,062"
5f58b1ac675b0600157e7105,Papaya Gaming,63fdc104bd4a5e1e5b99f36d,Solitaire Cash,"$1,061"
643d1561e09b08001442e672,Sliide,6a1f51cf3de9ad13177df1af,Headlines - Tango,"$1,056"
561e8d946b8d90f61a002087,Rovio,595b6b64a1933fb35a0012f6,Angry Birds Match,"$1,048"
56d55c72562b9c353800000d,Voodoo,627a654dda144d6df7b431ef,Double Money IOS,"$1,047"
5fc671cbba624b0015a61bf1,Saygames LTD,60a54630be1857ea5c471b88,ForkNSausage,"$1,046"
561e8d936b8d90f61a000afd,Ubisoft Mobile Games,517161f767e2494e0300001c,Hungry Shark Evolution GooglePlay,"$1,037"
561e8d936b8d90f61a000e7b,ZeptoLab,5da5a3b78dbc810017eab0d6,Bullet Echo,"$1,035"
561e8d956b8d90f61a002a2f,BoomBit Games Ltd,67a9cb24c1d0e427bfd04090,Mini Golf Club,"$1,022"
56d55c72562b9c353800000d,Voodoo,6138c0617a4169b4b10f0602,Collect em All - Android,"$1,020"
6267e053f2d4b90018ad84e4,Burny Games,674845cefa70582cee6c0927,Colorwood Words Puzzle Games,"$1,020"
561e8d936b8d90f61a00136a,MWM,66a911c36ec8a1171865f2e4,Sincerely - Off My Chest,"$1,014"
5dcf09394f6eed0018145e58,Unico Studio LLC,5ec4331b7b6f1b00014bb324,Brain Test 2: Tricky Stories,"$1,014"
561e8d936b8d90f61a001096,MyGames MENA FZ LLC,6039073e62c520a77f7b9359,Rush Royale iOS,"$1,014"
561e8d946b8d90f61a001509,Outfit7,6768fbb087298a2a13dc59db,My Talking Tom Friends 2 - appstore,"$1,010"
561e8d926b8d90f61a00013e,Miniclip SA,671915f1192d50ecc531c27a,Cricket League,"$1,009"
61e93624cf7a710017932586,"Appgeneration, Lda",65d76be29a4122e9e0de9a97,Radio RO,"$1,009"
561e8d936b8d90f61a00136a,MWM,5ab0e40bfa479421490feae4,Piano [iOS],"$1,008"
619b548fc9c9c1001796f1f6,Gimica GmbH,69c940be8a916d2a3115357d,Hex Match iOS,"$1,007"
619b548fc9c9c1001796f1f6,Gimica GmbH,644f7e9211af6ec1f39a0969,2048 Puzzle Fun,"$1,006"
56d55c72562b9c353800000d,Voodoo,5e15990589e55a5709fef95b,Woodturning 3D Android,"$1,004"
65e71ba517069f0011a36cfa,Rounds,67b311c1e9c06c560856a3bf,Widgets iOS,"$1,003"
561e8d926b8d90f61a00013e,Miniclip SA,556626335b5193cf12000012,Soccer Stars,"$1,003"
5ec6f4dbdae5f50015c2980b,PCA Bear LLC,6543d6b9289b320de74f36c6,Sandbox In Space,"$1,002"
619b548fc9c9c1001796f1f6,Gimica GmbH,6925daafc74437f4954ea8b3,Threadform,$998
561e8d956b8d90f61a003219,"Appodeal, Inc.",66717475deebcbf4e4a08de9,com.kris.fileplay/730433,$995
6297c4bc012073001b3df035,Yandex Inc.,691b3512f3cd41299fea4886,alexeinovikoff_com-lyxoto-master-forminecraftpe,$992
59fb487bbe77065f5800afc3,Azur Games,5cbf74247b2d1b00112da4f8,Bottle Flip 3D,$988
59e4bb543f0fa9a20900afa3,TabTale LTD,66c7102a18a521b865426011,Bus Frenzy,$987
619376d458dde20017d66610,MATRYOSHKA GAMES (CY) LTD,673dfc6214a0e4daa676a3cd,We Are Cooking ios,$984
5cda78f561a35300113a86ab,Moonee,61965ebeeac329819be3e7c4,Who's the Alien,$983
5fc671cbba624b0015a61bf1,Saygames LTD,655e0b3e1df3e90d79a93f2f,Blocky Quest - Classic Puzzle,$982
5fc671cbba624b0015a61bf1,Saygames LTD,5fd754312a9403fd0de11a17,DOP 2: Delete One Part,$982
561e8d936b8d90f61a000da4,XIMAD Inc.,5f1740f9fd8df300014e356f,A: Domino,$981
5c52bd6ffbeb402419bef87d,SYBO Games,5e4e67c49c67e900177ffda7,Subway Surfers (COPPA),$977
561e8d936b8d90f61a000da4,XIMAD Inc.,5f17408d44ccf10001b15bb2,iOS: Domino,$976
5eb3c48aa80eba00159907c3,Matchingham Games Limited,5ebc23be8865f10001dead3b,Braindom-android,$975
5a53889945eaab512501251e,AddApptr GmbH,66699af588cc429f2d801d63,IsarInteractive_DoppelkopfLITE_iOS,$972
5fc671cbba624b0015a61bf1,Saygames LTD,64b1472ff5edf073b3bd2728,DOP 5: Delete One Part,$968
5bec0018c9af0a7962a96f4a,Rollic Games,6964fa1a6a8a41a7df40e127,HellEscape,$967
5efd8ef70165690015e8b224,Blackout Lab SL,6158561cd07ee456f8311306,Match3 - Android,$965
59fb487bbe77065f5800afc3,Azur Games,628ca1772e1855e5a2caff72,Hair Tattoo,$964
561e8d926b8d90f61a00013e,Miniclip SA,5953b85a21b061ff54003277,Basketball Stars™,$963
6297c4bc012073001b3df035,Yandex Inc.,69b932523c7d0f0d0e60d33d,turbotash-yandex-ru_com-grossvpn-exd,$961
561e8d936b8d90f61a000f17,Smart Project GmbH,66be0bf8e2d733cb76cdb2cc,Kitty Sort: Twisted Tails,$961
6297c4bc012073001b3df035,Yandex Inc.,676c0f96eeca080cadc58a7d,babyinsideapp_Pregnancy Tracker Week By Week,$951
561e8d926b8d90f61a00013e,Miniclip SA,5ea6ac4d8aa1590001f96e1a,Darts of Fury,$950
6666afb99ec3300011cdf91d,Appvestor ApS,66cf002333c4621052589ea4,AV - Voice Recorder - com.korrisoft.voice.recorder,$950
561e8d946b8d90f61a001509,Outfit7,51f899b6eeb1f8735300000d,Talking Ben - Android,$946
56d55c72562b9c353800000d,Voodoo,5cff766bcec2440017dd0a34,Aquapark.io,$946
5fb510aa8072bf0015d8d59d,Tap2Play LLC,643d6066ae364890de882064,ZOA_ANDROID_Zombie Apocalypse,$944
6276c973f70e7c001895be79,RobTop Games AB,62af21367ce32c085974afba,Geometry Dash World,$936
6640b81d1d36b20011446b1f,Waveline Media FZ-LLC,6640b97f61db5b0a875836fd,Nabd Android,$935
5bec0018c9af0a7962a96f4a,Rollic Games,64ec6e14993b2f0f1f1d1c40,MergetheJelly,$934
5c05196699e4374b87bda3b9,Tripledot Studios,5c093c1e795a3f3d76f2e465,Sudoku - A Classic Puzzle Game,$928
561e8d936b8d90f61a000ade,Supercell,653b7d27c4d4ba24c3663d3a,Boom Beach iOS,$928
5b84c65ca73f7a027c553f4a,Rewards Game,681f1a645d76eda5a687727c,Color Knitzy Out,$927
59fb487bbe77065f5800afc3,Azur Games,5d1f4b21646c540d61f0800a,Stack Ball iOS,$926
5dd4218d593be30017cbe726,Joyride GmbH,5dfb7a3308fb1400170d0764,PNK-A,$920
5bec0018c9af0a7962a96f4a,Rollic Games,68d274f0243b588097fd5efc,Parking Jam 3D,$920
561e8d956b8d90f61a003219,"Appodeal, Inc.",5d12836c6be36e0d5b763fd8,com.kraftwerk9.firetv/157381,$918
6276c973f70e7c001895be79,RobTop Games AB,62af1ed0be5d95f4a642a0de,Geometry Dash Meltdown Android,$918
6297c4bc012073001b3df035,Yandex Inc.,6981beba932fcb9012e72cb6,yuw990054-gmai-com_com-bluelink-nexus-key-vpn,$917
5fc671cbba624b0015a61bf1,Saygames LTD,5ddfc53389538900177a01ba,Chess Royale iOS,$915
5c6a96f373ca3d6bbe3fff38,AppQuantum,613723fbde44cf53e836470a,Lumber Inc,$914
5dcf09394f6eed0018145e58,Unico Studio LLC,68b2d09e71c490d59a886e5b,Game is Hard iOS,$913
5bec0018c9af0a7962a96f4a,Rollic Games,67b34c317077517f21dbf95e,KnitOut,$910
5fc671cbba624b0015a61bf1,Saygames LTD,5d52d6ce814ebd585b1bc97a,Sand Balls iOS,$910
627b73f7023d420018e2f038,Chardonnay Partners LLC,68b1b088a448e6d6c449513d,Brick Blast iOS,$908
561e8d936b8d90f61a00136a,MWM,637cdfcaf09cbf8ae87a1079,Swipewipe iOS,$907
59e4bb543f0fa9a20900afa3,TabTale LTD,62e79280e9cacff4699c6ccb,Magical Mixing,$907
65e71ba517069f0011a36cfa,Rounds,67ab31809fe5d49d4b570f96,Status Saver Max,$906
561e8d956b8d90f61a003219,"Appodeal, Inc.",61d5ecde2752df4144656f0d,com.hunter.net/721820,$904
561e8d936b8d90f61a0014ca,LOTUM Media GmbH,662a69bc853bc6953cc57a6d,Quiz Planet iOS,$904
561e8d936b8d90f61a001168,IsCool Entertainment,66967061fa880d1a7613037b,Crossword Daily - Arrow Word,$900
627b73f7023d420018e2f038,Chardonnay Partners LLC,69330796ead16dfa0e635fe9,Word Solitaire: Associations iOS,$900
5b84c65ca73f7a027c553f4a,Rewards Game,6a1422f8506d51d291ff3005,Food Hunt: Pixel Puzzle,$898
58737456236d8f446400071c,FIOGONIA LIMITED,66018b2ff5d8b25533af16d3,Canasta Android,$897
5cda78f561a35300113a86ab,Moonee,631729a60258528e7d785b64,Elemental Gloves,$896
5c657afed9e6e60012bab5d9,gamestudiopsv@gmail.com,6973672573c0a231fff7ca51,com.ufovpn.connect.velnet,$891
5a53889945eaab512501251e,AddApptr GmbH,66571ae7f62f7b0afda0fe17,IsarInteractive_Skat_Android,$885
56d55c72562b9c353800000d,Voodoo,62a8bf962ea0ce9f01928cd0,Block Jam 3D ANDROID,$885
6297c4bc012073001b3df035,Yandex Inc.,66bc83fe0be6380351b52de9,babyinsideapp_pregnancy_ios,$884
561e8d956b8d90f61a003219,"Appodeal, Inc.",6385c3357308d4a0e040f439,com.byng.downie/739681,$884
5cda78f561a35300113a86ab,Moonee,67c079e5c96b4c09d8bd5e6a,Pixel Sort 3D,$883
561e8d946b8d90f61a001ade,Jelly Button Games,58d251c39e728c976b00053d,Board Kings Android,$882
59fb487bbe77065f5800afc3,Azur Games,5e591bfbb818d51acfbab923,Chain Cube iOS,$880
65e71ba517069f0011a36cfa,Rounds,6909655598a1f1e2d3337f7c,Unknown name,$880
56cb43391ba696884900000a,Ilyon Dynamics,5a38fe8345eaab5125008d89,Bubbles Empire Champions,$879
561e8d976b8d90f61a003bab,Estoty LLC,67b4559ae9c06c560856a97b,I Am Security ios,$878
6155ad11120d4a0017386a18,Agave Games,67d3199d475d5c0fa5705b53,What The Hex! - Color Sort,$877
561e8d936b8d90f61a001260,MAG Interactive,5d304bad9007f200175ed3d4,Wordzee,$876
561e8d936b8d90f61a00035c,Supersonic Software Ltd.,5a04781cd0d008d904001b88,Puzzle Page,$876
561e8d956b8d90f61a003219,"Appodeal, Inc.",67111f467bccdeafa20f77fb,com.grykuby.minesweeper/762584,$876
689d90db26a6852357e6b80a,Forza Football,693968a193054362ea238141,Forza Football Android,$873
5bec0018c9af0a7962a96f4a,Rollic Games,5c5b04bc9ea12b001287645c,OnnectiOS,$869
561e8d976b8d90f61a003e29,Vizor Apps Ltd,5704d5d5df9a480f20000029,MTQ iOS,$869
63d229657d9fc60014b1afdf,Paxie Games,69160e25a4aa904933f418b2,Color Shooter,$868
619b548fc9c9c1001796f1f6,Gimica GmbH,644ba516abeffd039af2dbe9,Sudoku Genius,$866
5e3692d21cd3cb0018dd4329,SuperSonic Studios,615ecbb1887451644d09c881,Coloring Match,$864
561e8d946b8d90f61a002087,Rovio,60bf23ff2586012814aeefa7,Angry Birds Journey,$863
5c6a96f373ca3d6bbe3fff38,AppQuantum,646353cb56e1e36cd3f2d86c,Idle Outpost,$857
5c3c9ba19f3cbd45d7dae29c,TapNation,62e78b89e77a384b0a312c28,Thief Puzzle,$856
5e3692d21cd3cb0018dd4329,SuperSonic Studios,60253341f17830f1e02409e5,Bridge Race,$855
5cda78f561a35300113a86ab,Moonee,63db7934ce29430b4fc1d457,Mechangelion - Robot Fighting,$851
57d1b461ae2b57d903000027,Easybrain Ltd,5f7487026dc0946b892541d8,Nonogram Color GP,$848
66e545690f05bd0011e185b8,JEDY APPS TECHNOLOGY LTD,670440006463444629ac6d54,TikTok Downloader,$847
5fc671cbba624b0015a61bf1,Saygames LTD,67efede6665fb3221ee9cb06,Chainsaw Juice King: Idle Shop,$846
6297c4bc012073001b3df035,Yandex Inc.,660d48859183acf4e4d9bd97,reshetovalubovfed_com.hlcsdev.x.notepad,$842
561e8d936b8d90f61a0014bb,Soner Kara,5fc78d536d190e4dbac85834,Traffic Racer iOS,$840
5fc671cbba624b0015a61bf1,Saygames LTD,655e0c05a74dd488186a44f1,Blocky Quest - Classic Blocks,$839
63d229657d9fc60014b1afdf,Paxie Games,68fdefd863adfe977a1f5dbf,Glow Tales,$837
561e8d956b8d90f61a002a2f,BoomBit Games Ltd,5d9745842dfaac0017e6eb8e,Driving School Parking,$835
561e8d926b8d90f61a00013e,Miniclip SA,5953b89c8692d0313a000675,Basketball Stars,$834
561e8d946b8d90f61a001509,Outfit7,6925912a3b47a3d1a14a39a1,TTF World - Android,$833
59fb487bbe77065f5800afc3,Azur Games,5a3a5cabbefa3f4d0c0076a3,Tank Shock (Google Play),$831
5fc671cbba624b0015a61bf1,Saygames LTD,5dfa63f617b3c878dc3440af,Johnny Trigger,$826
64075f57d6da1900141e5aba,Code Dish GmbH,645b6bc2f1eef8b0c55c1991,WoodBlock Android,$823
604a7ccb4f898b00151e2797,FunCraft,676090b8d1fe06775a3b570f,Farkle,$822
5bec0018c9af0a7962a96f4a,Rollic Games,684c2fa63dfa9792f0f42d17,AgeBreakers,$822
62ea666c62b76e001b3eca4f,LLC East-Games,62ebcc5ac9a001aa9677a28b,Tanks Blitz,$821
5fb510aa8072bf0015d8d59d,Tap2Play LLC,66be003db5852a686fdb64bd,GUH_ANDROID_Gun Hero,$819
561e8d976b8d90f61a003d96,Gram Games,57ab3afdf315d6e67e000098,1010! AND,$819
59146b86595df11c320004ac,Tactile Entertainment ApS,59146cfe4a82a52932000260,Simons Cat [Google Play],$818
56d55c72562b9c353800000d,Voodoo,64940f7a830ec394da007c40,Beach Volley Clash IOS,$818
65b2214ec0bb0b0011056047,Reworks,65b222af4affe7a8358ec8d5,Redecor,$813
5a9d60d3b1c1666c2e0056ba,Homa Games,6321ce192820f87444b6a4fe,Fight for America,$812
56d55c72562b9c353800000d,Voodoo,662fa9167911ea06b391f095,Clash of Color,$812
5bec0018c9af0a7962a96f4a,Rollic Games,67125b4820deb557b6b219f7,BusPuzzle,$810
59fb487bbe77065f5800afc3,Azur Games,5d285094a43bb20011dab208,Bottle Jump,$810
5c657afed9e6e60012bab5d9,gamestudiopsv@gmail.com,673ca10614a0e4daa6769eaf,6446689621,$810
56d55c72562b9c353800000d,Voodoo,65047ebe5946c49eb49f6b0b,Sniper Siege: Defend & ANDROID,$809
561e8d936b8d90f61a001168,IsCool Entertainment,6101626e667bbcfb496ed223,Golf Club Tycoon,$807
6247027c20721a0018bb6528,First Touch Games,6247035b8019f4158fc79337,Score! Match,$806
59fb487bbe77065f5800afc3,Azur Games,634fece8710ca26a7f7b7358,Jelly Run 2047,$805
5fe2fafd6013fb0015208652,GamoVation,63764e5e275001415681d1d3,Sudoku iOS,$804
5a53889945eaab512501251e,AddApptr GmbH,69848466f7136395eabefc8e,Parth_CREX_Android,$803
561e8d936b8d90f61a00136a,MWM,5ab23a39fa479421490ffb4e,Beat Maker pro [iOS],$802
56d55c72562b9c353800000d,Voodoo,591d74f4e3b119532600168b,Snake VS Block,$800
56d55c72562b9c353800000d,Voodoo,66a7daca6e972b4dde2d3ca9,Backgammon - Lord of the Board,$799
561e8d946b8d90f61a001f18,Nordcurrent,5f0866610897e90001009ce6,Pocket Styler (Android),$797
5bec0018c9af0a7962a96f4a,Rollic Games,63b5624dedd40ccdfd916132,DigiMerge,$791
5fc671cbba624b0015a61bf1,Saygames LTD,608c2c42f5a3001d5674294e,Helicopter Escape 3D,$790
5fc671cbba624b0015a61bf1,Saygames LTD,5d231d593a20c47182cffc45,Jelly Shift,$788
60f059faaf96d700177d115f,Yolo Oyun Yazılım ve Pazarlama AS,66f302c5901d39379d5a90bd,Find Master - Spot Differences,$787
65e71ba517069f0011a36cfa,Rounds,67af1f852363a440422fe1bd,Cards Mobile Wallet,$787
56d55c72562b9c353800000d,Voodoo,6560c0be9c211d1a67909b40,Skyline Bowling IOS,$785
561e8d936b8d90f61a000cd1,InnoGames GmbH,61fbe49f0cb2085d3a82e4e3,Sunrise Village Android,$785
6297c4bc012073001b3df035,Yandex Inc.,6838de1639e1c3b9776e4441,com-humble_com-humble-proxy_bidding,$782
63d229657d9fc60014b1afdf,Paxie Games,69a8397304a54c218b0a0544,Arrow Rescue,$781
59fb487bbe77065f5800afc3,Azur Games,642c331484beab78c81a27ca,Web Master: Stickman Superhero,$776
690dd96feb3bf4c11bf941dc,Footballco Media Limited,690dfb95bd04c47d2c1bb66e,Goal - Soccer News & Scores,$776
5fc671cbba624b0015a61bf1,Saygames LTD,5eb814b1837e5c00013564a7,DOP: Draw One Part,$775
56d55c72562b9c353800000d,Voodoo,67bdbc26fb32c9bf51cef166,Card factory,$775
604a7ccb4f898b00151e2797,FunCraft,656f044980992ce8d9217b30,Dice Yatzy,$771
61e93624cf7a710017932586,"Appgeneration, Lda",651196bf5946c49eb49f7b42,Radio US,$770
5efd8ef70165690015e8b224,Blackout Lab SL,5f3e91b1b4eaad0001712690,Word - iOS,$770
5ab5070d69e58f7fca39bfe6,Green Panda Games,5ba4cdd7384ddd0010f42bef,Bee Factory iOS,$770
5f69aef134a76100158aa316,Hypercell Games,682372fa5d76eda5a6879782,WordPix iOS,$770
619b548fc9c9c1001796f1f6,Gimica GmbH,69f8bf960e557c1cadc020f0,com.gimica.nonocross,$768
5fb510aa8072bf0015d8d59d,Tap2Play LLC,61f79dae062dc9acea53d93b,TRC_IOS_Twerk Race 3D,$768
561e8d956b8d90f61a0030cf,Ketchapp,5a5f965ab806e7787e003511,Knife Hit,$768
61e93624cf7a710017932586,"Appgeneration, Lda",65d78f9ed63f23ff92214727,Radio ZA,$767
6297c4bc012073001b3df035,Yandex Inc.,6904a6441d74c1ce9da258ca,litresad_ru-litres-android-readfree,$764
6297c4bc012073001b3df035,Yandex Inc.,699c02fe502bf17c88448833,yuechao-ma_com-lychee-vpn-supervpn-top1,$763
685d2c04f000940011f6c716,X Gaming Lab FZ LLC,691aca92f3cd41299fea3fe8,CarX Street,$761
56d55c72562b9c353800000d,Voodoo,665a49cba97dd8c75e58f6a9,Throw Blocks,$760
59fb487bbe77065f5800afc3,Azur Games,5eb3394192263c00011715d7,Pick Me Up 3D! Android,$759
6666afb99ec3300011cdf91d,Appvestor ApS,671a41d680f6ceec361e067f,Megh Infosol - Simple Calculator - com.simplecalculator.scientific.calculator.math,$757
5735de0ebcd1970756000054,PLAYGENDARY LIMITED,60bdda328f3377b007a9cfea,Kick the Buddy: Reskin Android,$756
5fc671cbba624b0015a61bf1,Saygames LTD,5e25526498a4100017bc4315,Chess Royale GP,$755
690dd96feb3bf4c11bf941dc,Footballco Media Limited,690dfb56bd04c47d2c1bb669,Goal - Live Scores,$755
5fc671cbba624b0015a61bf1,Saygames LTD,632ccf3cc3a9d1b386fde472,Super Toy 3D,$754
65e71ba517069f0011a36cfa,Rounds,65ef0088e2703b0ee7fb24d1,Simple Gallery,$753
59fb487bbe77065f5800afc3,Azur Games,63762bfaeb2f561399cece53,Dye Hard,$753
5e3692d21cd3cb0018dd4329,SuperSonic Studios,627cd8e48e9a403c33423b2d,Basket Battle,$751
57ab0b38c6ebd5c83300007e,Good Job Games (Azur),61b10ce6d649a6f7e48a6bd0,Sponge Art Android,$749
56d55c72562b9c353800000d,Voodoo,6967dc1a7ac5ce19a5e7ff89,The Almanac,$747
619b548fc9c9c1001796f1f6,Gimica GmbH,61ddb1442d0bf4c5eea47864,Mix Blox,$746
57ab0b38c6ebd5c83300007e,Good Job Games (Azur),5d2d978b2d3d7500185718a3,Color Fill 3D,$746
561e8d956b8d90f61a003219,"Appodeal, Inc.",631a293f45ea4c1b8780edad,com.mastobaev.pyramidpoolios/727921,$744
5a9d60d3b1c1666c2e0056ba,Homa Games,6225e1874e87be334dafbef6,Aquarium Land,$743
5a6f56062c250d182f0056f3,Kwalee Ltd,62ebf23bd50349f5ecc984ee,Gun Tycoon,$741
5cda78f561a35300113a86ab,Moonee,61a7744b2aa34d94f4b974f8,Who's the Alien,$740
5fc671cbba624b0015a61bf1,Saygames LTD,69a577e713ccef6d33211b68,Cozy Ropes,$740
5dcf09394f6eed0018145e58,Unico Studio LLC,63c5366c2f9fa6b63d8aa9cb,2248 Android,$739
561e8d926b8d90f61a00013e,Miniclip SA,68cc1414d5a43377e405da78,Snooker Blitz,$738
5fc671cbba624b0015a61bf1,Saygames LTD,68e79df1f0a3ed86f423e5ee,Foodventure Inc: Idle Tycoon,$737
59fb487bbe77065f5800afc3,Azur Games,696dfffc9557abdc3c8d2a04,Claw master,$737
5c05196699e4374b87bda3b9,Tripledot Studios,655dbe321df3e90d79a93deb,Car Out! iOS,$737
561e8d936b8d90f61a000cd1,InnoGames GmbH,669128f1e60afe21c3f840bb,Heroes of History,$736
6297c4bc012073001b3df035,Yandex Inc.,6a0ed6961982afa1b918a1f4,lkxx1314520-gmail-com_com-kaigames-jewelryringsort,$735
6155ad11120d4a0017386a18,Agave Games,697e40af962780962b450959,FTC2,$734
561e8d936b8d90f61a000da4,XIMAD Inc.,569f57dc4b1a35de21000020,A: Magic Puzzles,$731
561e8d936b8d90f61a000cd1,InnoGames GmbH,62dff0db946608d77c77c82a,Elvenar Android,$730
5fc671cbba624b0015a61bf1,Saygames LTD,6332bb28f22e8bc1d32496e1,Lazy Jump,$729
6297c4bc012073001b3df035,Yandex Inc.,68b5556b336ff3da36c5d537,yuechao-ma_con-lumenV-com,$728
6021599b8b3e5600159fcc76,HITAPPS GAMES LTD,64a2d4f9847c940a560e4a63,Picture Builder Android,$728
63d229657d9fc60014b1afdf,Paxie Games,69a8391204a54c218b0a053c,Arrow Rescue,$727
5e3692d21cd3cb0018dd4329,SuperSonic Studios,64a137d8831ce850a7063d4c,Build A Babe,$727
5bec0018c9af0a7962a96f4a,Rollic Games,657840c17586a226409ea081,BusQueue,$726
561e8d936b8d90f61a000e7b,ZeptoLab,58ac2532486a9ed936000110,CTR OR iOS - Supersonic,$724
65e71ba517069f0011a36cfa,Rounds,6899ede151ee842315f05535,Aesthetic Wallpaper1,$722
5fc618102e8dd2001579b65d,App Central ltd,672c874d136e386f160f79e2,Booty Slam Launcher Plus,$722
5c657afed9e6e60012bab5d9,gamestudiopsv@gmail.com,691b0e4a7c0c59c1377937b8,com.goodbenya.developer.be_free_vpn,$721
5fb510aa8072bf0015d8d59d,Tap2Play LLC,623dab86f6d7cb684c0533a7,CRO_IOS_Crazy Office,$721
561e8d936b8d90f61a000838,Social Point,5bb2383ca4ae3604537abfc7,Word Life iOS,$718
561e8d936b8d90f61a0011da,Tactile Entertainment,68e4cca8ca8083024f9372e3,Suck It Up,$718
5fc671cbba624b0015a61bf1,Saygames LTD,63359ff2e3ec4ee6b134c855,Lazy Jump 3D,$718
5735de0ebcd1970756000054,PLAYGENDARY LIMITED,6179190a0e4287cae71402a3,Bowmasters Android,$717
5f69aef134a76100158aa316,Hypercell Games,68f8dc5c36df429826fae95f,Airport Empire Android,$716
607d46752ca90f00153876e8,Jungle Frog LDA,62cbdd5b7c7dd2415825d118,Antistress iOS,$716
619b548fc9c9c1001796f1f6,Gimica GmbH,6516a288d38855ef54aaff9c,Spiral Drop,$715
6363db9288f1fc0014d3183c,FUNTECH PUBLISHING LTD,63fe27082473ccc94bd77157,ABPV FT iOS,$712
5c657afed9e6e60012bab5d9,gamestudiopsv@gmail.com,632c1a2bcc2b3652390434fc,com.redrocket.poker,$710
561e8d956b8d90f61a0030cf,Ketchapp,5a5f9604854f64727e002957,Knife Hit,$710
6276c973f70e7c001895be79,RobTop Games AB,62af1febbe5d95f4a642a0e3,Geometry Dash Meltdown,$710
61e93624cf7a710017932586,"Appgeneration, Lda",65d75f3ff31d94e5290f9cea,Radio UA,$709
69b298e74c0d69d44ce53b6d,Eksi Teknoloji Bilisim As,69b2e8a1878d49f263640e30,ekşi sözlük,$709
59fb487bbe77065f5800afc3,Azur Games,5beda14bef11fa0012851ac5,Go Escape! Android,$706
59fb487bbe77065f5800afc3,Azur Games,5f880e0db17ce382890958f9,Western Sniper,$705
561e8d926b8d90f61a00013e,Miniclip SA,668bd1ab3a2fe58e1516ae39,Baseball Clash,$705
60f059faaf96d700177d115f,Yolo Oyun Yazılım ve Pazarlama AS,6269c8a8ff08d9bd8c671220,Find Differences Search & Spot - Android,$704
64075f57d6da1900141e5aba,Code Dish GmbH,65362360888fd4653692fe24,‎Dream Mania - Match 3 Games,$704
63d229657d9fc60014b1afdf,Paxie Games,694abc27de78228fcc078475,Tap Shift,$703
56d55c72562b9c353800000d,Voodoo,5fb3ee727f76ab07892de509,Jump Dunk 3D,$702
5bec0018c9af0a7962a96f4a,Rollic Games,69a59ee3646fe74838528ec7,CarParkSort,$702
604a7ccb4f898b00151e2797,FunCraft,694af18e03a25037e083b42a,Card Connect,$702
65e71ba517069f0011a36cfa,Rounds,67ab3a915c0575584f326875,Calculator,$701
5cda78f561a35300113a86ab,Moonee,629f5b89e219a50de73e4bf3,Elemental Gloves,$701
59e4bb543f0fa9a20900afa3,TabTale LTD,68483e30c195c4600e86f06e,Eye Color Mix GP New,$700
5a9d60d3b1c1666c2e0056ba,Homa Games,648ac89188d89a6b078be5ad,Agent Hunt,$698
59e4bb543f0fa9a20900afa3,TabTale LTD,5ee78ba66beb920001222a3e,Tie Dye iOS_CL,$698
561e8d936b8d90f61a001260,MAG Interactive,5056e6a178715d951dd34bb9,Ruzzle Free,$696
561e8d946b8d90f61a001509,Outfit7,52823ec19a69cd9372000007,Talking Tom - Android,$696
69b298e74c0d69d44ce53b6d,Eksi Teknoloji Bilisim As,69b2e855878d49f263640e2b,ekşi,$695
561e8d936b8d90f61a001096,MyGames MENA FZ LLC,619e1cdd03254469b57a1e5e,[Deus Craft] Grand Hotel Mania,$695
5a6f56062c250d182f0056f3,Kwalee Ltd,5c6ad6820e2323001117ad8a,Draw it,$692
6297c4bc012073001b3df035,Yandex Inc.,6a0ee93bacd4a352868303eb,lkxx1314520-gmail-com_com-kaigames-fruitsortpuzzle,$692
56d55c72562b9c353800000d,Voodoo,6880c74aeb91ef8f5fcc1faa,Draft Showdown,$690
68a3020bea56f62fad3dc60f,Ferah Games LLC-FZ,68bacf4f6cae5b30e67c4456,Triple Match City_Android,$690
5fb510aa8072bf0015d8d59d,Tap2Play LLC,620f659153ba3644c715bc33,STG_IOS_Stone Grass,$687
6297c4bc012073001b3df035,Yandex Inc.,6a0ecabfacd4a3528683005b,lkxx1314520-gmail-com-com-kaigames-wallroller2d,$686
561e8d956b8d90f61a003219,"Appodeal, Inc.",68fa92d7c4da864926b0eb28,com.read.novel.app.free.adb/773627,$685
5c05196699e4374b87bda3b9,Tripledot Studios,69a6b29b13ccef6d33212f28,Pick Pack iOS,$682
6297c4bc012073001b3df035,Yandex Inc.,67926132ac670fb86b084d9e,liuke19931003-gmail-com,$682
5eb3c48aa80eba00159907c3,Matchingham Games Limited,62b098cb6b78db66e44b8de3,Flashback-iOS,$681
5c3c9ba19f3cbd45d7dae29c,TapNation,62e135231cc379d3a2d18914,Thief Puzzle,$679
561e8d956b8d90f61a003219,"Appodeal, Inc.",639227591a5eeb40ea2b451a,com.SLH.DominoRepublic/184662,$678
6297c4bc012073001b3df035,Yandex Inc.,6a0ec9ec5209d95249b74a4e,lkxx1314520-gmail-com_com-kaigames-connectlines,$678
6297c4bc012073001b3df035,Yandex Inc.,696dfe21d4ba143db905e106,yuw990054-gmail-com_com-vpn-kernel-core-hex,$678
57d1b461ae2b57d903000027,Easybrain Ltd,5f7c851f2a2d110db0fe8fda,Differences GP,$676
6255696ee4b70c001810bb39,JRustonApps,62556fd9210d22224baf67d4,My Lightning Tracker,$676
561e8d956b8d90f61a003219,"Appodeal, Inc.",566001e74d7563685600000e,free.zaycev.net/712,$671
5fc671cbba624b0015a61bf1,Saygames LTD,6332c547164c49873e55316a,Color Page ASMR iOS,$670
561e8d946b8d90f61a001509,Outfit7,5240a8ab94d2cf970200000e,Talking Ben - appstore,$670
60abbe0138d6920017b43190,Newry Global Media sl,680649e53ba83ec4f1d815c0,GPS277-01 Period Tracker,$669
5c657afed9e6e60012bab5d9,gamestudiopsv@gmail.com,65ae767583257a2e7ed55d98,meetany.randomlivecall.videocall.livechat.live.call,$669
6297c4bc012073001b3df035,Yandex Inc.,6a0edca1acd4a352868302b1,lkxx1314520-gmail-com_com-kaigames-rocketgogogo,$669
5c657afed9e6e60012bab5d9,gamestudiopsv@gmail.com,621e2ef23d5d758d1d64e507,app.hugly.social_pro,$668
5dd4218d593be30017cbe726,Joyride GmbH,5dfa51a24979c30017d668ea,CSL-A,$668
5fc671cbba624b0015a61bf1,Saygames LTD,673dee3e33fecb32fa7e3442,Gold Rush: Frozen Adventures,$667
56d55c72562b9c353800000d,Voodoo,66bf7799021ed842c0bfbe93,Spades Royale,$666
56d55c72562b9c353800000d,Voodoo,67bdc2174a068ff910e3eff6,Card Factory,$666
59e4bb543f0fa9a20900afa3,TabTale LTD,6867b1cd8c52c84a9ce07ebc,Super Stylist GP New,$665
561e8d976b8d90f61a004288,Panteon Software,6984d5d2f7136395eabf0156,Card Stack Sort,$665
5e072f709b72ee0018763bc3,TAPCLAP,61a890e215108b131619b2f5,DesignVille: Merge & Design,$664
5dcf09394f6eed0018145e58,Unico Studio LLC,69a1fe6b48b310bec64aa0f6,Word Solitaire iOS,$664
5c6a96f373ca3d6bbe3fff38,AppQuantum,65a64f47a5c8c578aac4268a,Idle Outpost,$663
5c02ea6d99e4374b87bd9cc5,GreenButtonGames,63333157c8b7b10255b702d3,VenomIdle,$663
5fc671cbba624b0015a61bf1,Saygames LTD,60df0b5bd4539aa6c267f351,Pop Us! Android,$661
5a6f56062c250d182f0056f3,Kwalee Ltd,5b47d1f1283b1411c973ac54,Police Pursuit iOS,$661
59fb487bbe77065f5800afc3,Azur Games,66f2914fcde9700bb6f01ecf,Backpack Brawl,$660
5bec0018c9af0a7962a96f4a,Rollic Games,67e51054c10b83f487d4d09c,DropAwayColorPuzzle,$660
5a9d60d3b1c1666c2e0056ba,Homa Games,64ae98f1d89a1b3212022484,Agent Hunt,$658
6297c4bc012073001b3df035,Yandex Inc.,6a0ef7fbe54ae40b5eaa0bce,lkxx1314520-gmail-com-com-kaigames-robotpullinghouse,$656
604a7ccb4f898b00151e2797,FunCraft,694070f8a5e39c9bec660cae,Cribbage Classic,$656
6297c4bc012073001b3df035,Yandex Inc.,69b94779706d591163188194,lkxx1314520-gmail-com_com-funplay-animalmatch,$655
5c657afed9e6e60012bab5d9,gamestudiopsv@gmail.com,63e0b131677415671bbe4d6c,com.jurassic.world.the.cursed.isle.dinosaurs.carnivores.dino.hunter.dinos.online.trex.tyrannosaurus.simulator,$655
56d55c72562b9c353800000d,Voodoo,66a7d78e6e972b4dde2d3c9e,Backgammon - Lord of the Board,$654
5cc173c6d788b30012b2ff51,Loop Games A.S.,6820e68a38a42a2dc1efa21a,Cube Blast iOS,$653
61e93624cf7a710017932586,"Appgeneration, Lda",6620f09d345a6dc6b1a38bc8,RADIO PE,$653
60afcdd4407e6d0018810836,Fomo Oyun Yazılım ve Pazarlama A.Ş. İstanbul İhtisas Serbest Bölge Şubesi,67064166ef3ddf40c491413c,Twisted Ropes: Untangle 3D,$651
6155ad11120d4a0017386a18,Agave Games,67d31a36a3b6cba6b182e7f0,What The Hex! - Color Sort,$651
627b73f7023d420018e2f038,Chardonnay Partners LLC,69c13ab8fc715c15d6ae6ca8,Arrow Master Android,$648
56d55c72562b9c353800000d,Voodoo,5d67ff2824d85c6708010465,Crazy Kick Android,$646
561e8d976b8d90f61a00402a,Gameloft - Master Account,580f840047e7673a0b0000a1,Asphalt 8: Airborne,$646
56d55c72562b9c353800000d,Voodoo,5b97ba3245e58040ccdd5986,Ball Blast,$646
5dcf09394f6eed0018145e58,Unico Studio LLC,64ac11e79018de0fbec5975a,2048 Blast Android,$644
561e8d956b8d90f61a003219,"Appodeal, Inc.",6722e9747b3ea5a17e5d114e,com.chaloapps.roosterrudy/738684,$644
56d55c72562b9c353800000d,Voodoo,6970ddc1539e3c5d1b82a116,Bounce Blast,$644
6247027c20721a0018bb6528,First Touch Games,624703134809ec692bfde69d,Score! Match,$643
5bec0018c9af0a7962a96f4a,Rollic Games,67f662faee3e8a4c67ae74cc,SlitherRush,$642
59fb487bbe77065f5800afc3,Azur Games,63e35e0ce5d3f595cdd46d92,Dye Hard,$642
59fb487bbe77065f5800afc3,Azur Games,5e6918d5ef4fba48096e621e,"I, The One GP",$641
5c657afed9e6e60012bab5d9,gamestudiopsv@gmail.com,671a2cfb136e386f160f40e9,ai.mira.videochat,$640
5fc671cbba624b0015a61bf1,Saygames LTD,69049190212247d8baed0f50,Decolore,$639
619b548fc9c9c1001796f1f6,Gimica GmbH,6449027ddf6798e037386760,Puzzle Pop Blaster,$638
59e4bb543f0fa9a20900afa3,TabTale LTD,62e78bddb6504c097a5ed438,Magical Mixing,$638
561e8d926b8d90f61a00013e,Miniclip SA,609e7728cc17dd51300f72ff,Mini Football iOS,$636
6297c4bc012073001b3df035,Yandex Inc.,6a0ee8c35209d95249b74e06,lkxx1314520-gmail-com-com-kaigames-motorturnleft,$634
64803209bfd9aa0011593484,Bluetile Games,699ec9443630b752386b6f67,Pixel Blast: Robot Shooter,$630
64803209bfd9aa0011593484,Bluetile Games,69de12a44f2c44e497494b66,Kitchen Ninja - Knife Thrower,$629
57d1b461ae2b57d903000027,Easybrain Ltd,5d6001bb4f58920017a68cdc,Groovepad Android,$629
5fc671cbba624b0015a61bf1,Saygames LTD,6332c7b10d317255fe5ad03b,Color Pages ASMR Android,$627
6666afb99ec3300011cdf91d,Appvestor ApS,668fc520efa7b310eb765dff,AV - All Email Access - info.myapp.allemailaccess,$625
561e8d936b8d90f61a001096,MyGames MENA FZ LLC,619e1c46b4fb036db1e860ed,[Deus Craft] Grand Hotel Mania,$625
5fc671cbba624b0015a61bf1,Saygames LTD,69395a3adcd0ca7503955e6b,Fine to Survive,$623
59fb487bbe77065f5800afc3,Azur Games,6703ca1dc81241f35a622a78,Railroad Empire,$622
56d55c72562b9c353800000d,Voodoo,68e93f6b9b1fc928dd35ac89,Color Bus Trip,$622
5e3692d21cd3cb0018dd4329,SuperSonic Studios,5e3693817631070018019ed8,Sort It 3D,$621
61e93624cf7a710017932586,"Appgeneration, Lda",661422dac5f237ebf7b4bbb7,Radio FR,$620
5ab5070d69e58f7fca39bfe6,Green Panda Games,5d825654320f1500171b9b40,Solitaire iOS ORIGINAL,$620
5c05196699e4374b87bda3b9,Tripledot Studios,69a82ad8e6874f83a255ec22,Get Color Pack Android,$620
61e93624cf7a710017932586,"Appgeneration, Lda",663b4cd8eb138087031cd116,Radio Canada,$619
5dcf09394f6eed0018145e58,Unico Studio LLC,67e1b7ffb4fbecf0717fa65c,Wood Block Jam,$615
5fb510aa8072bf0015d8d59d,Tap2Play LLC,624452e28ddaecca4dff7afc,CRO_ANDROID_Crazy Office,$615
561e8d926b8d90f61a00013e,Miniclip SA,655f6ea1a74dd488186a485a,Basketball Arena - Sports Game,$613
561e8d936b8d90f61a001260,MAG Interactive,58b98634f1738bb4720002b4,WordBrain,$611
561e8d956b8d90f61a003219,"Appodeal, Inc.",695ee35596e85e768a56c903,com.eightgreatgames.ScrewTap3D/775385,$609
561e8d936b8d90f61a00136a,MWM,6165a0c3d3913d3aaebfa92c,Color Pop,$608
5c657afed9e6e60012bab5d9,gamestudiopsv@gmail.com,690a19b72e9735e4101ee41f,com.zoogvpn.android,$608
60afcdd4407e6d0018810836,Fomo Oyun Yazılım ve Pazarlama A.Ş. İstanbul İhtisas Serbest Bölge Şubesi,66a11811787c69775be10e6c,Nuts and Woods,$608
6297c4bc012073001b3df035,Yandex Inc.,6a1448061d0ed78b10c17ded,haidiqin3-gmail-com_com-kgames-spiderup,$608
59fb487bbe77065f5800afc3,Azur Games,624aa736dac88dbddceecbfd,Jelly Run 2048,$606
56d55c72562b9c353800000d,Voodoo,6662dc00546a6ecbfaa57efd,Throw Blocks,$605
5dcf09394f6eed0018145e58,Unico Studio LLC,68dc482154aee4c789add381,Hole Pool Android,$604
59fb487bbe77065f5800afc3,Azur Games,6319985945ea4c1b8780e9a8,Rollance: Adventure Balls,$604
561e8d946b8d90f61a001ade,Jelly Button Games,58d2513d17878e596b0002a1,Board Kings iOS,$603
5a9d60d3b1c1666c2e0056ba,Homa Games,65c9f5807f94e82ba925c3b9,Mini Monsters,$602
5fb510aa8072bf0015d8d59d,Tap2Play LLC,60895450a49619bc704ff67d,CMS_ANDROID_Count Masters,$602
561e8d926b8d90f61a00013e,Miniclip SA,66796e626204497f762a7a2d,Ghost Invasion,$600
5c657afed9e6e60012bab5d9,gamestudiopsv@gmail.com,626921ac36c7b0b5f4e6a634,com.electricfoal.buildingsformcpe,$600
57d1b461ae2b57d903000027,Easybrain Ltd,5d77b32704e89100182b2e42,Wordsearch iOS,$599
56cb43391ba696884900000a,Ilyon Dynamics,591db5140b09531d730020b5,"Bubble Shooter Classic - Match, Hit & Pop Balls",$598
561e8d936b8d90f61a001096,MyGames MENA FZ LLC,5be19fdac5da177974cff85d,Left to Survive: PvP Zombie Shooter,$598
561e8d956b8d90f61a002a2f,BoomBit Games Ltd,669644c07c1a56171ceefbe5,Downhill Race League,$597
5c657afed9e6e60012bab5d9,gamestudiopsv@gmail.com,62fb83db312e8710deee7ec0,com.dddev.Shift_Work_Calendar,$595
56d55c72562b9c353800000d,Voodoo,6970b09e539e3c5d1b829d64,Bounce Blast 3D,$594
561e8d946b8d90f61a001f18,Nordcurrent,5f807b3f453b78dee3fdce10,Airplane Chefs (Android),$594
5dcf09394f6eed0018145e58,Unico Studio LLC,6499733fe8da1a0847277147,Woody Sort Android,$593
61e93624cf7a710017932586,"Appgeneration, Lda",655e19e741519bc75422837b,Word Connect iOS,$593
61e93624cf7a710017932586,"Appgeneration, Lda",6511968622e02a63334647f7,Radio NL,$593
561e8d936b8d90f61a00035c,Supersonic Software Ltd.,5e85f985402be100012c8e5a,Picture Cross Color,$591
56d55c72562b9c353800000d,Voodoo,6536403edae620b12c82d3c0,OPA 2 IOS,$591
56d55c72562b9c353800000d,Voodoo,6182c38cdec9c1d7771971aa,Slap And Run,$591
5fc671cbba624b0015a61bf1,Saygames LTD,60df0a38860a8fea3f5ea1fd,Pop Us! iOS,$589
561e8d956b8d90f61a003219,"Appodeal, Inc.",63d59df65fe3e3799c5a1013,br.com.snapdark.apps.fyzer/742064,$588
61e93624cf7a710017932586,"Appgeneration, Lda",655ba128b53dd79ca06f5ee1,Radio PE,$586
6297c4bc012073001b3df035,Yandex Inc.,69b9588d3c7d0f0d0e60d680,lkxx1314520-gmail-com_com-cutezombie-doomsdayescape,$585
5a53889945eaab512501251e,AddApptr GmbH,64d5f8a3d0a59bea1ebdbb07,TorAlarmGmbH_TorAlarmBL_Android,$585
56d55c72562b9c353800000d,Voodoo,66bf7bc3021ed842c0bfbe9e,Spades Royale,$584
5fc671cbba624b0015a61bf1,Saygames LTD,611bbe5c3172ed5464999e6f,Zoo-Happy Animals,$584
561e8d956b8d90f61a003219,"Appodeal, Inc.",66c4fd28e2d733cb76cdd9cf,com.downloaderfor.tiktok/761730,$584
56d55c72562b9c353800000d,Voodoo,5e316dc2e2eab73ec4adb76f,Dribble Hoops,$584
5bec0018c9af0a7962a96f4a,Rollic Games,645389b085742373a3e129d2,TwistedTangle,$583
59e4bb543f0fa9a20900afa3,TabTale LTD,61cdcae301584ff0e36099fa,Dessert DIY iOS_CL,$582
619b548fc9c9c1001796f1f6,Gimica GmbH,651696950e8e377c603115fc,Color Logic,$581
5c657afed9e6e60012bab5d9,gamestudiopsv@gmail.com,66040d0c31f8b0a507377942,6479595396,$581
5fc671cbba624b0015a61bf1,Saygames LTD,5ed7a32079734c0001f178c5,HellCopter android,$580
5bec0018c9af0a7962a96f4a,Rollic Games,679cb045c1d0e427bfd01870,HolePeople,$580
561e8d936b8d90f61a001096,MyGames MENA FZ LLC,603907c1181074480504f297,Rush Royale Android,$579
6297c4bc012073001b3df035,Yandex Inc.,6720e12e89f8ed3735060c3f,zeoniptvplayer_iptvremote,$579
561e8d936b8d90f61a001168,IsCool Entertainment,59b142e36413db5d6d002a7e,Belote Coinche Multiplayer,$579
5cda78f561a35300113a86ab,Moonee,60b4ec15af8af16400438942,Monsters Gang,$578
65b2214ec0bb0b0011056047,Reworks,65b224b9aad06991469bc5f5,Redecor,$578
56d55c72562b9c353800000d,Voodoo,5e3315dfde6ab33eb1a57caf,Draw Joust!,$578
5efd8ef70165690015e8b224,Blackout Lab SL,6229424f75eb6f89db58dc14,Gin - Android,$576
5e072f709b72ee0018763bc3,TAPCLAP,61645703887451644d09cc77,DesignVille Merge,$574
561e8d936b8d90f61a000662,nerByte GMBH,5fd1dc0b18047dc091475ebd,FreeCell Android,$573
561e8d956b8d90f61a003219,"Appodeal, Inc.",64deb6f0d0a59bea1ebdc692,com.debertz/740576,$573
561e8d936b8d90f61a00136a,MWM,644bf14d85742373a3e124e1,Feed Preview for Insta・Planner,$572
58737456236d8f446400071c,FIOGONIA LIMITED,6a0f1d4bacd4a35286830826,Wormhole iOS,$571
5f69aef134a76100158aa316,Hypercell Games,69c15bb89209382601751f4f,Hungry Balls Android,$571
59fb487bbe77065f5800afc3,Azur Games,5e59186764aa033875c7cd3f,Chain Cube,$571
6297c4bc012073001b3df035,Yandex Inc.,6a145592e4af78f417c36482,haidiqin3-gmail-com-com-kgames-fruitstackattack,$570
5c3c9ba19f3cbd45d7dae29c,TapNation,601c05eb34141ac0e603f8c4,Guess their answer,$570
60abbe0138d6920017b43190,Newry Global Media sl,68dece2c7446ba296ffa3334,GPS274-01 - PDF Scanner App,$570
6267e053f2d4b90018ad84e4,Burny Games,62c46e93498f460c019655be,Playdoku,$569
5b84c65ca73f7a027c553f4a,Rewards Game,69c3fb09fc715c15d6ae9ecd,Color Flow iOS,$569
59fb487bbe77065f5800afc3,Azur Games,5fc0f3fecc984c19fab42c90,S.T.A.R - Super Tricky Amazing Run,$569
5e3692d21cd3cb0018dd4329,SuperSonic Studios,660d093ad4cf07f390ceacb3,Backyard Master,$567
561e8d926b8d90f61a00013e,Miniclip SA,67a1f691ac670fb86b0875e7,Cricket League,$567
561e8d946b8d90f61a002087,Rovio,595cc1b4d428355d4b001a7f,Angry Birds Match,$567
561e8d936b8d90f61a00136a,MWM,5b7ee250ca81f1001b334533,Piano [Android],$566
5bec0018c9af0a7962a96f4a,Rollic Games,6964f7fef345af53130b9088,HellEscape,$566
5a689d947f4def81700028c6,Fumb Games,61f7f356108a2fecef3f83d2,Coin Miner: Idle Tycoon,$562
5a6f56062c250d182f0056f3,Kwalee Ltd,6189192eb5c5bffab2749afd,Airport Security,$561
6297c4bc012073001b3df035,Yandex Inc.,6a0efb7facd4a35286830596,lkxx1314520-gmail-com_com-kgames-dreamyislandbuilder,$561
5fc671cbba624b0015a61bf1,Saygames LTD,5dfa652c8ff2a978e824f002,Johnny Trigger Android,$560
676405dff3fa5d00114fee22,Opera Software Ireland,68c19fdd4b9f993905ba98b0,News Bite,$558
561e8d956b8d90f61a003219,"Appodeal, Inc.",667d0aeb4d6765df32fe94ad,com.grykuby.minesweeper/754326,$557
59e4bb543f0fa9a20900afa3,TabTale LTD,5f2be77ef503650001351b64,Acrylic Nails! iOS_CL,$557
561e8d956b8d90f61a0030cf,Ketchapp,59f206e80263405858004250,Dunk Shot iOS,$557
5fc671cbba624b0015a61bf1,Saygames LTD,65e08436fb1f1f9a3b0895e1,Match Junk,$557
5fc671cbba624b0015a61bf1,Saygames LTD,68c2cf124b9f993905baac49,Fine to Survive,$556
59fb487bbe77065f5800afc3,Azur Games,642ad4a05b10ab458a2f5fa0,Hide in The Backroom,$554
57ab0b38c6ebd5c83300007e,Good Job Games (Azur),5aa2645c7dc3313e27013ffc,Rise Up,$552
5b84c65ca73f7a027c553f4a,Rewards Game,69c3fb31e35c558bd347e4c3,Color Flow Android,$551
561e8d956b8d90f61a0028f7,Nexters Global LTD,64008ecd298945033f3d693d,Island Questaway,$551
5e3692d21cd3cb0018dd4329,SuperSonic Studios,6231bd74bcd4145df0cf0039,Tall Man Run,$550
61e93624cf7a710017932586,"Appgeneration, Lda",650069395946c49eb49f6567,Radio CL,$550
5bec0018c9af0a7962a96f4a,Rollic Games,63e0e95722ae0a258f98ffba,PressureWashingRunner,$550
5dcf09394f6eed0018145e58,Unico Studio LLC,65396c6a2d4a09aa87d46f13,X2 Number,$549
604a7ccb4f898b00151e2797,FunCraft,683e102e39e1c3b9776e6e8b,Hot Rolls Dice Strategy Game,$548
63d229657d9fc60014b1afdf,Paxie Games,69528a9edd28ef10e3724891,Pair Pop,$548
5fc671cbba624b0015a61bf1,Saygames LTD,685162eb9f7ebc7d02759902,Mix & Stick,$548
60c319e160f8540017a53701,Spyke Games,633e888efa4772d3c10ece00,Tile Busters,$546
6297c4bc012073001b3df035,Yandex Inc.,66e4176e4da95d06ca26ee6e,quarkapps_com-secure-vpn-proxy,$545
58737456236d8f446400071c,FIOGONIA LIMITED,65fc14d09c52fa90af909212,Word Universe iOS,$545
56d55c72562b9c353800000d,Voodoo,5a72edf9d135f57d0c009cb4,Baseball Boy,$544
561e8d946b8d90f61a002087,Rovio,58471a44f17108932b000559,Angry Birds Blast iOS,$544
5c05196699e4374b87bda3b9,Tripledot Studios,66fa39eb921600c00d7362af,HexaGo - Sorting Journey,$542
6297c4bc012073001b3df035,Yandex Inc.,6745a92eeb2417fe626229ea,arn002_asa-pdd_new_android,$540
59fb487bbe77065f5800afc3,Azur Games,61a49278a6c03c82ceaa5490,Motorpolia,$540
561e8d936b8d90f61a001168,IsCool Entertainment,665729a043ca86af46081442,Belote Coinche Classique,$539
6297c4bc012073001b3df035,Yandex Inc.,68cbda3ccaa5fc3ded7e93dc,yuechao-ma_com-unlimited-job-unlimit,$538
5fc671cbba624b0015a61bf1,Saygames LTD,61cdfaa0adb97a910a37262c,Dreamdale,$538
6297c4bc012073001b3df035,Yandex Inc.,6a143f0d27cc99a7734a0106,haidiqin3_gmail-com_com-kdgames-numberio,$538
59e4bb543f0fa9a20900afa3,TabTale LTD,6130caf45df5697c32d4afa1,Multi Maze Google_CL,$536
5fc671cbba624b0015a61bf1,Saygames LTD,685a65e12d5e267b4c54c114,Tiny Warriors Clash iOS,$536
57ab0b38c6ebd5c83300007e,Good Job Games (Azur),5e18566044f4e3001827866b,Epic Race 3D,$535
56d55c72562b9c353800000d,Voodoo,604b84247ea81836424976a2,Slice It All!,$534
561e8d946b8d90f61a001509,Outfit7,51d5e0db5dc56cf46200001e,Talking Tom 2 - Android,$534
6297c4bc012073001b3df035,Yandex Inc.,69c296a1fc715c15d6ae84d9,yuechao-ma_star-newpj-com,$534
59fb487bbe77065f5800afc3,Azur Games,65688b0a21415a19439b460d,Fashion Queen,$533
561e8d956b8d90f61a003219,"Appodeal, Inc.",62a9b5fc846aae764fbe7c33,com.dv.adm/54520,$533
65e71ba517069f0011a36cfa,Rounds,67ab5c6d5c0575584f326913,Countdown Widget,$532
561e8d956b8d90f61a003219,"Appodeal, Inc.",5a7c3e9260f94f667e009dcf,idm.internet.download.manager/68051,$532
5fc671cbba624b0015a61bf1,Saygames LTD,6509649cd38855ef54aaec05,War Regions - Tactical Game,$532
5cc173c6d788b30012b2ff51,Loop Games A.S.,69b4178e2bcd4784bfd5ab95,Money Sort,$529
561e8d956b8d90f61a003219,"Appodeal, Inc.",58f79db6f25da807390010a4,com.tellurionmobile.pCraft/71659,$529
57ab0b38c6ebd5c83300007e,Good Job Games (Azur),5cee5fdd0685e900124d09ca,Fun Race 3D,$529
5b84c65ca73f7a027c553f4a,Rewards Game,6948fc288301764ca7d4f510,Color Cube Breaker,$528
5fb510aa8072bf0015d8d59d,Tap2Play LLC,6390705d2941a382d2525a3c,SNA_IOS_Snake Attack,$527
5a689d947f4def81700028c6,Fumb Games,6983559da23acec08273c09e,Bitcoin Empire,$527
676405dff3fa5d00114fee22,Opera Software Ireland,6a045f7ecfc7b12a592df1a9,Apex News: Breaking & Local,$527
6297c4bc012073001b3df035,Yandex Inc.,697086bf73c0a231fff796e6,mliu43734-gmail-com_com-ten-fast-vpn-super-uncle,$526
561e8d936b8d90f61a000cd1,InnoGames GmbH,61fbd0efb7cac314a58f2e24,Rise of Cultures Android,$524
5e3692d21cd3cb0018dd4329,SuperSonic Studios,6050b3d8c666692dca0c93f5,Bridge Race,$524
61e93624cf7a710017932586,"Appgeneration, Lda",65d7688227332d35a876bafb,Radio IE,$523
6297c4bc012073001b3df035,Yandex Inc.,6a14611c27cc99a7734a02ed,haidiqin3-gmail-com-com-kgames-tapawaypuzzle,$522
5bec0018c9af0a7962a96f4a,Rollic Games,6203e5510b6dd752967c836c,Fill The Fridge,$522
5dcf09394f6eed0018145e58,Unico Studio LLC,6978992c9557abdc3c8dd0cc,Voxel Blast,$522
59e4bb543f0fa9a20900afa3,TabTale LTD,59a029fd7a619734240006ae,Monster High Google_CL,$522
619b548fc9c9c1001796f1f6,Gimica GmbH,644ba38311af6ec1f39a073a,Hex Match,$522
561e8d936b8d90f61a000662,nerByte GMBH,5ee23c1a81585a0001c9020c,FreeCell ios,$522
5fc671cbba624b0015a61bf1,Saygames LTD,5d52d57f5de3ac5861a9dd89,Sand Balls Android,$521
56d55c72562b9c353800000d,Voodoo,6543ab9e8c556a86968f44cc,Monster Survivors ANDROID,$520
59fb487bbe77065f5800afc3,Azur Games,649c0ad1d89a1b3212020e74,Kingdom Clash,$520
6297c4bc012073001b3df035,Yandex Inc.,691dd8cc61b88ba2cff5cd21,onetooz-limited_com-svcapp-magic-new,$520
57ab0b38c6ebd5c83300007e,Good Job Games (Azur),5aaa55972d4eb6562701979b,Rise Up Android,$519
561e8d956b8d90f61a0030cf,Ketchapp,64999a614d52fcfacebbfdf1,RiderWorlds,$519
5ec6f4dbdae5f50015c2980b,PCA Bear LLC,64d9e2d3901d44365f6d46f5,Nextbots In Backrooms: Sandbox,$519
61e93624cf7a710017932586,"Appgeneration, Lda",6511964c48832e941ea4a6ca,Radio CH,$518
5c657afed9e6e60012bab5d9,gamestudiopsv@gmail.com,695b7485012a302218f636d6,6503091221,$515
5a53889945eaab512501251e,AddApptr GmbH,68a455f084159c6ca0964e5e,LiteGames_RummySP_iOS,$513
5c657afed9e6e60012bab5d9,gamestudiopsv@gmail.com,6548ce4729ee44e8782a36b4,com.GamesEZ.CustomClubOnline,$512
619b548fc9c9c1001796f1f6,Gimica GmbH,69ca66a127ccf417bf78bee5,Mahjong Master Path to Harmony,$511
5eb3c48aa80eba00159907c3,Matchingham Games Limited,6787a5bc2e341ddcbb6d719f,Word Chain_iOS,$510
561e8d976b8d90f61a00402a,Gameloft - Master Account,57f50a6f2c5345da280000ce,Gangstar Vegas - Android,$510
5c657afed9e6e60012bab5d9,gamestudiopsv@gmail.com,63fe170f80ccdaac38a085f3,1611891807,$509
6107c3b4abaef100175b9029,Lessmore UG (haftungsbeschränkt),6113f20e157877919107b266,Pocket Chess IOS,$509
5a689d947f4def81700028c6,Fumb Games,673cc785f4ded7f554b487a8,Idle Mine!,$507
561e8d926b8d90f61a00013e,Miniclip SA,647dcda77b7217fafec47f3a,Speed Stars Android,$506
5bec0018c9af0a7962a96f4a,Rollic Games,607055f68f2159398f84e09a,Hair Challenge,$506
561e8d936b8d90f61a001096,MyGames MENA FZ LLC,5be19cb4ed75b7795c4952a0,Hustle Castle: Fantasy Kingdom,$506
561e8d936b8d90f61a00136a,MWM,5b61dfb6a5eacf3ee67a7b9d,Beat Maker Pro [Android],$505
5a53889945eaab512501251e,AddApptr GmbH,6712299e3a31561437ca14cb,ForzaFootball_ForzaiOS_iOS,$501
6297c4bc012073001b3df035,Yandex Inc.,69ba8da80114322d67472d9d,yuw990054-gmail-com_com-green-fire-vpn-birds,$500
561e8d926b8d90f61a00013e,Miniclip SA,6089840775dd9017131843cd,Chess Clash,$500
5e3692d21cd3cb0018dd4329,SuperSonic Studios,63f755372dbabb41b7ee3bdd,Camo Sniper,$499
619b548fc9c9c1001796f1f6,Gimica GmbH,69dcc00ec93423da611cd5ba,Nonocross,$499
59fb487bbe77065f5800afc3,Azur Games,5fd89694f6ef564071fa11ef,Hit Master 3D: Knife Assassin,$499
561e8d936b8d90f61a000cd1,InnoGames GmbH,66912bf23a75e04ec6cf2bce,Heroes of History,$499
561e8d946b8d90f61a001509,Outfit7,5240a81f4b9ca80e15000008,Talking Ginger - appstore,$498
59ff73a9eb02606d5200174f,Heatherglade,5d35d13997b77400170bc52b,Zero to Hero Android,$498
59fb487bbe77065f5800afc3,Azur Games,5e4539ce627b8a3e22291e99,Brain Blow,$498
61e93624cf7a710017932586,"Appgeneration, Lda",65d769377f94e82ba925ec92,Radio CZ,$497
5a53889945eaab512501251e,AddApptr GmbH,65b28a32aad06991469bc98b,LiteGames_RummySP_Android,$497
59fb487bbe77065f5800afc3,Azur Games,5d28505807a8e00017992ec9,Bottle Jump,$497
6155ad11120d4a0017386a18,Agave Games,699c244d502bf17c88448a19,Soda Match,$496
6093fd75b33a50001533d418,Goodgame Studios,60ae26c3e6e635cf52262b02,BigFarm Mobile Harvest (Microsft),$495
63d229657d9fc60014b1afdf,Paxie Games,694ac4f0de78228fcc07852e,Wood Loop,$495
64075f57d6da1900141e5aba,Code Dish GmbH,5fb248e5e318e5949e7f5b7b,Coloren - iOS,$494
561e8d936b8d90f61a000afd,Ubisoft Mobile Games,55fca4875087663b70000010,Hungry Shark World,$494
5fc671cbba624b0015a61bf1,Saygames LTD,6846f245575c21961f18be44,Royal Lands,$493
5a9d60d3b1c1666c2e0056ba,Homa Games,64c0cb1aeaf5dbf4a692ad16,Spider Solitaire,$493
5bec0018c9af0a7962a96f4a,Rollic Games,6188f019b5c5bffab2749aac,Coffee Stack,$493
69a816c2814b9fb75404bc85,Kinkajoo Ltd,69d20aa99d2d32b0f0567d44,iOS Rummikub Israel,$492
56d55c72562b9c353800000d,Voodoo,6762b73687298a2a13dc4714,Tower Control Manager,$491
64075f57d6da1900141e5aba,Code Dish GmbH,659d11d33133fb3ba24a34c9,Piggy Kingdom iOS,$491
561e8d976b8d90f61a00402a,Gameloft - Master Account,57f50a202063f2454600002f,Gangstar Vegas - iOS,$490
561e8d956b8d90f61a003219,"Appodeal, Inc.",573eefd03162518d1400005b,com.ookbee.tunwalaiapp/36380,$489
5dcf09394f6eed0018145e58,Unico Studio LLC,695ff0b1c2964f188fd66bb0,Brain Test 5,$488
6297c4bc012073001b3df035,Yandex Inc.,6a153c7a506d51d291ff42cb,haidiqin3-gmail-com_com-kgames-wildsurvivalventure,$488
561e8d956b8d90f61a003219,"Appodeal, Inc.",687eb05d5283df928d63200e,com.pirvelads.astv/770020,$488
6297c4bc012073001b3df035,Yandex Inc.,68de2dee5f81a96145dc193d,oleg-sternberg_ferp-android,$487
61e93624cf7a710017932586,"Appgeneration, Lda",6762dc92b74186f469dfe9bd,Dominoes,$486
5fc671cbba624b0015a61bf1,Saygames LTD,6361078e952ac005717d78e0,Monster Demolition,$485
56d55c72562b9c353800000d,Voodoo,6244498ad37515187cedd97f,Puff Up ANDROID,$484
59fb487bbe77065f5800afc3,Azur Games,62bc153660eb231285985cc2,Hair Tattoo Master,$484
6021599b8b3e5600159fcc76,HITAPPS GAMES LTD,608ad87325167d749db8210d,Mr Logic iOS,$484
58737456236d8f446400071c,FIOGONIA LIMITED,65cf35287f94e82ba925d2d3,Cribbage Android,$483
56d55c72562b9c353800000d,Voodoo,65cf7e74d63f23ff92212f46,Coffee Pack IOS,$482
6297c4bc012073001b3df035,Yandex Inc.,67657892106a4471a57c5beb,aib-mamba_Mamba Android,$482
5bec0018c9af0a7962a96f4a,Rollic Games,68d276eb5f2ed60420cd0ff6,Parking Jam 3D,$482
561e8d926b8d90f61a00013e,Miniclip SA,65c633747f94e82ba925bb97,War Sniper,$481
56d55c72562b9c353800000d,Voodoo,68d29f569b5a9274573ef01f,Battle Bag: War Zone,$481
56d55c72562b9c353800000d,Voodoo,65047c2222e02a633346387b,Sniper Siege: Defend & Des IOS,$480
561e8d936b8d90f61a001168,IsCool Entertainment,5be44f5e8e9ba200114d02db,Buca!,$480
5f69aef134a76100158aa316,Hypercell Games,68a73c9b85125a98e7cd424b,Lucky Balls iOS,$480
57d1b461ae2b57d903000027,Easybrain Ltd,69fb5018637148d12c1d0222,Arrow Puzzle 3D GP,$480
57d1b461ae2b57d903000027,Easybrain Ltd,6808a5276b08d751835d8ad6,Coloring book Android,$479
5a9d60d3b1c1666c2e0056ba,Homa Games,647daf5989d9ccf85d56eaad,Weapon Master!,$477
5dcf09394f6eed0018145e58,Unico Studio LLC,63cf06977cf96c9d5e6a7351,Brain Test 4 Android,$476
59fb487bbe77065f5800afc3,Azur Games,62399495cc739251f852b5af,Archery Bastions,$475
5fc618102e8dd2001579b65d,App Central ltd,68f5f3a2278f041184333892,Grass Puzzle Launcher,$475
5a9d60d3b1c1666c2e0056ba,Homa Games,69009383ff7e0f5f7810c3bf,Bullet Heroes,$475
561e8d966b8d90f61a00392d,WISE WAVE CORPORATION LIMITED,67effcd827032a53848b8e34,Jackpot Buffalo Slots,$475
59fb487bbe77065f5800afc3,Azur Games,5f8069addfe948be11e6478c,Race Arena - Fall Cars,$475
56d55c72562b9c353800000d,Voodoo,627a65828e9a403c3342373a,Double Money ANDROID,$474
6807c7070437920011951c37,Circle Games,6807c80cda6c7a82edfa0f43,Sort Express!,$473
5ec6f4dbdae5f50015c2980b,PCA Bear LLC,64ffdcb0c936e0cffdfbdcc4,BloodBox Sandbox,$472
59e4bb543f0fa9a20900afa3,TabTale LTD,66c7f13b1d0f136e8c4fbc76,Bus Frenzy,$472
59e4bb543f0fa9a20900afa3,TabTale LTD,60f16289ee80d6c9825f7289,DIY Keyboard Google_CL,$471
561e8d956b8d90f61a003219,"Appodeal, Inc.",65a0076f718078d1bb4c02a8,com.collage.belka/755911,$470
561e8d956b8d90f61a003219,"Appodeal, Inc.",63507923244099f8ce49e237,com.chaloapps.roosterrudy/738635,$470
5c3c9ba19f3cbd45d7dae29c,TapNation,680123ba84f5677d170bca30,Fortress Merge,$470
6297c4bc012073001b3df035,Yandex Inc.,69c5185344691131e3af082d,seamobi-dev-gmail-com_com-freeconet-planet,$470
5c657afed9e6e60012bab5d9,gamestudiopsv@gmail.com,636264f393178531abffb324,com.blockgamesstudio.blockworld3d,$469
5dcf09394f6eed0018145e58,Unico Studio LLC,698247a18a0253803d291787,Word Solitaire Android,$468
61e93624cf7a710017932586,"Appgeneration, Lda",6655aaf2329253a128f1ece9,Radio BR,$467
5cc173c6d788b30012b2ff51,Loop Games A.S.,68bea1010fbea7c3d7fd422d,Octo Crush,$467
5c657afed9e6e60012bab5d9,gamestudiopsv@gmail.com,67a08ef1ffda0af1dd8c6c31,com.TenebryFox.DreamRoadMultiplayer,$466
5c3c9ba19f3cbd45d7dae29c,TapNation,633d773211ab243db8f3eb5b,Save the Doggy,$466
561e8d926b8d90f61a00013e,Miniclip SA,55b637ce760693386100016e,Agar.io,$466
6666afb99ec3300011cdf91d,Appvestor ApS,66defebbd7770a6a36971df1,Erasoft - All Email Connect - com.mail.inbox.allemailaccess,$465
5e072f709b72ee0018763bc3,TAPCLAP,677a5a10b74186f469e037fe,CandyValley iOS,$465
6297c4bc012073001b3df035,Yandex Inc.,6943cd35a5e39c9bec66400e,yan443193697dex_com-erc-russiavpn,$464
5fc671cbba624b0015a61bf1,Saygames LTD,5fb3e7da4410fe7ce8c8e958,Sushi Roll 3D,$464
59e4bb543f0fa9a20900afa3,TabTale LTD,614dab3a84a674486e47d5a9,DIY Keyboard iOS_CL,$463
6666afb99ec3300011cdf91d,Appvestor ApS,671f6667913e67d2955cf138,Big Teach - Easy Dialer - com.contacts.easy.phone.dialer,$463
56d55c72562b9c353800000d,Voodoo,62ea4c429120026340915d77,Uboat Attack IOS,$463
65e71ba517069f0011a36cfa,Rounds,69b55d312ecb7d9731356476,Mapway Tube Map,$462
604773b63f9ad40015309a2a,SOCEM,628fae21418437e8fcfa364f,GPS172-01 - Messages App: Sms & Messaging,$462
63aae025228482001b699206,Moon Star Games,6a042b4c7813841c725acda9,Car Crash Simulator: Mountain,$461
5cc173c6d788b30012b2ff51,Loop Games A.S.,65cf266dd1b71b57183c1a7a,Block Mania,$458
5e3692d21cd3cb0018dd4329,SuperSonic Studios,5e84aaaece415a000187166e,Hide `N SeeK!,$458
65e71ba517069f0011a36cfa,Rounds,65e83edc09143409c22e23d7,DaTuner,$458
561e8d956b8d90f61a002f2c,AxesInMotion,5dcac935a641b70018d32219,(Admob Mediatio) Extreme Car Driving Simulator,$456
5c3c9ba19f3cbd45d7dae29c,TapNation,6644b27b03a2e938b0e0957a,Bike Life!,$456
61e93624cf7a710017932586,"Appgeneration, Lda",6272a6082467468d97b5a3a5,Mahjong,$455
5a9d60d3b1c1666c2e0056ba,Homa Games,62bc3dbef24a27ace2a7a2fe,Steering wheel Evolution,$453
6247027c20721a0018bb6528,First Touch Games,62e25aa8b6504c097a5ece50,MPX,$453
561e8d976b8d90f61a00402a,Gameloft - Master Account,57fe4f6c131603fd3800009d,Asphalt 8: Airborne,$452
59fb487bbe77065f5800afc3,Azur Games,5afc6c41d4aaac380defb49a,Sling Drift,$452
5b84c65ca73f7a027c553f4a,Rewards Game,67513bd65d8e5531834f9bca,Screw Master 3D,$452
561e8d936b8d90f61a0011da,Tactile Entertainment,68b6f5d60e4ccdf0435abf95,Suck It Up,$452
6297c4bc012073001b3df035,Yandex Inc.,69aa8a46c4789db9ed1b5e60,yuechao-ma_com-ray-litter-Vulcan,$452
6297c4bc012073001b3df035,Yandex Inc.,69fc8212f9684568f365aba4,zhouwu19894325-gmail-com_com_zhenqing1_blissunny,$451
561e8d926b8d90f61a00013e,Miniclip SA,540f0ee02e4ce5b90600002e,Soccer Stars™,$450
5a53889945eaab512501251e,AddApptr GmbH,67640622364caaf5ba12e617,RGCO_BMiOS_iOS,$450
5d074f140fbc770017190dd2,RUBY OYUN VE YAZ. DAN. SAN. TIC. A.Ş.,5ef9e4a09c3a0300015b0e0f,BeautyCare_iOS,$449
59fb487bbe77065f5800afc3,Azur Games,65084f29db5f7f7f5e2fd2cd,Battle Lines: Puzzle Fighter,$448
604a7ccb4f898b00151e2797,FunCraft,649db50d830ec394da0089c2,Word Yatzy,$448
56d55c72562b9c353800000d,Voodoo,635aa91d0f4f852d21f06a3f,GRO IOS,$447
561e8d936b8d90f61a000e7b,ZeptoLab,58a18cd9bf507e442e00017a,CTR OR Android - Supersonic,$447
59fb487bbe77065f5800afc3,Azur Games,62c6e9e32ac616d8cf8ab7cb,Merge Archers,$446
66e545690f05bd0011e185b8,JEDY APPS TECHNOLOGY LTD,69103725844b74af78c49cc5,Docx Reader,$446
561e8d936b8d90f61a001168,IsCool Entertainment,669fc9a51ea687af3dbfc5b3,Crossword Daily - Arrow Word,$444
6297c4bc012073001b3df035,Yandex Inc.,697c60d8da560eab1ec2c77a,mliu43734-gmail-com_com-swiftguard-vpn-free-strong,$444
561e8d966b8d90f61a00392d,WISE WAVE CORPORATION LIMITED,61f45f6f84c6b60a3a481d9a,Casino Roulette: Roulettist,$442
59e4bb543f0fa9a20900afa3,TabTale LTD,637cd3d0f66a86b1ab7f8357,DIY Paper Doll iOS_CL,$442
59146b86595df11c320004ac,Tactile Entertainment ApS,59146ca723cf14772200040f,Simons Cat [App Store],$442
561e8d946b8d90f61a001ade,Jelly Button Games,58a1be62342eb40b3f000075,Pirate Kings iOS,$442
61e93624cf7a710017932586,"Appgeneration, Lda",651196065551fd9849db8c5b,Radio CA,$441
63d229657d9fc60014b1afdf,Paxie Games,69f8ad7841d4695486a19c9b,Pixel Maze,$441
5c657afed9e6e60012bab5d9,gamestudiopsv@gmail.com,67b6e2c2390c720c73a0e76e,6741928115,$440
64075f57d6da1900141e5aba,Code Dish GmbH,622844dd382df8a8aa85b438,Jigsaw Puzzles,$440
561e8d956b8d90f61a0030cf,Ketchapp,63ce641fa5ddca8144969d89,RiderWorlds,$438
59e4bb543f0fa9a20900afa3,TabTale LTD,628e00eb1431405e1074ebba,Dig Deep Google_CL,$437
56d55c72562b9c353800000d,Voodoo,59d4efb60b9e07c12500358a,Dune iOS,$437
5fb510aa8072bf0015d8d59d,Tap2Play LLC,61825aaf6cb2c8ef34c9e239,TRC_Twerk Race 3D,$436
561e8d976b8d90f61a00402a,Gameloft - Master Account,57fe4fa4e012810b3b0000b3,Despicable Me 2,$436
5fb510aa8072bf0015d8d59d,Tap2Play LLC,6422a725a4edcea88b39e959,DEC_ANDROID_Delivery Construct,$436
579749090650b9fb6e0000b9,ITERATION MOBILE S.L,6544d63c31fcb684200f0a82,Radarbot,$436
56d55c72562b9c353800000d,Voodoo,67c584d3c96b4c09d8bd7160,This is Blast!,$435
65e71ba517069f0011a36cfa,Rounds,67b71368614e4f5986be3475,Speedometer R,$435
561e8d956b8d90f61a003219,"Appodeal, Inc.",63cf22b3f1b141dcb07caf4e,com.lordix.addonsforminecraftpe/740322,$434
561e8d956b8d90f61a003219,"Appodeal, Inc.",67722285b74186f469e01b52,com.chatplanet.videochat/763605,$433
5eb3c48aa80eba00159907c3,Matchingham Games Limited,66607a63d3c5ac7c6bb8eaae,Popcorn_iOS,$431
5e3692d21cd3cb0018dd4329,SuperSonic Studios,666addd19b1d1ecdf9efe86a,Conquer Countries,$431
61e93624cf7a710017932586,"Appgeneration, Lda",65d76901d63f23ff92214689,Radio HU,$430
5fc671cbba624b0015a61bf1,Saygames LTD,67517d2f9e6ef0ac4dc6a529,Stitch Jam iOS,$430
5c657afed9e6e60012bab5d9,gamestudiopsv@gmail.com,69ea33aa164265a039e91e8c,6593663767,$429
58737456236d8f446400071c,FIOGONIA LIMITED,65f18df100dbaec75a0f5f91,Gin Rummy iOS,$429
65e71ba517069f0011a36cfa,Rounds,6891d013b258eb088dd65e7e,Looping Calendar,$429
6666afb99ec3300011cdf91d,Appvestor ApS,68dfb1037446ba296ffa3ddc,AV - CNA - callid.name.announcer,$429
56cb43391ba696884900000a,Ilyon Dynamics,63eb4da8a511a19ac760e06e,com.champion.cubes_a_1596,$428
65e71ba517069f0011a36cfa,Rounds,679a016b9fe5d49d4b56d875,Sketch Lite,$428
61e93624cf7a710017932586,"Appgeneration, Lda",65d78f35d1b71b57183c3400,Radio AR,$428
61e93624cf7a710017932586,"Appgeneration, Lda",64e721854ca99f72ba7c5368,Radio,$428
5fc671cbba624b0015a61bf1,Saygames LTD,5fd753f32838aa28dfecaff4,Collect Bricks!,$426
5d074f140fbc770017190dd2,RUBY OYUN VE YAZ. DAN. SAN. TIC. A.Ş.,61fe29901f66a881c3bcfdcb,Wordus_iOS,$426
561e8d926b8d90f61a00013e,Miniclip SA,668bd29c4d6765df32febf7e,Baseball Clash,$426
561e8d956b8d90f61a003219,"Appodeal, Inc.",607174bd1aa20c3f7dd6ad6f,kawaii.world.craft/704391,$426
63d229657d9fc60014b1afdf,Paxie Games,69cfa2a909074b5e87323981,Leon Out,$424
5e3692d21cd3cb0018dd4329,SuperSonic Studios,684a9bb7bf58f596c87195ee,Design Family Life,$424
5cda78f561a35300113a86ab,Moonee,652ecad49f4cda0133b3d1a7,Balls Bounce,$423
56d55c72562b9c353800000d,Voodoo,66bf6d9b021ed842c0bfbe88,Gin Rummy Stars - Card Game,$423
561e8d936b8d90f61a000cd1,InnoGames GmbH,61fbd201b7cac314a58f2e2d,Rise of Cultures iOS,$423
5fc671cbba624b0015a61bf1,Saygames LTD,69243e8d6d8298ca1d277464,Royal Lands,$422
5fb510aa8072bf0015d8d59d,Tap2Play LLC,6719e964c55b9eb5a4cc926d,WOS_ANDROID_Wood Screw,$422
59e4bb543f0fa9a20900afa3,TabTale LTD,5f32ac660ed3a70001eaf6e8,Acrylic Nails! Google_CL,$422
59fb487bbe77065f5800afc3,Azur Games,5defa98e9ccb212fe8178bb1,Hidden Objects: Brain Teaser,$422
67a0d88e77bd1c00117ad4f5,Rock Rim Media Inc,67deae0649fb3a4f68f52f2c,OK iOS: Social network,$422
5c02ea6d99e4374b87bd9cc5,GreenButtonGames,6341e8f18b56d29927f0ad60,Alien Escape RPG,$420
58737456236d8f446400071c,FIOGONIA LIMITED,65fda843f5d8b25533af0dc1,Gin Rummy Android,$420
561e8d936b8d90f61a00134a,Veraxen Ltd,5dfcdff9e289750018af6268,Color by Number Oil Painting iOS,$420
59fb487bbe77065f5800afc3,Azur Games,5f881813ceb4a387b7eabeb6,Western Sniper,$420
56d55c72562b9c353800000d,Voodoo,6501b51ed38855ef54aae2cd,Combat Cruiser ANDROID,$420
5bec0018c9af0a7962a96f4a,Rollic Games,691b20eef3cd41299fea4777,Scavenger Hunt,$417
6021599b8b3e5600159fcc76,HITAPPS GAMES LTD,6208d54e58c4c6fd8974ee47,Figgerits iOS,$417
59146b86595df11c320004ac,Tactile Entertainment ApS,5b03dc68e463f5362267aaec,Simons Cat Pop Time [App Store],$416
5bec0018c9af0a7962a96f4a,Rollic Games,62ced6051ee36b67a0f96b88,Bump Pop,$415
5f69aef134a76100158aa316,Hypercell Games,67a0d920f372f630d3b7693c,Lucky Ways Android,$415
604a7ccb4f898b00151e2797,FunCraft,6915f38bdb8feadf7f6ab5e5,Hot Rolls,$415
5fc671cbba624b0015a61bf1,Saygames LTD,63610d6c9d940662e7617495,CubeCraft,$414
60f059faaf96d700177d115f,Yolo Oyun Yazılım ve Pazarlama AS,66f301ea901d39379d5a90b4,Find Master - Spot Differences,$413
5e3692d21cd3cb0018dd4329,SuperSonic Studios,5eeb38102df77a0001480ec3,Idle Success,$413
6155ad11120d4a0017386a18,Agave Games,67e11acbfbf8bcb4e6b8a315,Soda Sort,$413
5a9d60d3b1c1666c2e0056ba,Homa Games,63ad9ab3870f026c95496e53,Attack Hole,$413
5bec0018c9af0a7962a96f4a,Rollic Games,64ec4458a91e6cc3253825e4,MergetheJelly,$411
5a6f56062c250d182f0056f3,Kwalee Ltd,5b263507e3d58b46845adb28,Go Fish!,$411
5c3c9ba19f3cbd45d7dae29c,TapNation,6009764b6a2d5b6e8a21f8a8,Guess their answer,$411
561e8d966b8d90f61a00392d,WISE WAVE CORPORATION LIMITED,61f4639e93587f30d7433203,Durak Online,$411
56d55c72562b9c353800000d,Voodoo,64143052690da6a9f3f7d8e3,Drone Strike Military War  IOS,$408
65e71ba517069f0011a36cfa,Rounds,6773c452364caaf5ba1319a8,Picsa Editor,$406
5a9d60d3b1c1666c2e0056ba,Homa Games,6524138722e02a6333465ebc,Butcher's Ranch,$405
5fb27298d8ff880015e84750,MNO GO APPS LTD,68b55fd0336ff3da36c5d580,Quiz Blitz: Mind Games,$405
63d229657d9fc60014b1afdf,Paxie Games,69160eb2a4aa904933f418b7,Color Shooter,$405
561e8d946b8d90f61a001f18,Nordcurrent,60cc7dd048b73dee1c482910,Happy Clinic,$405
5c657afed9e6e60012bab5d9,gamestudiopsv@gmail.com,677b8c1687298a2a13dc9830,hidden.objects.island.game,$404
561e8d956b8d90f61a0030cf,Ketchapp,66e15b3cfad9460d161ec8f6,MonsterChase,$403
619b548fc9c9c1001796f1f6,Gimica GmbH,6565b162abfc44749627db9e,Space Connect,$403
5bec0018c9af0a7962a96f4a,Rollic Games,63e0edc448f53daaccff1e9d,PressureWashingRunner,$402
5eb3c48aa80eba00159907c3,Matchingham Games Limited,629e2bc347ce1da613057e31,Flashback,$401
685d2c04f000940011f6c716,X Gaming Lab FZ LLC,685e31e44598823da2487ad7,CarX Drift Racing 2,$401
6666afb99ec3300011cdf91d,Appvestor ApS,68de78155f81a96145dc1dc6,Molibe - Horoscope - com.molibe.freedailyhoroscope,$400
6666afb99ec3300011cdf91d,Appvestor ApS,68c929c647baffd702db0e26,SMSRobot - EasyCalendar - com.agenda.events.planner.calendar,$399
5fc671cbba624b0015a61bf1,Saygames LTD,6894d0ef0012d71c15f83926,Hexa Shift,$398
64075f57d6da1900141e5aba,Code Dish GmbH,5ebe454758afe50001bcabe7,Coloren_Android,$398
56d55c72562b9c353800000d,Voodoo,63a191ddaa0e30f4967da076,Water Power! IOS,$398
6093fd75b33a50001533d418,Goodgame Studios,60bf62bb0d2e8357d7cfa795,Big Farm Mobile Harvest,$398
67890ce306da6400110244a9,Golf Dreams AB,67890e1b7d85b2b0743baa43,Golf Dreams,$396
61e93624cf7a710017932586,"Appgeneration, Lda",65d768509a4122e9e0de9a7d,Radio GR,$396
64075f57d6da1900141e5aba,Code Dish GmbH,6226f74df92e294d30e00209,Jigsaw Puzzles,$395
56d55c72562b9c353800000d,Voodoo,638f4659d6fa826805634102,Infantry Attack IOS,$395
5fc671cbba624b0015a61bf1,Saygames LTD,638f12b17c1c425f34dc1d5c,Bounce Dunk,$395
5a6f56062c250d182f0056f3,Kwalee Ltd,675c5508a581db7f1018cefe,Queens Master: Sudoku Puzzle,$395
561e8d936b8d90f61a0011da,Tactile Entertainment,622b60b5434cb53542ec60c9,Penny & Flo [App Store],$395
65e71ba517069f0011a36cfa,Rounds,67cadeefd7d9eace6f9fbc90,Secure Folder,$395
6297c4bc012073001b3df035,Yandex Inc.,68c2d5d20ed903cf7fcebf6f,tds-easyapp_com-breakpoint-ficbook,$394
561e8d956b8d90f61a003219,"Appodeal, Inc.",6720f25cc55b9eb5a4cca632,app.echoplay.musicplayer/763322,$394
59e4bb543f0fa9a20900afa3,TabTale LTD,5fe2046c25784b4efa429d1b,Sculpt People iOS_CL,$393
627b73f7023d420018e2f038,Chardonnay Partners LLC,69c3bdc6426290c7b35df4fb,Word Solitaire Android New,$393
561e8d956b8d90f61a003219,"Appodeal, Inc.",6876d69361fad0cbc886404c,com.vpn_tube.vpntube/769853,$393
65e71ba517069f0011a36cfa,Rounds,67b337952363a440422fed14,Digital Compasss,$392
5c657afed9e6e60012bab5d9,gamestudiopsv@gmail.com,6a180cd227cc99a7734a4976,io.kibo.clarity,$392
5e3692d21cd3cb0018dd4329,SuperSonic Studios,666016e2c7c77539d1a29e43,Sniper Shooter Wild,$392
5bec0018c9af0a7962a96f4a,Rollic Games,657842dfea1e1fb59fdf3a88,BusQueue,$392
5fc671cbba624b0015a61bf1,Saygames LTD,6384af0842689cf1ef9c2ee4,Black Deck,$391
5fc671cbba624b0015a61bf1,Saygames LTD,5ed79d43d7006e000109781b,HellCopter iOS,$391
5a9d60d3b1c1666c2e0056ba,Homa Games,692edc13b88dcb4daa96cc81,Harvest King,$390
5c657afed9e6e60012bab5d9,gamestudiopsv@gmail.com,6964e975a37bf42bb0724edd,appzonee.live.football.tv.hd.streaming,$390
561e8d936b8d90f61a000f17,Smart Project GmbH,6995cdf1422f11044497fbb8,Math Solitaire: Brain Puzzle,$390
5ab5070d69e58f7fca39bfe6,Green Panda Games,5204be3412a41b7c02000021,Spider Solitaire,$389
56d55c72562b9c353800000d,Voodoo,60547c026599e12c212e49c4,Bounce and collect,$388
5cc173c6d788b30012b2ff51,Loop Games A.S.,6638a5d161db5b0a87582538,Number Match,$388
56d55c72562b9c353800000d,Voodoo,69ab0428a5433b0e065f2cc5,Snipers Duel,$387
61e93624cf7a710017932586,"Appgeneration, Lda",65d790979a4122e9e0de9af0,Radio TH,$386
5fb510aa8072bf0015d8d59d,Tap2Play LLC,642d26ce171a6877377fc3a1,TTA_IOS_Tear Them All,$383
5eb3c48aa80eba00159907c3,Matchingham Games Limited,66fbbe7c50a4bcd87e97ac42,Brainstorm_iOS,$383
65e71ba517069f0011a36cfa,Rounds,6879380228d514326f543c05,Word Office GP,$383
56d55c72562b9c353800000d,Voodoo,66bf6690021ed842c0bfbe7d,Gin Rummy Stars - Card Game,$382
561e8d956b8d90f61a003219,"Appodeal, Inc.",5768b88c6a14a5c11400013c,com.playlabs.planetcraft/26525,$381
561e8d956b8d90f61a003219,"Appodeal, Inc.",5ca72b8ebbc9e6016ccce45d,com.ToFlyDreams.ThePhenomenonDemo/108067,$380
604a7ccb4f898b00151e2797,FunCraft,698ccbcd0df678167264f1da,Dice Connect,$380
561e8d936b8d90f61a000cd1,InnoGames GmbH,61fbe3c9ccc8ba4424441bb0,Sunrise Village,$380
59fb487bbe77065f5800afc3,Azur Games,61f3dbb1e2b092a6faeb7af0,Mergic: Merge & Magic GP,$380
6297c4bc012073001b3df035,Yandex Inc.,691209ecbd1fb70887c02362,deveem_app-start-vpn-russia,$379
57ab0b38c6ebd5c83300007e,Good Job Games (Azur),5d2d98fc2d3d750018571960,Color Fill 3D,$378
61e93624cf7a710017932586,"Appgeneration, Lda",655ba2a4b53dd79ca06f5ef2,Radio GT,$378
5fb510aa8072bf0015d8d59d,Tap2Play LLC,68f8807bb4f7bbd7fef2ff3f,WOS_IOS_Wood Screw,$377
5cc173c6d788b30012b2ff51,Loop Games A.S.,67e5714d60f70ea57d8e12fc,Wood Out Color Jam,$377
5f69aef134a76100158aa316,Hypercell Games,644ae0d811af6ec1f39a0608,Draw To Smash Android,$377
65e71ba517069f0011a36cfa,Rounds,67af3a47390c720c73a0cca4,Speak And Translate,$376
5c657afed9e6e60012bab5d9,gamestudiopsv@gmail.com,668b89913a75e04ec6cf190d,com.dddev.gallery.album.photo.editor,$372
59ff73a9eb02606d5200174f,Heatherglade,5dbab229073003001420adba,Zero to Hero IOS,$372
561e8d956b8d90f61a003219,"Appodeal, Inc.",67722361364caaf5ba1312b0,com.chatlife2.mlnd/763128,$372
561e8d926b8d90f61a00013e,Miniclip SA,66b0d2f913305e4e4b880ed0,Reckless Getaway 2,$371
5a53889945eaab512501251e,AddApptr GmbH,64d5f3011acd31e87b5c73c1,TorAlarmGmbH_TorAlarmBL_iOS,$371
6297c4bc012073001b3df035,Yandex Inc.,69fb4a83637148d12c1d00f0,mliu43734_com.mango.v2raytun,$369
5e3692d21cd3cb0018dd4329,SuperSonic Studios,64e48167141e8c0978ae3e43,Family Life,$369
59fb487bbe77065f5800afc3,Azur Games,5e32d03544a81d1bfb7fe32e,Harvest.io,$369
5f69aef134a76100158aa316,Hypercell Games,63a02c3503985c161be28df7,Freaky Stan iOS,$369
561e8d936b8d90f61a000838,Social Point,5c4f1b2c29ae6000178c2e52,Word Life Android,$368
5dcf09394f6eed0018145e58,Unico Studio LLC,68701242781aaf7f1ef1b682,Smash Block Android,$366
6021599b8b3e5600159fcc76,HITAPPS GAMES LTD,62db1bbf0cddf1a14bfb99b8,Associations,$365
561e8d966b8d90f61a0033c4,Moon Active,69f096d60215adba9907a4ba,Yarn It - iOS,$365
56d55c72562b9c353800000d,Voodoo,64ad1703847c940a560e57f6,Double drift IOS,$365
5fb510aa8072bf0015d8d59d,Tap2Play LLC,667dd563efa7b310eb762a41,UNM_ANDROID_Unravel Me,$364
61e93624cf7a710017932586,"Appgeneration, Lda",65d768b57f94e82ba925ec8d,Radio ISR,$363
5bec0018c9af0a7962a96f4a,Rollic Games,6909ecb902e5cc63a63e0336,Tap Away,$362
561e8d946b8d90f61a001509,Outfit7,56d6ab015abe47932500001c,Talking Tom - appstore,$360
5fc671cbba624b0015a61bf1,Saygames LTD,5e884f1a1d328400013a98c4,The Cook,$360
65e71ba517069f0011a36cfa,Rounds,67a0d5beb7c0c84dcaf1dd8e,Live Earth Map,$360
59fb487bbe77065f5800afc3,Azur Games,605886bf7defe116c1b07fe0,Sword Play!,$359
561e8d936b8d90f61a001096,MyGames MENA FZ LLC,5cb5e9892dd2f50012dfd000,Evolution 2: Battle for Utopia Android,$359
65e71ba517069f0011a36cfa,Rounds,68f746100569890a076b854b,Notisave,$359
64a6b4fdcca9af0011fc86b7,Vira Games Inc,68148ee5ae377462a5420466,Life Sim 3D: Family Simulator,$359
56d55c72562b9c353800000d,Voodoo,68c99b9a701b21fbaf253b08,Beads Out,$358
561e8d956b8d90f61a003219,"Appodeal, Inc.",62dd7ebe66c52ee961b4527b,com.PoxelStudios.DudeTheftWars/725559,$358
59fb487bbe77065f5800afc3,Azur Games,5aba44f86d1636211ff72063,Bouncemasters (Android),$358
61e93624cf7a710017932586,"Appgeneration, Lda",65d75fc3f31d94e5290f9cf9,Radio BE,$358
5a9d60d3b1c1666c2e0056ba,Homa Games,69248bb9c74437f4954e97ff,Bullet Heroes,$357
6297c4bc012073001b3df035,Yandex Inc.,6a1462d61d0ed78b10c17f82,haidiqin3-gmail-com_com-kgames-wormholewar,$357
6666afb99ec3300011cdf91d,Appvestor ApS,68de77b97446ba296ffa2f6c,Megh - Calendar - com.calendar.agendaplanner.eventschedule,$357
604a7ccb4f898b00151e2797,FunCraft,68a618c3e8cd7d8146b61a51,Kismet - Dice Game,$357
561e8d956b8d90f61a003219,"Appodeal, Inc.",63921d10d3fc3b1be0244053,com.matkavt.Spy/137413,$357
5ec6f4dbdae5f50015c2980b,PCA Bear LLC,654cd3f1bd6caa9d6ec6b738,Sandbox In Space,$356
561e8d936b8d90f61a00035c,Supersonic Software Ltd.,5346b3c07963ec4e6a0000ac,World's Biggest Crossword,$356
561e8d936b8d90f61a001096,MyGames MENA FZ LLC,6620e3ec0e0761ce8e0a06cb,Fable Town,$355
59e4bb543f0fa9a20900afa3,TabTale LTD,6009a3a39b6db37ec2f26876,Sculpt People Google_CL,$355
5e3692d21cd3cb0018dd4329,SuperSonic Studios,5ef83544063a410001134179,Bazooka Boy,$355
6297c4bc012073001b3df035,Yandex Inc.,67505abef3c3d10ef1de6c2e,HornetLtdProgrammatic_com-gethornet-Hornet_aos,$355
5c05196699e4374b87bda3b9,Tripledot Studios,68db7c8654aee4c789adc6ee,Word Blast Echidna,$355
561e8d936b8d90f61a000e7b,ZeptoLab,587e265420515014040008cf,Cut The Rope 2 iOS (Applovin MAX),$354
59e4bb543f0fa9a20900afa3,TabTale LTD,63721083bd00d2121e856c9e,Evolving Bombs Google_CL,$353
61e93624cf7a710017932586,"Appgeneration, Lda",665754c091263042f08ee3c0,Radio Thai,$352
561e8d936b8d90f61a000afd,Ubisoft Mobile Games,5954b724c1e9b1e6540035e4,Hungry Dragon - iOS,$352
561e8d926b8d90f61a00013e,Miniclip SA,60c9dbc42f89f78c55a490f5,Pure Sniper,$352
69eb7528a33b05d61de623e5,DVapps AB,69f363168c67ff57b8fe1027,Granny Chapter Two iOS,$351
65e71ba517069f0011a36cfa,Rounds,67b34ebc2363a440422fed75,Simple Notes,$351
5ec6f4dbdae5f50015c2980b,PCA Bear LLC,66b3b91daac742b8e38fee27,Merge Away!,$350
5fb510aa8072bf0015d8d59d,Tap2Play LLC,61e7c5f9b21969444fb44c53,STG_ANDROID_Stone Grass,$350
5e3692d21cd3cb0018dd4329,SuperSonic Studios,64e35312f7fbdc726ec12435,Family Life!,$350
56d55c72562b9c353800000d,Voodoo,6273d7a35dc1af7e45ff1011,Rope and Demolish IOS,$350
5fc671cbba624b0015a61bf1,Saygames LTD,6288e099e09b4806ece9ce8a,Merge Anything,$349
60c319e160f8540017a53701,Spyke Games,6539aa755a26c47d8ba55558,Blitz Busters,$349
561e8d926b8d90f61a00013e,Miniclip SA,5941405d08b4d51072002cdb,Football Strike,$348
561e8d926b8d90f61a00013e,Miniclip SA,66b0d3a85daffb232a9f78e0,Reckless Getaway 2,$347
619b548fc9c9c1001796f1f6,Gimica GmbH,683745e843752d422dfcd345,Slide & Roll,$347
56d55c72562b9c353800000d,Voodoo,638f466fc57880c1a876a58a,Infantry Attack ANDROID,$347
5a53889945eaab512501251e,AddApptr GmbH,6374f64a3e905c1762058835,KvadGroup_PhotoStudio_Android,$347
5fc671cbba624b0015a61bf1,Saygames LTD,62a86f2b7580fc1a5a2eeaf4,Rope and Balls,$347
619376d458dde20017d66610,MATRYOSHKA GAMES (CY) LTD,66b1eb963343191babdae344,We Are Cooking,$346
5dcf09394f6eed0018145e58,Unico Studio LLC,6829b4edf9be3da740374f3b,Farm Block Escape Android,$346
5c657afed9e6e60012bab5d9,gamestudiopsv@gmail.com,64413080d442402c2c26b235,com.GamesEZ.CarMehanic3D,$346
5fc671cbba624b0015a61bf1,Saygames LTD,65e08391fb1f1f9a3b0895d4,Match Junk,$346
56d55c72562b9c353800000d,Voodoo,68d118009b5a9274573eef95,Triangles (game),$346
5fc671cbba624b0015a61bf1,Saygames LTD,5ef501d65d34840001a1278c,Johnny Trigger: Sniper,$345
561e8d936b8d90f61a001096,MyGames MENA FZ LLC,61a73ffd006ebbd4ab9638b5,Days After,$345
561e8d976b8d90f61a00402a,Gameloft - Master Account,581765752717a0c91d000278,Dragon Mania Legends - Android,$345
57d1b461ae2b57d903000027,Easybrain Ltd,5b1566b2ee04815047971423,Drum Pad Machine - Make Beats,$345
6247027c20721a0018bb6528,First Touch Games,62504800b385686851afcef9,MPX,$345
56d55c72562b9c353800000d,Voodoo,6560c3199c211d1a67909b45,Skyline Bowling ANDROID,$344
66e545690f05bd0011e185b8,JEDY APPS TECHNOLOGY LTD,66f260abcde9700bb6f01cd3,Vidmat,$344
6297c4bc012073001b3df035,Yandex Inc.,665891327d7fcffc423f23a8,dvaoru_ru.gavrikov.mocklocations,$344
5bec0018c9af0a7962a96f4a,Rollic Games,684c32769f7ebc7d02756ad9,AgeBreakers,$344
59fb487bbe77065f5800afc3,Azur Games,606d8be7219d0ba1149d965f,War of Rafts: Naval Battl‪e,$344
59fb487bbe77065f5800afc3,Azur Games,59f88f579c78b29d3e00a684,Tank Stars,$343
5bec0018c9af0a7962a96f4a,Rollic Games,63b566b25acb5389d6758877,DigiMerge,$343
6297c4bc012073001b3df035,Yandex Inc.,6a0470f23b6c93ddce0e71ab,mliu43734_ com-vpn-free-plus-vpro-tool,$342
59e4bb543f0fa9a20900afa3,TabTale LTD,637cd5361c0d3fd3684db38d,DIY Paper Doll Google_CL,$342
59fb487bbe77065f5800afc3,Azur Games,62e377abf08f6acac5cfc475,Merge Archers: Castle Defense,$341
59fb487bbe77065f5800afc3,Azur Games,64673b81ca67ac2adf78118f,Hide in The Backroom,$341
61e93624cf7a710017932586,"Appgeneration, Lda",65d78efef31d94e5290f9d52,Radio AU,$341
5fb510aa8072bf0015d8d59d,Tap2Play LLC,69a7d5f2a23408716598fdb9,APC_IOS_Angry Plane Challenge,$340
65e71ba517069f0011a36cfa,Rounds,6799f23f5c0575584f32347f,Rubiks Cube Solver,$340
65e71ba517069f0011a36cfa,Rounds,67caba99d58a84a63e14e7a8,Crosshair Pro,$339
5c657afed9e6e60012bab5d9,gamestudiopsv@gmail.com,68513e563e498a8535215e56,ru.PixelQuest.Match3FunnyAnimals,$339
561e8d956b8d90f61a003219,"Appodeal, Inc.",631a023ddd049457dabc7908,com.storyincorporate.leagueofdreamers/725792,$338
561e8d936b8d90f61a000e7b,ZeptoLab,5da5bdc159f5670018ae682e,Bullet Echo,$338
604a7ccb4f898b00151e2797,FunCraft,68921e27f2b57a6219a09f01,Bingo Dice,$338
59fb487bbe77065f5800afc3,Azur Games,6066c7e9555e1e571854b7d4,Join BLob Clash,$337
5c657afed9e6e60012bab5d9,gamestudiopsv@gmail.com,65d337f9d1b71b57183c26f1,1369018192,$337
5fc671cbba624b0015a61bf1,Saygames LTD,61791534d4f6946680c65b45,Merge Animals iOS,$337
6666afb99ec3300011cdf91d,Appvestor ApS,66d05c6fa6cf59778900a1ab,AV - Mood SMS - com.calea.echo,$337
65e71ba517069f0011a36cfa,Rounds,69b56370706d591163183af8,Mapway Bus London,$337
65e71ba517069f0011a36cfa,Rounds,679b35dc5c0575584f3237d9,Wallpapers HD,$337
60afcdd4407e6d0018810836,Fomo Oyun Yazılım ve Pazarlama A.Ş. İstanbul İhtisas Serbest Bölge Şubesi,63c545c52e88ad8d7e4f4a34,Seat Jam 3D,$336
65e71ba517069f0011a36cfa,Rounds,69787cef73c0a231fff80eaf,Mp3 Converter Video,$336
561e8d956b8d90f61a003219,"Appodeal, Inc.",604706b378406936fb695459,com.flippedcode.speedspot/698211,$336
5fc671cbba624b0015a61bf1,Saygames LTD,632451be13782fb52a2b4f25,Evolution Merge - Eat and Grow iOS,$335
561e8d966b8d90f61a0033c4,Moon Active,689afb15a1e0ba6b5d6a0fac,Merge Adventure: Travel Games,$335
561e8d936b8d90f61a000f17,Smart Project GmbH,69b2eda59fb2d72475a19a1e,Sushi Sort: Yummy Puzzle,$333
5c05196699e4374b87bda3b9,Tripledot Studios,5ecfab736d7abd0001497341,SolitaireScapes,$333
5c657afed9e6e60012bab5d9,gamestudiopsv@gmail.com,640f1191b99ca5c55cdd06c2,1465659575,$332
5fc671cbba624b0015a61bf1,Saygames LTD,6376014010edc8755c25aa6e,Evolution Merge - Eat and Grow,$332
5d074f140fbc770017190dd2,RUBY OYUN VE YAZ. DAN. SAN. TIC. A.Ş.,5d8e165cbea62600175a0b7d,Hunter Assassin - iOS,$330
56d55c72562b9c353800000d,Voodoo,6501b58d22e02a6333463473,Combat Cruiser IOS,$330
561e8d956b8d90f61a003219,"Appodeal, Inc.",6852fee613ef3fccf625b73c,com.toj.gasnow/769247,$330
59fb487bbe77065f5800afc3,Azur Games,5e7b63537b9a650001734e02,World War Heroes iOS,$329
59fb487bbe77065f5800afc3,Azur Games,62b174067ce32c085974b3f7,Who Dies First?,$329
64075f57d6da1900141e5aba,Code Dish GmbH,64d33fecd4592a1f1c80610e,Tile Villas - Match 3 Tiles,$329
5c657afed9e6e60012bab5d9,gamestudiopsv@gmail.com,63171b39a11c5c3e33481ec8,1640670179,$328
6093fd75b33a50001533d418,Goodgame Studios,646dd5f0afeadf98c9266e9f,Sunshine Island - UWP,$328
65e71ba517069f0011a36cfa,Rounds,679a29faffda0af1dd8c5d47,Aestethic Widgets,$328
59e4bb543f0fa9a20900afa3,TabTale LTD,63f766c00ce8b02eff8cca05,Tile Push iOS_CL,$328
561e8d946b8d90f61a002087,Rovio,5d1065cdc318ea0011fce248,Sugar Blast iOS,$328
5dcf09394f6eed0018145e58,Unico Studio LLC,6217cf706e3eabb369f41719,Fake Island iOS,$327
561e8d976b8d90f61a00402a,Gameloft - Master Account,55dc6b26caac59da4d000238,SongPop 2 - Guess The Song,$327
5c657afed9e6e60012bab5d9,gamestudiopsv@gmail.com,641830decfca4cf9b8b6233f,com.soundryt.music,$326
5eb3c48aa80eba00159907c3,Matchingham Games Limited,6172bf027565bfc860872cd6,Braindom 3 - ios,$326
619b548fc9c9c1001796f1f6,Gimica GmbH,68de51df8c59bd0c6baf7d4d,com.gimica.slamdunk,$325
6297c4bc012073001b3df035,Yandex Inc.,69affc00e4fff38b39bb2657,mliu43734-gmail-com_com-wei-free-fast-nexus-bet-vpn,$325
65e71ba517069f0011a36cfa,Rounds,679a1e71ffda0af1dd8c5d0f,Volume Booster,$325
561e8d936b8d90f61a00136a,MWM,5c2c958d77678e0012d34c81,edjing Mix,$324
561e8d956b8d90f61a003219,"Appodeal, Inc.",69a69eb713ccef6d33212c42,brainrot.suit.hapix/776427,$324
561e8d936b8d90f61a001096,MyGames MENA FZ LLC,692dbed5abee3367a0cfa861,Hunting Rivals,$323
56d55c72562b9c353800000d,Voodoo,6536409fc49ce3355b6b2a02,OPA 2 ANDROID,$323
5dcf09394f6eed0018145e58,Unico Studio LLC,69555e750a361dd8d6a5f3be,Voxel Blast Jam Android,$322
617916e8f3ef190017a83854,Digitalchemy,63cffa4e2606652424f263d2,Magnifier Plus,$322
5c657afed9e6e60012bab5d9,gamestudiopsv@gmail.com,6622368b3b493c22d404bad8,1670132766,$322
5ec6f4dbdae5f50015c2980b,PCA Bear LLC,658c98c4a6a87caca0003cfc,Merge Away!,$322
561e8d956b8d90f61a003219,"Appodeal, Inc.",64b7df311762e19d4275cf58,one.belousov.wordgame/746935,$321
61e93624cf7a710017932586,"Appgeneration, Lda",650069c1a4f8fd44fc1731d3,Radio SG,$321
6297c4bc012073001b3df035,Yandex Inc.,68fb32c8a2cdf41cc58f3c8c,yuechao-ma_com-lychee-vpn-supervpn-top,$321
57ab0b38c6ebd5c83300007e,Good Job Games (Azur),61af80d5b8d4aa020c25946f,Sponge Art iOS,$320
59fb487bbe77065f5800afc3,Azur Games,682c86c4f9be3da740376d57,Modern Strike Online,$320
685d2c04f000940011f6c716,X Gaming Lab FZ LLC,6900ae9f7f709b69e412b896,CarX Highway Racing,$320
56d55c72562b9c353800000d,Voodoo,5d08e268b0322d00170029db,Dig this!,$319
5c657afed9e6e60012bab5d9,gamestudiopsv@gmail.com,67ea774492e18aa254c98b2e,com.dilemma.battlegame,$318
5fb510aa8072bf0015d8d59d,Tap2Play LLC,616d454957da69d70f1bb23d,PBR_ANDROID_Paper Boy Race,$318
5dcf09394f6eed0018145e58,Unico Studio LLC,65382b22118859f0d4d6ab61,2048 Blast,$317
5dcf09394f6eed0018145e58,Unico Studio LLC,65cba5d07ec96f667da8174e,X2 Number iOS,$317
5fc671cbba624b0015a61bf1,Saygames LTD,5fd762b42a9403fd0de11a42,Constructor 3D,$317
65e71ba517069f0011a36cfa,Rounds,6799fa049fe5d49d4b56d85a,StickersOK,$316
561e8d946b8d90f61a001509,Outfit7,630884f1eb4afeaaa734a1f5,Talking Tom Time Rush - Android,$316
5e3692d21cd3cb0018dd4329,SuperSonic Studios,6127787bbb43536b5004a891,Make 'Em,$316
561e8d956b8d90f61a003219,"Appodeal, Inc.",6418db559091f900e1111f8d,com.ionicframework.vznakomstve/745600,$315
561e8d936b8d90f61a000f17,Smart Project GmbH,69736c15d4ba143db9063c80,Math Solitaire: Brain Puzzle,$315
561e8d946b8d90f61a001509,Outfit7,521736b63e65e70676000006,Ginger2 - Android,$314
59fb487bbe77065f5800afc3,Azur Games,618b852db4ce036af6a86485,Iron Suit: Superhero Simulator,$314
5a53889945eaab512501251e,AddApptr GmbH,62612b81541f1c905d9ff122,Knuddels_Knuddels_Android,$314
57ab0b38c6ebd5c83300007e,Good Job Games (Azur),5c9b6fc7a4ab3200182c4a56,Run Race 3D,$314
561e8d966b8d90f61a00392d,WISE WAVE CORPORATION LIMITED,61f567a17939a5fa9c179268,Video Poker,$314
561e8d926b8d90f61a00013e,Miniclip SA,68cc13aa1be6c99bffe3f27e,Snooker Blitz,$313
5c657afed9e6e60012bab5d9,gamestudiopsv@gmail.com,64c3c9ba5cc5ce1a020883ad,1660186804,$312
56d55c72562b9c353800000d,Voodoo,62713d3edcf1f55762863395,Bucket Crusher IOS,$312
59e4bb543f0fa9a20900afa3,TabTale LTD,59a012d77915b40f1d00042c,Monster High iOS_CL,$312
65e71ba517069f0011a36cfa,Rounds,679b37b8f372f630d3b75b5a,Rocket Player,$312
6666afb99ec3300011cdf91d,Appvestor ApS,6718b283f8c021b64d842786,Invica - Translator - com.flyr.translator,$311
5c657afed9e6e60012bab5d9,gamestudiopsv@gmail.com,687f3b515283df928d6325fa,com.SimpleSandbox2,$311
561e8d936b8d90f61a001096,MyGames MENA FZ LLC,5be19f1b25c7d7796ec00032,Hustle Castle: Medieval Life,$310
561e8d936b8d90f61a001096,MyGames MENA FZ LLC,67ab1f829fe5d49d4b570ef9,[ITT] Castle Duels,$310
561e8d976b8d90f61a003e29,Vizor Apps Ltd,56373a94d997d6991600000d,MTQ GP,$308
57ab0b38c6ebd5c83300007e,Good Job Games (Azur),6051ca3342e8b8de1d96f08b,Paper Fold iOS,$308
65e71ba517069f0011a36cfa,Rounds,67dbf801420a7a0a7da7a844,Walletpasses,$308
5fb27298d8ff880015e84750,MNO GO APPS LTD,68639da449eda4e9cecb034f,Quiz Blitz: Mind Games,$307
5e3692d21cd3cb0018dd4329,SuperSonic Studios,5f8d76f5132adedfb959674d,Stacky Dash,$307
59fb487bbe77065f5800afc3,Azur Games,6788b5d92e341ddcbb6d761e,Hidden Objects: Journey Story,$307
561e8d946b8d90f61a001509,Outfit7,5240a83b94d2cf9702000007,Talking Ginger for iPad,$306
65e71ba517069f0011a36cfa,Rounds,67a08142b7c0c84dcaf1db9c,Screenshot X,$306
561e8d956b8d90f61a003219,"Appodeal, Inc.",6461ecd1f988836582567eee,com.BoxingTimer/39916,$306
5c6d3f727ba3842bffdc24f1,Beresnev Games,5d021155b0322d0017ffca3c,Gallery: Coloring Book & Decor,$306
66b9be9902ae2000118d10c8,Holy Water Limited,67d0c412f4a5404a6adb99bd,FreeBits-Android,$305
59e4bb543f0fa9a20900afa3,TabTale LTD,61cdc52b9cedee5f306d7766,Dessert DIY Google_CL,$305
59e4bb543f0fa9a20900afa3,TabTale LTD,686278dec72ffbaa1f7fc34d,Eye Color Mix iOS New,$305
59fb487bbe77065f5800afc3,Azur Games,5faa5a5063b7659bda75194d,Magica.io,$304
5e3692d21cd3cb0018dd4329,SuperSonic Studios,610bd5cd6390dc654362b75f,Make Her,$304
561e8d956b8d90f61a003219,"Appodeal, Inc.",662350a40e0761ce8e0a0a4e,com.animaonline.ao3/754232,$304
5f69aef134a76100158aa316,Hypercell Games,64369bb008db3f3edf5d4478,Draw To Smash iOS,$304
59e4bb543f0fa9a20900afa3,TabTale LTD,604a05222b3423a9aea61f2f,Hair Dye iOS_CL,$303
561e8d936b8d90f61a001260,MAG Interactive,65df1493c399f8d0cd00dd5d,Crozzle,$303
59fb487bbe77065f5800afc3,Azur Games,605b4ea382080856bc7cebb2,War of Rafts: Crazy Sea Battle,$303
5fc671cbba624b0015a61bf1,Saygames LTD,627bb44e5e1abf6959db1f24,Cubes Control iOS,$303
561e8d956b8d90f61a003219,"Appodeal, Inc.",5a4c1d026fe700b07100ec97,com.nextc.m2/95263,$302
604a7ccb4f898b00151e2797,FunCraft,68003c36c04e125443c1cb2f,Farkle Cards,$302
5a9d60d3b1c1666c2e0056ba,Homa Games,65d34fde7f94e82ba925dfae,Frontline Heroes,$301
65e71ba517069f0011a36cfa,Rounds,6827054cf9be3da740373e70,Closed Camera,$301
5fc671cbba624b0015a61bf1,Saygames LTD,5d2dc3da64d1697188bde1e2,Battle Disc,$301
617916e8f3ef190017a83854,Digitalchemy,63876e5aa05e77deead970db,Sound Recorder,$300
604a7ccb4f898b00151e2797,FunCraft,69b05896e4fff38b39bb2b53,Dice Connect,$300
59fb487bbe77065f5800afc3,Azur Games,631ef0abf3b5ae264f03a08f,Rollance: Adventure Balls,$300
60abbe0138d6920017b43190,Newry Global Media sl,674f07ea9c09a5732a912388,GPS244-01 - Translate All Languages,$300
6093fd75b33a50001533d418,Goodgame Studios,60cfac11df77fe934ad7d5b5,BitLife(GER),$300
5c657afed9e6e60012bab5d9,gamestudiopsv@gmail.com,64d4a878901d44365f6d4223,com.multicraft.game,$299
5cc173c6d788b30012b2ff51,Loop Games A.S.,647853fcdac1393f38b60538,Block Match,$299
561e8d956b8d90f61a003219,"Appodeal, Inc.",65d0628327332d35a876a5ec,mcpemaster.minecraftmaps.minecraftmods/521911,$299
65e71ba517069f0011a36cfa,Rounds,67b31d271be9345ad1819b03,Zip Extractor,$298
5bec0018c9af0a7962a96f4a,Rollic Games,659680639f7b51b65980271f,ScrewJam,$298
59e4bb543f0fa9a20900afa3,TabTale LTD,5efcadb6e3c396000176bbdb,Tie Dye Google_CL,$298
5819f59c563213f87a000123,Pixel Federation,623c30d33669cb48e83106cd,Puzzle Adventure iOS,$298
63d229657d9fc60014b1afdf,Paxie Games,697a389973c0a231fff82e75,Wood Rush Puzzle,$298
561e8d936b8d90f61a001168,IsCool Entertainment,667054c5429c14443ac5f3b1,Word Game Classic,$297
65e71ba517069f0011a36cfa,Rounds,67b457b3390c720c73a0dbed,White Noise,$297
57d1b461ae2b57d903000027,Easybrain Ltd,688c9330be4de6e6367b6241,Color Sort IOS,$297
5eb3c48aa80eba00159907c3,Matchingham Games Limited,693a7afe0695a651fce9dacf,Jigsaw Block Sort_Android,$295
59e4bb543f0fa9a20900afa3,TabTale LTD,67a34154ac670fb86b087a1a,Flop House Google_CL,$295
59fb487bbe77065f5800afc3,Azur Games,62583286a139d0218b434555,Action Balls: Gyrosphere Race,$295
604a7ccb4f898b00151e2797,FunCraft,604a7cededf508981b1ac0ab,Wordgrams iOS,$295
5c657afed9e6e60012bab5d9,gamestudiopsv@gmail.com,66502fec91263042f08ecf7b,6478598987,$295
60afcdd4407e6d0018810836,Fomo Oyun Yazılım ve Pazarlama A.Ş. İstanbul İhtisas Serbest Bölge Şubesi,660d67c0d4cf07f390ceae30,Go Climb!,$294
57d1b461ae2b57d903000027,Easybrain Ltd,66d72bfeaa8e1e9b9d29488d,Color Sort GP,$294
59fb487bbe77065f5800afc3,Azur Games,62de7edc729f606e4801c9a6,Action Balls,$293
561e8d936b8d90f61a0011da,Tactile Entertainment,622b69f1f2283d7a001c00ec,Cookie Cats Pop [App Store],$293
59fb487bbe77065f5800afc3,Azur Games,6492f6ca830ec394da007afc,Layer Man,$293
5ab5070d69e58f7fca39bfe6,Green Panda Games,5bb76ac088fafb001647e5a0,Bee Factory Android,$292
59e4bb543f0fa9a20900afa3,TabTale LTD,628e002f1431405e1074ebb1,Dig Deep iOS_CL,$292
56d55c72562b9c353800000d,Voodoo,5df3b70722d15800176c3388,Paper.io 3D,$292
5c657afed9e6e60012bab5d9,gamestudiopsv@gmail.com,69cff7b109074b5e87323e92,com.mods.melon.people.addonds.sandbox,$292
5dd4218d593be30017cbe726,Joyride GmbH,5dfa0855068ea60017d12858,PRM-A,$290
561e8d956b8d90f61a003219,"Appodeal, Inc.",665e8a531c5137fed0edd6d1,com.photo.beautytuneapp/759811,$290
6297c4bc012073001b3df035,Yandex Inc.,6a0ef33f1982afa1b918a496,lkxx1314520-gmail-com_com-kaigames-connectcircuit,$290
5fc671cbba624b0015a61bf1,Saygames LTD,681b354a16e6847d6f09f812,Word Jam Android,$289
59fb487bbe77065f5800afc3,Azur Games,61c02309ec55088ee16ea567,Crazy Rush 3D,$289
57ab0b38c6ebd5c83300007e,Good Job Games (Azur),5e18564944f4e30018278592,Epic Race 3D,$288
5a9d60d3b1c1666c2e0056ba,Homa Games,692edb1c95234fa22f61e60f,Harvest King,$288
561e8d956b8d90f61a003219,"Appodeal, Inc.",672f717c913e67d2955d21f9,com.LifeIsGame.ArtCanvas/763017,$288
65e71ba517069f0011a36cfa,Rounds,677fa2cc80cfd96537979e8e,Tv Remote Android,$287
59fb487bbe77065f5800afc3,Azur Games,61b89eb05a8ff1de0d00e475,Home Flip,$286
561e8d976b8d90f61a004288,Panteon Software,68b7e5f7155b2d4aa0693901,Arcane Arena,$286
5dcf09394f6eed0018145e58,Unico Studio LLC,6403a8a01abb7c77f9709dde,2248 iOS,$286
6297c4bc012073001b3df035,Yandex Inc.,69b96d4a706d5911631883c5,liuke19931003-gmail-com_com-starguardians-spaceshooter,$285
5819f59c563213f87a000123,Pixel Federation,69fae9d83d225f31f458d532,Seaport,$285
65e71ba517069f0011a36cfa,Rounds,67ab2e72ac670fb86b089515,Pickup Lines,$285
56d55c72562b9c353800000d,Voodoo,67c58489658cf18e67f45981,This is Blast!,$284
5e3692d21cd3cb0018dd4329,SuperSonic Studios,5f7f1eef01cdd343da6e654b,Bazooka Boy,$284
627b73f7023d420018e2f038,Chardonnay Partners LLC,6525458592580af6d5f1b465,Water Sort iOS (HYP),$284
561e8d976b8d90f61a00402a,Gameloft - Master Account,57fe4ee90866ec67220000a0,Dragon Mania Legends,$284
56d55c72562b9c353800000d,Voodoo,60d1dddc3d8eae3df2ca2862,Explode Me,$283
5c657afed9e6e60012bab5d9,gamestudiopsv@gmail.com,6926bf4825f6810e4773b968,com.mirandadevs.selfhelp2,$283
5dcf09394f6eed0018145e58,Unico Studio LLC,684096a57da524063ae1072f,Offline Games iOS,$283
61e93624cf7a710017932586,"Appgeneration, Lda",6620f0113b493c22d404b811,Radio CH,$283
5fc671cbba624b0015a61bf1,Saygames LTD,638f11c4887359fd16a376c7,Bounce Dunk - Dribble Rush,$283
5a6f56062c250d182f0056f3,Kwalee Ltd,630f3bae950f07eff72dd7b1,Hunt & seek iOS,$282
561e8d926b8d90f61a00013e,Miniclip SA,655f6f2441519bc754228796,Basketball Arena: Online Game,$282
5fb510aa8072bf0015d8d59d,Tap2Play LLC,635a7904d26bf1ee022644f7,SNA_ANDROID_Snake Attack,$281
5e3692d21cd3cb0018dd4329,SuperSonic Studios,627cde3b8e9a403c33423b55,Basket Battle,$281
5a6f56062c250d182f0056f3,Kwalee Ltd,5f97e693be31ed2f955def1a,Teacher Simulator,$281
57ab0b38c6ebd5c83300007e,Good Job Games (Azur),5cf4da58dd7a523ae7c6bc18,Fun Race 3D Android,$280
59e4bb543f0fa9a20900afa3,TabTale LTD,596778ee6887930711002856,Sausage Run iOS_CL,$280
6297c4bc012073001b3df035,Yandex Inc.,694d040cef46c85a1b2e0b17,kolesakrisha_kz-kolesa,$280
5eb3c48aa80eba00159907c3,Matchingham Games Limited,619cd51cb4fb036db1e85f56,Food Match 3D,$279
668fb233514c00001146f038,Free VPN Planet SRL,68b56f91336ff3da36c5d727,ios - Lite US,$279
561e8d946b8d90f61a002087,Rovio,58471a0d8b3d74992b00048a,Angry Birds Evolution iOS,$278
5b5ec3e8337f272131edc824,MadBox,5f469a2d16609f000111de95,Perfect Golf,$278
561e8d936b8d90f61a001096,MyGames MENA FZ LLC,61f7c02854c59fbd01ed5516,Global City,$278
6512d2afa685240011970ef7,Sophun Games Limited,686fd58c781aaf7f1ef1b3c0,Guru Mahjong,$277
5dcf09394f6eed0018145e58,Unico Studio LLC,62b49df98d60cfcf876bbb34,Kelime Gezmece Android,$277
5c657afed9e6e60012bab5d9,gamestudiopsv@gmail.com,65818899356fbd1f45ff724f,com.mgc.miami.crime.simulator.two,$276
69eb7528a33b05d61de623e5,DVapps AB,69edfd31e8e4db94ec7d86d6,Granny3_Android,$276
5bec0018c9af0a7962a96f4a,Rollic Games,6751b734b1d32622a5deb608,BarbieMerge,$275
5c657afed9e6e60012bab5d9,gamestudiopsv@gmail.com,67bda32a658cf18e67f43962,com.ktsoev.citrus,$274
65e71ba517069f0011a36cfa,Rounds,676eaa7887298a2a13dc6ea5,Collage Maker Photo,$274
5fc618102e8dd2001579b65d,App Central ltd,690086437f709b69e412b575,Steal & Chill Home Screen,$274
6297c4bc012073001b3df035,Yandex Inc.,69ef76f7670a499d1bccfd0b,seamobi-dev_gmail-com_id6754371388,$274
56d55c72562b9c353800000d,Voodoo,64940f42c17dc32ff093522a,Beach Volley Clash ANDROID,$273
5fc671cbba624b0015a61bf1,Saygames LTD,5d52c9ec3f7b0d5867279aac,Hoop Stars iOS,$273
61e93624cf7a710017932586,"Appgeneration, Lda",65d76c839a4122e9e0de9aa4,Radio MY,$273
5c657afed9e6e60012bab5d9,gamestudiopsv@gmail.com,699d97a97daf5ca1eb97d8a5,com.SpaghettiHouse.EscapeFromBlogger,$273
5e3692d21cd3cb0018dd4329,SuperSonic Studios,63f1e8b09c0740a443664f6e,Slow Mo Run,$273
5eb3c48aa80eba00159907c3,Matchingham Games Limited,5f29479f9b0eea00018a3ad3,Braindom 2 - ios,$273
5fb510aa8072bf0015d8d59d,Tap2Play LLC,67c5522b4a068ff910e40cb0,UNM_IOS_Unravel Me,$272
6666afb99ec3300011cdf91d,Appvestor ApS,68de624f7724be505b756689,Invica - Flyr Alarm - com.flyr.alarmclock,$272
5a689d947f4def81700028c6,Fumb Games,673cc152ad66e9826f5a9223,com.fumbgames.minersofbitcoin,$272
561e8d956b8d90f61a002f2c,AxesInMotion,68835c0faf903fd21a6f3a7b,Extreme Motorcycle Simulator,$272
5dcf09394f6eed0018145e58,Unico Studio LLC,60ee082ae5f13d861cee0507,Brain Test 3 Android,$271
61e93624cf7a710017932586,"Appgeneration, Lda",655e1a9c6d563178776cc7ac,Spades iOS,$270
637c93290ad1a8001b64a071,MACHAPP Software Ltd,639068df945ed33f08aa0869,Sense flip clock & weather,$270
61e93624cf7a710017932586,"Appgeneration, Lda",65d7678427332d35a876bae8,Radio MA,$270
5fc671cbba624b0015a61bf1,Saygames LTD,6863d1df49eda4e9cecb075e,Zombie Fortress,$270
5a689d947f4def81700028c6,Fumb Games,68541c9d2343d675a9d69964,Blocks of Bitcoin,$270
561e8d936b8d90f61a00134a,Veraxen Ltd,6492b01c830ec394da0079ed,Find the Differences ANDR,$269
561e8d956b8d90f61a003219,"Appodeal, Inc.",69cd5fa869ea681cb65aeb22,brainrot.suit.hapix/777879,$269
65e71ba517069f0011a36cfa,Rounds,679caae4b7c0c84dcaf1d303,Edge Lighting,$268
65e71ba517069f0011a36cfa,Rounds,67af2e2a2363a440422fe20b,Hear Through Wall,$268
561e8d946b8d90f61a001509,Outfit7,66049d67896437e3f9e6af1d,My Talking Tom 2 Lite - Android,$268
5c657afed9e6e60012bab5d9,gamestudiopsv@gmail.com,67b354b51be9345ad1819be9,com.retro.garage,$268
65e71ba517069f0011a36cfa,Rounds,67af425ddef9e46cb8d303d9,Pdf Converter,$268
69fb1ae463ed3b5eefe8d53e,XTEN Limited,6a1074be009495ded5751719,UFL: Soccer Game,$268
56d55c72562b9c353800000d,Voodoo,6123bc4f0e9ad838042b493b,Left Turn!,$268
5a9d60d3b1c1666c2e0056ba,Homa Games,642ae710843771ddbbe4384a,Hole and Fill,$267
609aaa8981be8d00154c407d,Sotec Consulting sl,68fb87a284f5a2fe1916aada,GPS Speedometer,$267
6297c4bc012073001b3df035,Yandex Inc.,69e326b23851fb7a10cd85b0,stolitomson_vpn-vpn-blue,$267
61e93624cf7a710017932586,"Appgeneration, Lda",65d769707f94e82ba925ec99,Radio PH,$267
5e3692d21cd3cb0018dd4329,SuperSonic Studios,5e9d556b0f3c280001ffb43c,Hide 'N Seek!,$265
6297c4bc012073001b3df035,Yandex Inc.,680f8ae216e6847d6f099ab6,seamobi-dev@gmail-com_com-free-vpn-proxy-master-app_lp,$265
5a6f56062c250d182f0056f3,Kwalee Ltd,5c6ad70c1a8dbd00117772c6,Draw it,$264
5fb510aa8072bf0015d8d59d,Tap2Play LLC,60621b29555e1e571854b31b,Deliveryman - iOS,$263
59fb487bbe77065f5800afc3,Azur Games,6062e60b71017cdbe6a40585,Join Blob Clash 3D,$263
6666afb99ec3300011cdf91d,Appvestor ApS,69a6d10f13ccef6d3321326e,Neon A - Ai Calculator - com.calculator.aicalculator.simplecalculator.allinone,$262
6297c4bc012073001b3df035,Yandex Inc.,676d32bac6932d0e3d188505,qruqrugames_cardsgame,$262
59fb487bbe77065f5800afc3,Azur Games,5e8d990bffc4250001bf09ab,Perfect Cream Android,$262
59fb487bbe77065f5800afc3,Azur Games,650aaea5b30c764e0a11fd33,Layer Man (ios),$261
5a53889945eaab512501251e,AddApptr GmbH,6539089f16650d433dadb149,IsarInteractive_DoppelkopfFREE_Android,$261
5a6f56062c250d182f0056f3,Kwalee Ltd,5f71d5a46dc0946b89253ec4,Lets Be Cops,$261
65e71ba517069f0011a36cfa,Rounds,67b332bc1be9345ad1819b5b,Dynamic Notch,$261
561e8d956b8d90f61a0030cf,Ketchapp,56b2399beaaea2a06d00001a,Stack,$260
6297c4bc012073001b3df035,Yandex Inc.,662a6585345a6dc6b1a39e18,birds-avs_checkers,$260
59fb487bbe77065f5800afc3,Azur Games,5fd887d0f6ef564071fa11bd,Hit Master 3D,$260
59e4bb543f0fa9a20900afa3,TabTale LTD,59d6177b928f4dba09004709,Miraculous Ladybug and Cat Noir iOS_CL,$259
684c3af4806ba9001147f9cd,Livesport sro,69612da6f5b79819ed9155ce,Live Soccer TV: Scores & Stats (and),$259
5f58b1ac675b0600157e7105,Papaya Gaming,645b73aff9888365825678da,Bubble Cash,$259
561e8d936b8d90f61a001096,MyGames MENA FZ LLC,6077faf3c69dedee4130b409,Zero City,$259
561e8d956b8d90f61a003219,"Appodeal, Inc.",5bfcd542e8e9fa79f0e4aa16,com.weaseldev.ghostdetector/142805,$259
5c05196699e4374b87bda3b9,Tripledot Studios,69a82aaac212359192fdc503,Get Color Pack iOS,$258
5c657afed9e6e60012bab5d9,gamestudiopsv@gmail.com,6899cb463f6852ed61a9e819,6748725018,$258
561e8d956b8d90f61a003219,"Appodeal, Inc.",65de63d2d1b71b57183c47d0,com.frigatestudios.durak/755417,$258
67d985067690520011429022,Playtika,696e3d17d4ba143db905e68b,Caesars Slots,$258
61e93624cf7a710017932586,"Appgeneration, Lda",65d7681b27332d35a876baf6,Radio PT,$258
5a53889945eaab512501251e,AddApptr GmbH,62cbd9741bc153e799effcd2,Knuddels_Knuddels_iOS,$258
65e71ba517069f0011a36cfa,Rounds,67b462a7cf89a5b27bdd8fd5,Apk Extractor,$258
59e4bb543f0fa9a20900afa3,TabTale LTD,5d2718b6a43bb20011daa4e1,Jumanji Google_CL,$257
561e8d936b8d90f61a000f17,Smart Project GmbH,6964d0f4a37bf42bb0724ce9,Digger,$257
5ab5070d69e58f7fca39bfe6,Green Panda Games,5eb18a3ee4c1210001aaa6fc,9 Months Android,$256
65e71ba517069f0011a36cfa,Rounds,679a32f5ef13facef7af2138,Letter Fonts,$255
5b5ec3e8337f272131edc824,MadBox,5d5e644be4936106ca84b992,Stickman Hook GP,$254
641d8986be2b36001370ca2a,Mackolik,64303cdefb6ced7203fb912c,Sahadan iOS,$253
56d55c72562b9c353800000d,Voodoo,681f5483869bb65d1b49349a,Hex Warriors,$253
65e71ba517069f0011a36cfa,Rounds,67ab5988f372f630d3b78f25,Simple Contacts,$253
56d55c72562b9c353800000d,Voodoo,5a993a132d4eb6562700e500,Color Road!,$253
56d55c72562b9c353800000d,Voodoo,671fb2dc70f15768ffba1682,Bingo - Win Cash,$253
5fc671cbba624b0015a61bf1,Saygames LTD,602c09179ba59c6d27b829a3,I am Bob,$252
5bec0018c9af0a7962a96f4a,Rollic Games,68c3f6744b9f993905babc86,Pull the Pin,$252
561e8d946b8d90f61a001509,Outfit7,521b36c58e60e5e30d000008,Ginger2 - appstore,$252
65e71ba517069f0011a36cfa,Rounds,687941c928d514326f543c35,Third Eye Camera GP,$251
604a7ccb4f898b00151e2797,FunCraft,64df45b057ecb9f124b563e9,Dice Words,$251
561e8d956b8d90f61a003219,"Appodeal, Inc.",68d400e4243b588097fd747e,com.dualcarbon.bigrigstruckadventure/772559,$251
5c657afed9e6e60012bab5d9,gamestudiopsv@gmail.com,69836da68a0253803d292bea,appshub.sports.livecrickettv.hdstreaming,$251
561e8d956b8d90f61a003219,"Appodeal, Inc.",650c5f6248832e941ea4a192,com.ionicframework.vznakomstve/751346,$251
56d55c72562b9c353800000d,Voodoo,65cf7df3d63f23ff92212f41,Coffee Pack ANDROID,$250
65e71ba517069f0011a36cfa,Rounds,683070f66883128549d12b29,EasyBudget,$250
5eb3c48aa80eba00159907c3,Matchingham Games Limited,62b09cea14c36200c58d749b,Impossible Date - iOS,$250
561e8d946b8d90f61a001f18,Nordcurrent,62cff6962c28498978531bf2,Murder by Choice (android),$249
65e71ba517069f0011a36cfa,Rounds,679a107bc1d0e427bfd010eb,Hearing Clear,$248
65e71ba517069f0011a36cfa,Rounds,680e16a939da3f86ec0a3c4c,Perfect Tuner,$247
59fb487bbe77065f5800afc3,Azur Games,5f3696139a3a9c0001161b90,Tricky Line: Draw the Part,$247
604a7ccb4f898b00151e2797,FunCraft,664bc0fee0cbed6459a1d25b,Arrow Crosswords,$247
5fb510aa8072bf0015d8d59d,Tap2Play LLC,69a82873e6874f83a255ec12,REV_IOS_Ride Evolution,$246
685d2c04f000940011f6c716,X Gaming Lab FZ LLC,6915837ba0f42c9fd2cfc142,CarX Street,$246
5e3692d21cd3cb0018dd4329,SuperSonic Studios,684a92102247c95ed574c115,Design Family Life,$246
57ab0b38c6ebd5c83300007e,Good Job Games (Azur),5f47d083d5fb94000180eecf,Color Roll 3D Android,$246
5f69aef134a76100158aa316,Hypercell Games,6a22852f6da80ded8de58fc7,Hungry Balls iOS,$246
5fc671cbba624b0015a61bf1,Saygames LTD,62a86fba76892f9efc71a703,Rope and Balls,$245
6666afb99ec3300011cdf91d,Appvestor ApS,66defb08fad9460d161ec0f2,Erasoft - Calendar 2024 - com.mi.calendar.agenda,$245
56d55c72562b9c353800000d,Voodoo,68d2cab89b5a9274573ef02a,Battle Bag: War Zone,$245
5c3c9ba19f3cbd45d7dae29c,TapNation,5dfcfde4e289750018af6783,Ice Cream Inc.,$245
59e4bb543f0fa9a20900afa3,TabTale LTD,62c56d20c7bd25235a6fcce4,Makeup Kit - Eyeshadows iOS_CL,$244
5fc671cbba624b0015a61bf1,Saygames LTD,685a66f34ada397ea8f17cc5,Tiny Warriors Clash Android,$244
5fc671cbba624b0015a61bf1,Saygames LTD,6409b9f13526fb1af30023cb,King or Fail - Castle Takeover,$244
561e8d956b8d90f61a002a2f,BoomBit Games Ltd,650972700e8e377c60310332,Boss Fight,$243
5c05196699e4374b87bda3b9,Tripledot Studios,698985e80df678167264b6f4,Word Association Tiles,$243
5c657afed9e6e60012bab5d9,gamestudiopsv@gmail.com,62821e6c0baff581952116a0,com.brawl.stars.box.simulator.gifts.chests,$243
561e8d956b8d90f61a002a2f,BoomBit Games Ltd,659fd70ffee339ab638af299,Car Sales Simulator,$242
561e8d956b8d90f61a003219,"Appodeal, Inc.",5975908469736e2d62000a68,GoodGuys.Radio/27305,$240
61e93624cf7a710017932586,"Appgeneration, Lda",65d76fcd27332d35a876bb2c,Radio HR,$240
5fc671cbba624b0015a61bf1,Saygames LTD,60815a5ea37b6bb308a5c27b,Muscle Rush,$239
61e93624cf7a710017932586,"Appgeneration, Lda",655b9c7c41519bc754227d45,Radio DM,$239
56d55c72562b9c353800000d,Voodoo,5aa690efb475f0761e00cc42,Helix Jump,$239
5e3692d21cd3cb0018dd4329,SuperSonic Studios,615aad601a0ed99382d86781,Color Match,$239
56cb43391ba696884900000a,Ilyon Dynamics,5818b05daf0c8eb01d000426,bubbleshooter.android_a,$238
561e8d956b8d90f61a003219,"Appodeal, Inc.",666c1e1ac454e70b94528a71,com.insta.follower/760111,$238
5c05196699e4374b87bda3b9,Tripledot Studios,67f9e0c92f99ea4908dd2dd9,Marble Mash,$238
5735de0ebcd1970756000054,PLAYGENDARY LIMITED,5ba1ff5acc094f07454495fa,Kick the Buddy 2 (ktb2),$237
5ab5070d69e58f7fca39bfe6,Green Panda Games,5e8b50830112c00001855971,9 Months,$237
561e8d956b8d90f61a003219,"Appodeal, Inc.",69f35e8541d4695486a14060,com.wooiko.audioplayer/778913,$237
5c657afed9e6e60012bab5d9,gamestudiopsv@gmail.com,69ba85602d168ce5ce98d0d5,bae.livefootballtv.hdstream.soccerscore,$237
5fc671cbba624b0015a61bf1,Saygames LTD,6305f223b23e0a1b9fc99ffa,Heli Monsters,$236
561e8d956b8d90f61a003219,"Appodeal, Inc.",5f60cdef2346e9645c618aec,com.garageapp.alarmchallenges/520646,$236
59e4bb543f0fa9a20900afa3,TabTale LTD,5fe1da47573a5e83e13db515,Diamond Painting ASMR Coloring Google_CL,$236
6297c4bc012073001b3df035,Yandex Inc.,6911e27d844b74af78c4afab,yan443193697dex_com-fwl-newvpn,$235
561e8d936b8d90f61a001168,IsCool Entertainment,5be993d189418b305edc1c67,Buca!,$235
5c05196699e4374b87bda3b9,Tripledot Studios,68dba8f96ec4c88fe80488c4,Word Blast Echidna,$235
59e4bb543f0fa9a20900afa3,TabTale LTD,625404886cc269fa2f32070d,The President iOS_CL,$235
604a7ccb4f898b00151e2797,FunCraft,604a7d8d7ea81836424975b9,Wordgrams Android,$235
5eb3c48aa80eba00159907c3,Matchingham Games Limited,696a079b2d68e273f422ec8d,Picture Block Jam_iOS,$235
59fb487bbe77065f5800afc3,Azur Games,64369fd6a54ab1437856fb71,Web Master: Stickman Superhero,$234
561e8d976b8d90f61a00402a,Gameloft - Master Account,5769b8e8c0ea791f20000024,SongPop 2 Android,$234
561e8d956b8d90f61a003219,"Appodeal, Inc.",5f8778aff2a95d39439fc4b2,ru.bnice.asolver-ios/677590,$234
65e71ba517069f0011a36cfa,Rounds,69394d90b92039a768f796cc,Battery Health,$234
5c657afed9e6e60012bab5d9,gamestudiopsv@gmail.com,6532b59e9f4cda0133b3d9c1,1385421494,$233
59e4bb543f0fa9a20900afa3,TabTale LTD,59d61f157f2ced5b17004aad,Miraculous Ladybug and Cat Noir Google_CL,$233
65e71ba517069f0011a36cfa,Rounds,67b334c3def9e46cb8d30e55,Simple Voice Rec,$233
58665aa0444a4aeb0d000130,Instabridge Sweden AB,67094b3ad4aa891a69ae0e67,Instabridge: eSIM + Internet iOS,$232
61e93624cf7a710017932586,"Appgeneration, Lda",655b9b6b41519bc754227d35,Radio EC,$232
56d55c72562b9c353800000d,Voodoo,634e90d89ec0bb519c1933c9,Ball Up!,$232
65e71ba517069f0011a36cfa,Rounds,67ab3634ac670fb86b089528,Music Player,$232
617916e8f3ef190017a83854,Digitalchemy,6720d12c136e386f160f55aa,PDF Scanner Plus,$232
5c657afed9e6e60012bab5d9,gamestudiopsv@gmail.com,67e11554af7cfca4a7a820e6,com.crime.superchero.open.world.war,$231
5a9d60d3b1c1666c2e0056ba,Homa Games,635a3ed20ea8b2e8d3038c71,Attack Hole,$231
6297c4bc012073001b3df035,Yandex Inc.,69cf83ee09074b5e87323673,com-humble_com-spacevpn-selfcloud,$231
5c05196699e4374b87bda3b9,Tripledot Studios,66b4e1cae33c9a5487420411,Balls Sort Android,$231
5bb6123fa4ae3604537ad781,Fugo Games,604f4cef9e49f02af881d6d0,Words of Wonders: Search - Android,$230
64075f57d6da1900141e5aba,Code Dish GmbH,62c6a95b4fde17a8b4b7809a,Difference,$230
59fb487bbe77065f5800afc3,Azur Games,5a6f185b9da960830c00833b,Bouncemasters!,$230
5c657afed9e6e60012bab5d9,gamestudiopsv@gmail.com,67caa1375e9a6e4e21f36df0,com.MadnessGames.SimpleSandbox3,$229
5fc618102e8dd2001579b65d,App Central ltd,6824498038a42a2dc1efc519,Fin Evolution,$229
59e4bb543f0fa9a20900afa3,TabTale LTD,658d82d9a6a87caca0003fa8,My Dream Hospital iOS_CL,$229
6093fd75b33a50001533d418,Goodgame Studios,6297b614cd852242101db662,BitLife Spanish iOS,$229
5ab5070d69e58f7fca39bfe6,Green Panda Games,5a539c96befa3f4d0c010a35,Solitaire Clone,$229
5eb3c48aa80eba00159907c3,Matchingham Games Limited,69ca6ab1c82609dce2813145,Color Associations Solitaire_iOS,$229
56d55c72562b9c353800000d,Voodoo,652fba261b4246172cda5192,Walkers Attack ANDROID,$229
5dcf09394f6eed0018145e58,Unico Studio LLC,697d0882009269d69b02b3ca,Nut Sort 3D iOS,$229
59fb487bbe77065f5800afc3,Azur Games,6310b44c46c3a5b90e7e31d7,Cube Arena 2048: Merge Numbers,$228
561e8d976b8d90f61a00402a,Gameloft - Master Account,57fe4ccef85eaaf6380000d3,Modern Combat 5: Blackout - Android,$228
5a9d60d3b1c1666c2e0056ba,Homa Games,662b70f88d3e11906147a9e1,Mini Monsters,$228
59e4bb543f0fa9a20900afa3,TabTale LTD,58e3611a41cc304738001a5c,2 For 2 iOS_CL,$227
561e8d946b8d90f61a001509,Outfit7,5321c8bc508d8c1351000062,Talking Ginger - Android,$227
561e8d936b8d90f61a00134a,Veraxen Ltd,5e280e289cae430011f62918,Color By Number: Oil Painting Android,$227
561e8d956b8d90f61a002a2f,BoomBit Games Ltd,5ea7f8244f1d5d0001be5909,Car Driving School Simulator,$227
61e93624cf7a710017932586,"Appgeneration, Lda",65d75c6227332d35a876baa1,Radio NO,$227
6267e053f2d4b90018ad84e4,Burny Games,661540bac5f237ebf7b4bd4d,Colorwood Blocks Puzzle Game,$226
690dd96feb3bf4c11bf941dc,Footballco Media Limited,690dfb1cc5fddc1c371e4b88,Goal - Football News & Scores,$226
5c3c9ba19f3cbd45d7dae29c,TapNation,698ce799620b67b167acae8b,Wheelie life,$226
5dcf09394f6eed0018145e58,Unico Studio LLC,64f616852d1bdc2a6b3b9178,Ten Crush,$225
619b548fc9c9c1001796f1f6,Gimica GmbH,644906a511af6ec1f39a0395,Cars Merge and Defend,$225
59e4bb543f0fa9a20900afa3,TabTale LTD,647dc3e98f54ef92f298e538,Military Academy 3D iOS_CL,$224
5fc618102e8dd2001579b65d,App Central ltd,6829e38b1cd2863ca808881a,Flirt Adventure Launcher,$224
57d1b461ae2b57d903000027,Easybrain Ltd,5b1566222aa0c95053146585,Drum Pad Machine - Beat Maker,$224
56d55c72562b9c353800000d,Voodoo,6877d36f428897c672de2e26,Draft Showdown,$224
561e8d926b8d90f61a00013e,Miniclip SA,66b49c025daffb232a9f871f,Checkers Clash: Online Game,$224
561e8d946b8d90f61a002087,Rovio,5d10660fc318ea0011fce3a7,Sugar Blast Android,$223
561e8d956b8d90f61a003219,"Appodeal, Inc.",587dd6df16e46a4516000661,com.tellurionmobile.realmcraft/40540,$223
561e8d956b8d90f61a003219,"Appodeal, Inc.",655eb0026d563178776cc882,com.welg.wcrashcn/754310,$223
561e8d956b8d90f61a003219,"Appodeal, Inc.",67e8d0b53803405794163ec4,org.kodiakgaming.Whisper-Secrets/767027,$222
5fc671cbba624b0015a61bf1,Saygames LTD,691dce64db43cab4c0b7f153,Draw Arena: Battle Tactics,$222
65e71ba517069f0011a36cfa,Rounds,679b879bac670fb86b086561,Time Warp Scan,$222
60afcdd4407e6d0018810836,Fomo Oyun Yazılım ve Pazarlama A.Ş. İstanbul İhtisas Serbest Bölge Şubesi,669fbe6346c33d7bd240f2ac,Nuts and Woods,$222
60c319e160f8540017a53701,Spyke Games,65a522006cf70883bd0963f7,Blitz Busters,$222
5f58b1ac675b0600157e7105,Papaya Gaming,645b7480f2d97627bcb1962b,Bingo Cash,$222
5735de0ebcd1970756000054,PLAYGENDARY LIMITED,60f6bf3ac62fce8b5cfd3da4,Kick The Buddy Remastered Android,$221
6297c4bc012073001b3df035,Yandex Inc.,68919b6c17a13268ef9083b7,lilipetr1k_com-petrik-shifshedule,$221
561e8d936b8d90f61a0011da,Tactile Entertainment,622b61917b3aa4c133a117a8,Penny & Flo [Google Play],$221
561e8d926b8d90f61a00013e,Miniclip SA,5ec416d67b6f1b00014bb318,Ping Pong Fury,$221
5dcf09394f6eed0018145e58,Unico Studio LLC,69791a3073c0a231fff819c6,Sortica iOS,$221
5fc671cbba624b0015a61bf1,Saygames LTD,6821d577a288cde6eec33569,Word Jam iOS,$220
6255696ee4b70c001810bb39,JRustonApps,62556f3683e4671ef5798cc9,My Currency Converter,$220
617916e8f3ef190017a83854,Digitalchemy,62f2d46c017c949a78d628e0,Timer Plus,$220
561e8d926b8d90f61a00013e,Miniclip SA,602e853eb5a89676b4061dd0,Sniper Strike,$220
641d8986be2b36001370ca2a,Mackolik,64303cfc884672a106a7bad1,Sahadan Android,$220
5a9d60d3b1c1666c2e0056ba,Homa Games,619cd03803254469b57a1ce8,Merge Master,$220
561e8d936b8d90f61a00146c,TabTale Ltd.,593a911f4d87ca5f18001234,Gymnastics Superstar iOS_TT,$219
561e8d936b8d90f61a001260,MAG Interactive,65d352049a4122e9e0de8d0b,WordWhizzle Search,$219
65e71ba517069f0011a36cfa,Rounds,67ab393f5c0575584f326860,GRUBL,$219
6666afb99ec3300011cdf91d,Appvestor ApS,68de795e5f81a96145dc1dce,Origin - Stickynotepad - com.notetodolist.stickynotepad,$219
5bec0018c9af0a7962a96f4a,Rollic Games,68c3f5d4e61c68a3f0ba577a,Pull the Pin,$218
561e8d936b8d90f61a001096,MyGames MENA FZ LLC,680a3b93da6c7a82edfa280d,Zombie Harbor,$218
561e8d926b8d90f61a00013e,Miniclip SA,66796e264d981e89bb8ad932,Ghost Invasion,$218
56d55c72562b9c353800000d,Voodoo,5ca5ed5c98de500011fdacab,Purple Diver,$218
5fb510aa8072bf0015d8d59d,Tap2Play LLC,6412a7771a4b524cd87d3cb3,TTA_ANDROID_Tear Them All,$217
5fc671cbba624b0015a61bf1,Saygames LTD,5e6bc4ebe24ceb5af5138643,Blend It 3D iOS,$217
5ec6f4dbdae5f50015c2980b,PCA Bear LLC,65dfeaf347ae0fb929a2ba16,Shooter In Backrooms 2,$217
5d1495e8b6c82f00120db30d,Product Madness,5d4410bc77159800180c15c2,FaFaFa Gold Casino iOS,$216
59fb487bbe77065f5800afc3,Azur Games,624c15d996a7ea6d15abfb3c,Line Race,$216
561e8d936b8d90f61a001096,MyGames MENA FZ LLC,5be19fb5c5da177974cff617,Left to Survive: PvP Shooter,$216
59fb487bbe77065f5800afc3,Azur Games,637347d821adae89ce20f195,Cube Arena 2048,$215
561e8d956b8d90f61a003219,"Appodeal, Inc.",67c09cf84a068ff910e3fbcd,com.StoryInc.LeagueOfDreamers2/766034,$215
5c657afed9e6e60012bab5d9,gamestudiopsv@gmail.com,661d0b55853bc6953cc56562,6478695874,$215
561e8d966b8d90f61a0033c4,Moon Active,689afaed8ea91e28a654703b,Merge Adventure: Merging Game,$215
61e93624cf7a710017932586,"Appgeneration, Lda",65d7706327332d35a876bb33,Radio BG,$214
59e4bb543f0fa9a20900afa3,TabTale LTD,618d00a39fcb3ee5d45a41ba,Frozen Honey Google_CL,$214
65e71ba517069f0011a36cfa,Rounds,67af0f17614e4f5986be15e9,Credit Card,$214
5735de0ebcd1970756000054,PLAYGENDARY LIMITED,61928436da1745adcc8e35c4,Kick The Buddy Remastered ios,$214
6297c4bc012073001b3df035,Yandex Inc.,69392c1c0695a651fce9c7b8,alvarocandivaro2234_com-app-abus,$214
5819f59c563213f87a000123,Pixel Federation,69faeaa2650039032ad4968a,Seaport,$213
5fc671cbba624b0015a61bf1,Saygames LTD,62593f8c1d4f77184451fd5d,Bra Maker iOS,$213
59fb487bbe77065f5800afc3,Azur Games,661d2df3724c85a5bd5f06a6,Armored Robots,$213
6297c4bc012073001b3df035,Yandex Inc.,6891ddb4f2b57a6219a09dab,arn002_RuStore_ru.asa.pdd.android.app,$212
56d55c72562b9c353800000d,Voodoo,5c0559a796a9313a7219d215,Crowd City,$212
561e8d966b8d90f61a00392d,WISE WAVE CORPORATION LIMITED,61f5bf423ea3b8736313f34e,Casino Roulette,$211
59fb487bbe77065f5800afc3,Azur Games,62e940ad9120026340915bcd,Tank Ambush,$211
6666afb99ec3300011cdf91d,Appvestor ApS,66e815d658fb9d52b9a349d5,Neon Infotech - Calendar - com.calendar.tasks.agenda,$211
56d55c72562b9c353800000d,Voodoo,5fa3f23c974ee95738c49a4b,100 Years - Life Simulator,$211
5a6f56062c250d182f0056f3,Kwalee Ltd,618948d59919b001fb111a4f,Airport Security,$211
561e8d956b8d90f61a003069,IdeaSolutions S.r.l.,54ff133a05a494da1e0000f5,"Secret photos KYMS Free: vault to hide and lock pictures, videos, documents",$210
5fc671cbba624b0015a61bf1,Saygames LTD,691dce224ad6a3c50393bf48,Draw Arena: Battle Tactics,$210
63d229657d9fc60014b1afdf,Paxie Games,6808b5842568b8f33495ae6e,iOS_Color Block Jam,$210
61e93624cf7a710017932586,"Appgeneration, Lda",65d7672327332d35a876bae1,Radio AT,$210
5c657afed9e6e60012bab5d9,gamestudiopsv@gmail.com,692d6413f3aa3facf9dee9fa,6692630831,$210
5e3692d21cd3cb0018dd4329,SuperSonic Studios,6329b989d3a73abffd99e25b,Merge Miners,$210
59146b86595df11c320004ac,Tactile Entertainment ApS,5b03dd29c134a2360e82fc31,Simons Cat Pop Time [Google Play],$209
684c3af4806ba9001147f9cd,Livesport sro,691204a8dcd984f22c652c37,AND | Flashscore: Scores & News - USA,$209
561e8d976b8d90f61a00402a,Gameloft - Master Account,581766e32c4dedc31d000321,Despicable Me 2,$209
6666afb99ec3300011cdf91d,Appvestor ApS,67fd07ed44c424e920c0f700,SMS Robot - XVoice - recorderpro.voicememos.audio,$208
561e8d956b8d90f61a003219,"Appodeal, Inc.",57401b2261158b9d14000065,com.wildec.meet24/37345,$208
5a9d60d3b1c1666c2e0056ba,Homa Games,628269128e9a403c334243f4,Crowd Defense!,$208
5c657afed9e6e60012bab5d9,gamestudiopsv@gmail.com,6989985fefc515f9db95868a,com.vpn.onesvpn,$207
5a6f56062c250d182f0056f3,Kwalee Ltd,6126139d4ffb8cbbb8100175,Traffic Cop 3D,$207
5c3c9ba19f3cbd45d7dae29c,TapNation,5f8f06d7bc6fb6d195aa0af0,CornHole League,$207
6666afb99ec3300011cdf91d,Appvestor ApS,68c92b8e269b0d62a03342a9,SMSRobot - Calendar Pro - calendar.agenda.planner.pro,$206
6297c4bc012073001b3df035,Yandex Inc.,675ade8518487b3be65a858d,ildarka-murtazin_tat.example.ildar.seer,$206
5fc671cbba624b0015a61bf1,Saygames LTD,5eb81fea837e5c00013564c7,DOP android,$206
6021599b8b3e5600159fcc76,HITAPPS GAMES LTD,618fa0c95687ad189d202d0b,Figgerits Android,$206
5dcf09394f6eed0018145e58,Unico Studio LLC,60ee07df0c59c6ec90c60631,Brain Test 3 iOS,$205
5dcf09394f6eed0018145e58,Unico Studio LLC,62b55ccc3a6fb9e548886e31,Kelime Gezmece iOS,$205
561e8d976b8d90f61a003bab,Estoty LLC,6710cce17bccdeafa20f76f0,Raptor Evolution,$205
59fb487bbe77065f5800afc3,Azur Games,6142fd50646a75dcf790ef25,Art Master,$205
604a7ccb4f898b00151e2797,FunCraft,68d45263b111d8f5fb3f6189,Dice Slam,$205
561e8d976b8d90f61a00402a,Gameloft - Master Account,583ea932248cf6e52a0002cd,Dragon Mania Legends,$204
6297c4bc012073001b3df035,Yandex Inc.,69c3ae80fc715c15d6ae9866,cgm0721-foxmail-com_com-shicichaxun-video,$204
561e8d936b8d90f61a0011da,Tactile Entertainment,622b6b5c60d8fff3dec986d3,Cookie Cats Pop [Google Play],$204
61e93624cf7a710017932586,"Appgeneration, Lda",65d76d8e27332d35a876bb12,Radio CR,$204
59e4bb543f0fa9a20900afa3,TabTale LTD,5fbcea1299b56fae4854ec29,Diamond Painting iOS_CL,$204
5fc671cbba624b0015a61bf1,Saygames LTD,6a1d5175a9ef3207159f48fe,Word Jigsort,$203
561e8d966b8d90f61a00392d,WISE WAVE CORPORATION LIMITED,61f5685a2b83f372af5a59a6,Video Poker,$203
5fc671cbba624b0015a61bf1,Saygames LTD,60a52ef87cdaf68b03dcb177,Airport Life 3D,$203
65e71ba517069f0011a36cfa,Rounds,661542f7d9ed84c9311c895d,Simple Sms Messenger,$203
6297c4bc012073001b3df035,Yandex Inc.,6981fd4c4f170c846e968544,yuechao-ma_com-free-app-open-fast,$203
5a6f56062c250d182f0056f3,Kwalee Ltd,604a36d0702706e342e72672,Makeover Studio 3D iOS,$202
561e8d936b8d90f61a000cd1,InnoGames GmbH,62dfefcc31476e584a0f49c3,Elvenar iOS,$202
5ec6f4dbdae5f50015c2980b,PCA Bear LLC,643d7a8eae364890de88207e,BloodBox,$202
6297c4bc012073001b3df035,Yandex Inc.,68cbd333d5a43377e405d638,yuechao-ma_com-unlimited-job-lite,$202
6297c4bc012073001b3df035,Yandex Inc.,6715ff2cf8c021b64d841be4,stayf777_awesomeradio.free,$201
627b73f7023d420018e2f038,Chardonnay Partners LLC,65252ca560aebaee1ce3736a,Word Search Android (AAA Fun),$201
561e8d936b8d90f61a000f17,Smart Project GmbH,6a2003763de9ad13177e018b,Drill&Chill: Idle Miner Tycoon,$201
56cb43391ba696884900000a,Ilyon Dynamics,63e90916f2dc582e30d59f1e,net.champion.cubes_i_1596,$201
5dcf09394f6eed0018145e58,Unico Studio LLC,63a9c2349a2415749062f0f2,Popular Words,$201
5c657afed9e6e60012bab5d9,gamestudiopsv@gmail.com,6964e8d0d36c1656eead030f,appzonee.soccer.livefootballtv.streaming.score.hd,$201
561e8d936b8d90f61a00134a,Veraxen Ltd,629e028a285e2731db859b88,Solitaire Klondike,$200
64678a9ed7125400115d9869,GenDigital,650412eb5946c49eb49f6a4a,AVG Cleaner Lite Sony,$200
56cb43391ba696884900000a,Ilyon Dynamics,64c6469a78e8e1cc6298bdb8,com.ilypuzzle.block_a_1608,$200
561e8d956b8d90f61a003219,"Appodeal, Inc.",5e863248fdc05a2476a462d1,com.amdroidalarmclock.amdroid/490752,$200
6297c4bc012073001b3df035,Yandex Inc.,67698bf80b2f71906881adbf,tds-easyapp_app-com-jewels-gems-android,$200
6297c4bc012073001b3df035,Yandex Inc.,688341f19dd878be22296d79,peter-warlockstudio_com-warlockstudio-game-durak-fool-dumb,$200
561e8d936b8d90f61a00035c,Supersonic Software Ltd.,550704813e78f20247000041,Picture Cross,$199
65e71ba517069f0011a36cfa,Rounds,69a04b173630b752386b8903,Calculator Lock,$199
5bec0018c9af0a7962a96f4a,Rollic Games,69ca447e8a916d2a3115473f,SandOut3D,$199
6297c4bc012073001b3df035,Yandex Inc.,6752f1099e6ef0ac4dc6aa1e,edadealru-mm_com-edadeal-android,$199
5fc671cbba624b0015a61bf1,Saygames LTD,6409b95f5d515641f180b539,King or Fail - Castle Takeover,$199
5c657afed9e6e60012bab5d9,gamestudiopsv@gmail.com,6596b2a1254e343a3e720fc2,com.Khadiev.Sandbox.Games3D.Playground.Offline,$198
59fb487bbe77065f5800afc3,Azur Games,61dbfbb72d0bf4c5eea4759a,Home Flip: Crazy Jump Master,$198
5ab5070d69e58f7fca39bfe6,Green Panda Games,5beaddf5ef11fa00128501b8,Sushi Bar,$198
5c657afed9e6e60012bab5d9,gamestudiopsv@gmail.com,65b0ee74aad06991469bbe06,com.KhoGames.WarzoneCommander,$198
6666afb99ec3300011cdf91d,Appvestor ApS,66df03dffeacc084bf79334b,Erasoft - All Email Login - com.allemail.login,$198
62f2190969aa39001bb4b1fe,Take Top KZ,6482b7bfb3c08ab85dd5ecd2,Cat Simulator,$197
617916e8f3ef190017a83854,Digitalchemy,63a5a17ef6459fd825c6c7fe,Daily Diary,$197
61e93624cf7a710017932586,"Appgeneration, Lda",6256cdec17b6906e102e6e32,Backgammon,$197
5d074f140fbc770017190dd2,RUBY OYUN VE YAZ. DAN. SAN. TIC. A.Ş.,69a19c41a554139454511711,BusFlow_iOS,$197
5a9d60d3b1c1666c2e0056ba,Homa Games,6570332231ace18371faebc6,Clean It!,$197
6297c4bc012073001b3df035,Yandex Inc.,6989eba10df678167264bf11,seamobi-dev-gmail-com_com-fspl-ShiledVPN,$197
5fc618102e8dd2001579b65d,App Central ltd,6714c068238617185a6584db,Toilet Break Launcher,$197
5fc671cbba624b0015a61bf1,Saygames LTD,6970bb9f539e3c5d1b829e92,After Dark,$197
619b548fc9c9c1001796f1f6,Gimica GmbH,650d5f980e8e377c60310a7c,Make Ten,$197
5c657afed9e6e60012bab5d9,gamestudiopsv@gmail.com,62a6f7bd9b68384dd75eb8a4,Buildings for Minecraft iOS,$196
5fe2fafd6013fb0015208652,GamoVation,69d4063b9d2d32b0f05698be,Jigsaw Match iOS,$195
5c657afed9e6e60012bab5d9,gamestudiopsv@gmail.com,63bbe9dfd6f6cfc1667baaae,com.FailGames.RusCarsCrash,$195
561e8d936b8d90f61a000e7b,ZeptoLab,588a3649c72848767f000045,CTR 2 Android Supersonic,$194
6297c4bc012073001b3df035,Yandex Inc.,66e0578af5db8502f5a9e27b,qruqrugames_vesnasolitaire,$194
5c05196699e4374b87bda3b9,Tripledot Studios,6839866c108251a8f7dc938c,Mahjong Bloom,$194
59e4bb543f0fa9a20900afa3,TabTale LTD,6666be4588cc429f2d80153e,Cinema World - Idle Tycoon iOS_CL,$194
66daeafb6f113e001198e417,RADIOFM,66daeb912367a96ed44ef7d0,RadioFM Android,$194
5e3692d21cd3cb0018dd4329,SuperSonic Studios,6329b8daf67eba52fa123661,Merge Miners,$194
56d55c72562b9c353800000d,Voodoo,63d2a57e71cbf5693b02c8d1,Heisting IOS,$193
5fc671cbba624b0015a61bf1,Saygames LTD,627bb5818e9a403c334239ab,Cubes Control,$192
5c05196699e4374b87bda3b9,Tripledot Studios,69a6b22113ccef6d33212f14,Pick Pack Android,$192
561e8d936b8d90f61a001260,MAG Interactive,5b19417241135e5040621572,Word Domination,$192
647064a3001eb40011826210,Zuuks Games,651e59575946c49eb49f8871,Truck Simulator : Europe,$192
5cc173c6d788b30012b2ff51,Loop Games A.S.,65cf39b27f94e82ba925d312,Brick Block,$191
5dcf09394f6eed0018145e58,Unico Studio LLC,64da82cfd4592a1f1c806a7e,Woody Sort iOS,$191
61e93624cf7a710017932586,"Appgeneration, Lda",655e3b661df3e90d79a94024,Spades,$191
59fb487bbe77065f5800afc3,Azur Games,626bfb45c4cd8ed28e4620d7,Grand Crash Auto,$191
685d2c04f000940011f6c716,X Gaming Lab FZ LLC,685e33d8bf5cd99081f90e03,Drift Racing 2,$190
56d55c72562b9c353800000d,Voodoo,5e3318f6d930d33ebeb4c408,Draw Joust!,$190
5c05196699e4374b87bda3b9,Tripledot Studios,60cb06a0b70d247aa4b7eebd,SolitaireScapes,$190
56d55c72562b9c353800000d,Voodoo,64ad84fbfaafda98af702299,Airborne Attack IOS,$190
63d229657d9fc60014b1afdf,Paxie Games,694acc7458c80b13f78f15a8,Ring Bus,$190
65e71ba517069f0011a36cfa,Rounds,67b315f07077517f21dbf873,AR Drawing,$189
58737456236d8f446400071c,FIOGONIA LIMITED,65fc1c7ef5d8b25533af08f2,Cribbage iOS,$189
5c657afed9e6e60012bab5d9,gamestudiopsv@gmail.com,64b7aa3f778b54b1d1bb0da9,com.MISHIKinc.CaucasusParking,$189
59fb487bbe77065f5800afc3,Azur Games,604a085b9975527443e05b4b,STAR: Super Twisted Arena Ru‪n,$189
5c657afed9e6e60012bab5d9,gamestudiopsv@gmail.com,64a28c16830ec394da008da4,tser.omolgame.free,$189
65e71ba517069f0011a36cfa,Rounds,67b463397077517f21dbfc3a,Video To Gif,$188
561e8d936b8d90f61a00134a,Veraxen Ltd,63514ff8c08dd379de3659d5,Find the Differences,$188
61e93624cf7a710017932586,"Appgeneration, Lda",663b4ed6eb138087031cd13c,Radio Philippines,$188
56d55c72562b9c353800000d,Voodoo,63a48926a39f3b1ed03f0375,Wizz,$188
64075f57d6da1900141e5aba,Code Dish GmbH,6285ba498e9a403c33424cef,Bible Game - Jigsaw Puzzle,$188
56d55c72562b9c353800000d,Voodoo,620e576622751cd30d6f6636,Balls go High IOS,$187
5819f59c563213f87a000123,Pixel Federation,60e5a9528c828b1db44e3583,Puzzle Adventure,$187
65e71ba517069f0011a36cfa,Rounds,6799f6a6ac670fb86b08611e,Pixel 4D,$187
561e8d956b8d90f61a003219,"Appodeal, Inc.",673ca6c533fecb32fa7e2f07,com.LifeIsGame.ArtCanvas/763679,$187
59e4bb543f0fa9a20900afa3,TabTale LTD,63da3c25a5ac19070d50e13f,Drawing Carnival Google_CL,$187
56d55c72562b9c353800000d,Voodoo,63bc4af3ad65873c11ea9f64,Air Defence 3D IOS,$187
6297c4bc012073001b3df035,Yandex Inc.,69313efb728b5ddeb6afec8b,cummingsoconnell434842-gmail-com_com-mindmill-block-puzzle-games,$187
561e8d956b8d90f61a003219,"Appodeal, Inc.",68d18aa30dd6998ed0a8267f,com.eightgreatgames.ScrewTap3D/772730,$187
5c657afed9e6e60012bab5d9,gamestudiopsv@gmail.com,6589cd5b21d7e09e5de88a26,com.dilemmas.game,$186
561e8d956b8d90f61a003219,"Appodeal, Inc.",66ace93b787c69775be15a44,com.ktwapps.speedometer/761203,$186
56d55c72562b9c353800000d,Voodoo,6762aff0eeca080cadc569d0,Tower Control Manager,$186
627b73f7023d420018e2f038,Chardonnay Partners LLC,69fdda397e1f4431ec741a62,ChP Word Solitaire iOS,$186
6297c4bc012073001b3df035,Yandex Inc.,68221b6eb8a93a44c9124a28,dnk-studio-games_RuStore_com.narde.backgammon.game,$186
65e71ba517069f0011a36cfa,Rounds,67af279d390c720c73a0cc5f,Kawaii Wallpaper,$186
59fb487bbe77065f5800afc3,Azur Games,6266620f1cf8118e36efa06c,Who Dies First,$185
6297c4bc012073001b3df035,Yandex Inc.,694d58f9ef46c85a1b2e1002,seamobi-dev-gmail-com_com-fspl-SpeedVPN,$185
561e8d936b8d90f61a000afd,Ubisoft Mobile Games,5a1fd2582f8fd25007000861,Hungry Dragon - Android,$185
5fb510aa8072bf0015d8d59d,Tap2Play LLC,652e7541814931c3829cb37a,FLC_Android_Fly Challenge,$185
6297c4bc012073001b3df035,Yandex Inc.,684a849f575c21961f1919db,seamobi-dev-gmail-com_com-hotspotvpn-super4-ios-lite,$185
5c657afed9e6e60012bab5d9,gamestudiopsv@gmail.com,69c120c839ee9a2404ee6250,com.glxy.firthreeapp,$184
59fb487bbe77065f5800afc3,Azur Games,6124ab2f9c7d18ae72e8af2f,Race Arena,$184
56d55c72562b9c353800000d,Voodoo,6273e9ed071931e51d203a44,Rope and Demolish-Android ANDROID,$184
6107c3b4abaef100175b9029,Lessmore UG (haftungsbeschränkt),6107c4f7d5c13b2a2a433156,PocketChess,$184
59fb487bbe77065f5800afc3,Azur Games,606ebed905be742d10571789,Sword Play! Ninja Slice Runne‪r,$184
5f69aef134a76100158aa316,Hypercell Games,63845b81466a2e3f77fd8986,Freaky Stan Android,$184
56cb43391ba696884900000a,Ilyon Dynamics,5d81efd5ad24dc0017f57c13,champions.empire.bubble_a_913,$184
561e8d956b8d90f61a003219,"Appodeal, Inc.",639213978b0dbf18b53861fe,com.mokvold.flatzombies_defense_free/59110,$183
5a53889945eaab512501251e,AddApptr GmbH,654cf6be2b64ef34d3bcd10b,StepsApp_StepsApp_iOS,$183
561e8d956b8d90f61a003219,"Appodeal, Inc.",687eaf2f0c57d8be6eea6d8d,com.pirvelads.sltv/770021,$183
5f69aef134a76100158aa316,Hypercell Games,658de618254e343a3e71f914,Ant Colony Android,$183
561e8d956b8d90f61a0030cf,Ketchapp,59f20722be77065f58005934,Dunk Shot,$183
59fb487bbe77065f5800afc3,Azur Games,696f7c369557abdc3c8d440c,Hidden Objects: Journey Story,$183
65e71ba517069f0011a36cfa,Rounds,69808dbddb5168d5e451c61a,Mp3 Cutter Editor,$183
5a6f56062c250d182f0056f3,Kwalee Ltd,5f7c69302a2d110db0fe8fa1,Let's Be Cops,$183
59e4bb543f0fa9a20900afa3,TabTale LTD,62ceb6318cd2f0b72c87b71d,King Of Steaks iOS_CL,$183
63d229657d9fc60014b1afdf,Paxie Games,69528ad558c80b13f78f78a3,Pair Pop,$183
5bec0018c9af0a7962a96f4a,Rollic Games,60813e069e4ab56904e165fe,Towing Race,$181
57d1b461ae2b57d903000027,Easybrain Ltd,5cb6f7a445bf4f165e4c4f95,Groovepad - Music & Beat Maker,$181
6297c4bc012073001b3df035,Yandex Inc.,67c82502032b3141b5693a72,StockMan3333_com-stack-booklib2,$181
65e71ba517069f0011a36cfa,Rounds,67ab583a5c0575584f3268fe,Gaming Mode,$181
5c995001d788b30012b2eb21,Vistrex LTD,5c995034986bfc0017805ff4,Dawn of Zombies,$181
5fc671cbba624b0015a61bf1,Saygames LTD,6288e143069d5038064d1a47,Merge Anything,$181
56d55c72562b9c353800000d,Voodoo,5f8ffaf8bc6fb6d195aa0bcd,Doodle Run 3D,$180
561e8d956b8d90f61a003219,"Appodeal, Inc.",5d45e9197335d502210a1a2a,com.weaseldev.ghostdetector/142978,$180
5c657afed9e6e60012bab5d9,gamestudiopsv@gmail.com,69ddded719e095d4fb93c3d6,com.office.reader.all.docs.viewer,$180
58737456236d8f446400071c,FIOGONIA LIMITED,6a0dc805e54ae40b5ea9f4e7,Wormhole Android,$180
5c657afed9e6e60012bab5d9,gamestudiopsv@gmail.com,6280eb5f0052cdf19a49e39f,com.box.simulator.brawl.stars.gifts.loot,$180
5fc671cbba624b0015a61bf1,Saygames LTD,67efed9b89fc0584f2b869dc,Blood Invasion: Vampire RPG,$180
5a6f56062c250d182f0056f3,Kwalee Ltd,5b47d3cf3d525411bdd5f3ac,Police Pursuit Android,$180
5eb3c48aa80eba00159907c3,Matchingham Games Limited,67b8812e7077517f21dc0f26,Word Chain_Android,$179
561e8d966b8d90f61a0033c4,Moon Active,69ea1acdb2b4aa07d13cea46,Yarn It - Android,$179
619b548fc9c9c1001796f1f6,Gimica GmbH,6449021131ae7b322785e436,Trivia Madness,$179
6297c4bc012073001b3df035,Yandex Inc.,670d4b5e901d39379d5afa17,hsmedia2019_ru.fontanka.client,$178
65e71ba517069f0011a36cfa,Rounds,67b320d2390c720c73a0d6fa,Spades,$178
63d229657d9fc60014b1afdf,Paxie Games,69cfa1e709074b5e8732396d,Tap to Turn,$178
561e8d956b8d90f61a003219,"Appodeal, Inc.",58d3f6b6056f46cd32000103,ru.gmsoft.magazines.skanword_zaika_moya/47664,$178
57ab0b38c6ebd5c83300007e,Good Job Games (Azur),6060dfba7defe116c1b08672,Paper Fold Android,$177
5f69aef134a76100158aa316,Hypercell Games,660451daf5d8b25533af21e5,Hide Ball Android,$177
5a6f56062c250d182f0056f3,Kwalee Ltd,624ee8d69f05bb0109704298,Perfect Coffee iOS,$177
57ab0b38c6ebd5c83300007e,Good Job Games (Azur),5e87764c74ea8c0001133d40,Fit It 3D iOS,$177
561e8d936b8d90f61a001096,MyGames MENA FZ LLC,61a100223ff60f8fee199e50,Guild of Heroes,$177
561e8d946b8d90f61a001509,Outfit7,51e66541eef600d30100005b,Talking Angela - Android,$177
5e3692d21cd3cb0018dd4329,SuperSonic Studios,5f577f792a96c70001007342,Chat Master!,$177
5fc671cbba624b0015a61bf1,Saygames LTD,67efedb47026cf29aeaab378,Blood Invasion: Vampire RPG,$177
63d229657d9fc60014b1afdf,Paxie Games,694ac547dd28ef10e371e16b,Wood Loop,$176
65e71ba517069f0011a36cfa,Rounds,67b87e55614e4f5986be3af2,Love Test,$176
5a6f56062c250d182f0056f3,Kwalee Ltd,5f7d859eb835741bbec05fb1,Blade Forge 3D,$176
5c657afed9e6e60012bab5d9,gamestudiopsv@gmail.com,66fce49fc81241f35a6218a4,com.hkapps.sealdownloader,$176
5fb510aa8072bf0015d8d59d,Tap2Play LLC,660bc6a7c5f237ebf7b4b0b7,ZOF_ANDROID_Zombie Fever,$176
561e8d956b8d90f61a003219,"Appodeal, Inc.",5db8ab4a9a577015ea24dad5,com.kraftwerk9.Remotie/217688,$176
561e8d956b8d90f61a003219,"Appodeal, Inc.",62d09653dfd70a84b1a17afa,com.dpmapps.supernova/733159,$176
5e3692d21cd3cb0018dd4329,SuperSonic Studios,660d0e384965ba920b737332,Backyard Master,$176
65e71ba517069f0011a36cfa,Rounds,67124aa320deb557b6b219a5,Money Converter,$175
56d55c72562b9c353800000d,Voodoo,654e175f2b64ef34d3bcd3e1,Domino Go: Dominoes Board  IOS,$175
61e93624cf7a710017932586,"Appgeneration, Lda",6557aaaaa74dd488186a35f8,Alarm Clock,$175
5e3692d21cd3cb0018dd4329,SuperSonic Studios,61d174a4a699c25100bdcc93,My Mini Mart,$175
5a6f56062c250d182f0056f3,Kwalee Ltd,630f47a6a3b78be7ae011b4f,Hunt & Seek Android,$175
6807c7070437920011951c37,Circle Games,697cc653009269d69b02b0a9,Cat Loop,$175
6297c4bc012073001b3df035,Yandex Inc.,69ba883a2d168ce5ce98d1ac,incrdbl-mobile_me-incrdbl-android-wordbyword,$175
61e93624cf7a710017932586,"Appgeneration, Lda",663b4bbdf7eab0b533020795,Radio Chile,$174
561e8d946b8d90f61a002087,Rovio,58471a61efa1fddb5f00000e,Angry Birds Blast Android,$174
561e8d956b8d90f61a002a2f,BoomBit Games Ltd,60f6ab5f52286b429d4f8281,Crazy Plane Landing BB,$174
59fb487bbe77065f5800afc3,Azur Games,5e32d284fe11e21c08ea275d,Colour Adventure: Draw and Go,$174
561e8d946b8d90f61a001f18,Nordcurrent,5d28957cd7770d001828b4f6,Murder in the Alps iOS,$174
65e71ba517069f0011a36cfa,Rounds,67af3b6c390c720c73a0cca9,Alarm Clock Xs,$174
6093fd75b33a50001533d418,Goodgame Studios,63a357f61cbd1f69dfe2ee2c,BitLife FR - iOS,$174
59fb487bbe77065f5800afc3,Azur Games,5ec64d161f7800415c594c7b,Slingshot Wreck,$174
6297c4bc012073001b3df035,Yandex Inc.,694e861cdd28ef10e3721a8a,ildarka-murtazin_ios_police.detector.radar.gps,$174
561e8d936b8d90f61a000f17,Smart Project GmbH,688cdad5b474a91081b23ad9,Nuts UP! Bolts Sort Puzzle,$173
5e3692d21cd3cb0018dd4329,SuperSonic Studios,62b9cbf5185cdc02d605ca83,Perfect Lie,$173
5eb3c48aa80eba00159907c3,Matchingham Games Limited,65e1f26c36b2302f00bd7901,Sniper Destiny,$173
627b73f7023d420018e2f038,Chardonnay Partners LLC,69ef38bb1beedcc0ffe7605e,Color Ball Android,$173
5c05196699e4374b87bda3b9,Tripledot Studios,66fa3bd9c81241f35a621036,HexaGo - Sorting Journey,$173
5fc671cbba624b0015a61bf1,Saygames LTD,616d6cdc4f5621441e5615db,Merge Animals (Android),$173
5bec0018c9af0a7962a96f4a,Rollic Games,5ebeee3261ad170001bde0dd,Tangle Master 3D,$172
5dcf09394f6eed0018145e58,Unico Studio LLC,61ae3455bb6c2b742287d522,Fake Island Android,$172
561e8d976b8d90f61a003bab,Estoty LLC,652939aa9ffc51eee92bafb3,West Escape,$172
65e71ba517069f0011a36cfa,Rounds,67b736f2def9e46cb8d3206b,Speed Test,$171
5ec6f4dbdae5f50015c2980b,PCA Bear LLC,6a27c1889f03bb946695c724,Epic Bum Ride,$171
59fb487bbe77065f5800afc3,Azur Games,60d06f990932731c2cd2f2e2,Stickman Ragdoll Fighter,$171
6255696ee4b70c001810bb39,JRustonApps,6255767f14e8da0a085db556,My Lightning Tracker Android,$171
65e71ba517069f0011a36cfa,Rounds,67b46061e9c06c560856a9c1,Speaker Volume,$170
5c657afed9e6e60012bab5d9,gamestudiopsv@gmail.com,69fdf6ca7e1f4431ec741c59,6761408635,$170
561e8d956b8d90f61a002a2f,BoomBit Games Ltd,65097206b30c764e0a11fb48,Boss Fight,$169
59e4bb543f0fa9a20900afa3,TabTale LTD,623c6eb53669cb48e83107b7,Battery Low iOS_CL,$169
691b5a10eb3bf4c11bf9c948,Offroad Games Ltd,6548c339289b320de74f449a,Chrome Valley Customs,$169
5fc671cbba624b0015a61bf1,Saygames LTD,6422dd9f99aebbdd07757296,Moto Rush 2: Bike Racing,$169
6297c4bc012073001b3df035,Yandex Inc.,69830d99e6f73fe2b583f1c3,mliu43734-gmail-com_com-masa-edaji-vpn-amtelasi-paovpn,$169
561e8d946b8d90f61a001509,Outfit7,63088633d1be65836578ae9d,Talking Tom Time Rush - appstore,$169
561e8d956b8d90f61a003219,"Appodeal, Inc.",572c2b5dcd653b214a000019,com.wildec.dating.meet4u/35914,$169
5fc671cbba624b0015a61bf1,Saygames LTD,6422de3cebdd4ff395b49b0b,Moto Rush 2: Bike Racing,$168
6297c4bc012073001b3df035,Yandex Inc.,6837092739e1c3b9776e33a8,birds-avs_sbGames.checkers,$168
57ab0b38c6ebd5c83300007e,Good Job Games (Azur),5cd3e8525dbc9100110aff01,Color Hole 3D iOS,$168
61e93624cf7a710017932586,"Appgeneration, Lda",655b9d68b53dd79ca06f5ecb,Radio PR,$168
561e8d956b8d90f61a003219,"Appodeal, Inc.",688324ac58baf77e6483b85a,app.ebeat.ios/769963,$168
6666afb99ec3300011cdf91d,Appvestor ApS,6a032d42a20b88950b96d8cc,Megh infosol - Messages - com.messages.sms.messaging.textmessage.chat,$168
59fb487bbe77065f5800afc3,Azur Games,69aab89d60325948cddcbd14,My Pocket Farm,$168
65e71ba517069f0011a36cfa,Rounds,6799001affda0af1dd8c5a64,Cleaner and Booster,$167
59e4bb543f0fa9a20900afa3,TabTale LTD,5ee36ce36beb920001222845,Foot Clinic iOS_CL,$167
561e8d956b8d90f61a0030cf,Ketchapp,5b86beb50c16894d4a3cd640,Flippy Race,$167
61e93624cf7a710017932586,"Appgeneration, Lda",663b4e88eb138087031cd132,Radio Norway,$167
61e93624cf7a710017932586,"Appgeneration, Lda",65d78f6fd63f23ff92214722,Radio IN,$167
604a7ccb4f898b00151e2797,FunCraft,664f90ce6e3e372b114aab9c,Arrow Crosswords,$167
5c657afed9e6e60012bab5d9,gamestudiopsv@gmail.com,68da3457ede8e817c052aace,com.LiquidoxGames.FlexbodyEngine,$167
5eb3c48aa80eba00159907c3,Matchingham Games Limited,6399833f545b5069440d3140,Wild West Sniper_IOS,$167
56d55c72562b9c353800000d,Voodoo,57f5472b49e559f07800001a,Fight List,$167
61e93624cf7a710017932586,"Appgeneration, Lda",65d75cd8d1b71b57183c3383,Radio SE,$167
56d55c72562b9c353800000d,Voodoo,5c4749a63eae8b07ffab5384,Ball Mayhem,$167
5c657afed9e6e60012bab5d9,gamestudiopsv@gmail.com,6819fdc216e6847d6f09ec26,6739710893,$166
561e8d936b8d90f61a000e7b,ZeptoLab,6008389dcfd47ed8519e32a3,CTR OR iOS CHINA,$166
5c657afed9e6e60012bab5d9,gamestudiopsv@gmail.com,6a15b5ab27cc99a7734a1d1f,com.vanced.video.downloader,$166
5e3692d21cd3cb0018dd4329,SuperSonic Studios,654ba1bbc8354b1e0d01623b,Bullet Army Run,$166
63d229657d9fc60014b1afdf,Paxie Games,69cfa31729183204e326ee9f,Leon Out,$166
61e93624cf7a710017932586,"Appgeneration, Lda",6620f17d853bc6953cc56c84,Radio SE,$166
561e8d936b8d90f61a000e7b,ZeptoLab,5df24ea973811b0017449ebb,Om Nom Run,$165
5d074f140fbc770017190dd2,RUBY OYUN VE YAZ. DAN. SAN. TIC. A.Ş.,633c85c5ab95dfb537a2ad53,MyTidyLife_iOS,$165
59e4bb543f0fa9a20900afa3,TabTale LTD,5d2713a2adf90800111ac176,Jumanji iOS_CL,$165
59e4bb543f0fa9a20900afa3,TabTale LTD,639afcd313c680c0759f9036,DIY Locker 3D iOS_CL,$165
61e93624cf7a710017932586,"Appgeneration, Lda",6269526b62edcb5b4c862ec8,Freecell 2,$165
561e8d976b8d90f61a00402a,Gameloft - Master Account,58400646248cf6e52a000567,Asphalt 8,$165
65e71ba517069f0011a36cfa,Rounds,67b31be7e9c06c560856a438,Perfect Level,$165
60afcdd4407e6d0018810836,Fomo Oyun Yazılım ve Pazarlama A.Ş. İstanbul İhtisas Serbest Bölge Şubesi,66058b704965ba920b73661a,Go Climb,$164
5c657afed9e6e60012bab5d9,gamestudiopsv@gmail.com,6a154a6a27cc99a7734a1324,com.play.craftz.mystic.action,$164
6666afb99ec3300011cdf91d,Appvestor ApS,68de5f225f81a96145dc1c61,Invica - Notes - com.sungtara.allnotes,$164
5a9d60d3b1c1666c2e0056ba,Homa Games,64b4f646f5edf073b3bd2ae1,Mega Harvester,$163
561e8d926b8d90f61a00013e,Miniclip SA,5efa17b19c3a0300015b0e5c,Ludo,$163
5fb27298d8ff880015e84750,MNO GO APPS LTD,6909e8f12e9735e4101ee1f3,Cross World,$163
67d985067690520011429022,Playtika,696f89d41fdcb2679d25ac47,Slotomania,$163
5bec0018c9af0a7962a96f4a,Rollic Games,6909eda0e9b383362786c642,Tap Away,$163
5fc671cbba624b0015a61bf1,Saygames LTD,618a729844a3639d85ce985c,Pirate Raid: Action Idle Sim,$163
65e71ba517069f0011a36cfa,Rounds,6890bb00b59f5ddbdc82890e,Ai Translate,$163
561e8d936b8d90f61a00146c,TabTale Ltd.,58a6cf9f8fefce391b00013c,Cheerleader Dance Off iOS_TT,$163
5cc173c6d788b30012b2ff51,Loop Games A.S.,659bb80fa6a87caca00065df,Brick Block,$163
604a7ccb4f898b00151e2797,FunCraft,604a7dcfedf508981b1ac0b0,Merge Kingdoms Android,$162
561e8d936b8d90f61a001168,IsCool Entertainment,530f4a66af518acb6a00004c,Wordox,$162
5fc671cbba624b0015a61bf1,Saygames LTD,6374d459a3401900e98862c9,CubeCrafter,$162
561e8d936b8d90f61a00035c,Supersonic Software Ltd.,55964a6e13a2b4c27400001a,One Clue Crossword,$162
5e3692d21cd3cb0018dd4329,SuperSonic Studios,5f2823cd6694ec000178293f,Emoji Puzzle!,$162
561e8d946b8d90f61a002458,zakeh,5449f400467a8845720000d8,Pou,$161
5c657afed9e6e60012bab5d9,gamestudiopsv@gmail.com,63af4326bd515244b87591a6,1549559034,$161
5fc671cbba624b0015a61bf1,Saygames LTD,5ec7b1340f803e0001ab6001,Agent Action Android,$160
5dcf09394f6eed0018145e58,Unico Studio LLC,5f6e744cb746f4765fd6bd02,Who Is? Brain Teaser and Riddles,$160
682c543e4c15ca0011ac99b6,EASYWIN INC,6638bf84f7eab0b5330202d5,EasyWin,$160
5f69aef134a76100158aa316,Hypercell Games,63a018abd88966bd264a0a3c,Unpuzzle iOS,$160
5eb3c48aa80eba00159907c3,Matchingham Games Limited,60be66d33b55db68efe8648a,Judgment Day - Android,$160
61e93624cf7a710017932586,"Appgeneration, Lda",65d767ee9a4122e9e0de9a78,Radio NZ,$160
59fb487bbe77065f5800afc3,Azur Games,5cbf74477b2d1b00112da617,Bottle Flip 3D,$159
5c657afed9e6e60012bab5d9,gamestudiopsv@gmail.com,64673ca9627afefa7b525ae0,com.prineside.tdi2,$159
65e71ba517069f0011a36cfa,Rounds,67b5cc37e9c06c560856b08c,Translate All,$159
6297c4bc012073001b3df035,Yandex Inc.,65e9e9f309143409c22e29b9,stolitomson_com.stolitomson.vpn,$159
561e8d966b8d90f61a00392d,WISE WAVE CORPORATION LIMITED,61f56958fc1864f742367f80,Vegas Craps,$159
5fc671cbba624b0015a61bf1,Saygames LTD,5ef4c55a4e33860001b985f8,Johnny Trigger: Sniper Android,$158
561e8d936b8d90f61a001168,IsCool Entertainment,5dd2d1de2aa70a0017bcfdb5,Bouquet of Words,$158
561e8d976b8d90f61a003e29,Vizor Apps Ltd,56c5da953a0b7d9e6800001d,Zombie GP,$158
5dcf09394f6eed0018145e58,Unico Studio LLC,624600fd11a727ca6a4b42bd,Blast Friends Android,$157
65e71ba517069f0011a36cfa,Rounds,683046ccf9be3da740379830,Distance Hearing,$157
561e8d936b8d90f61a001260,MAG Interactive,5b194104c98847504df1865d,Word_Domination,$157
59fb487bbe77065f5800afc3,Azur Games,6566e4cd80992ce8d9215c50,Idle Racer,$157
5eb3c48aa80eba00159907c3,Matchingham Games Limited,6613a366d9ed84c9311c868a,One Line_Android,$156
561e8d936b8d90f61a001096,MyGames MENA FZ LLC,61f7bfd3445469a5aa7e6411,Global City,$156
5e3692d21cd3cb0018dd4329,SuperSonic Studios,5f86b187453b78dee3fdd32d,Chat Master,$156
5dcf09394f6eed0018145e58,Unico Studio LLC,68d9365b8fe35d3c0053c7d0,Farm Craze Android,$156
561e8d956b8d90f61a003219,"Appodeal, Inc.",680bc30e6b08d751835daa00,com.SIDGIN.FlexicX/767751,$156
59fb487bbe77065f5800afc3,Azur Games,6971cc2bd4ba143db9061d94,WWII,$156
5fc671cbba624b0015a61bf1,Saygames LTD,62f36970058cf64568f98902,Heli Monsters,$155
5c3c9ba19f3cbd45d7dae29c,TapNation,645d227bf1eef8b0c55c1bb3,Doll Dress Up,$155
691b5a10eb3bf4c11bf9c948,Offroad Games Ltd,6548bbad8c556a86968f527d,Chrome Valley Customs,$155
5a9d60d3b1c1666c2e0056ba,Homa Games,65646351c6face8457566840,Rescue Cop,$155
561e8d956b8d90f61a0030cf,Ketchapp,655b72ecb53dd79ca06f5d34,Divineko,$155
56d55c72562b9c353800000d,Voodoo,68556bd02eef4ad8bd1bc874,Neon Wings,$155
5c6d3f727ba3842bffdc24f1,Beresnev Games,5d0214ba0685e900124e5069,Gallery: Coloring Book & Decor,$155
65e71ba517069f0011a36cfa,Rounds,683064ce6883128549d12ade,Purple wallpaper,$154
5fc618102e8dd2001579b65d,App Central ltd,672e0714c55b9eb5a4ccce93,Style And Hair Launcher,$154
61e93624cf7a710017932586,"Appgeneration, Lda",65d75e7ed1b71b57183c338c,Radio EG,$154
65e71ba517069f0011a36cfa,Rounds,67af16f6099d7cdb34172918,Tuners Guitar,$154
6297c4bc012073001b3df035,Yandex Inc.,683088cb6883128549d12c6e,knit-ru_jabi-pdd2,$153
5c657afed9e6e60012bab5d9,gamestudiopsv@gmail.com,69cbcafddbab74db872b0180,com.ajpro.streamflix2,$153
5c657afed9e6e60012bab5d9,gamestudiopsv@gmail.com,66bb1dc5aef015d56fee035d,com.CrashTime.BeamDriveCarCrash,$153
561e8d956b8d90f61a003219,"Appodeal, Inc.",5dd53b8dd8023f51757e6458,com.planckgames.arrowword/220568,$153
5bec0018c9af0a7962a96f4a,Rollic Games,6a06d96a997892c920603084,SpinSiege,$153
561e8d946b8d90f61a001f18,Nordcurrent,5f478e4516651e000199b9f9,Happy Clinic (Android),$153
5fc671cbba624b0015a61bf1,Saygames LTD,5cb0a0976e5df57e10e9ce84,House Paint,$153
65e71ba517069f0011a36cfa,Rounds,6799ef809fe5d49d4b56d80d,Clickmate Auto,$152
5c657afed9e6e60012bab5d9,gamestudiopsv@gmail.com,6622113b345a6dc6b1a38d82,com.uGames.Numbers,$152
5bec0018c9af0a7962a96f4a,Rollic Games,60705432695ae382b1445d21,Hair Challenge,$152
5fb510aa8072bf0015d8d59d,Tap2Play LLC,695cc7192e042815bc62f1ac,IBE_ANDROID_Idle Ball Escape,$152
5c657afed9e6e60012bab5d9,gamestudiopsv@gmail.com,69ea53abb1e4be9ed988b905,com.football.live.stats.app,$152
59fb487bbe77065f5800afc3,Azur Games,62ea81470e33bb257d50d7df,Tank Sniper,$152
60c319e160f8540017a53701,Spyke Games,6964e25bf345af53130b8f05,Cube Busters,$152
5a53889945eaab512501251e,AddApptr GmbH,69273828f65130bc5467d459,Scout24_AutoScout24_iOS,$151
5bec0018c9af0a7962a96f4a,Rollic Games,643d285661f3a0f1b433b04d,SwordMelter,$151
6267e053f2d4b90018ad84e4,Burny Games,6660908bd3c5ac7c6bb8eae5,Colorwood Blocks Puzzle Game,$151
5fc671cbba624b0015a61bf1,Saygames LTD,673dac9d06fc42059aa34bbd,Life Dream,$151
56d55c72562b9c353800000d,Voodoo,60d1fe0cb758a8f093e18199,Explode Me - Android,$151
6297c4bc012073001b3df035,Yandex Inc.,6718de0158450cca797bbc05,a-vesnin_scanword-ru-ios,$151
61e93624cf7a710017932586,"Appgeneration, Lda",684992821c6cdeb759d288bb,Bible Word,$151
5c657afed9e6e60012bab5d9,gamestudiopsv@gmail.com,6532b2b503d792c0b7e25ab9,com.neighbors.darkriddle,$151
65e71ba517069f0011a36cfa,Rounds,67a0a893c1d0e427bfd0217a,WiFi Hotspot,$150
5dcf09394f6eed0018145e58,Unico Studio LLC,690e505230591dab9d8bd7c2,Smash Block iOS,$150
69fb1ae463ed3b5eefe8d53e,XTEN Limited,6a107472ac3471b059ea085c,UFL: Football Mobile Game,$150
6297c4bc012073001b3df035,Yandex Inc.,6781044ba18672e70722c9ad,hollyphoenix_dailyweather.forecast,$150
5bec0018c9af0a7962a96f4a,Rollic Games,62bb13bb24702b8222fb72c4,Punch Guys,$150
561e8d936b8d90f61a000e7b,ZeptoLab,5da6f34fcf8ec00017a99ed5,Om Nom Run,$150
65e71ba517069f0011a36cfa,Rounds,691c4a9063ddd979c47b4dbf,Trade GPT iOS,$150
56d55c72562b9c353800000d,Voodoo,68b73df0b341198753f39aa0,Brick Fight,$149
561e8d946b8d90f61a001f18,Nordcurrent,5d2895c897a17f0015b48f2b,Murder in the Alps Android,$149
5b5ec3e8337f272131edc824,MadBox,5f60ec3ba8b92b000157fff2,Idle Ants,$149
56cb43391ba696884900000a,Ilyon Dynamics,645108190ccf9ed0c9ba139b,net.ilyon.tiles_i_1611,$149
5fc618102e8dd2001579b65d,App Central ltd,6733734bc55b9eb5a4ccdeb4,Catching Giants Launcher App,$148
59fb487bbe77065f5800afc3,Azur Games,5f02f781fa6e020001b71b02,Tricky Castle,$148
65e71ba517069f0011a36cfa,Rounds,679b400c9fe5d49d4b56dc60,Stopwatch Timer,$148
65e71ba517069f0011a36cfa,Rounds,68667f7136273738b61f43f9,Glitter Wallpapers,$148
5f69aef134a76100158aa316,Hypercell Games,69933a75bb8dbc226795bb81,NightClub Simulator Android,$148
561e8d936b8d90f61a000e7b,ZeptoLab,58ebbffee0f3d3974b000e8a,CTR M iOS - Supersonic,$147
5c657afed9e6e60012bab5d9,gamestudiopsv@gmail.com,67d94da6916355d36b93a3e3,com.dvproject.play,$147
6297c4bc012073001b3df035,Yandex Inc.,670e620f7bccdeafa20f6d0c,thegosarussia_multithemes,$147
6666afb99ec3300011cdf91d,Appvestor ApS,6912f34d39466be7321f8aa7,AV - Flash Alerts - flashalerts.flashlight.calls.messages,$147
61e93624cf7a710017932586,"Appgeneration, Lda",6620f05f25850faf35151b4b,Radio TW,$147
59fb487bbe77065f5800afc3,Azur Games,5e5f5fc2888b301adbf41085,"I, The One",$147
5f69aef134a76100158aa316,Hypercell Games,6613bec15b2dea6d39bafdc2,Hide Ball iOS,$146
5ab5070d69e58f7fca39bfe6,Green Panda Games,5ba4ce1797ab890011a55e42,Terrarium,$146
5c657afed9e6e60012bab5d9,gamestudiopsv@gmail.com,61eebff1bb9381c8497bd7e3,Board and Card Games + online,$146
59fb487bbe77065f5800afc3,Azur Games,5bfbb206e091923a6539c7f4,Polysphere,$146
685d2c04f000940011f6c716,X Gaming Lab FZ LLC,69146fa33811dec416c34c97,CarX Highway Racing,$146
57ab0b38c6ebd5c83300007e,Good Job Games (Azur),5c93a517986bfc0017802150,Run Race 3D,$146
5fb510aa8072bf0015d8d59d,Tap2Play LLC,60c7232f50f49e980d14149c,TSP_ANDROID_Type Sprint,$146
6297c4bc012073001b3df035,Yandex Inc.,6a0eb537acd4a3528682fdde,onfon-ooo_ru-video-krasview,$146
65e71ba517069f0011a36cfa,Rounds,67becba4fb32c9bf51cef5ca,All Document,$146
63d229657d9fc60014b1afdf,Paxie Games,69e7569fad4ea94e8fe32313,Bakery Rush,$146
561e8d966b8d90f61a0033c4,Moon Active,695a653cc9bdaccfbb31dc10,Family Bay Android,$146
5fc671cbba624b0015a61bf1,Saygames LTD,625940981d4f77184451fd63,Bra Maker,$146
65e71ba517069f0011a36cfa,Rounds,6765694beeca080cadc57582,File Explorer,$146
561e8d936b8d90f61a00136a,MWM,5d2f1d94e766ba0017d78601,Tuner,$145
561e8d956b8d90f61a003219,"Appodeal, Inc.",68b86fcf5dcb5d9379af65e8,com.dualcarbonstudios.trucksimulatorbigrig/772303,$145
5dcf09394f6eed0018145e58,Unico Studio LLC,68d93713884ef6f583e34681,Farm Craze iOS,$145
60afcdd4407e6d0018810836,Fomo Oyun Yazılım ve Pazarlama A.Ş. İstanbul İhtisas Serbest Bölge Şubesi,63998fff11ab51ca5373191f,Seat Jam 3D,$145
5bec0018c9af0a7962a96f4a,Rollic Games,651abc10d38855ef54ab0258,Revolver Rush,$145
5fc671cbba624b0015a61bf1,Saygames LTD,618a7605478cdcadb143016d,Pirate Raid Android,$145
561e8d936b8d90f61a000f17,Smart Project GmbH,69d63e5041286e826af676f4,sushi,$145
65e71ba517069f0011a36cfa,Rounds,676d54ef364caaf5ba130390,Lyrebird Sticker App,$145
59e4bb543f0fa9a20900afa3,TabTale LTD,67e67623380340579416374a,Gymnastics Dream iOS_CL,$145
561e8d936b8d90f61a00035c,Supersonic Software Ltd.,6400ba1957098923ad5a2b00,Picture Cross,$144
5c657afed9e6e60012bab5d9,gamestudiopsv@gmail.com,6535525703d792c0b7e25cae,com.eg.mimicry.horror.online,$144
61e93624cf7a710017932586,"Appgeneration, Lda",655e37c76d563178776cc7f1,2048,$144
57ab0b38c6ebd5c83300007e,Good Job Games (Azur),5f9fed367ac16c9d428a22c8,Rush Hour 3D,$144
561e8d956b8d90f61a003219,"Appodeal, Inc.",696a3499b6c7ab8878a12eb2,com.VertexoGames.Shelter/775544,$144
561e8d926b8d90f61a00013e,Miniclip SA,5ea6ad49495fd300017365b9,Darts of Fury,$144
59fb487bbe77065f5800afc3,Azur Games,64dc85d0f0f691dd8347e033,Ship Simulator,$144
561e8d936b8d90f61a000f17,Smart Project GmbH,672a481d7b3ea5a17e5d2744,Nuts GP,$143
5e3692d21cd3cb0018dd4329,SuperSonic Studios,63f755baa3f8f175dfc5be09,Camo Sniper,$143
5bec0018c9af0a7962a96f4a,Rollic Games,62bdc577d8a7a5726d9c5d80,Punch Guys,$143
5c657afed9e6e60012bab5d9,gamestudiopsv@gmail.com,688a0c1db474a91081b21b6e,com.mimicer.dweller.addons.modsformcpe,$143
6297c4bc012073001b3df035,Yandex Inc.,6a1815b9e4af78f417c3abe2,lkxx1314520-gmail-com_com-linedraw-pandaphysics-escape,$143
5bec0018c9af0a7962a96f4a,Rollic Games,64baa369778b54b1d1bb147c,BusJam,$142
5fc671cbba624b0015a61bf1,Saygames LTD,60a52cc349d6f3143b6fce52,Match Hit,$142
5c657afed9e6e60012bab5d9,gamestudiopsv@gmail.com,65f8242c087f20f10516a7e3,com.block.craft.world.sandbox.survival.simulator.crafting.building,$142
561e8d956b8d90f61a0028f7,Nexters Global LTD,64008db057098923ad5a2a98,Island Questaway,$142
5fc671cbba624b0015a61bf1,Saygames LTD,611bc25e3172ed5464999e81,DOP 3: Displace One Part,$142
561e8d966b8d90f61a00392d,WISE WAVE CORPORATION LIMITED,67effc329c3da54da0569256,Jackpot Buffalo Slots,$141
5eb3c48aa80eba00159907c3,Matchingham Games Limited,6499fa2a4d52fcfacebbfe6e,Impossible Date 2_iOS,$141
561e8d956b8d90f61a003219,"Appodeal, Inc.",69d79769cc081cbcc3c541b4,com.bittv.moviesandseries/778028,$141
5c3c9ba19f3cbd45d7dae29c,TapNation,65d503b67f94e82ba925e474,Wordling,$140
604a7ccb4f898b00151e2797,FunCraft,649db42b847c940a560e458c,Word Yatzy,$140
59e4bb543f0fa9a20900afa3,TabTale LTD,5fedb95b6cfda12e3b246daa,Detective Masters iOS_CL,$140
5fb510aa8072bf0015d8d59d,Tap2Play LLC,67eb9d12ae3daa60bfc89ebd,DSR_ANDROID_Downhill Skate Race,$140
5cda78f561a35300113a86ab,Moonee,673e433a711ce4c5756bd862,Pixel Sort 3D,$140
5e3692d21cd3cb0018dd4329,SuperSonic Studios,63f1e84cd99a14f9dfd5839b,Slow Mo Run,$140
65e71ba517069f0011a36cfa,Rounds,67af3fbd1390dbaae0d930e1,Artfonts Letter,$140
59fb487bbe77065f5800afc3,Azur Games,617bc8011bbbf70216427c3a,Fire Hero 2,$140
5a9d60d3b1c1666c2e0056ba,Homa Games,65dc88b927332d35a876c6c8,Clean It,$140
5c657afed9e6e60012bab5d9,gamestudiopsv@gmail.com,64ff0417584ffcc8d4acd7a3,com.Novella.Lagerta,$140
5eb3c48aa80eba00159907c3,Matchingham Games Limited,696a08eb2d68e273f422ecb0,Triple Goods Sort_iOS,$140
561e8d956b8d90f61a003219,"Appodeal, Inc.",6449759611af6ec1f39a043e,one.belousov.wordgame/746930,$139
59fb487bbe77065f5800afc3,Azur Games,6475bf4507915ab59be30462,Stickman Teleport Master,$139
6297c4bc012073001b3df035,Yandex Inc.,6952571d24c4606801602ec9,qichen-big_com-vpn-quick-super-QuickVPN1,$139
5e3692d21cd3cb0018dd4329,SuperSonic Studios,65f086cee2703b0ee7fb2b68,Trash Town Tycoon,$139
65e71ba517069f0011a36cfa,Rounds,697b3feea265576fe9243655,Phone Switch,$139
6297c4bc012073001b3df035,Yandex Inc.,69aa866004a54c218b0a2e6a,lilipetr1k_rustore_com-petrik-shifshedule,$139
58737456236d8f446400071c,FIOGONIA LIMITED,65fc1b864de851441f2872ac,Mahjong iOS,$139
65e71ba517069f0011a36cfa,Rounds,679b5805ac670fb86b0864b3,Unique Wallpapers,$139
561e8d976b8d90f61a003bab,Estoty LLC,6852c8d68be216934f8fd91a,Raptor Evolution,$139
59fb487bbe77065f5800afc3,Azur Games,5fdb886b693d55ed42e77322,Flow Legends iOS,$139
5f69aef134a76100158aa316,Hypercell Games,69b41e9ba1abef24b18d0551,NightClub Simulator iOS,$139
5ec6f4dbdae5f50015c2980b,PCA Bear LLC,638b16ccf24a60fa7fe00135,Bike Ride 3D,$139
561e8d926b8d90f61a00013e,Miniclip SA,65046e820e8e377c6030fe25,Knighthood,$139
5e3692d21cd3cb0018dd4329,SuperSonic Studios,601ffb9244aadf43500bc79d,911 Emergency Dispatcher,$139
5bb6123fa4ae3604537ad781,Fugo Games,625e7e7a8f7bf781175e7215,Solitaire Sunday: Card Game,$138
5c3c9ba19f3cbd45d7dae29c,TapNation,68417470ddcecf8fe6b12946,Unblock Jam,$138
5a53889945eaab512501251e,AddApptr GmbH,6889eb5bbe4de6e6367b4117,AlphaAppsBV_ConnectHotmSDK_Android,$138
5fc671cbba624b0015a61bf1,Saygames LTD,5ddc001800eb361fa9b365b2,Turbo Stars iOS,$138
5bec0018c9af0a7962a96f4a,Rollic Games,65968730cb80766e10776913,ScrewJam,$138
56d55c72562b9c353800000d,Voodoo,5e304bf8c103c43eb7cf3fd4,Draw Climber,$138
5c657afed9e6e60012bab5d9,gamestudiopsv@gmail.com,6358da77807a49419ad18fd3,1222331362,$138
5fc671cbba624b0015a61bf1,Saygames LTD,673d93cd711ce4c5756bd584,Life Dream,$138
5fc671cbba624b0015a61bf1,Saygames LTD,69fc8fb48c67ff57b8fec2c3,Word Code - Cryptogram Puzzle,$138
5ec6f4dbdae5f50015c2980b,PCA Bear LLC,642c8a4ee0a2a9dd43591975,Nextbots In Backrooms: Shooter,$138
61e93624cf7a710017932586,"Appgeneration, Lda",665053fc43ca86af4607fda6,Radio South Africa,$137
5c657afed9e6e60012bab5d9,gamestudiopsv@gmail.com,695f978296e85e768a56d4bc,com.extbel.BusinessBillionaireEmpire,$137
5a53889945eaab512501251e,AddApptr GmbH,66f57211cde9700bb6f02990,AIFactory_Hearts_Android,$137
5eb3c48aa80eba00159907c3,Matchingham Games Limited,644a9aa8dfe96b344d33de2c,Contract Sniper_iOS,$137
5ec6f4dbdae5f50015c2980b,PCA Bear LLC,69a5b9343630b752386bdad0,Epic Bum Ride,$137
5c6d3f727ba3842bffdc24f1,Beresnev Games,5c6d5445262bf72be8497e5d,Flippy Knife,$137
5bec0018c9af0a7962a96f4a,Rollic Games,643d22b4ae364890de881fd2,SwordMelter,$137
68ca90f7cdcaeb20374f5716,Syncme,6930049d1acfaf541f6f8e8c,Phone Dialer & Contacts: drupe,$136
5c657afed9e6e60012bab5d9,gamestudiopsv@gmail.com,6450d059bba0d062c59a6ac0,com.vpn.securevpnpro,$136
654d14d41c83f70011ca7700,Hypemasters,654d17b2821dd496bf266713,World War Armies (Android),$136
561e8d936b8d90f61a00146c,TabTale Ltd.,593a7e2a08b4d510720016ac,Gymnastics Superstar Google_TT,$136
6297c4bc012073001b3df035,Yandex Inc.,69f893c83d225f31f458aac6,sb-anyreads-com_com_anyreads_patephone,$136
65e71ba517069f0011a36cfa,Rounds,67ab40245c0575584f326893,Compass R,$136
561e8d956b8d90f61a003219,"Appodeal, Inc.",637a19dba21a3a41435b6320,com.redteddy.subwaytrain/739216,$136
561e8d976b8d90f61a004288,Panteon Software,6984d676f7136395eabf015b,Card Stack Sort,$136
561e8d956b8d90f61a0030cf,Ketchapp,5891cbb72a14dc0644000440,Ballz,$136
5fc671cbba624b0015a61bf1,Saygames LTD,5ec7acb88dd345000161de26,Agent Action iOS,$136
5c3c9ba19f3cbd45d7dae29c,TapNation,61e67d8580084a20aace19e4,Color Water Sort Puzzle,$136
5fb27298d8ff880015e84750,MNO GO APPS LTD,6225f883431815d6a87ea829,Momo English,$135
5bb6123fa4ae3604537ad781,Fugo Games,64be408a5bb311e368070bf1,ZomBees - Shooter And,$135
65e71ba517069f0011a36cfa,Rounds,661546009183acf4e4d9c6da,Simple Flashlight,$135
5eb3c48aa80eba00159907c3,Matchingham Games Limited,6659faab5bf07d965503dfda,Popcorn_Android,$135
59e4bb543f0fa9a20900afa3,TabTale LTD,6666be46546a6ecbfaa58638,Cinema World - Idle Tycoon Google_CL,$134
5fc671cbba624b0015a61bf1,Saygames LTD,660ead174965ba920b7375d9,The Journey Amazon,$134
56d55c72562b9c353800000d,Voodoo,6217996abcc17b66c09b4d2d,Backflip Master 2-Parkour Game IOS,$134
637c93290ad1a8001b64a071,MACHAPP Software Ltd,64073cbdc12829ce04a107ba,Sense V2 flip clock & weather,$134
5c05196699e4374b87bda3b9,Tripledot Studios,5eb000cdf21d2c00011a92ac,Hey Color,$134
6297c4bc012073001b3df035,Yandex Inc.,676aad01cf7851883824aff2,Jack-Dodge2_com-jadogames-pickupbeta,$134
5ec6f4dbdae5f50015c2980b,PCA Bear LLC,66e05f80feacc084bf7937f7,Ragdoll Sandbox 3D,$134
5c657afed9e6e60012bab5d9,gamestudiopsv@gmail.com,624a921909b1be3908c8fa42,1499322051,$134
561e8d956b8d90f61a002f2c,AxesInMotion,67a5ec71c1d0e427bfd034de,Extreme Car Driving Stunts,$133
6666afb99ec3300011cdf91d,Appvestor ApS,66cf122218a521b86542791c,Molibe - Horoscope & Tarot - com.molibe.freetarot,$133
561e8d936b8d90f61a001260,MAG Interactive,58b986c2c9bd2561310002a3,WordBrain,$133
5e3692d21cd3cb0018dd4329,SuperSonic Studios,6231af2023a3eccdae0328f8,Become a Queen,$133
5fc671cbba624b0015a61bf1,Saygames LTD,5dc2a327f080325a55721b59,Cannon Shot!,$132
59e4bb543f0fa9a20900afa3,TabTale LTD,5fc778ea976cf2727407ded0,Touch Down 3D iOS_CL,$132
65e71ba517069f0011a36cfa,Rounds,679b4368ac670fb86b08648b,Graffiti Name Logo,$132
690dd96feb3bf4c11bf941dc,Footballco Media Limited,690de397844b74af78c487e4,Voetbalzone Android,$132
5bec0018c9af0a7962a96f4a,Rollic Games,63288c8b167642f894b5a2f5,Pixel Demolish,$132
5c657afed9e6e60012bab5d9,gamestudiopsv@gmail.com,659305d45118aef8c27623c8,1476429715,$132
561e8d926b8d90f61a00013e,Miniclip SA,69b29483086f89551bd062aa,Block Puzzle (Real),$132
561e8d956b8d90f61a002a2f,BoomBit Games Ltd,646cbb7956f7bae57f325b82,Scoring Champion,$132
65e71ba517069f0011a36cfa,Rounds,687938cf0c57d8be6eea527f,AR Meter Tape Camera GP,$132
561e8d936b8d90f61a00059f,Wooga,56d476b53dff1fac19000011,Pearl's Peril (Android),$131
5fc671cbba624b0015a61bf1,Saygames LTD,622a0c483dc557500abd7cb4,Emoji Guess Match,$131
5fc671cbba624b0015a61bf1,Saygames LTD,67efedff665fb3221ee9cb0b,Chainsaw Juice King: Idle Shop,$131
59fb487bbe77065f5800afc3,Azur Games,5f57a0102a96c700010073b7,Pipe Masters Android,$131
5c657afed9e6e60012bab5d9,gamestudiopsv@gmail.com,6225dddd96d1269f40adf5e4,Pixel Combat: Zombies Strike,$131
6297c4bc012073001b3df035,Yandex Inc.,69c10120a8a6fba7d1a16814,seamobi-dev-gmail-com_fsl-BuckSpeedVPN,$131
5ab5070d69e58f7fca39bfe6,Green Panda Games,5d388507ca67b30017fd30f5,Idle Human iOS,$131
5c657afed9e6e60012bab5d9,gamestudiopsv@gmail.com,67935688ac670fb86b0850d1,com.wallverse.wallpapers,$131
5bec0018c9af0a7962a96f4a,Rollic Games,62d0307d2c28498978531ca7,Bump Pop,$130
56d55c72562b9c353800000d,Voodoo,6414307cf5b86a6b8d7df843,Drone Strike Military  ANDROID,$130
5eb3c48aa80eba00159907c3,Matchingham Games Limited,658570a1254e343a3e71e0ab,Logicus_iOS,$130
59fb487bbe77065f5800afc3,Azur Games,5e857962bbc027000180ad7f,Harvest iOS,$130
6297c4bc012073001b3df035,Yandex Inc.,67c1a3a1ee9356aafba1d3d9,qruqrugames_Seeds,$129
5e3692d21cd3cb0018dd4329,SuperSonic Studios,659acb91a6a87caca000631e,Gossip Master,$129
56cb43391ba696884900000a,Ilyon Dynamics,60912d2ffee953e764c03f73,net.onet.boombox_i_1586,$129
617916e8f3ef190017a83854,Digitalchemy,655dce5787876843d0b54e3b,Barcode Android,$129
5fc671cbba624b0015a61bf1,Saygames LTD,6318b585a6384876521cfd44,Pinball iOS,$129
5c657afed9e6e60012bab5d9,gamestudiopsv@gmail.com,654e0359a82fe1a9a3fa56e4,6471470478,$129
617916e8f3ef190017a83854,Digitalchemy,624d9cdf9e77ca605ee0a2d2,Period Tracker & Diary Android,$129
59fb487bbe77065f5800afc3,Azur Games,62eb787021b2bfef4246ef69,Minecraft Commander,$129
561e8d926b8d90f61a00013e,Miniclip SA,5ec414861a218600018724d1,Ping Pong Fury,$129
56d55c72562b9c353800000d,Voodoo,5ca336ddd13ede0012e2a54b,Castle Wreck,$129
6297c4bc012073001b3df035,Yandex Inc.,65ef11dae2703b0ee7fb250e,multinotes,$128
604a7ccb4f898b00151e2797,FunCraft,69eb80e7497433e470cda03d,Shut The Box,$128
6297c4bc012073001b3df035,Yandex Inc.,698af537b105aa4cfa5abaf4,KrasnSasha-149_ru-code17-RadioRecord,$128
66e545690f05bd0011e185b8,JEDY APPS TECHNOLOGY LTD,6995bd28850edb48a5f7f86b,Holy Quran Offline Reading,$128
6297c4bc012073001b3df035,Yandex Inc.,694d5658ef46c85a1b2e0ff5,seamobi-dev-gmail-com_com-fspl-planetvpn,$128
63d229657d9fc60014b1afdf,Paxie Games,69a835fcfa7e965ae930d863,Hexa Fall,$127
5ec6f4dbdae5f50015c2980b,PCA Bear LLC,662a2ad28f28921b7a27797d,TAKE DOWN Pixel Playground Mod,$127
59fb487bbe77065f5800afc3,Azur Games,671b8d0080f6ceec361e0a80,Armored Robots,$127
61e93624cf7a710017932586,"Appgeneration, Lda",655e38e61df3e90d79a93ff9,Spider,$127
5f69aef134a76100158aa316,Hypercell Games,643699db8cbfdaf80ef2ae10,Doctor White iOS,$127
561e8d946b8d90f61a002087,Rovio,5ec79547719b0300011b88c8,Small Time Murders,$127
6297c4bc012073001b3df035,Yandex Inc.,66730e7ab200e640317a1bef,snowbatstudio_andr-com-SnowBat-OnlineImposter3D,$127
5c657afed9e6e60012bab5d9,gamestudiopsv@gmail.com,6630d34961db5b0a8758124c,ru.subprogram.guitarsongs,$127
604a7ccb4f898b00151e2797,FunCraft,69b05989987039d6bdff2db6,Cribbage Classic,$127
56d55c72562b9c353800000d,Voodoo,5f8db368b17ce38289095e5c,Roof Rails,$126
56cb43391ba696884900000a,Ilyon Dynamics,6452554c0ccf9ed0c9ba14c0,power.pop.blast_a_1420,$126
5fc671cbba624b0015a61bf1,Saygames LTD,5e885380db6c88000119ca5a,The Cook Android,$125
5e3692d21cd3cb0018dd4329,SuperSonic Studios,6658785d409223d44998cb9d,Sniper Shooter Wild,$125
561e8d936b8d90f61a001168,IsCool Entertainment,63e25332bb298193f7832c43,Word Search 2,$125
5c3c9ba19f3cbd45d7dae29c,TapNation,668e907e4d6765df32fec90d,Summer Wheelie,$124
5fc671cbba624b0015a61bf1,Saygames LTD,68627e60c72ffbaa1f7fc3d3,After Dark,$124
561e8d946b8d90f61a002087,Rovio,58471b366a2f85c51b00045d,Angry Birds Evolution Android,$124
5a53889945eaab512501251e,AddApptr GmbH,68e526467b57218c65beefc5,RicardoCh_Ricardo_iOS,$124
5e3692d21cd3cb0018dd4329,SuperSonic Studios,63b544021d9d4e9cae1c8935,Traffic Jam Fever,$124
6021599b8b3e5600159fcc76,HITAPPS GAMES LTD,630c9dea668a43f7a7aaaedd,Associations Android,$124
69eb7528a33b05d61de623e5,DVapps AB,69ee417d7d6a547b8b026442,TheTwins_Android,$124
57ab0b38c6ebd5c83300007e,Good Job Games (Azur),5fcf78c6db28f41d35ff29a9,Basketball Life 3D,$124
5bb6123fa4ae3604537ad781,Fugo Games,625e7d7a8f7bf781175e720e,Solitaire Sunday: Card Game,$123
61e93624cf7a710017932586,"Appgeneration, Lda",65d75d6025cdf63cf9a2d6df,Radio KR,$123
5c05196699e4374b87bda3b9,Tripledot Studios,6992d756bb8dbc226795b44d,Puzzle Solitaire,$123
5fb27298d8ff880015e84750,MNO GO APPS LTD,6225f7c4431815d6a87ea824,Momo English,$123
5a689d947f4def81700028c6,Fumb Games,68541b952343d675a9d6995c,Blocks of Bitcoin,$123
5a9d60d3b1c1666c2e0056ba,Homa Games,65f480055675e1cd90515cf1,Frontline Heroes,$123
5bec0018c9af0a7962a96f4a,Rollic Games,5df8dea23434b70018242ef6,Flipper Dunk,$123
561e8d956b8d90f61a002a2f,BoomBit Games Ltd,6606891a5b2dea6d39baedd0,Offroad Runner,$123
62f2190969aa39001bb4b1fe,Take Top KZ,64ddfca896d8d96a811599ec,My Pets: Stray Cat Simulator,$123
561e8d946b8d90f61a001509,Outfit7,521b7a4d57d66f210e00000c,Talking Tom Cat 2 for iPad,$123
5e3692d21cd3cb0018dd4329,SuperSonic Studios,65c4e89bd1b71b57183c007d,Color Dots,$122
5c657afed9e6e60012bab5d9,gamestudiopsv@gmail.com,660bb8ff9183acf4e4d9b75d,com.morionstudio.hiddenobject,$122
609aaa8981be8d00154c407d,Sotec Consulting sl,69c27871c6891df09e626c10,"Calculator - Hide apps, Photo",$122
5fc671cbba624b0015a61bf1,Saygames LTD,639b10e84988c8a14834c891,Black Deck,$122
561e8d936b8d90f61a000e7b,ZeptoLab,58db950a6d3c232075000da1,CTR M Android - Supersonic,$122
561e8d956b8d90f61a003219,"Appodeal, Inc.",6822d38c5d76eda5a6878ff5,com.mogol.vpnhouse/767461,$122
5c3c9ba19f3cbd45d7dae29c,TapNation,6644b226f10d75e1ff15b265,Bike Life!,$122
5dcf09394f6eed0018145e58,Unico Studio LLC,6a04612aa076ba86dfd30b34,Make it 10 iOS,$122
65e71ba517069f0011a36cfa,Rounds,6862b354c72ffbaa1f7fc5e8,Ask Ai,$122
6297c4bc012073001b3df035,Yandex Inc.,6a05b9254ec2b0102178abfc,mikaylaodabdv-gmail-com_bursakwt-codinga-io,$122
5dcf09394f6eed0018145e58,Unico Studio LLC,69d4066659a1cdbcfbd52deb,Makeit10 Android,$122
59fb487bbe77065f5800afc3,Azur Games,624c05e4d5df4c319ff92f40,Line Race,$121
561e8d926b8d90f61a00013e,Miniclip SA,65c63316d63f23ff92211582,War Sniper,$121
6666afb99ec3300011cdf91d,Appvestor ApS,66e81caf548cf7c84914ba44,Neon Infotech - Simple Notepad - daily.notes.notepad.todolist,$121
5bec0018c9af0a7962a96f4a,Rollic Games,68ad92db70964d7ef87073d8,Tangled Snakes,$121
5a9d60d3b1c1666c2e0056ba,Homa Games,66156523c0c070078a977b76,Tool Evolution,$121
561e8d926b8d90f61a00013e,Miniclip SA,69b82362dcfbd320997c7ac3,Power Pop Bubbles,$121
5fc671cbba624b0015a61bf1,Saygames LTD,68da474e54aee4c789adb8fd,Decolore,$121
5f69aef134a76100158aa316,Hypercell Games,6837229443752d422dfcd231,Word Bridges iOS,$121
561e8d936b8d90f61a0008da,Pixonic Games Ltd,67ed34d02e7255c1e5c45e69,War Robots Xiaomi,$121
5eb3c48aa80eba00159907c3,Matchingham Games Limited,66f1671c901d39379d5a8a8c,Brainstorm_Android,$121
59e4bb543f0fa9a20900afa3,TabTale LTD,5b054b8ec134a2360e83261c,Hotel Transylvania Adventure Google_CL,$121
5b84c65ca73f7a027c553f4a,Rewards Game,6822fd9d5d76eda5a6879249,Yarnzle Stitch,$120
59fb487bbe77065f5800afc3,Azur Games,690dffeb0929373b2345310f,Tap Arrows Gallery,$120
56d55c72562b9c353800000d,Voodoo,652fb137814931c3829cb5c9,Walkers Attack IOS,$120
56d55c72562b9c353800000d,Voodoo,5ffda0dc5d62a00006074576,Catch And Shoot,$120
59fb487bbe77065f5800afc3,Azur Games,65e5da6df4c89692d0097eab,"Idle Racer: Tap, Merge & Race",$120
61e93624cf7a710017932586,"Appgeneration, Lda",655b9afb46464d20f199ae6e,Radio NIC,$120
5819f59c563213f87a000123,Pixel Federation,6165a237152fc6378a482344,Port City,$120
6297c4bc012073001b3df035,Yandex Inc.,69cd4e9029ef4f8d2a74576c,vivinet-technology_cosmic-simulator-app,$120
561e8d956b8d90f61a003219,"Appodeal, Inc.",66b22f6c13305e4e4b881357,com.SIDGIN.CarCrashSimulator/761219,$120
56d55c72562b9c353800000d,Voodoo,5e31712369e3353ed09836fa,Dribble Hoops,$120
5bec0018c9af0a7962a96f4a,Rollic Games,69f05f3c0215adba99079db7,BallsDigDeep,$120
5fc671cbba624b0015a61bf1,Saygames LTD,5d56bcb74fd1ba4e769e64d5,Jelly Shift Android,$120
561e8d946b8d90f61a001f18,Nordcurrent,5efed69b430dcf0001b0f7e8,Murder by Choice (iOS),$120
5c657afed9e6e60012bab5d9,gamestudiopsv@gmail.com,695236e758c80b13f78f7317,fbmapp.footballtv.livestream.score,$120
561e8d956b8d90f61a003219,"Appodeal, Inc.",597f8d5a2e5906b677001744,it.spaghettiinteractive.tressettepiu/29219,$120
668fb233514c00001146f038,Free VPN Planet SRL,6998706c50c5b8992ac54ce8,VPN India - Private & Secure,$120
5c657afed9e6e60012bab5d9,gamestudiopsv@gmail.com,65856e103acb6fcb7008e65d,com.gameoverflow.Blockfield,$119
6297c4bc012073001b3df035,Yandex Inc.,69d363a67a247104164762b3,stolitomson_vpn-vpn-green,$119
5fe2fafd6013fb0015208652,GamoVation,5fe475196cfda12e3b2468b2,Quick Checkers - iOS,$119
65e71ba517069f0011a36cfa,Rounds,677fa0b62e341ddcbb6d538a,File Organizer,$119
5e3692d21cd3cb0018dd4329,SuperSonic Studios,60291512d48292006bdc0854,Draw The Line,$119
5dcf09394f6eed0018145e58,Unico Studio LLC,685b09b336b11b88e25a3fd6,Farm Block Escape iOS,$119
561e8d956b8d90f61a003219,"Appodeal, Inc.",61fef4e284b019461024545b,com.beermoneygames.demolition3/723809,$119
59fb487bbe77065f5800afc3,Azur Games,606d7762219d0ba1149d9638,Draw Hero 3D,$119
61e93624cf7a710017932586,"Appgeneration, Lda",6650546cba9cdd82de70e68f,Radio Italia,$119
5efd8ef70165690015e8b224,Blackout Lab SL,62602fb6ce7c29d60a276970,Gin - iOS,$119
59fb487bbe77065f5800afc3,Azur Games,5e41733edc9cd23e28899d95,Taxi Run - Crazy Driver,$119
5c3c9ba19f3cbd45d7dae29c,TapNation,67092e43cde9700bb6f06450,Rescue Agent,$119
57ab0b38c6ebd5c83300007e,Good Job Games (Azur),5ff85e26418070451b70762b,Jelly Dye iOS,$119
65e71ba517069f0011a36cfa,Rounds,67a0b231f372f630d3b7688d,Subwoofer Bass,$118
6255696ee4b70c001810bb39,JRustonApps,62556ed80474930621138486,My Aurora Forecast,$118
59e4bb543f0fa9a20900afa3,TabTale LTD,699c195f502bf17c884489d9,Sand Flowing iOS_CL,$118
59fb487bbe77065f5800afc3,Azur Games,5e0345caee3dce00187e0c38,Perfect Cream iOS,$118
5fb510aa8072bf0015d8d59d,Tap2Play LLC,67cac1ddd7d9eace6f9fbbbe,BLB_ANDROID_BloodBox 2,$118
604a7ccb4f898b00151e2797,FunCraft,68811cdb0c57d8be6eea90b7,Yatzy Cards,$118
5fc671cbba624b0015a61bf1,Saygames LTD,635101029c637939b8f8d66c,Flexy Ring,$118
5c657afed9e6e60012bab5d9,gamestudiopsv@gmail.com,69245f9764da4f96bc2b3fb5,6754061753,$118
561e8d956b8d90f61a003219,"Appodeal, Inc.",571e46d09af38efa69000019,com.wildec.fastmeet/32306,$118
561e8d956b8d90f61a003219,"Appodeal, Inc.",6880f2315283df928d633dcf,app.ebeat.android/770080,$118
561e8d956b8d90f61a002a2f,BoomBit Games Ltd,67fe5973cad65030e350e9a4,Tattoo Studio Simulator,$118
61e93624cf7a710017932586,"Appgeneration, Lda",65d766f327332d35a876bad7,Radio TR,$118
6297c4bc012073001b3df035,Yandex Inc.,69b2e1ed706d591163181053,yuechao-ma_con-swordV-com,$118
5c657afed9e6e60012bab5d9,gamestudiopsv@gmail.com,637e01f06aaee8d6f0faed24,1581954505,$118
561e8d956b8d90f61a003219,"Appodeal, Inc.",631a4da0c39d606ba6a24d65,com.FozerGames.VAZCrashTestCarSimulator/725560,$118
5fc671cbba624b0015a61bf1,Saygames LTD,5e6bc80ba943175b144b5e10,Blend It 3D Android,$117
56d55c72562b9c353800000d,Voodoo,63c6ae2388f8bb1b81bb9fba,Rock Crawler IOS,$117
6297c4bc012073001b3df035,Yandex Inc.,688c7b5db474a91081b23619,mihal-sergei4_me.eremkin.simple.calendar.ios,$117
65e71ba517069f0011a36cfa,Rounds,68efd8534ebb41ab326d82ad,Live Wallpapers 4K,$117
5ec6f4dbdae5f50015c2980b,PCA Bear LLC,6724dbc77b3ea5a17e5d18c8,Ragdoll Sandbox 3D,$117
64075f57d6da1900141e5aba,Code Dish GmbH,631ff3b6578f5271f8953689,Bible Game - Jigsaw Puzzle,$117
6297c4bc012073001b3df035,Yandex Inc.,67ee52a79d7c18be38354939,antonykarlov_ru-antkarlov-zombotron,$117
5a6f56062c250d182f0056f3,Kwalee Ltd,5cd456d46f69b9001108cffd,Submarine Jump IOS,$117
65e71ba517069f0011a36cfa,Rounds,679a3594c1d0e427bfd011a6,TextArt,$117
561e8d926b8d90f61a00013e,Miniclip SA,674486c45435a0d3bc868e1a,Table Tennis Touch,$117
5c657afed9e6e60012bab5d9,gamestudiopsv@gmail.com,655cd2d61df3e90d79a93b4c,com.zelemine.oneblockmod,$117
56d55c72562b9c353800000d,Voodoo,5e542b0ddc9cd23e288a308c,Knock'em All,$116
5e3692d21cd3cb0018dd4329,SuperSonic Studios,654b9e7d79812c40ce1fd5e0,Bullet Army Run,$116
57ab0b38c6ebd5c83300007e,Good Job Games (Azur),5f3560361878520001e64b72,Color Roll 3D iOS,$116
561e8d936b8d90f61a000da4,XIMAD Inc.,66bf00504b6b3aa2763d42d8,Domino Rivals Android,$116
56d55c72562b9c353800000d,Voodoo,5fd201e218047dc091475ee8,City Takeover,$116
5c657afed9e6e60012bab5d9,gamestudiopsv@gmail.com,69ba672152d4bba2185c8449,6760410364,$116
561e8d966b8d90f61a0033c4,Moon Active,695a638bc9bdaccfbb31db91,Family Bay iOS,$116
561e8d936b8d90f61a001096,MyGames MENA FZ LLC,67ab210cc1d0e427bfd045f5,[ITT] Castle Duels,$116
561e8d966b8d90f61a00392d,WISE WAVE CORPORATION LIMITED,61f5b286a951e7c0c23ff55e,Vegas Casino & Slots,$116
65e71ba517069f0011a36cfa,Rounds,6936bbe204168e75f77c37e5,Save From Net,$116
6297c4bc012073001b3df035,Yandex Inc.,69709147539e3c5d1b829a5b,grimesjaniebaxv-gmail-com_com-swifthawk-picku-free,$115
61e93624cf7a710017932586,"Appgeneration, Lda",655e389c1df3e90d79a93ff0,Word Search Nature,$115
5e3692d21cd3cb0018dd4329,SuperSonic Studios,65eeedf3ffdf52c4905edb8f,Trash Town Tycoon,$115
561e8d956b8d90f61a003219,"Appodeal, Inc.",61d9e79b641f643d5490bc51,com.mangeek/719171,$115
561e8d956b8d90f61a003219,"Appodeal, Inc.",6850f576d1432abf305248b3,ru.spaple.pinterest.downloader/769221,$115
6297c4bc012073001b3df035,Yandex Inc.,66befd1fde5ce2980ef20f2c,momlife-rsya_ios_com.preggieapp.preggie,$114
561e8d956b8d90f61a003219,"Appodeal, Inc.",65840a6cf9154ce1c34ceac7,scary.momo.horror.game.chat.fake.video.calling.creepypasta.challenge.prank.joke.creepy.spooky/754274,$114
61e93624cf7a710017932586,"Appgeneration, Lda",626924006535126dd75ceaa3,Sudoku,$114
561e8d956b8d90f61a003219,"Appodeal, Inc.",6058c7ab78406936fb695d19,com.sugargames.bot/694006,$114
643c740fc34c0300130c743e,VPNABLE LTD,65fc256cf5d8b25533af0925,GOVPN,$114
5fc618102e8dd2001579b65d,App Central ltd,672cc76a136e386f160f7b1b,Date Puzzle : Launcher App,$114
5819f59c563213f87a000123,Pixel Federation,6165a518d3913d3aaebfa936,Port City - IOS,$114
61e93624cf7a710017932586,"Appgeneration, Lda",655b9c1b1df3e90d79a93837,Radio SAL,$114
61e93624cf7a710017932586,"Appgeneration, Lda",6945987858c80b13f78ed16d,Trivia,$114
65e71ba517069f0011a36cfa,Rounds,696e214bd4ba143db905e4bb,Ear Agent Live,$114
5c657afed9e6e60012bab5d9,gamestudiopsv@gmail.com,699d7c71646fe74838520f59,com.gttwoapp.watchno,$113
5e072f709b72ee0018763bc3,TAPCLAP,667ea548b8c631b497b6fad8,Mansion Tale,$113
5a8a9eca79a4da360300055d,Popcore GmbH,5e74cbc777bcc20001f8787d,Parking Jam 3D,$113
56cb43391ba696884900000a,Ilyon Dynamics,57d179f2bf5273ef060000a8,Bubble Shooter 2 - Purple,$113
56d55c72562b9c353800000d,Voodoo,6930597be2188c0df83d3338,Bounce Defense,$113
5c05196699e4374b87bda3b9,Tripledot Studios,64672e16ca67ac2adf781176,Blocktava,$113
5c3c9ba19f3cbd45d7dae29c,TapNation,62a7b6a5f21fcacf5e811daf,Pocket Monster Rush,$113
65e71ba517069f0011a36cfa,Rounds,6668484b7fc4289bfc67387c,Gallery Lock iOS,$113
59fb487bbe77065f5800afc3,Azur Games,5f770f8a6f8c65d5fc398502,TapTap Match - Connect Pairs,$113
561e8d926b8d90f61a00013e,Miniclip SA,66b4d71f787c69775be17338,Checkers Clash: Board Game,$113
5fe2fafd6013fb0015208652,GamoVation,67ed472388aa94356512517b,Water Sort Club,$112
561e8d936b8d90f61a001168,IsCool Entertainment,68776d758894e2822280ca3a,Word Game Classic,$112
56d55c72562b9c353800000d,Voodoo,68d11454d894eb90be3e2de9,Triangles (game),$112
561e8d956b8d90f61a003219,"Appodeal, Inc.",66b7758fe33c9a5487420a50,com.ApakyGames.Squad-Busters-Chest-Simulator/761354,$112
5bec0018c9af0a7962a96f4a,Rollic Games,679cb1e9b7c0c84dcaf1d32b,HolePeople,$112
59fb487bbe77065f5800afc3,Azur Games,62c6878be8d8621a64306352,Mad Royale.io,$112
5fb27298d8ff880015e84750,MNO GO APPS LTD,69b95f41dcfbd320997c9088,Cross World iOS,$112
60afcdd4407e6d0018810836,Fomo Oyun Yazılım ve Pazarlama A.Ş. İstanbul İhtisas Serbest Bölge Şubesi,64c38727b00399b5942add76,Color Blocks 3D,$112
5c657afed9e6e60012bab5d9,gamestudiopsv@gmail.com,68b84fc06ad869d1601dacde,com.rainbowgames.mycastlemergestory,$111
65e71ba517069f0011a36cfa,Rounds,67b469cddef9e46cb8d314b0,No Crop,$111
6297c4bc012073001b3df035,Yandex Inc.,6a180099e4af78f417c3a861,houstontrevergbtv-gmail-com_com-ferrancatalan-countdowngames,$111
5f69aef134a76100158aa316,Hypercell Games,662b879861db5b0a875809f7,Ant Colony iOS,$111
561e8d976b8d90f61a00402a,Gameloft - Master Account,57f3be26e30f3ce11d000082,Modern Combat 5: Blackout - iOS,$111
5a9d60d3b1c1666c2e0056ba,Homa Games,65f41ea5087f20f105169f7a,Spider Evolution,$111
5fc618102e8dd2001579b65d,App Central ltd,673ca32106fc42059aa348ba,Sky Sniper Launcher App,$111
561e8d946b8d90f61a001509,Outfit7,5240a8c309d22e980200000a,Talking Ben the Dog for iPad,$111
61e93624cf7a710017932586,"Appgeneration, Lda",65d79058d63f23ff92214734,Radio UY,$111
5c657afed9e6e60012bab5d9,gamestudiopsv@gmail.com,65390e0d7b1a3c2b6f2b10dd,6466786607,$111
561e8d936b8d90f61a0008da,Pixonic Games Ltd,69d624592a174e5589046a4e,Cơ Giới Chiến: War Robots,$111
5c6d3f727ba3842bffdc24f1,Beresnev Games,5c6d56840e2323001117b2e3,Flippy Knife,$110
59fb487bbe77065f5800afc3,Azur Games,68f9fb3f3b9fb0eb81c8f72a,Zone X,$110
561e8d976b8d90f61a003e29,Vizor Apps Ltd,56c5da1992ca13a60e000008,Zombie iOS,$110
57398bfe4d0c2a683c0000da,Kefir!,61ea79a9f7a70cf290b75a62,Frostborn Android,$110
5c657afed9e6e60012bab5d9,gamestudiopsv@gmail.com,696e44f173c0a231fff775a6,com.soomapps.universalremotecontrol,$110
627b73f7023d420018e2f038,Chardonnay Partners LLC,652529dbd38855ef54ab0ec1,Word Maker Android (AAA Fun),$110
561e8d956b8d90f61a003219,"Appodeal, Inc.",603a01dab64029371af399ae,com.victorSharov.water/35703,$110
627b73f7023d420018e2f038,Chardonnay Partners LLC,69fb35a3ffba935c5bb3e6a7,Color Ball iOS,$110
65e71ba517069f0011a36cfa,Rounds,677fa1c52e341ddcbb6d53a0,Wifi Password Viewer,$110
65e71ba517069f0011a36cfa,Rounds,6936b96aad1560663eab1dda,Car Scanner Flutter,$110
65e71ba517069f0011a36cfa,Rounds,68b6ef2953ed8f1c847e619c,Spin The Wheel,$110
6297c4bc012073001b3df035,Yandex Inc.,6a26a914275bfdb43ad3ed34,hoanghieu200088hh-gmail-com_com-l-dan-darkestdungeon,$110
5eb3c48aa80eba00159907c3,Matchingham Games Limited,66e169a465420cc827c7c88b,Duo Shooter_iOS,$110
561e8d936b8d90f61a00035c,Supersonic Software Ltd.,55964aea496958dc1700009f,One Clue Crossword,$110
56d55c72562b9c353800000d,Voodoo,685566062eef4ad8bd1bc86c,Neon Wings,$110
5eb3c48aa80eba00159907c3,Matchingham Games Limited,64f0634b7dd0db95c812140b,Happy Ending-iOS,$109
6297c4bc012073001b3df035,Yandex Inc.,6971fcb9d4ba143db9062310,me1liu_com-car-roadrush,$109
561e8d976b8d90f61a003bab,Estoty LLC,64723bf688c4496aef0da212,Idle Breaker - Loot & Survive,$109
5c3c9ba19f3cbd45d7dae29c,TapNation,5e14fea180b4ea00186e623c,Ice Cream Inc.,$109
561e8d956b8d90f61a003219,"Appodeal, Inc.",6812fef22886e3f37cbcc6da,com.funnmedia.hit-the-island/767654,$109
59e4bb543f0fa9a20900afa3,TabTale LTD,6087f7beb30550ae7e957e4f,Hair Dye GP_CL,$109
65e71ba517069f0011a36cfa,Rounds,69fb30f8637148d12c1cfe16,Controle Remoto,$108
65e71ba517069f0011a36cfa,Rounds,67b44239390c720c73a0db04,LED Scroller,$108
5a9d60d3b1c1666c2e0056ba,Homa Games,61e6e4410ee5fc7d49abea01,Merge Master,$108
65e71ba517069f0011a36cfa,Rounds,6914871bb15c612e66ccc1cc,Philips Tv,$108
5e3692d21cd3cb0018dd4329,SuperSonic Studios,6887651d1e7928ca3510c6ff,Air Defense-TDS,$108
6297c4bc012073001b3df035,Yandex Inc.,68c2b99de61c68a3f0ba45cc,dnk-studio-games_ru.nardecasino.game,$108
561e8d936b8d90f61a00146c,TabTale Ltd.,5996a5132981c13069006ab5,My Bakery Empire iOS_TT,$108
5fc671cbba624b0015a61bf1,Saygames LTD,60815be5f14fc0399f357fcb,Muscle Rush Android,$108
561e8d976b8d90f61a004288,Panteon Software,68b1a2659c238ff1a0a5b28a,Arcane Arena,$108
561e8d956b8d90f61a003219,"Appodeal, Inc.",62051bc023641742d5b869bd,com.beermoneygames.demolitionthree/723938,$108
5a9d60d3b1c1666c2e0056ba,Homa Games,62a74a493c126c6cbc5e0e48,Steering wheel Evolution,$108
561e8d926b8d90f61a00013e,Miniclip SA,61f7b546062dc9acea53d967,Volleyball Arena Android,$108
561e8d956b8d90f61a003219,"Appodeal, Inc.",5fc056cb88b570039f420d97,com.almondstudio.scanword/692035,$108
59fb487bbe77065f5800afc3,Azur Games,61938f66bb563551dc140cb4,Hopping Heads: Scream & Shout,$107
561e8d956b8d90f61a003219,"Appodeal, Inc.",6979f5b49557abdc3c8de910,org.sabgames.domino/742619,$107
65e71ba517069f0011a36cfa,Rounds,68809e9eeb91ef8f5fcc1b84,Video Recorder,$107
65e71ba517069f0011a36cfa,Rounds,68370db5108251a8f7dc7951,Fixy,$107
63d229657d9fc60014b1afdf,Paxie Games,697e2ea08a0253803d28ddd5,Farm Loop,$107
6666afb99ec3300011cdf91d,Appvestor ApS,682f2c6c1cd2863ca808c2ca,SMS Robot - FotoX Pro - recorderpro.voicememos.audio,$107
6297c4bc012073001b3df035,Yandex Inc.,6969f1fdde96560c91c4d316,rikimandynicholas-gmail-com_com-appsfabrica-healingtarot,$107
561e8d936b8d90f61a0008da,Pixonic Games Ltd,69dcbaf5c93423da611cd492,Cơ Giới Chiến: War Robots,$107
59e4bb543f0fa9a20900afa3,TabTale LTD,6217873492c533355c90004f,Lash Salon iOS_CL,$106
5fc671cbba624b0015a61bf1,Saygames LTD,5fb3efa51fae4786439245b3,Sushi Roll 3D,$106
56d55c72562b9c353800000d,Voodoo,64ad1753831ce850a7064d05,Double Drift ANDROID,$106
561e8d956b8d90f61a002a2f,BoomBit Games Ltd,65084c7b5946c49eb49f6e05,Plane Chase,$106
5dcf09394f6eed0018145e58,Unico Studio LLC,6246589aa5da4be0fe1d7815,Sudoku iOS,$106
5a6f56062c250d182f0056f3,Kwalee Ltd,62ebf3c96b1435ebc90ea462,Gun Tycoon,$106
61e93624cf7a710017932586,"Appgeneration, Lda",663b4f10eb138087031cd146,Radio Denmark,$106
5c657afed9e6e60012bab5d9,gamestudiopsv@gmail.com,66979083b249ef5e5a7ae39d,com.eg.mist.horror.idle.rpg,$106
65e71ba517069f0011a36cfa,Rounds,679b308affda0af1dd8c602f,Hyde,$106
5c657afed9e6e60012bab5d9,gamestudiopsv@gmail.com,61f0fae4d7c76a05acee9a3c,com.evertechsandbox,$106
65e71ba517069f0011a36cfa,Rounds,6772aa1b364caaf5ba13153f,Lyrebird Face Camera,$106
65e71ba517069f0011a36cfa,Rounds,67b6ea591be9345ad181ac65,GetThemAll,$105
5e3692d21cd3cb0018dd4329,SuperSonic Studios,678f914ef3986714c77f0f48,Car Screw Escape,$105
5c05196699e4374b87bda3b9,Tripledot Studios,66b4aedb3343191babdaec05,Balls Sort iOS,$105
65e71ba517069f0011a36cfa,Rounds,6842b33e78a828d3b01cbb19,Translator Keyboard,$105
561e8d956b8d90f61a003219,"Appodeal, Inc.",63ed24897e8d3bd0f3e93829,com.doublereality.trivia2023/742660,$105
5f69aef134a76100158aa316,Hypercell Games,644ae33411af6ec1f39a0613,Doctor White Android,$105
6155ad11120d4a0017386a18,Agave Games,6a0335297e1f4431ec74752d,Find Em All!,$105
5e3692d21cd3cb0018dd4329,SuperSonic Studios,6231c72f23a3eccdae03298f,Tall Man Run,$105
5a53889945eaab512501251e,AddApptr GmbH,66730276deebcbf4e4a092ab,IsarInteractive_SchafkopfLITE_iOS,$105
561e8d946b8d90f61a002087,Rovio,66cef1f920321015a24ea87d,Sonic Rumble,$105
561e8d956b8d90f61a003219,"Appodeal, Inc.",592de427767f3c8b76000b66,net.elvista.kozel/71957,$105
67d985067690520011429022,Playtika,67e5206353b90195ff34564b,Governor of Poker 3,$105
5efd8ef70165690015e8b224,Blackout Lab SL,626aa592dedbef86322ccc6d,Backgammon- iOS,$105
5ec6f4dbdae5f50015c2980b,PCA Bear LLC,68136bc8e2a5963c5d517a54,Universe Playground Games,$105
5f69aef134a76100158aa316,Hypercell Games,668f7b394d6765df32fecb50,Pin Out Master iOS,$105
5fc671cbba624b0015a61bf1,Saygames LTD,5f2f42907aae9f000162118b,Brain Wash,$105
59e4bb543f0fa9a20900afa3,TabTale LTD,63da3b19509d7b80d1073662,Drawing Carnival iOS_CL,$104
59e4bb543f0fa9a20900afa3,TabTale LTD,6286418e8e9a403c33424e17,Lunch Box Ready iOS_CL,$104
5c657afed9e6e60012bab5d9,gamestudiopsv@gmail.com,65ccc448d63f23ff92212581,com.mega_play_games.ocean.raft.shark.craft.survival_games.crafting.building.last_day.survive.fishing.hungry,$104
561e8d956b8d90f61a003219,"Appodeal, Inc.",65574c8fa74dd488186a34af,com.welg.bdelite/156074,$104
5fc671cbba624b0015a61bf1,Saygames LTD,62a99ca7c748ad0c4c909a74,My little things,$104
65e71ba517069f0011a36cfa,Rounds,67a347e8ef13facef7af38fa,Super Hearing,$104
6297c4bc012073001b3df035,Yandex Inc.,67d301e2f4a5404a6adba724,muhammad-azri-f-s_com-manhwaindo-manhwa_indo,$104
691b5a10eb3bf4c11bf9c948,Offroad Games Ltd,58e7ba958b78ba984b000383,fastlane,$104
561e8d956b8d90f61a003219,"Appodeal, Inc.",643a77bdb5bf3c7798346e62,com.FozerGames.VazCrashTest/745889,$104
62f2190969aa39001bb4b1fe,Take Top KZ,69b8d3badcfbd320997c84fa,Gladiator Simulator: Arena War,$104
59fb487bbe77065f5800afc3,Azur Games,5c76d470336b9e6020820ccf,Pick Me Up!,$103
5a9d60d3b1c1666c2e0056ba,Homa Games,6082ebcbb30550ae7e957a2b,Farm Land,$103
6512d2afa685240011970ef7,Sophun Games Limited,67f5a9ac0e7f5e954887538b,Holy Tiles,$103
5cda78f561a35300113a86ab,Moonee,63bbed2bd6f6cfc1667baad1,Magic Friends: Rainbow Hands,$103
59fb487bbe77065f5800afc3,Azur Games,61add6712dfb3aea047d3d0d,Mafia Sniper iOS,$103
5c657afed9e6e60012bab5d9,gamestudiopsv@gmail.com,65e7342ec399f8d0cd00f42b,com.uGames.RubikOn_V2,$103
65e71ba517069f0011a36cfa,Rounds,679b8ec4b7c0c84dcaf1d04d,My Daily Planner,$103
65e71ba517069f0011a36cfa,Rounds,680e17016b08d751835dbb07,Live Navigation,$102
561e8d956b8d90f61a002a2f,BoomBit Games Ltd,669646b97c1a56171ceefc09,Downhill Race League,$102
5bec0018c9af0a7962a96f4a,Rollic Games,6006791f9b6db37ec2f26499,High Heels,$102
60abbe0138d6920017b43190,Newry Global Media sl,68061e6c3ba83ec4f1d8151b,GPS273-01 - Translate All Languages,$102
56d55c72562b9c353800000d,Voodoo,62bf0a0373e8429ca7098705,Paper.io 4 IOS,$102
56d55c72562b9c353800000d,Voodoo,611a82d9b194b8e88d36aa30,Destiny Run - IOS,$102
5fc671cbba624b0015a61bf1,Saygames LTD,60a53e4343edb5a59cd12249,Star Art: Drawing & Relaxing,$102
654d14d41c83f70011ca7700,Hypemasters,654d154bd1c31fd96c3401c1,World War Armies (iOS),$102
65e71ba517069f0011a36cfa,Rounds,67b444a12363a440422ff1d2,Voice Changer,$101
561e8d976b8d90f61a00402a,Gameloft - Master Account,58bdba4eb9c34dc253000064,Gangstar New Orleans: Online Open World Game,$101
561e8d936b8d90f61a001096,MyGames MENA FZ LLC,5c054145d7989c0019cb1e5e,HAWK Android,$101
59fb487bbe77065f5800afc3,Azur Games,6762a686cf78518838249452,Pocket Tale,$101
65e71ba517069f0011a36cfa,Rounds,67b7336cdef9e46cb8d32045,Digital Alarm Clock,$101
59fb487bbe77065f5800afc3,Azur Games,62fc9b6eea87022e73093c96,Spot the Hidden Differences,$101
6297c4bc012073001b3df035,Yandex Inc.,69047083b2b884a38fc2d0dd,seamobi-dev-gmail-com_com-db-speedVPN,$101
561e8d936b8d90f61a001096,MyGames MENA FZ LLC,69f875b88c67ff57b8fe6822,Hunting Rivals,$101
65e71ba517069f0011a36cfa,Rounds,69ce4f7a3b78c17b94b7e72c,Video Wallpaper,$101
604a7ccb4f898b00151e2797,FunCraft,66bdfd51b5852a686fdb64a5,Yatzy Poker,$101
561e8d936b8d90f61a000e7b,ZeptoLab,5b166e36fb0e6d3326d01e11,CTR EX iOS - Supersonic,$101
59e4bb543f0fa9a20900afa3,TabTale LTD,5fc8c00cdc972c7f8752040b,DIY Makeup iOS_CL,$100
65e71ba517069f0011a36cfa,Rounds,67b6e29a2363a440422ffc97,Battery Repair,$100
56d55c72562b9c353800000d,Voodoo,69f8bd958c67ff57b8fe6e62,Into the Hole,$100
5c05196699e4374b87bda3b9,Tripledot Studios,60a4e1ffcf4957c21093d8f2,Spider Solitaire,$100
65e71ba517069f0011a36cfa,Rounds,67b5d4077077517f21dc0377,Unseen,$100
6255696ee4b70c001810bb39,JRustonApps,62556f6ce08e45baa32c0867,My Earthquake Alerts,$100
5c657afed9e6e60012bab5d9,gamestudiopsv@gmail.com,69ca3ce5a1176c00b1abfb7a,video.downloader.allinone.fastdownloader.ridea,$100
59fb487bbe77065f5800afc3,Azur Games,662cc6917911ea06b391ed5c,Slime Castle,$100
5fc618102e8dd2001579b65d,App Central ltd,6731ccd1913e67d2955d27c0,Sleepy Race Launcher,$99
5e3692d21cd3cb0018dd4329,SuperSonic Studios,651ed2690e8e377c60311e7d,Weapon Survivor,$99
5cda78f561a35300113a86ab,Moonee,6159a296687aa2b9a0b1091f,Balls and Ropes,$99
65e71ba517069f0011a36cfa,Rounds,687e1c5c5283df928d631c40,Ludo Boss GP,$99
5c05196699e4374b87bda3b9,Tripledot Studios,696899a573c0a231fff7295c,Puzsolitaire,$99
65e71ba517069f0011a36cfa,Rounds,67b5ecf9cf89a5b27bdd9835,Always On Amoled,$99
5e3692d21cd3cb0018dd4329,SuperSonic Studios,66213b52f1e8e70a3dcae672,Pick Me Up Idle,$99
5fc671cbba624b0015a61bf1,Saygames LTD,5f3f92ad54bcd50001173b8d,Swing Loops,$99
6267e053f2d4b90018ad84e4,Burny Games,69849b61a890edd2b56e8a5a,JigLive: Jigsaw Video Puzzle,$99
5fc618102e8dd2001579b65d,App Central ltd,686a2e246982b2d340c7897e,Coins Blast Launcher,$99
561e8d936b8d90f61a000e7b,ZeptoLab,620a5cd8ea7f01f38e5cfa4b,Overcrowded: Tycoon,$99
617916e8f3ef190017a83854,Digitalchemy,63aac58a9a2415749062f293,Currency Converter Old,$98
65e71ba517069f0011a36cfa,Rounds,67bdc05b658cf18e67f43a02,Decibel Meter,$98
561e8d956b8d90f61a0030cf,Ketchapp,59ef3b6b5eea3ba93e002bac,2048 Bricks,$98
5cda78f561a35300113a86ab,Moonee,63749ffe996ba17fed3dc493,Find the Alien 2,$98
59e4bb543f0fa9a20900afa3,TabTale LTD,658d82d85118aef8c27616f2,My Dream Hospital Google_CL,$98
65e71ba517069f0011a36cfa,Rounds,679b75bb9fe5d49d4b56dcea,Cloud Gallery,$98
59fb487bbe77065f5800afc3,Azur Games,66f541c3fab6f3fe1da3197c,Backpack Brawl,$98
5fc671cbba624b0015a61bf1,Saygames LTD,5d52cf1bb6fce15878938d91,Hoop Stars Android,$98
56d55c72562b9c353800000d,Voodoo,64ad854ec17dc32ff0937387,Airborne Attack ANDROID,$98
604a7ccb4f898b00151e2797,FunCraft,69a1e6c63630b752386ba266,Shut The Box,$97
5dcf09394f6eed0018145e58,Unico Studio LLC,693876ba0695a651fce9bd04,Nut Sort 3D,$97
61e93624cf7a710017932586,"Appgeneration, Lda",6970eec5d4ba143db90610fb,Karta GPS,$97
5fb510aa8072bf0015d8d59d,Tap2Play LLC,665f2601546a6ecbfaa57425,FLC_Fly Challenge,$97
5fc671cbba624b0015a61bf1,Saygames LTD,5e8dffebd5456300012b6e58,Rage Road,$97
561e8d956b8d90f61a003219,"Appodeal, Inc.",5b864cc2c563052f81ef767a,com.didenko.and.partners.durak/123616,$97
5c657afed9e6e60012bab5d9,gamestudiopsv@gmail.com,687f30cb5283df928d632536,1529595468,$97
561e8d936b8d90f61a00059f,Wooga,5464b1ee75458afd19000058,Pearl's Peril (iPad),$97
6093fd75b33a50001533d418,Goodgame Studios,61c20370a413a3338f738ed9,BitLife PT,$97
5c657afed9e6e60012bab5d9,gamestudiopsv@gmail.com,6615452cc0c070078a977b3a,ru.subprogram.guitarsongs.vint,$97
56d55c72562b9c353800000d,Voodoo,603fc26e0a2d0cb4c1db86d7,Dice Push,$97
59fb487bbe77065f5800afc3,Azur Games,6932f6dd912d75bb96417c0c,Tap Arrows Gallery,$97
561e8d926b8d90f61a00013e,Miniclip SA,63fe1c0f9aef4a208ca093b5,Mini Tennis Android,$97
59e4bb543f0fa9a20900afa3,TabTale LTD,62c56f0bbacc373b0ecb9566,Makeup Kit - Eyeshadows Google_CL,$97
56cb43391ba696884900000a,Ilyon Dynamics,5a27a60afbe5ba351e005f1e,freedom.bubble_a_904,$97
561e8d956b8d90f61a003219,"Appodeal, Inc.",67fde6a5d6a5719f4ffe3482,com.weaseldev.spiritchatrealghostdetector/767306,$97
59fb487bbe77065f5800afc3,Azur Games,62fa09b1e63162f329a51375,Sketch Art,$96
65e71ba517069f0011a36cfa,Rounds,679a1234b7c0c84dcaf1cbdd,Sticker Maker,$96
5eb3c48aa80eba00159907c3,Matchingham Games Limited,60be63fb14c9dd0ca0a97ca4,Judgement Day - iOS,$96
5fb510aa8072bf0015d8d59d,Tap2Play LLC,699429fdf11e780d9a307fce,APC_ANDROID_Angry Plane Challenge,$96
65e71ba517069f0011a36cfa,Rounds,67a0ae0ef372f630d3b76864,Music Cutter,$96
65e71ba517069f0011a36cfa,Rounds,679c8d82f372f630d3b75eb5,Photo Collage Maker,$96
5a9d60d3b1c1666c2e0056ba,Homa Games,64357bba25f2233100c0a9e4,Hole and Fill,$96
5d074f140fbc770017190dd2,RUBY OYUN VE YAZ. DAN. SAN. TIC. A.Ş.,636bb088ca94d7c415e40a98,MyTidyLife_AND,$96
59fb487bbe77065f5800afc3,Azur Games,60f6d90d6981007478ff0297,Train Simulator 2D,$96
65e71ba517069f0011a36cfa,Rounds,67ab17f0ef13facef7af5311,Antivirus,$96
561e8d976b8d90f61a00402a,Gameloft - Master Account,58bdba780b8603136f0001b3,Gangstar New Orleans: Online Open World Game,$96
561e8d956b8d90f61a0030cf,Ketchapp,55a3e8c99a7820e13a00007d,ZigZag,$96
5b84c65ca73f7a027c553f4a,Rewards Game,69a99298644cb24efdfc823f,Cozy Yarn Puzzle,$96
5fc671cbba624b0015a61bf1,Saygames LTD,60a5314a4f7049e868f8d2de,Airport Life 3D,$96
561e8d946b8d90f61a001509,Outfit7,56d6aa831e6c66c525000008,Talking Tom Cat for iPad,$95
6297c4bc012073001b3df035,Yandex Inc.,665f3a571c5137fed0edd96a,kyllep_org-qtproject-hexsudoku,$95
6666afb99ec3300011cdf91d,Appvestor ApS,66e8319a548cf7c84914bb26,Neon Infotech - Reminders - com.reminders.tasks,$95
561e8d956b8d90f61a003219,"Appodeal, Inc.",5b30ab691a20b6653713dfbb,com.carlovers.ladadrift/129633,$95
56d55c72562b9c353800000d,Voodoo,68b743821d0a44ad520d1b99,Brick Fight,$95
60abbe0138d6920017b43190,Newry Global Media sl,63a57e759a2415749062eb72,GPS190-01 - Dig Out! Gold Digger Adventure,$95
65e71ba517069f0011a36cfa,Rounds,67b5ce712363a440422ff83d,Perfect Guitar Tuner,$95
561e8d956b8d90f61a003219,"Appodeal, Inc.",685ebae0bf5cd99081f9173f,infinite.app/769276,$95
5c657afed9e6e60012bab5d9,gamestudiopsv@gmail.com,694a8574dd28ef10e371de30,asmr.cleaning.laplace,$95
56d55c72562b9c353800000d,Voodoo,620e578f99aa8d445c462e52,Balls go High - Android ANDROID,$95
5c3c9ba19f3cbd45d7dae29c,TapNation,645d23f656e1e36cd3f2d21b,Doll Dress Up IOS,$95
5e3692d21cd3cb0018dd4329,SuperSonic Studios,6399b1b2030b7706cffa276d,plane evolution,$95
5c657afed9e6e60012bab5d9,gamestudiopsv@gmail.com,66cd7cf0201bcd66029bb541,com.docs.reader.pdf.viewer.app,$95
5a9d60d3b1c1666c2e0056ba,Homa Games,668d2d303a75e04ec6cf1f7b,Dice vs Monsters,$94
561e8d956b8d90f61a0030cf,Ketchapp,63bd41f9b21daad2aa84e963,Horse Life,$94
59fb487bbe77065f5800afc3,Azur Games,69d50c185c9606f21f6670e6,Zombie Warriors,$94
65e71ba517069f0011a36cfa,Rounds,6890b5f2b474a91081b25ea2,Amharic keyboardd,$94
561e8d956b8d90f61a003219,"Appodeal, Inc.",6850f57cd1432abf305248bb,ru.codeluck.tiktok.downloader/769220,$94
5c657afed9e6e60012bab5d9,gamestudiopsv@gmail.com,690dcc590929373b23452cc0,com.alp.hovercraft,$94
57ab0b38c6ebd5c83300007e,Good Job Games (Azur),5e8e3bc95504f30001216a49,Touchdown Glory,$94
5fc671cbba624b0015a61bf1,Saygames LTD,6305f381b23e0a1b9fc9a007,Flexy Ring,$94
62f2190969aa39001bb4b1fe,Take Top KZ,659548b5254e343a3e720ab3,Dog Simulator,$94
5e3692d21cd3cb0018dd4329,SuperSonic Studios,652e86fb9ffc51eee92bb6bd,Gun Build N Run,$94
6512d2afa685240011970ef7,Sophun Games Limited,67f5aa159c3da54da056a5d2,Holy Tiles,$93
5a9d60d3b1c1666c2e0056ba,Homa Games,62b1b848be5d95f4a642a572,Zombie Defense,$93
6297c4bc012073001b3df035,Yandex Inc.,69f856b23d225f31f458a6d1,gilbertkirlinfnct-gmail-com_com-sensnet-app,$93
561e8d936b8d90f61a0011da,Tactile Entertainment,622efebdd6705668154f2f10,Bee Brilliant [Google Play],$93
57d1b461ae2b57d903000027,Easybrain Ltd,69ca63b427ccf417bf78be69,Water Sort Zen GP,$93
6666afb99ec3300011cdf91d,Appvestor ApS,67f4d0af9d7c18be38356068,SMS Robot - XVoice Lite - recorderpro.voicememos.audio.lite,$93
5fc671cbba624b0015a61bf1,Saygames LTD,6a184c06e4af78f417c3b04c,Color Tower,$93
59fb487bbe77065f5800afc3,Azur Games,5ec6513d1f7800415c594e38,Slingshot Wreck GP,$93
5dcf09394f6eed0018145e58,Unico Studio LLC,6363ce17a568156e29cdb961,Blast Friends iOS,$93
5c657afed9e6e60012bab5d9,gamestudiopsv@gmail.com,674dc41f048d0bcf922081b8,com.SQUAD102.DriveWorld,$93
561e8d956b8d90f61a003219,"Appodeal, Inc.",607174c122f5fa16bb067325,com.kawaii.craft.world/704087,$93
5a9d60d3b1c1666c2e0056ba,Homa Games,642e91e4c0a5160cbbf82971,Wild West Cowboy,$93
5a9d60d3b1c1666c2e0056ba,Homa Games,608967efb30550ae7e957fad,Farm Land 3D,$93
561e8d936b8d90f61a001260,MAG Interactive,58c678fdb9fa8fc13d00051c,WordBrain 2,$93
61e93624cf7a710017932586,"Appgeneration, Lda",65d766289a4122e9e0de9a68,Radio VE,$92
5fc671cbba624b0015a61bf1,Saygames LTD,693ff35fa5e39c9bec660674,Right Position,$92
65e71ba517069f0011a36cfa,Rounds,67a3677b9fe5d49d4b56f389,Cleaner and VPN,$92
59e4bb543f0fa9a20900afa3,TabTale LTD,62863ff592170db2088714f0,Lunch Box Ready Google_CL,$92
561e8d956b8d90f61a003219,"Appodeal, Inc.",6392541cd3fc3b1be0244282,com.DagArtGames_Roc/722785,$92
561e8d956b8d90f61a003219,"Appodeal, Inc.",5cf6ebdcd05d325400141a60,com.lemonsquad.simulatorbs/157183,$92
65e71ba517069f0011a36cfa,Rounds,67b6e374cf89a5b27bdd9c40,Video Compressor,$92
5bec0018c9af0a7962a96f4a,Rollic Games,63243d29cc2b365239042716,Softris,$92
5bec0018c9af0a7962a96f4a,Rollic Games,64538fc785742373a3e129ec,TwistedTangle,$92
62f2190969aa39001bb4b1fe,Take Top KZ,68429925c37f0030bec9beb7,Crash X Android,$91
59fb487bbe77065f5800afc3,Azur Games,636b5a4c9ed9aabd8b7365dd,Dead Raid: zombie shooter game,$91
5cc173c6d788b30012b2ff51,Loop Games A.S.,65cf280d27332d35a876a1e3,Block Match,$91
65e71ba517069f0011a36cfa,Rounds,69ce2c7b715ad1f70d6b63bb,Delete apps,$91
5a9d60d3b1c1666c2e0056ba,Homa Games,642d2660e0a2a9dd43591a37,Wild West Cowboy,$91
561e8d956b8d90f61a003219,"Appodeal, Inc.",64be96bb87a62f8001c6beaa,com.origionalblackwallpaper/725082,$91
5b84c65ca73f7a027c553f4a,Rewards Game,67381cae1401a1565e1b1d96,Screw Rush 3D,$91
5a53889945eaab512501251e,AddApptr GmbH,69ba7025d1024b492e90dff6,HLTVorg_HLTV_Android,$91
627b73f7023d420018e2f038,Chardonnay Partners LLC,6925bbb93b47a3d1a14a3c48,Word Solitaire: Associations Android,$91
561e8d956b8d90f61a003219,"Appodeal, Inc.",59ec278b604da1913e001102,com.merigotech.fillwords/86216,$91
5c657afed9e6e60012bab5d9,gamestudiopsv@gmail.com,676d81ea0b2f71906881bb06,6738053663,$91
65e71ba517069f0011a36cfa,Rounds,698de18624c0803546b0da80,Cloud Backup,$91
5c657afed9e6e60012bab5d9,gamestudiopsv@gmail.com,65a79cdaa5c8c578aac42c04,com.task.calendar,$91
5e3692d21cd3cb0018dd4329,SuperSonic Studios,64ae873b38325e04da4dc09a,Click To Life,$91
619b548fc9c9c1001796f1f6,Gimica GmbH,69cbf3f9bd6ab797e4db3509,Match 3D,$91
5e3692d21cd3cb0018dd4329,SuperSonic Studios,64da1361d4592a1f1c8069eb,Grabber,$90
606b29ab14eb890015bd2f01,WeeWoo Mobile,69f06cba0215adba99079fc9,Bible - IOS303-01,$90
561e8d936b8d90f61a001168,IsCool Entertainment,530f4a11073a48ca6a000041,Wordox,$90
5c657afed9e6e60012bab5d9,gamestudiopsv@gmail.com,65647d3aabfc44749627d84c,com.eg.horrortale,$90
6297c4bc012073001b3df035,Yandex Inc.,6a26bfe71aa91a42d50e5940,284123883-qq-com_com-kdgames-brainrottriplematch,$90
59fb487bbe77065f5800afc3,Azur Games,612f618787bdda52f995cdde,Mow My Lawn,$90
61e93624cf7a710017932586,"Appgeneration, Lda",655b9bd041519bc754227d3d,Radio HON,$90
561e8d936b8d90f61a0011da,Tactile Entertainment,622b5bef91084a7a20a703b7,Lily's Garden [Kindle],$90
5c657afed9e6e60012bab5d9,gamestudiopsv@gmail.com,69d4fe6e9d2d32b0f056aad7,com.maxdigitart.obby.cart.ride.sandbox,$90
5fc671cbba624b0015a61bf1,Saygames LTD,5dc2a72bd117775a30258312,Cannon Shot,$90
5c05196699e4374b87bda3b9,Tripledot Studios,6017ddb5f738ff7525d71968,Woodoku Amazon,$89
604a7ccb4f898b00151e2797,FunCraft,69a1e7c13630b752386ba271,Dice Tac Toe,$89
65e71ba517069f0011a36cfa,Rounds,687f4fa55283df928d63283f,Perfect Compass GP,$89
5bb6123fa4ae3604537ad781,Fugo Games,696fc43773c0a231fff78b49,Word Mosaic Android,$89
57ab0b38c6ebd5c83300007e,Good Job Games (Azur),5c07dc47c226ad7c3bd9106b,Color Bump 3D,$89
56d55c72562b9c353800000d,Voodoo,66d1e332fab730d41d849797,Modern Tower Defence,$89
5bec0018c9af0a7962a96f4a,Rollic Games,69a01acb48b310bec64a84e0,BlastLoop,$89
5c657afed9e6e60012bab5d9,gamestudiopsv@gmail.com,6618fd40d4cf07f390cebcf2,com.uGames.DrawItEasy,$89
561e8d966b8d90f61a00392d,WISE WAVE CORPORATION LIMITED,61f462fc2b83f372af5a58ea,Durak Online,$89
65e71ba517069f0011a36cfa,Rounds,67b72636def9e46cb8d31ffc,Text On Photo,$89
5c657afed9e6e60012bab5d9,gamestudiopsv@gmail.com,69eb37f4613dc5a5cd76c26f,6747663188,$89
5a53889945eaab512501251e,AddApptr GmbH,69fc2f26637148d12c1d15b8,DeliciousGlobal_TextraSMS_Android,$89
561e8d956b8d90f61a003219,"Appodeal, Inc.",5af43eb20bf9c14aa04b8410,com.morozov.saver/73636,$89
561e8d936b8d90f61a0011da,Tactile Entertainment,622efcfc248ab04f1da0d7be,Bee Brilliant [App Store],$89
6297c4bc012073001b3df035,Yandex Inc.,690db7730929373b23452b1c,strider369-yandex-ru_com-holden-radio,$89
5c05196699e4374b87bda3b9,Tripledot Studios,62a6f7a88f2a7d9f8ec58727,Woodoku Samsung,$88
5c3c9ba19f3cbd45d7dae29c,TapNation,5f9c568579a4680aa357679d,CornHole League,$88
5c657afed9e6e60012bab5d9,gamestudiopsv@gmail.com,678524e20ed7c46339aa49d4,com.vibrator.massage,$88
561e8d936b8d90f61a00146c,TabTale Ltd.,5bc85e7589418b305edae3e9,Dance School Stories iOS_TT,$88
561e8d956b8d90f61a003219,"Appodeal, Inc.",5d7f1e2124d85c67080125dc,com.planckgames.arrowword/163607,$88
5fe2fafd6013fb0015208652,GamoVation,696a5f1d73c0a231fff745ef,Jigsaw Match,$88
5c05196699e4374b87bda3b9,Tripledot Studios,67fce5dd44c424e920c0f5d5,Marble Mash - Android,$88
561e8d956b8d90f61a002a2f,BoomBit Games Ltd,66068957d4cf07f390cea475,Offroad Runner,$88
56d55c72562b9c353800000d,Voodoo,62bf0a535c7d074a7c25f638,Paper.io 4 ANDROID,$88
65e71ba517069f0011a36cfa,Rounds,694bdbd0de78228fcc07954c,Cute Wallpapers,$88
59fb487bbe77065f5800afc3,Azur Games,6740905314a0e4daa676ac7e,Railroad Empire IOS,$88
59fb487bbe77065f5800afc3,Azur Games,682c877b6883128549d0fe45,Modern Strike Online ios,$87
59fb487bbe77065f5800afc3,Azur Games,61b8995e5a8ff1de0d00e446,Metal Suit：Superhero Simulator,$87
59fb487bbe77065f5800afc3,Azur Games,5ecd38ed4526a145bb505ed4,Tower Craft - Idle Block Build,$87
5e3692d21cd3cb0018dd4329,SuperSonic Studios,6625472df1e8e70a3dcae680,Rockets Stack,$87
61e93624cf7a710017932586,"Appgeneration, Lda",655ba0516d563178776cbf58,Radio JAM,$87
561e8d926b8d90f61a00013e,Miniclip SA,664f02cdd8ed690a5fd5dad6,com.miniclip.grau1,$87
5ec6f4dbdae5f50015c2980b,PCA Bear LLC,643fb83561f3a0f1b433b3d4,N.E.X.T.B.O.T.S.,$87
5fc671cbba624b0015a61bf1,Saygames LTD,69524b5add28ef10e3724492,Jigmerge Solitaire,$87
65e71ba517069f0011a36cfa,Rounds,67b31fdc614e4f5986be2134,My Color Note,$87
59e4bb543f0fa9a20900afa3,TabTale LTD,5c0e693e84dd2d2ba09e73ef,Light-It Up Google_CL,$87
5cc173c6d788b30012b2ff51,Loop Games A.S.,67e57805b3b1c9bae6d6fd8d,Wood Out Color Jam,$87
6297c4bc012073001b3df035,Yandex Inc.,6a1835261d0ed78b10c1ca3e,houstontrevergbtv-gmail-com_com-eabanto-rosasconfrasesparadedicar,$87
5c6a96f373ca3d6bbe3fff38,AppQuantum,6980cba8e6f73fe2b583c968,Animal Valley,$87
59fb487bbe77065f5800afc3,Azur Games,62c6a0132ac616d8cf8ab70f,Human Flip,$87
5a6f56062c250d182f0056f3,Kwalee Ltd,6250150e43c8e304e0fb46b7,Perfect Coffee And,$87
56d55c72562b9c353800000d,Voodoo,617659dfecd34177c7089215,Flag Painters ios,$86
63d229657d9fc60014b1afdf,Paxie Games,69b02c754f9ec504f3655e14,Tap to Turn,$86
59fb487bbe77065f5800afc3,Azur Games,5f87fb395532f140f4b4f4bd,Match Pairs 3D: Matching Game,$86
561e8d926b8d90f61a00013e,Miniclip SA,602e8577bae4ff8259c2c48d,Sniper Strike,$86
56d55c72562b9c353800000d,Voodoo,6092c53fd7589e11585ca17d,Dig it!,$86
59baf14999eaaa880a002c38,LOOP GAMES SAS,59baf41b740aae7b0a00339e,Solitaire Android,$86
5fc671cbba624b0015a61bf1,Saygames LTD,692978b0f3aa3facf9dec473,Right Position,$86
5bec0018c9af0a7962a96f4a,Rollic Games,60f8101e6981007478ff03af,Text or Die,$86
56d55c72562b9c353800000d,Voodoo,634e8db6a674b43f65dd05bb,Ball Up!,$86
5bec0018c9af0a7962a96f4a,Rollic Games,612e3d6b306a3eac53748a7f,Money Rush,$86
6297c4bc012073001b3df035,Yandex Inc.,69144f283811dec416c34a72,develop-fast_com-baliuapps-superapp,$85
561e8d936b8d90f61a001096,MyGames MENA FZ LLC,6196577f45528689508feeb6,Storyngton Hall,$85
5a9d60d3b1c1666c2e0056ba,Homa Games,64c77577beec0a16719b9520,Rescue Cop,$85
5bb6123fa4ae3604537ad781,Fugo Games,696fc4389557abdc3c8d48a3,Word Mosaic İOS,$85
5d074f140fbc770017190dd2,RUBY OYUN VE YAZ. DAN. SAN. TIC. A.Ş.,623c1122c6b32d09cb377003,TapOnTime_iOS,$85
62f2190969aa39001bb4b1fe,Take Top KZ,682c4ceb1cd2863ca808a057,Sand Miner: Idle Mining Game,$85
5c05196699e4374b87bda3b9,Tripledot Studios,60a4e1f1cf4957c21093d8ed,Spider Solitaire,$85
65e71ba517069f0011a36cfa,Rounds,6879781928d514326f543d79,HIIT & Tabata ioS,$85
617916e8f3ef190017a83854,Digitalchemy,64a82f72831ce850a7064818,Block Puzzle Android,$85
561e8d956b8d90f61a003219,"Appodeal, Inc.",5a9d24a38ac1c0bd7100cec5,com.creaturecorp.supermarketcashier.ios/93266,$85
56d55c72562b9c353800000d,Voodoo,6436d49625f2233100c0ac79,Twin Tennis IOS,$85
561e8d956b8d90f61a003069,IdeaSolutions S.r.l.,638492b783ddc42e5b36a61b,Total Android,$85
65e71ba517069f0011a36cfa,Rounds,69aab3440906009791981493,Authenticator 1,$85
65e71ba517069f0011a36cfa,Rounds,67ea9937b3b1c9bae6d70f4e,Automatic Scroll,$85
65e71ba517069f0011a36cfa,Rounds,67b883a02363a44042300463,Step Counter Walking,$84
5c05196699e4374b87bda3b9,Tripledot Studios,6863607b907b5ac07ee5c54f,Cryptogram,$84
561e8d956b8d90f61a003219,"Appodeal, Inc.",5a81862f230f3ca03e002eb1,com.mingle.dateinasia/100086,$84
561e8d956b8d90f61a0030cf,Ketchapp,62dec1710292f74d5c091aeb,Horse Life,$84
5bb6123fa4ae3604537ad781,Fugo Games,6697cefe30f0637f5c7d1e1b,Bloxie iOS,$84
5cc173c6d788b30012b2ff51,Loop Games A.S.,68bec7ca9dc29aad6ea1f80c,Color Stack Shot,$84
5cc173c6d788b30012b2ff51,Loop Games A.S.,68bea17f06f90247f50735cb,Octo Crush,$84
6297c4bc012073001b3df035,Yandex Inc.,69fb9b8e637148d12c1d096c,gilbertkirlinfnct-gmail-com_com-sensnet-bullitt-app,$84
561e8d956b8d90f61a003219,"Appodeal, Inc.",671126197bccdeafa20f781f,com.period-tracker.lifeplus/763124,$84
561e8d926b8d90f61a00013e,Miniclip SA,5be2ba56c5da177974d00d8e,Flip Skater,$84
5fc671cbba624b0015a61bf1,Saygames LTD,69c655550858269bd1fffb72,Idle Space Ship Crafting,$83
5fc671cbba624b0015a61bf1,Saygames LTD,612519cc20c80191f133ce0a,DNA Evolution iOS,$83
65e71ba517069f0011a36cfa,Rounds,67b5ec01cf89a5b27bdd982d,Video Downloader,$83
65e71ba517069f0011a36cfa,Rounds,69b55b3b706d591163183a5f,Mapway New York,$83
59fb487bbe77065f5800afc3,Azur Games,615d898860e753903720ae44,Spot the Hidden Differencies,$83
65e71ba517069f0011a36cfa,Rounds,67bca120fb32c9bf51ceebdc,Metal Finder,$83
56d55c72562b9c353800000d,Voodoo,63a191fa7db57aa56110b4b6,Water Power ANDROID,$82
5f69aef134a76100158aa316,Hypercell Games,6229a54b3dc557500abd7b73,Garden Balls - android,$82
61e93624cf7a710017932586,"Appgeneration, Lda",65d7665827332d35a876bac6,Radio TW,$82
5bec0018c9af0a7962a96f4a,Rollic Games,5c5319d3f76eec001183ff71,Onnect-drd,$82
65e71ba517069f0011a36cfa,Rounds,679b38b5ac670fb86b086469,Simple Music,$82
6297c4bc012073001b3df035,Yandex Inc.,69e1db43926727396f96e3e1,yandex_haidiqin3-gmail-com_com-kagames-idletennisclub,$82
61e93624cf7a710017932586,"Appgeneration, Lda",65d75f84f31d94e5290f9cf2,Radio Arabic,$82
65e71ba517069f0011a36cfa,Rounds,67b472b2e9c06c560856aa01,Speaker Cleaner V,$82
561e8d956b8d90f61a003219,"Appodeal, Inc.",6904a6451aa648b92181c9dc,com.hamza.doplay/739341,$82
6297c4bc012073001b3df035,Yandex Inc.,69c15d9ee531577ee33d237b,andrewmartinez7043@gmail-com_com-galleryvault,$82
64a6b4fdcca9af0011fc86b7,Vira Games Inc,664de0a9e0cbed6459a1dc50,Good Sorting Game: Quick Match,$82
56d55c72562b9c353800000d,Voodoo,5b8d3a0544e0e73e3bec981a,Knock Balls!,$82
65e71ba517069f0011a36cfa,Rounds,67af18a8099d7cdb34172923,Document Reader,$81
561e8d956b8d90f61a002a2f,BoomBit Games Ltd,6620f40d345a6dc6b1a38bd4,Train Delivery Simulator,$81
561e8d936b8d90f61a00059f,Wooga,533af53d7ae764f217000076,Jelly Splash iOS,$81
5c657afed9e6e60012bab5d9,gamestudiopsv@gmail.com,69e8bc11b1e4be9ed98890a8,com.mystic.cricket.update.live,$81
65e71ba517069f0011a36cfa,Rounds,681c7e54e2a5963c5d51c4b9,Glow Cam,$81
63d229657d9fc60014b1afdf,Paxie Games,68c824101bac84ed6e10bc2e,Party Project,$81
64075f57d6da1900141e5aba,Code Dish GmbH,614ad93387523008ff5cf192,Colorswipe-iOS,$81
5fc671cbba624b0015a61bf1,Saygames LTD,5ed0f7ac74d4870001e1f412,Desert Riders,$81
5c657afed9e6e60012bab5d9,gamestudiopsv@gmail.com,6859153e53ef1303f912ccea,com.AlexKosDev.lethal.company.mobile,$81
5eb3c48aa80eba00159907c3,Matchingham Games Limited,668d31f43a2fe58e1516b2a2,Emoji Story_iOS,$81
5bec0018c9af0a7962a96f4a,Rollic Games,691b22bef3cd41299fea4787,Scavenger Hunt,$81
5f69aef134a76100158aa316,Hypercell Games,68065f11c2d810cdad0ef43d,Word Bridges Android,$80
5bec0018c9af0a7962a96f4a,Rollic Games,68ad93929fec72d10e3f0d8d,Tangled Snakes,$80
5dcf09394f6eed0018145e58,Unico Studio LLC,68e548775f81a96145dc61de,Hole Pool iOS,$80
5fc618102e8dd2001579b65d,App Central ltd,670f89037bccdeafa20f7222,Flash Fists Launcher Plus,$80
5c657afed9e6e60012bab5d9,gamestudiopsv@gmail.com,67ecf1592e7255c1e5c45d63,car.race.descent.crash.simulator.drive,$80
561e8d956b8d90f61a003219,"Appodeal, Inc.",66432484a8dc2aebddb7ac4d,com.relaxplayers.appplayer/728902,$80
56d55c72562b9c353800000d,Voodoo,5e306c6455c1c23edbbcb7fe,Spiral Roll,$80
59e4bb543f0fa9a20900afa3,TabTale LTD,620398ef0b6dd752967c82c4,DIY Joystick iOS_CL,$80
5fc671cbba624b0015a61bf1,Saygames LTD,5d56befc4fd1ba4e769e6647,Battle Disc Android,$80
619b548fc9c9c1001796f1f6,Gimica GmbH,68dbdfc7a82bb01e54ab14ef,com.gimica.aeroescape,$80
56cb43391ba696884900000a,Ilyon Dynamics,644e4b2154667c27902b5ce3,com.ilyon.tiles_a_1611,$80
561e8d936b8d90f61a001168,IsCool Entertainment,6929ba3fb88dcb4daa969342,Scopa,$80
6093fd75b33a50001533d418,Goodgame Studios,61c20471195febbb7a20e92f,BitLife PT,$80
5e3692d21cd3cb0018dd4329,SuperSonic Studios,659acc75793700c63608c260,Gossip Master,$80
65e71ba517069f0011a36cfa,Rounds,67ab3e51b7c0c84dcaf201e6,Gps Photo,$80
59e4bb543f0fa9a20900afa3,TabTale LTD,666c1ad1deebcbf4e4a07f5a,Pocket Bots iOS_CL,$80
561e8d956b8d90f61a003219,"Appodeal, Inc.",6970cbcf73c0a231fff79ce2,net.astrangestudio.inlove/775734,$80
5fc671cbba624b0015a61bf1,Saygames LTD,611bc2ed350eb6e37c140c03,DOP 3: Displace One Part,$80
66b9be9902ae2000118d10c8,Holy Water Limited,67d0c024043308f88f90e770,com.freebits - ios,$80
5a53889945eaab512501251e,AddApptr GmbH,66715ab75a1052310022b6e7,LiteGames_Othello_iOS,$80
627b73f7023d420018e2f038,Chardonnay Partners LLC,63c0320c6e036d37c2fcca8a,Yatzy iOS,$80
5dcf09394f6eed0018145e58,Unico Studio LLC,61ae3568a837f36b52ff6e64,Sqube Darkness iOS,$80
5c657afed9e6e60012bab5d9,gamestudiopsv@gmail.com,62946c77ed32323108e668c8,100 Doors Challenge,$79
56cb43391ba696884900000a,Ilyon Dynamics,5a79cc16998b3c4c71005377,bubbles.offline_a_1006,$79
561e8d976b8d90f61a003e29,Vizor Apps Ltd,5e85bf962e5aa50001559089,Atlantis GP,$79
5c657afed9e6e60012bab5d9,gamestudiopsv@gmail.com,69d7a4caaa2957ce6f409473,6760393530,$79
64803209bfd9aa0011593484,Bluetile Games,64a41d08831ce850a706429a,2248 - Number Link Puzzle Game,$79
561e8d956b8d90f61a003219,"Appodeal, Inc.",676255dc364caaf5ba12ddc4,com.storysaver.saveig/763507,$79
5bec0018c9af0a7962a96f4a,Rollic Games,65d359acd63f23ff92213a2d,RapidReload,$79
561e8d956b8d90f61a003219,"Appodeal, Inc.",631a4ac2b600daf4b1489528,net.astrangestudio.between-us/720807,$79
59fb487bbe77065f5800afc3,Azur Games,5f22ab17f5e81000013c5283,Tricky Castle,$79
5a9d60d3b1c1666c2e0056ba,Homa Games,65561c008ec95628af4f1bf0,Butcher's Ranch,$79
561e8d956b8d90f61a003219,"Appodeal, Inc.",65e1cabb36b2302f00bd7847,com.FallonightCorporation.CaseSimulator/757292,$79
5c657afed9e6e60012bab5d9,gamestudiopsv@gmail.com,695b79ee96e85e768a569313,com.desingsapps.katswallp,$79
56d55c72562b9c353800000d,Voodoo,68e547835f81a96145dc61b9,Solitaire - Win Cash,$79
676405dff3fa5d00114fee22,Opera Software Ireland,676d04500b2f71906881b8f5,OFA with AI beta,$79
647064a3001eb40011826210,Zuuks Games,651e5b3ed38855ef54ab06b4,Truck Simulator : Europe,$79
61e93624cf7a710017932586,"Appgeneration, Lda",65d76e247ec96f667da83b19,Radio KY,$79
5c657afed9e6e60012bab5d9,gamestudiopsv@gmail.com,637b3eeb02b9814258a6f7e3,com.FailGames.RoyalCarDestroy,$79
5c657afed9e6e60012bab5d9,gamestudiopsv@gmail.com,69c11cfafc715c15d6ae69e5,com.heahtorignapp.connec,$79
5fc671cbba624b0015a61bf1,Saygames LTD,68357a216883128549d1541a,Sticky Saga,$78
59e4bb543f0fa9a20900afa3,TabTale LTD,625406370990eed8408ca75f,The President Google_CL,$78
65e71ba517069f0011a36cfa,Rounds,67e41a25c10b83f487d4cc62,Pashto Keyboard,$78
65e71ba517069f0011a36cfa,Rounds,68c9715a47baffd702db139e,Launcher Os,$78
561e8d956b8d90f61a002a2f,BoomBit Games Ltd,681a099de2a5963c5d51aa97,Big Helmets: Heroes of Destiny,$78
56d55c72562b9c353800000d,Voodoo,5dadc957d8c00c2878becbad,Pokey Balls iOS,$78
59fb487bbe77065f5800afc3,Azur Games,6253f66dd6d9787cd820cd2b,Clawbuilder,$78
61e93624cf7a710017932586,"Appgeneration, Lda",65d775f625cdf63cf9a2d74b,Radio DK,$78
61e93624cf7a710017932586,"Appgeneration, Lda",65d76e627f94e82ba925ecb7,Radio GHA,$78
5fc671cbba624b0015a61bf1,Saygames LTD,5d41a89b7335d502210a1632,House Paint,$78
561e8d956b8d90f61a003219,"Appodeal, Inc.",5cb0881ee04ca66a2d4bce6b,com.tlsvpn.tlstunnel/154508,$77
65e71ba517069f0011a36cfa,Rounds,67b331381be9345ad1819b53,Speaker Cleaner,$77
561e8d956b8d90f61a0030cf,Ketchapp,686ce51538a354d88e4ccc57,IdleConstruction3D,$77
65e71ba517069f0011a36cfa,Rounds,68a8418ebf529294e179e5d0,Ai Voice Chat Bot,$77
5c657afed9e6e60012bab5d9,gamestudiopsv@gmail.com,65e1d95b7855ae2db3527308,com.rainbowgames.solitaire2018,$77
66e545690f05bd0011e185b8,JEDY APPS TECHNOLOGY LTD,6995ea28422f11044497fd43,X Video Download,$77
6297c4bc012073001b3df035,Yandex Inc.,69dfb191f6b0466af0bc6698,lkxx1314520_gmail-com_com-kaigames-swimringsort,$77
56d55c72562b9c353800000d,Voodoo,635aa949050343f5b5ffcb3b,GRO ANDROID,$77
56d55c72562b9c353800000d,Voodoo,5dc416cf32f09100192d7893,2048 Balls 3D,$77
5bec0018c9af0a7962a96f4a,Rollic Games,699fff1e48b310bec64a81a3,CookSorting,$77
561e8d926b8d90f61a00013e,Miniclip SA,61f7b49d52d68922878ce45c,Volleyball Arena iOS,$77
59fb487bbe77065f5800afc3,Azur Games,60ba0eb323493cffae4f1503,Snake Arena 3D: Battle Rivals,$77
57d1b461ae2b57d903000027,Easybrain Ltd,5df78da437b4850018991339,Easy Game IOS,$77
5fc671cbba624b0015a61bf1,Saygames LTD,65e1c8177855ae2db35272af,Jess 2 GP,$77
6297c4bc012073001b3df035,Yandex Inc.,69cfa2fa29183204e326ee98,lkxx1314520-gmail-com_com-kaigames-whichdoor,$77
561e8d956b8d90f61a003219,"Appodeal, Inc.",67d11363ccc198741455146b,birapp.dark.web/766527,$76
56d55c72562b9c353800000d,Voodoo,5cf92f6163f6095406514102,Flip Dunk,$76
56d55c72562b9c353800000d,Voodoo,6182c42d56f63f6d301a9bd7,Slap And Run,$76
5e3692d21cd3cb0018dd4329,SuperSonic Studios,5fcf64fedb28f41d35ff296e,Stacky Dash,$76
5c657afed9e6e60012bab5d9,gamestudiopsv@gmail.com,69a6aec9a5541394545160c9,6758084126,$76
561e8d936b8d90f61a00136a,MWM,5dfb4fa908fb1400170d0115,Tuner [Android],$76
59fb487bbe77065f5800afc3,Azur Games,619e4dcc552b41fa98dbcbdf,Mafia Sniper,$76
56d55c72562b9c353800000d,Voodoo,60ae03471d4cdcc16bd50c75,DOGECOIN wow,$76
5ab5070d69e58f7fca39bfe6,Green Panda Games,6405da3a2d0c4d3811dfd38a,Airplane,$76
65e71ba517069f0011a36cfa,Rounds,679a43025c0575584f32356d,REC,$76
56d55c72562b9c353800000d,Voodoo,604bb763006e2ed0ba2d6b04,Slice It All!,$76
6666afb99ec3300011cdf91d,Appvestor ApS,68de5f965f81a96145dc1c6b,Invica - Voice recorder -com.dreamcups.voicerecorder,$76
5a6f56062c250d182f0056f3,Kwalee Ltd,5ed4ffff7e695300019b7003,Line Up,$76
561e8d956b8d90f61a003219,"Appodeal, Inc.",68beb5fb06f90247f50736c3,com.welg.wc2/770149,$76
5fc671cbba624b0015a61bf1,Saygames LTD,5d52d8f25de3ac5861a9defd,Perfect Slices iOS,$76
65e71ba517069f0011a36cfa,Rounds,68dfc0305f81a96145dc2b34,My Device Settings,$76
56d55c72562b9c353800000d,Voodoo,654e18572b64ef34d3bcd3e6,Domino Go - Online Boa ANDROID,$76
5c657afed9e6e60012bab5d9,gamestudiopsv@gmail.com,69fb2d3c7e1f4431ec73d957,6762361917,$76
63d229657d9fc60014b1afdf,Paxie Games,69b18617c994694c746918fa,Pet Trouble,$76
59fb487bbe77065f5800afc3,Azur Games,64955013cd4b24913c61c709,Color Invaders,$76
5c657afed9e6e60012bab5d9,gamestudiopsv@gmail.com,69f9fb533d225f31f458c494,1573402226,$76
5c657afed9e6e60012bab5d9,gamestudiopsv@gmail.com,69ce7deea798eff19e776494,com.threehundprojemistak,$76
61e93624cf7a710017932586,"Appgeneration, Lda",6650544e474c9b6312df56f9,Radio Austria,$76
561e8d976b8d90f61a00402a,Gameloft - Master Account,587ce19f9d4d19102000049b,Disney Magic Kingdom,$75
60240068eca1f300150d7e56,BoomHits Sp. z o.o.,614dd1b61c571b74857cbf15,Hyper Touchdown,$75
561e8d926b8d90f61a00013e,Miniclip SA,63cac348eff3969122ab28db,Mini Basketball,$75
6297c4bc012073001b3df035,Yandex Inc.,6a0ae8b757c726cd28aef71e,liuke19931003-gmail-com_com-flowpuzzle-pipelinkcolorflow,$75
5c657afed9e6e60012bab5d9,gamestudiopsv@gmail.com,6357f193e5f0bb6a9f6225a2,com.studionum43.drift_hunters_car_tuning,$75
56d55c72562b9c353800000d,Voodoo,66d0aa59f6f704a761ecf602,Modern Tower Defense,$75
561e8d956b8d90f61a003219,"Appodeal, Inc.",64a5b2d0847c940a560e4fa6,com.simplicity.czolko/748943,$75
5a6f56062c250d182f0056f3,Kwalee Ltd,64ba86b8778b54b1d1bb145a,Text & Fly,$75
65e71ba517069f0011a36cfa,Rounds,67b6f398e9c06c560856b50b,Lyric Notepad,$75
561e8d956b8d90f61a003219,"Appodeal, Inc.",6913e59c3811dec416c341b7,com.read.novel.app.free.adb/773081,$75
65e71ba517069f0011a36cfa,Rounds,69db70babd4c32c7f9b43625,Speak Translate,$75
5e3692d21cd3cb0018dd4329,SuperSonic Studios,67e56832d784b2841dca1be3,Kingdom Life!,$75
6297c4bc012073001b3df035,Yandex Inc.,69cfbb11ab168790225a3f05,lkxx1314520-gmail-com_com-kgames-flowerdressrun,$75
5c657afed9e6e60012bab5d9,gamestudiopsv@gmail.com,6513e5df5551fd9849db8f13,com.yobzh.tarot,$75
6297c4bc012073001b3df035,Yandex Inc.,632c86360948b4fcc6b4869e,dnk-studio-games_sk.cards.comcom,$75
561e8d956b8d90f61a003219,"Appodeal, Inc.",61c14e479ca9dc11e289f23e,com.randohot.randohot/715576,$74
561e8d976b8d90f61a004288,Panteon Software,602f5a7e769ccc3d825f39a6,Sling Plane,$74
561e8d936b8d90f61a001096,MyGames MENA FZ LLC,698523b7e6f73fe2b58412c9,Tacticool,$74
6297c4bc012073001b3df035,Yandex Inc.,68caa639d63f84f5a18f2866,t5555559_ com-starkom-DriftLegends2,$74
561e8d956b8d90f61a003219,"Appodeal, Inc.",68f8df0d92e9fc5c74b18938,com.solitaire.klondike.smart/773569,$74
56d55c72562b9c353800000d,Voodoo,69ce4d2ca798eff19e776160,Snacky Dash,$74
59fb487bbe77065f5800afc3,Azur Games,6137a1a3a8f92e3533c15f7a,Which Wheel iOS,$74
5c6a96f373ca3d6bbe3fff38,AppQuantum,5e5e7992d82b9200187a923d,Idle Farmer,$74
5e3692d21cd3cb0018dd4329,SuperSonic Studios,63b545a11d9d4e9cae1c893a,Traffic Jam Fever,$74
5a9d60d3b1c1666c2e0056ba,Homa Games,6582dc62356fbd1f45ff7702,The Spider Nest,$74
5a9d60d3b1c1666c2e0056ba,Homa Games,67374714913e67d2955d3ca7,Gas Station Simulator Tycoon,$74
561e8d956b8d90f61a0030cf,Ketchapp,65a156ce3133fb3ba24a424b,MonsterChase,$74
5b5ec3e8337f272131edc824,MadBox,5f7728d301cdd343da6e5fdd,Idle Ants,$74
561e8d976b8d90f61a003bab,Estoty LLC,67c6c806032b3141b56933fe,Age of Sails,$74
6297c4bc012073001b3df035,Yandex Inc.,673f3bb6711ce4c5756bdb9e,username153_skins,$74
6297c4bc012073001b3df035,Yandex Inc.,69d818b4aa2957ce6f409b28,lkxx1314520_gmail-com_com_kaigames_massagesortmaster,$74
561e8d956b8d90f61a003219,"Appodeal, Inc.",66cf16ac33c4621052589f27,com.CabinaGames.ToiletFight/761997,$74
5cda78f561a35300113a86ab,Moonee,688145e528d514326f547802,Slinky Sort 3D,$74
65e71ba517069f0011a36cfa,Rounds,694a7398de78228fcc07809e,Field Area Measure,$73
56d55c72562b9c353800000d,Voodoo,6363eeefb57d70ab5c2e5e92,Dig This 2,$73
5eb3c48aa80eba00159907c3,Matchingham Games Limited,5f29cfef6694ec0001782a91,Braindom 2 - android,$73
56d55c72562b9c353800000d,Voodoo,681f575d19277aad59f20599,Hex Warriors,$73
59e4bb543f0fa9a20900afa3,TabTale LTD,62039c8458ef343607a31446,DIY Joystick Google_CL,$73
5c3c9ba19f3cbd45d7dae29c,TapNation,65203290d38855ef54ab0972,Dino Run,$73
65e71ba517069f0011a36cfa,Rounds,67a4bb70c1d0e427bfd0300d,Beauty Editor App,$73
60abbe0138d6920017b43190,Newry Global Media sl,6695193b3a2fe58e1516c9a3,IOS231-01 - Couple Game: Relationship Quiz,$73
59fb487bbe77065f5800afc3,Azur Games,5d11230cc318ea0011fcf42e,Line Color,$73
604a7ccb4f898b00151e2797,FunCraft,69b73401706d5911631856ca,CrossGrams,$73
561e8d956b8d90f61a003219,"Appodeal, Inc.",613e4470b3a2335035a51a2f,br.com.music.wlisten2.app/713504,$73
5c657afed9e6e60012bab5d9,gamestudiopsv@gmail.com,67cffde1475d5c0fa57048e1,6654888342,$73
5a9d60d3b1c1666c2e0056ba,Homa Games,65ef17d8e2703b0ee7fb2527,Conveyor Rush,$73
561e8d976b8d90f61a004288,Panteon Software,5cc191378bb9bf00111325d4,Ball Brawl 3D Andorid,$73
59ff73a9eb02606d5200174f,Heatherglade,6638bc77eb138087031cccd5,Rich Guy,$73
65e71ba517069f0011a36cfa,Rounds,68b026d589d8d99bf5d63a9a,Video Size Reducer,$73
5a53889945eaab512501251e,AddApptr GmbH,67bf1245b5a7d2bd8485c840,KvadGroup_Posters_Android,$73
5a6f56062c250d182f0056f3,Kwalee Ltd,5ce6cb85a57f7f00182ea0d7,Rocket Sky!,$73
5fc671cbba624b0015a61bf1,Saygames LTD,60d1d1df8132e4d489800d20,Fun Balls,$73
561e8d956b8d90f61a003219,"Appodeal, Inc.",574942a28bbc04b01e0000c1,it.spaghettiinteractive.briscolapiu/29437,$73
65e71ba517069f0011a36cfa,Rounds,677d3991d85b8663adee0b4d,Lyrebird Editor,$73
5c657afed9e6e60012bab5d9,gamestudiopsv@gmail.com,69cfc76b09074b5e87323b2c,com.artech.horror,$73
561e8d936b8d90f61a000da4,XIMAD Inc.,69972bb3d9c7f67dfa94a4bc,Spades Android,$73
561e8d976b8d90f61a004288,Panteon Software,6102bba2962bd01bd591cb9e,100 Mystery Buttons,$72
6297c4bc012073001b3df035,Yandex Inc.,6911a26c7a6256df52b956c9,rikimandynicholas-gmail-com_com-appsfabrica-oneweekdiet,$72
6297c4bc012073001b3df035,Yandex Inc.,66fd08cdebba7eba60423eb6,Playhop Games,$72
5c657afed9e6e60012bab5d9,gamestudiopsv@gmail.com,654cb3578ec95628af4f04db,com.eg.deathpark2,$72
5c3c9ba19f3cbd45d7dae29c,TapNation,5fe1249c60ef0fc40a9c68b2,Giant Rush,$72
56d55c72562b9c353800000d,Voodoo,614af9f5b183f5bd282e24c0,Moon Pioneer,$72
63d229657d9fc60014b1afdf,Paxie Games,69b02c2a987039d6bdff2b82,Twisted Paths,$72
561e8d936b8d90f61a00059f,Wooga,5c77defe3a655a5383d573db,Pearl's Peril (iPhone),$72
56d55c72562b9c353800000d,Voodoo,6565c45cc6face8457566cc0,Rage Swarm ANDROID,$72
5c657afed9e6e60012bab5d9,gamestudiopsv@gmail.com,66913db24d981e89bb8b21e7,com.jamalmagomedov.FPVKamikazeDrone,$72
561e8d956b8d90f61a003219,"Appodeal, Inc.",5a6d8b070a7db96571002f10,com.BeerMoneyGames.Demolition2/100461,$72
60abbe0138d6920017b43190,Newry Global Media sl,653783fd118859f0d4d6a9c8,GPS212-01 - Arm Wrestling,$72
64075f57d6da1900141e5aba,Code Dish GmbH,6283471af75edb4a13dfd9cb,Find the Difference,$72
561e8d956b8d90f61a003219,"Appodeal, Inc.",64be996387a62f8001c6bed8,com.vitvov.profit/730040,$72
5a9d60d3b1c1666c2e0056ba,Homa Games,666ab3bfdeebcbf4e4a07b05,Dice vs Monsters,$72
5c657afed9e6e60012bab5d9,gamestudiopsv@gmail.com,665eb7b3546a6ecbfaa571cb,com.cup.street.crime.city.gangster,$72
5c657afed9e6e60012bab5d9,gamestudiopsv@gmail.com,65a6adeda5c8c578aac427bf,kjv.bible.with.apocrypha,$71
6155ad11120d4a0017386a18,Agave Games,699c24b7502bf17c88448a23,Soda Match,$71
606b29ab14eb890015bd2f01,WeeWoo Mobile,6114f4a41b37ad936b8b6a1a,GPS041-01 - Formula Car Racing Stunts Ramp,$71
561e8d936b8d90f61a001168,IsCool Entertainment,63e2547abb298193f7832c4e,Word Search 2,$71
561e8d956b8d90f61a003219,"Appodeal, Inc.",68b87c27a509f9a0377480f5,developers.nicotom.nt26/772337,$71
5dcf09394f6eed0018145e58,Unico Studio LLC,630c73b9668a43f7a7aaae42,Color Sorting Android,$71
6297c4bc012073001b3df035,Yandex Inc.,69f30c858c67ff57b8fe06de,melvinmedawk5m-gmail-com_com-MalgerGames-TripeaksSolitaire,$71
63d229657d9fc60014b1afdf,Paxie Games,68c8244053bce7d71abdd962,Party Project,$71
59fb487bbe77065f5800afc3,Azur Games,5e416fe68743313e1c784556,Taxi Run iOS,$71
561e8d956b8d90f61a003219,"Appodeal, Inc.",617c276a923e5576fb079fa6,com.BattleLab.BuildNowGG/716697,$71
6297c4bc012073001b3df035,Yandex Inc.,68ee14389797ab8c2943cdd3,mr-ra1ph1_cct-clever-courageous-treasure,$71
66e545690f05bd0011e185b8,JEDY APPS TECHNOLOGY LTD,671e188970f15768ffba11ba,Secret Codes,$71
561e8d956b8d90f61a003219,"Appodeal, Inc.",6326311f29aa2a539e824975,com.ForeSightGaming.MyFavoriteCar/737145,$71
561e8d936b8d90f61a00146c,TabTale Ltd.,58f9bbbd477a4c6a6600012e,Dance Clash iOS_TT,$71
5c3c9ba19f3cbd45d7dae29c,TapNation,65d7268af31d94e5290f9c13,Wordling,$71
65e71ba517069f0011a36cfa,Rounds,67ab333b5c0575584f326847,Calendar,$71
5a9d60d3b1c1666c2e0056ba,Homa Games,667eb8ca6204497f762a88b9,Kingland,$70
5fc671cbba624b0015a61bf1,Saygames LTD,63a190c04f9ac02751000d47,CPI - Connect Puzzle Image,$70
561e8d956b8d90f61a003219,"Appodeal, Inc.",5ac370b245cbcd72b7b955b5,com.mingle.EuropianMingle/103880,$70
56d55c72562b9c353800000d,Voodoo,60898ed77a070a4190353f3a,Couples Yoga,$70
6297c4bc012073001b3df035,Yandex Inc.,661528abc5f237ebf7b4bd12,birds-avs_birdsdurak,$70
5e3692d21cd3cb0018dd4329,SuperSonic Studios,616e6e703bb74c1d980f08ae,Hit perfect,$70
59e4bb543f0fa9a20900afa3,TabTale LTD,61b748b255c483ee234daee5,Frozen Honey iOS_CL,$70
56d55c72562b9c353800000d,Voodoo,5c62f8ab4e07fc61a39e6629,Roller Splat! iOS,$70
5bec0018c9af0a7962a96f4a,Rollic Games,69cd323b8a916d2a31157d7f,WeaponBallMasters,$70
561e8d956b8d90f61a003219,"Appodeal, Inc.",5721c5abacbdfc1412000011,it.spaghettiinteractive.tressettepiu/29218,$69
561e8d936b8d90f61a001168,IsCool Entertainment,61f969dd9217de58d84775df,Word Magnets,$69
561e8d956b8d90f61a003219,"Appodeal, Inc.",5a237718da975d2f1e0025df,com.merigotech.fillwords.ru/88103,$69
5c657afed9e6e60012bab5d9,gamestudiopsv@gmail.com,692565a664da4f96bc2b4c42,6755406784,$69
5dcf09394f6eed0018145e58,Unico Studio LLC,67379ab54bfff2d5786cb9e2,Tubes Jam,$69
59fb487bbe77065f5800afc3,Azur Games,63dd1c98ec637846469a8675,Love Archer,$69
5fc671cbba624b0015a61bf1,Saygames LTD,5f2f431b107efd00012bd5ea,Brain Wash,$69
5c657afed9e6e60012bab5d9,gamestudiopsv@gmail.com,68f6001f9b4e835bc742157a,ru.PixelQuest.Threeinarow,$69
5dd4218d593be30017cbe726,Joyride GmbH,5dfa04b7068ea60017d126a5,CSL-I,$69
5fc671cbba624b0015a61bf1,Saygames LTD,68ada788a853d6ef3e68a288,Wheres My Seat,$69
6297c4bc012073001b3df035,Yandex Inc.,69d817a8aa2957ce6f409b17,lkxx1314520_gmail-com_com_kaigames_gemtriplematch,$69
5e3692d21cd3cb0018dd4329,SuperSonic Studios,61605ad1485af1c3f0038458,Giant Wanted,$69
617916e8f3ef190017a83854,Digitalchemy,63ce6339991ba061734fbc44,Scientific Calculator,$69
59fb487bbe77065f5800afc3,Azur Games,654b96af8ec95628af4f0222,Find Easy,$69
561e8d956b8d90f61a003219,"Appodeal, Inc.",63f1cd3ab48629e9d3f8091c,com.smartlynx.trivia2023/742667,$69
561e8d936b8d90f61a00146c,TabTale Ltd.,5aec218cbf93fc2d6e8d58ab,DIY Fashion Star iOS_TT,$69
56cb43391ba696884900000a,Ilyon Dynamics,609ce784eaf8e5066276b252,net.jumble.boombox_i_1604,$69
6297c4bc012073001b3df035,Yandex Inc.,67b737e5cf89a5b27bdd9f0b,hromlist_st_soundboard_sirenpranksound,$69
5bec0018c9af0a7962a96f4a,Rollic Games,600e9b113324cded21357d37,Blob Runner 3D,$69
65e71ba517069f0011a36cfa,Rounds,67a09f54f372f630d3b76831,Apk Share,$69
5c3c9ba19f3cbd45d7dae29c,TapNation,66c5d7d7de5ce2980ef2466c,The Legend of Fireball,$68
668fb233514c00001146f038,Free VPN Planet SRL,69ba82d80114322d67472c7e,VPN Mexico - Fast & Private,$68
6297c4bc012073001b3df035,Yandex Inc.,664b7a4bf13669d8b4972305,dnk-studio-games_com.narde.backgammon.game,$68
6297c4bc012073001b3df035,Yandex Inc.,69d816f96b3699e9a3a2f8b1,lkxx1314520_gmail-com_com_kdgames_moneyrush3d,$68
65e71ba517069f0011a36cfa,Rounds,67fe4886a2c211b71bc736a6,Jawline Exercise,$68
65e71ba517069f0011a36cfa,Rounds,68a842a0d550cf60ba81f993,Live Video CCTV,$68
56d55c72562b9c353800000d,Voodoo,62ab082c163a955f792f023d,Build Up!! IOS,$68
5a6f56062c250d182f0056f3,Kwalee Ltd,5ae0992ffcab5b1f5a7673c7,Looper!,$68
617916e8f3ef190017a83854,Digitalchemy,671a481f136e386f160f414a,Interval Timer iOS,$68
5e3692d21cd3cb0018dd4329,SuperSonic Studios,6639089158030769d621faf1,Park Match,$68
5c657afed9e6e60012bab5d9,gamestudiopsv@gmail.com,67584d0d7913198c9ecae1c6,funcore.bricker.construction_set.puzzle,$68
56d55c72562b9c353800000d,Voodoo,60106234360a79a6de2b8506,Fail Run,$68
59fb487bbe77065f5800afc3,Azur Games,5ae4ed90d0abc90aa2903e1c,Twisty Arrow!,$68
561e8d956b8d90f61a003219,"Appodeal, Inc.",6159988a35ee1e505582e45a,com.kraftwerk9.universal/710603,$68
561e8d956b8d90f61a003219,"Appodeal, Inc.",6967ea407ac5ce19a5e8002a,saul.agendatoros/775549,$68
561e8d956b8d90f61a002a2f,BoomBit Games Ltd,60d1c2e0156c1bc8ba24d433,Crazy Plane Landing ANDROID,$68
561e8d956b8d90f61a002a2f,BoomBit Games Ltd,62614b7dbd9a9e742e89486f,Falling Art Ragdoll Simulator,$67
561e8d956b8d90f61a0030cf,Ketchapp,5e67c08b73dde7000173daf0,2048,$67
65e71ba517069f0011a36cfa,Rounds,6804e598c2d810cdad0eee33,Hearing Amplifier,$67
5a9d60d3b1c1666c2e0056ba,Homa Games,63c56819befad3f6831524ca,Ammo Fever,$67
58737456236d8f446400071c,FIOGONIA LIMITED,6818b0412886e3f37cbcee06,Block Breaker iOS,$67
5fc671cbba624b0015a61bf1,Saygames LTD,6841caadcf2dcfe036b2f501,Zombie Fortress: Trap Defense,$67
5c657afed9e6e60012bab5d9,gamestudiopsv@gmail.com,68556ae553ef1303f912b212,com.carplay.for.android.app,$67
5fc671cbba624b0015a61bf1,Saygames LTD,5c2f45c1ec6d3545c59fa1a1,Drive and Park,$67
69eb7528a33b05d61de623e5,DVapps AB,69f9f0c6650039032ad485d6,SlendrinaTheCellar_iOS,$67
5c3c9ba19f3cbd45d7dae29c,TapNation,683043c567fc2e28cfbdc7e1,Fortress Merge,$67
65e71ba517069f0011a36cfa,Rounds,68b0258049a2c8270687e730,Image Compressor,$67
5ab5070d69e58f7fca39bfe6,Green Panda Games,5d384c706e8ddb0017087a1b,Idle Human Android,$67
5e3692d21cd3cb0018dd4329,SuperSonic Studios,61ac739928124ff8b56ede6c,Outfit Makeover,$67
6297c4bc012073001b3df035,Yandex Inc.,69cbb730a1176c00b1ac17bc,lkxx1314520-gmail-com_com-kgames-cleanpachinko,$67
6297c4bc012073001b3df035,Yandex Inc.,69b3c8dc852a88990d4af58e,psh96_xyz-shpasha-spygame,$67
6255696ee4b70c001810bb39,JRustonApps,625575df374096b80cbfc20d,My Aurora Forecast Android,$67
561e8d936b8d90f61a00146c,TabTale Ltd.,586e2defa0056437690002fe,Ice Skating Ballerina iOS_TT,$66
65e71ba517069f0011a36cfa,Rounds,67a33fe3ef13facef7af38cb,Tally Counter,$66
5fc618102e8dd2001579b65d,App Central ltd,65dcae4927332d35a876c772,Rush Run 3D Launcher,$66
59baf14999eaaa880a002c38,LOOP GAMES SAS,63e115ce6cc7f7f65c3242cb,Freecell,$66
5c3c9ba19f3cbd45d7dae29c,TapNation,62a33c79ecf07961678a06cb,Pocket Monsters Rush Android,$66
627b73f7023d420018e2f038,Chardonnay Partners LLC,63bec57c238d6820c52adfc9,Yatzy Android,$66
561e8d956b8d90f61a002a2f,BoomBit Games Ltd,6544c78c31fcb684200f0a4a,Boxing Ring: Clash of Warriors,$66
561e8d956b8d90f61a002a2f,BoomBit Games Ltd,690e067d844b74af78c4894c,Prison Escape Simulator,$66
561e8d956b8d90f61a003219,"Appodeal, Inc.",689b25eb321633e317f5533b,quickclickgames.magicaTA/770809,$66
5e3692d21cd3cb0018dd4329,SuperSonic Studios,67e5653fd784b2841dca1bd5,Kingdom Life,$66
5fb510aa8072bf0015d8d59d,Tap2Play LLC,656a161b0c33641a15caffb9,MAT_IOS_Mow and trim,$66
65e71ba517069f0011a36cfa,Rounds,68adaa2a5bcde45e2239feaf,Nyx Music Player,$66
561e8d966b8d90f61a00392d,WISE WAVE CORPORATION LIMITED,66df0fddfeacc084bf7933d2,Set Poker,$66
56d55c72562b9c353800000d,Voodoo,67fe78a9309fc84f08a5255c,Bounce Defense,$66
561e8d976b8d90f61a003bab,Estoty LLC,6447d9d847522164819f368a,Idle Breaker,$66
561e8d956b8d90f61a003219,"Appodeal, Inc.",6a0f197cacd4a352868307ea,com.crimzleyumy.icrimzuyumy/779840,$66
5e3692d21cd3cb0018dd4329,SuperSonic Studios,5f4666dd2f1f7c000130fef1,Emoji Puzzle!,$66
654d14d41c83f70011ca7700,Hypemasters,69f9ba7b41d4695486a1ad81,World War Clash,$66
5c657afed9e6e60012bab5d9,gamestudiopsv@gmail.com,62b2f7be6894d1a44ef4d9df,com.Khadiev.SirenHeadHorrorGame,$66
65e71ba517069f0011a36cfa,Rounds,67b4703c390c720c73a0dc61,CubeX Solver,$66
561e8d956b8d90f61a002a2f,BoomBit Games Ltd,5800a45b80fe7e4719000018,Build a Bridge!,$66
6297c4bc012073001b3df035,Yandex Inc.,6972438bd4ba143db9062806,yuw990054-gmail-com_com-vpn-boat-free-boatllite-BoatConnect,$65
65e71ba517069f0011a36cfa,Rounds,68c9722f3d24db7d9d08f149,Smile Live Wallpaper,$65
5a9d60d3b1c1666c2e0056ba,Homa Games,6548a46229ee44e8782a356e,Survivor Z,$65
5c657afed9e6e60012bab5d9,gamestudiopsv@gmail.com,660e4625c0c070078a977365,6471574557,$65
6267e053f2d4b90018ad84e4,Burny Games,69c297f1fc715c15d6ae84e3,JigLive: Jigsaw Video Puzzle,$65
561e8d926b8d90f61a00013e,Miniclip SA,65046c0cd38855ef54aae713,Knighthood,$65
57ab0b38c6ebd5c83300007e,Good Job Games (Azur),5b464ac95d953111d5348517,Slicess,$65
5c657afed9e6e60012bab5d9,gamestudiopsv@gmail.com,67e131b766c089d2cb494cf2,1532851708,$65
5fc671cbba624b0015a61bf1,Saygames LTD,5e8e02eed5456300012b6e76,Rage Road Android,$65
65e71ba517069f0011a36cfa,Rounds,69b9270cdcfbd320997c8c47,Led Strip,$65
65e71ba517069f0011a36cfa,Rounds,6899d6b93825966b1f61a723,Fingerprint Live 2,$65
59fb487bbe77065f5800afc3,Azur Games,626bbb02dedbef86322cce69,Merge Ragdoll Fighting,$65
65e71ba517069f0011a36cfa,Rounds,67b719cf7077517f21dc08d8,SX Player,$65
5a6f56062c250d182f0056f3,Kwalee Ltd,60635e61164ce80df004be3a,Makeover Studio 3D,$64
56d55c72562b9c353800000d,Voodoo,69f8b92e3d225f31f458ae24,Into the Hole,$64
63d229657d9fc60014b1afdf,Paxie Games,69a83a18c3ba7f749f871b3b,Hexa Arrows,$64
561e8d936b8d90f61a00035c,Supersonic Software Ltd.,60c7394350f49e980d1414eb,Picture Cross Color,$64
6297c4bc012073001b3df035,Yandex Inc.,66cc9dd3334673785d02eaf1,gerasimovaapp_com-emeraldegg-rouletteofnames,$64
561e8d926b8d90f61a00013e,Miniclip SA,5f491da23b52010001ce0067,Ludo,$64
561e8d956b8d90f61a003219,"Appodeal, Inc.",5e0674b6c7080f78eedadf31,com.twoheadedshark.tco/442673,$64
63d229657d9fc60014b1afdf,Paxie Games,697e2ed7962780962b4508ba,Farm Loop,$64
59e4bb543f0fa9a20900afa3,TabTale LTD,6141ac4a70c2417eb9af07a5,String Pull iOS_CL,$64
5b84c65ca73f7a027c553f4a,Rewards Game,69e24bbe3851fb7a10cd7b91,People Sort,$64
65e71ba517069f0011a36cfa,Rounds,6880b7160c57d8be6eea8c28,Ai Music Generator,$64
561e8d956b8d90f61a003219,"Appodeal, Inc.",65f11de1c8510816ad30db5d,com.app.mrincognitogo/756080,$64
561e8d946b8d90f61a001f18,Nordcurrent,62b03fcb6894d1a44ef4d337,Cooking Fever (windows),$64
561e8d956b8d90f61a003219,"Appodeal, Inc.",693d3549a5e39c9bec65e8bf,vn.dihaver.playping/774817,$64
61e93624cf7a710017932586,"Appgeneration, Lda",65d7668b25cdf63cf9a2d70c,Radio NG,$64
5a53889945eaab512501251e,AddApptr GmbH,69282cf6abee3367a0cf6b3c,Scout24_AutoScout24_Android,$63
5cda78f561a35300113a86ab,Moonee,653934d9ce2b58da5369b89f,Pot Inc,$63
5a6f56062c250d182f0056f3,Kwalee Ltd,5f86dce001cdd343da6e6ca9,Blade Forge 3D,$63
59e4bb543f0fa9a20900afa3,TabTale LTD,666c1ad15a1052310022ab03,Pocket Bots Google_CL,$63
561e8d956b8d90f61a003219,"Appodeal, Inc.",570e282ed6ec69c33000003e,it.spaghettiinteractive.scoponepiu/28385,$63
6297c4bc012073001b3df035,Yandex Inc.,6818894cae377462a5421e25,ildarka-murtazin_police.speed.gps.antiradar,$63
59e4bb543f0fa9a20900afa3,TabTale LTD,5dd2bcbfe44ab0001721d136,My Horse Stories iOS_CL,$63
561e8d936b8d90f61a000afd,Ubisoft Mobile Games,5dc1884804e7780012829171,Assassin's Creed Rebellion,$63
561e8d976b8d90f61a004288,Panteon Software,6102bbc7428671c6fa8466d8,100 Mystery Buttons,$63
56d55c72562b9c353800000d,Voodoo,62714102dcf1f557628633ac,Bucket Crusher ANDROID,$63
59fb487bbe77065f5800afc3,Azur Games,6375eca16e7d26e65014cdeb,Zombie Shooter,$63
67d985067690520011429022,Playtika,684a9eb57a7891f282b815d4,MONOPOLY Poker - Texas Holdem,$63
5f69aef134a76100158aa316,Hypercell Games,653a525f7b1a3c2b6f2b13d6,Pin Out Master Android,$63
5dcf09394f6eed0018145e58,Unico Studio LLC,6190366dbdf8dc5ada81ccf8,Sqube Darkness Android,$63
6297c4bc012073001b3df035,Yandex Inc.,68ee6489efcc7df178c3e9d5,liuke19931003_com_brickmiracle_endlessmode,$63
5ab5070d69e58f7fca39bfe6,Green Panda Games,5c5ade48cdadba00119914e0,Weed Factory,$63
5c657afed9e6e60012bab5d9,gamestudiopsv@gmail.com,69cba4bd8a916d2a31156426,6760220099,$63
561e8d956b8d90f61a003219,"Appodeal, Inc.",5f7c09e6e0672326b8b863d3,com.kraftwerk9.appletv/536889,$63
65e71ba517069f0011a36cfa,Rounds,67a35a10f372f630d3b77271,Life Personal Diary,$63
62f2190969aa39001bb4b1fe,Take Top KZ,682c4e1c1cd2863ca808a178,Sand Miner: Idle Mining Game,$63
5c657afed9e6e60012bab5d9,gamestudiopsv@gmail.com,67efcb445617a57353cecdad,com.tehzeeb.livesports.tv,$63
6297c4bc012073001b3df035,Yandex Inc.,69b3d10c102c6dbbb60d5285,psh96_net-partycat-spygame,$63
5c657afed9e6e60012bab5d9,gamestudiopsv@gmail.com,63fc7d2ba543c827a3de9dfc,com.DL.war.planes.inc.torpedo.bomber.fighter.aircraft.ww2,$63
6512d2afa685240011970ef7,Sophun Games Limited,65201b465946c49eb49f8b1c,Match Jong,$63
6297c4bc012073001b3df035,Yandex Inc.,67a217c0f372f630d3b76dc9,naradexltd_planetVPN-WW,$63
647deb456149810011be5192,Joyteractive Ltd,690a4087e9b383362786c9c9,Word Match Connect: Logic game,$63
561e8d956b8d90f61a003219,"Appodeal, Inc.",5bb7c7e27329742c55b2d3e7,de.kamibox.bacon/134259,$63
5fc671cbba624b0015a61bf1,Saygames LTD,69f0c70d4e0ef4f1aa267000,Word Jigsort,$63
5c3c9ba19f3cbd45d7dae29c,TapNation,66e832b717237c03d551b0c4,Car Rush 2048,$63
5fc671cbba624b0015a61bf1,Saygames LTD,61c1d2d2f271fd13c6ecb1a6,Monsters Lab Android,$62
56d55c72562b9c353800000d,Voodoo,60b8e577025c910c9d6bcfaf,Wet Hoops,$62
56d55c72562b9c353800000d,Voodoo,60004036186cc49b613cf200,Catch And Shoot,$62
561e8d926b8d90f61a00013e,Miniclip SA,69e8d69fb2b4aa07d13cc7d8,Farm Rush,$62
5735de0ebcd1970756000054,PLAYGENDARY LIMITED,62a0cc4a8b94edc48b5e2f4d,Bowmasters Remastered iOS,$62
5c657afed9e6e60012bab5d9,gamestudiopsv@gmail.com,64895fdbb8c7fa800de60f5a,com.progressgames.gg,$62
561e8d956b8d90f61a003219,"Appodeal, Inc.",5a6968d6e3ea2f4671001f9e,team.ggc.kanzitdinov.radioapp/92638,$62
5c657afed9e6e60012bab5d9,gamestudiopsv@gmail.com,69a6c5baa55413945451637d,1436251125,$62
65e71ba517069f0011a36cfa,Rounds,68551d7c90ac0bef1ff771b0,Contacts Phone Call,$62
5a6f56062c250d182f0056f3,Kwalee Ltd,62e2caa115766ebf5a69e203,Tow N Go iOS,$62
5d074f140fbc770017190dd2,RUBY OYUN VE YAZ. DAN. SAN. TIC. A.Ş.,5f04272a93032a0001e6647f,BeautyCare_Android,$62
56d55c72562b9c353800000d,Voodoo,5ee742ce10d4d10001a5ae75,Dune!,$62
561e8d926b8d90f61a00013e,Miniclip SA,674490c501f19870b26612fe,Table Tennis Touch,$62
5c657afed9e6e60012bab5d9,gamestudiopsv@gmail.com,65faac6f9c52fa90af908d2c,com.app.wifianalyzer,$62
6297c4bc012073001b3df035,Yandex Inc.,66d083f2a6cf59778900a2d9,sega-svd_com.segasvd.WeaponFieldStrip,$62
60abbe0138d6920017b43190,Newry Global Media sl,675abab07913198c9ecaec9b,GPS240-01 - Phone Cleaner & Antivirus,$62
5a53889945eaab512501251e,AddApptr GmbH,6672bbe15a1052310022bbdd,IsarInteractive_SchafkopfFREE_Android,$62
5e3692d21cd3cb0018dd4329,SuperSonic Studios,60883343b30550ae7e957ea6,Draw The Line,$62
59fb487bbe77065f5800afc3,Azur Games,69d50cd9c6080cd56d9ec879,Zombie Warriors,$62
561e8d956b8d90f61a003219,"Appodeal, Inc.",681aeca416e6847d6f09f37d,com.isound.videoplayer/767767,$62
561e8d956b8d90f61a003219,"Appodeal, Inc.",5a23dbfc9bcbcea80a002dd8,com.gmail.joystudio808.nonogram/83770,$62
6093fd75b33a50001533d418,Goodgame Studios,6297b701959e6d181b90d038,BitLife Spanish - Android,$61
65e71ba517069f0011a36cfa,Rounds,67d03de4f4a5404a6adb97df,Pedometer Tracker,$61
561e8d956b8d90f61a002a2f,BoomBit Games Ltd,681a0a01ae377462a5422cc3,Big Helmets: Heroes of Destiny,$61
61e93624cf7a710017932586,"Appgeneration, Lda",65d76d5827332d35a876bb0d,Radio PA,$61
5fc671cbba624b0015a61bf1,Saygames LTD,60c8901cff97853d7ddd406e,Star Art:Drawing & Relaxing,$61
5f69aef134a76100158aa316,Hypercell Games,62f209b76b1435ebc90ead55,Unpuzzle Android,$61
5c657afed9e6e60012bab5d9,gamestudiopsv@gmail.com,68c3b84ce61c68a3f0ba5317,sand.box,$61
5c657afed9e6e60012bab5d9,gamestudiopsv@gmail.com,652e83263acf1b5f65383913,com.simulator_game.real_car_crash,$61
561e8d956b8d90f61a003219,"Appodeal, Inc.",67278ae6c55b9eb5a4ccba72,ru.badretdinov.ezsheet/763439,$61
561e8d956b8d90f61a003219,"Appodeal, Inc.",570e282dcec540ae30000056,it.spaghettiinteractive.briscolapiu/29439,$61
5fc671cbba624b0015a61bf1,Saygames LTD,63a18f89e60869a760acea87,CPI - Connect Puzzle Image,$61
56d55c72562b9c353800000d,Voodoo,673f1a63711ce4c5756bdb2a,Combo Clash,$61
56d55c72562b9c353800000d,Voodoo,636396ca9f858da8e921984c,Dig This 2,$61
65e71ba517069f0011a36cfa,Rounds,67bdadeed85e20dacde19193,Tuners Instrument,$61
56d55c72562b9c353800000d,Voodoo,6257dc032cdf17712810db86,Outdo.io IOS,$61
60abbe0138d6920017b43190,Newry Global Media sl,65fc4869d15ac99cac358872,IOS224-01 My Love Test,$61
561e8d956b8d90f61a003219,"Appodeal, Inc.",59b722e43af064a075000b26,it.spaghettiinteractive.traversonepiu/39135,$61
56cb43391ba696884900000a,Ilyon Dynamics,5ebd5bb6f558a00001c37d2c,champion.bubble_a_850,$61
65e71ba517069f0011a36cfa,Rounds,67b5f3452363a440422ff8e8,Music Editor,$61
561e8d956b8d90f61a003219,"Appodeal, Inc.",68578f38ffaac6a17b384d9e,com.Makarskij.RealFishing/769338,$61
65e71ba517069f0011a36cfa,Rounds,67a0bd16ac670fb86b0871b5,Weather Widgets,$60
59e4bb543f0fa9a20900afa3,TabTale LTD,5de643c66e45ee0011ae1a68,Soap Cutting iOS_CL,$60
59fb487bbe77065f5800afc3,Azur Games,5d1122e3c54af2001218bd9a,Line Color,$60
5ec6f4dbdae5f50015c2980b,PCA Bear LLC,634592808231cbeac492c4f2,Meme Hunters: Hide & Seek,$60
561e8d936b8d90f61a001096,MyGames MENA FZ LLC,64fb1dfd5946c49eb49f5fda,[Whalekit] Zombie State,$60
5c657afed9e6e60012bab5d9,gamestudiopsv@gmail.com,69e606c5073b8b65d5334af5,6751838119,$60
5c05196699e4374b87bda3b9,Tripledot Studios,6012cb51709bde05d50641dc,Numpuzzle,$60
5c657afed9e6e60012bab5d9,gamestudiopsv@gmail.com,696f37c0d4ba143db905f527,appzonee.soccer.livefootballtv.streaming.score,$60
5cc173c6d788b30012b2ff51,Loop Games A.S.,698aeef4b105aa4cfa5ab9f0,Wool Game,$60
65e71ba517069f0011a36cfa,Rounds,67b5b84d2363a440422ff7c6,Android Tv Box,$60
5fc671cbba624b0015a61bf1,Saygames LTD,5ef5043e5d34840001a12797,OH MY CAR!,$60
5b5ec3e8337f272131edc824,MadBox,5d03619ccf7fcd0018c266e7,Idle Zoo Tycoon,$60
676405dff3fa5d00114fee22,Opera Software Ireland,68c19f870ed903cf7fceacbc,Noticias Locales,$60
5bb6123fa4ae3604537ad781,Fugo Games,64e872d73412b9437bf5d7b3,Wordz iOS,$60
6297c4bc012073001b3df035,Yandex Inc.,685d292cc9b6594c5a5cf7a3,seamobi-dev-gmail-com_aerovpn.app.fox.free.vpn.AirPlaneMaster,$60
6297c4bc012073001b3df035,Yandex Inc.,68833f707f35e9d72122c1a6,seamobi-dev-gmail-com_com-free-vpn-proxy-master,$60
65e71ba517069f0011a36cfa,Rounds,679b73975c0575584f323892,Video Crop,$60
5c657afed9e6e60012bab5d9,gamestudiopsv@gmail.com,64be2d016e62b478fe54a0c7,com.illusion21.Billiards.Pyramid,$60
561e8d926b8d90f61a00013e,Miniclip SA,63cac2a0a3d5c7cf2c7a9cf0,Mini Basketball,$60
5c657afed9e6e60012bab5d9,gamestudiopsv@gmail.com,683eb0ba3731d2f522576704,com.rexton.golub,$60
5dd4218d593be30017cbe726,Joyride GmbH,5dfb7b811f1db400172676d5,MTR-A,$60
6093fd75b33a50001533d418,Goodgame Studios,60c0b7191cd3693a57037031,BitLife DE - Android,$60
5dcf09394f6eed0018145e58,Unico Studio LLC,64f615712d1bdc2a6b3b9173,Ten Crush,$59
56d55c72562b9c353800000d,Voodoo,616693a08f66a24cdcde5be5,Canvas Run,$59
5ab5070d69e58f7fca39bfe6,Green Panda Games,5bc87acb271cd7001778fa12,Terrarium Android,$59
561e8d956b8d90f61a003219,"Appodeal, Inc.",5aaca221d714de3604fb1115,com.innovate.FilipinoSocial/103872,$59
6297c4bc012073001b3df035,Yandex Inc.,69baaf362d168ce5ce98d445,lkxx1314520-gmail-com_com-kgames-knifemaster,$59
5c657afed9e6e60012bab5d9,gamestudiopsv@gmail.com,69de64d04f2c44e4974950b3,com.free.vpn.turbo.fast.secure.govpn,$59
5a9d60d3b1c1666c2e0056ba,Homa Games,62b1b9c3087fec6c7a183315,Z defense,$59
59fb487bbe77065f5800afc3,Azur Games,61a62851d656aa9156541245,Hopping Heads,$59
561e8d936b8d90f61a001168,IsCool Entertainment,61e01363e3cd34f2a2bfd9aa,Idle Baseball Manager Tycoon,$59
65e71ba517069f0011a36cfa,Rounds,67b3475e614e4f5986be21c4,Screen Recorder,$59
65e71ba517069f0011a36cfa,Rounds,679cb850ac670fb86b08685e,Speedometer,$59
5a9d60d3b1c1666c2e0056ba,Homa Games,62cd92124cffb7a611528bb0,Card Evolution,$59
65e71ba517069f0011a36cfa,Rounds,69aacb44c4789db9ed1b6397,Spy Ear,$59
59e4bb543f0fa9a20900afa3,TabTale LTD,63f766c0745bfccbcf9b5928,Tile Push Google_CL,$59
619b548fc9c9c1001796f1f6,Gimica GmbH,62dff29a729f606e4801cce5,Idle Merge Fun,$59
5b5ec3e8337f272131edc824,MadBox,5e3c1fdb4ba66b001740f9b4,Parkour Race,$59
60abbe0138d6920017b43190,Newry Global Media sl,62dfa00031476e584a0f48c7,GPS178-01 - Food Fighter Clicker - Mukbang,$59
6297c4bc012073001b3df035,Yandex Inc.,69d8182c6b3699e9a3a2f8c1,lkxx1314520_gmail-com_com_kaigames_rushtoclass,$59
561e8d936b8d90f61a000da4,XIMAD Inc.,66ebd83517237c03d551bbdd,Domino Rivals iOS,$59
561e8d956b8d90f61a003219,"Appodeal, Inc.",57075a35e4b938c205000020,it.spaghettiinteractive.scopapiu/32446,$59
6512d2afa685240011970ef7,Sophun Games Limited,6855670653ef1303f912b118,Lord's Word,$59
5eb3c48aa80eba00159907c3,Matchingham Games Limited,67c03e03fb32c9bf51cefe2a,What am I_iOS,$59
59baf14999eaaa880a002c38,LOOP GAMES SAS,5a89f26a46b847631e0002ec,Solitaire iOS,$58
5eb3c48aa80eba00159907c3,Matchingham Games Limited,65dc526d9a4122e9e0dea62c,Sniper Destiny_iOS,$58
5c995001d788b30012b2eb21,Vistrex LTD,5d07b33e0685e900124eab0a,Dawn of Zombies iOS,$58
59e4bb543f0fa9a20900afa3,TabTale LTD,68ba9b287e977fbf6dcd527a,Shoot & Hide Google_CL,$58
59fb487bbe77065f5800afc3,Azur Games,61c04e3cf271fd13c6ecaecb,Punchy Race,$58
5fb510aa8072bf0015d8d59d,Tap2Play LLC,6901c5e67f709b69e412c4e3,JOC_IOS_Join Clash,$58
56d55c72562b9c353800000d,Voodoo,670cdc4dc81241f35a62513a,Bionics,$58
65e71ba517069f0011a36cfa,Rounds,67a0ace89fe5d49d4b56e915,Speaker Remove Water,$58
5fb510aa8072bf0015d8d59d,Tap2Play LLC,64c0dac90f2799536dcc3201,SPU_IOS_Snake Puzzle,$58
561e8d936b8d90f61a001096,MyGames MENA FZ LLC,69852541e6f73fe2b58412d2,Tacticool,$58
62f2190969aa39001bb4b1fe,Take Top KZ,65c4b89fd1b71b57183c002c,Capybara Simulator,$58
65e71ba517069f0011a36cfa,Rounds,67176998a3ee0d8eae755e7a,Volume Control Help,$58
5a6f56062c250d182f0056f3,Kwalee Ltd,5edf9dbfa29b6b0001468102,Line Up,$58
5c657afed9e6e60012bab5d9,gamestudiopsv@gmail.com,65ef1b6d09143409c22e35bd,com.neighbor.darkriddle2.mars,$58
6021599b8b3e5600159fcc76,HITAPPS GAMES LTD,64b9459d87a62f8001c6b51c,Lexilogic iOS,$58
5ab5070d69e58f7fca39bfe6,Green Panda Games,5cb89429bef29557b16249cb,Gun Idle iOS,$58
617916e8f3ef190017a83854,Digitalchemy,6307f128d1be65836578ad60,Calculator Plus,$58
59e4bb543f0fa9a20900afa3,TabTale LTD,600843cc9b6db37ec2f266a5,Road Hills iOS_CL,$58
58737456236d8f446400071c,FIOGONIA LIMITED,68189a71ae377462a5421eef,Block Breaker Android,$58
561e8d936b8d90f61a001260,MAG Interactive,65e601e2c117c913635d51c5,WordWhizzle Themes,$58
56d55c72562b9c353800000d,Voodoo,5a7c51ce05cda4292f008836,Baseball Boy! Android,$58
561e8d956b8d90f61a003219,"Appodeal, Inc.",639226d4e46a16a1c6fc1000,com.SLH.DominoRepublic/166597,$57
577a61dcda179a9c3f000089,Kolibri Games (fka Fluffy Fairy),666aec00d0040dae93542e0e,Idle Junkyard Tycoon,$57
561e8d956b8d90f61a003219,"Appodeal, Inc.",690be07099b4030c585e1b20,co.ucentric.Sky-Crew/773932,$57
56d55c72562b9c353800000d,Voodoo,60ca4d864f698b258606d1d1,Blob Merge 3D,$57
65e71ba517069f0011a36cfa,Rounds,67af421e1be9345ad181915d,Split Screen Launch,$57
5a6f56062c250d182f0056f3,Kwalee Ltd,5cd45754bddfba0011971999,Submarine,$57
561e8d936b8d90f61a00146c,TabTale Ltd.,5996e728f9127001590072b9,My Bakery Empire Google_TT,$57
561e8d956b8d90f61a003219,"Appodeal, Inc.",65de6554d1b71b57183c47e0,com.biggestanimefan.anime.wallpaper/755437,$57
69eb7528a33b05d61de623e5,DVapps AB,69f706a977f5e7f333e19277,TheTwins_iOS,$57
5c657afed9e6e60012bab5d9,gamestudiopsv@gmail.com,69a017f7646fe74838523bf0,com.shag.starsports.tv.cricstarforyou,$57
65e71ba517069f0011a36cfa,Rounds,67b88bd41be9345ad181b477,Hashi,$57
56d55c72562b9c353800000d,Voodoo,5c07c63232d44d3a78048227,Crowd City,$57
61e93624cf7a710017932586,"Appgeneration, Lda",65d7764525cdf63cf9a2d750,Calculator,$57
5c657afed9e6e60012bab5d9,gamestudiopsv@gmail.com,655f831c41519bc7542287ef,com.kryptow.bookreadspanish,$57
6297c4bc012073001b3df035,Yandex Inc.,69dfb850f6b0466af0bc6749,lkxx1314520_gmail-com_com-kaigames-gemsortpuzzle,$57
5bec0018c9af0a7962a96f4a,Rollic Games,6751b86166f7704dca5908fa,BarbieMerge,$57
5fc671cbba624b0015a61bf1,Saygames LTD,5ef666a6bb5a9000016186e0,Swing Loops Android,$57
561e8d956b8d90f61a003219,"Appodeal, Inc.",68dfd2715f81a96145dc2bf8,com.existage.voyage4/773052,$57
56d55c72562b9c353800000d,Voodoo,60d5d1bec332a4cb130fc44f,Castle Storm (iOS),$57
59e4bb543f0fa9a20900afa3,TabTale LTD,5a4b969091f404ce7100d783,Up 9 iOS_CL,$57
66e545690f05bd0011e185b8,JEDY APPS TECHNOLOGY LTD,6800b0b2c48ad1b90919be46,Rubik's Cube,$56
5fc671cbba624b0015a61bf1,Saygames LTD,5ed107565d8af30001e513d9,Desert Riders,$56
5bec0018c9af0a7962a96f4a,Rollic Games,6924092c64da4f96bc2b3942,RingClash,$56
561e8d966b8d90f61a00392d,WISE WAVE CORPORATION LIMITED,61f45bf47298f76637d3d08d,Baccarat online: Baccarist,$56
561e8d966b8d90f61a00392d,WISE WAVE CORPORATION LIMITED,61f458b0f5a6c51380f17875,Baccarat Online: Baccarist,$56
6512d2afa685240011970ef7,Sophun Games Limited,685569866a02654fddc56f41,Lord's Word,$56
5fc618102e8dd2001579b65d,App Central ltd,65fc7441d15ac99cac3588e3,Coming to Bed Launcher,$56
65e71ba517069f0011a36cfa,Rounds,67af1ae07077517f21dbede9,QR Scanner,$56
59e4bb543f0fa9a20900afa3,TabTale LTD,604f682a7aa72cffe219333b,Touch Down GP_CL,$56
5c657afed9e6e60012bab5d9,gamestudiopsv@gmail.com,6a0f19851982afa1b918a83a,enytech.soccer.live.footballtv.hdstreaming,$56
59fb487bbe77065f5800afc3,Azur Games,5faa7c106ad02680137c7bbe,Magica.io,$56
5c657afed9e6e60012bab5d9,gamestudiopsv@gmail.com,65496009b402414a5bb94c17,1591389424,$56
6297c4bc012073001b3df035,Yandex Inc.,683d7a6d39e1c3b9776e6994,ssnab-n_com-asinosoft-vpn_bidding,$56
561e8d956b8d90f61a003219,"Appodeal, Inc.",67d38459ccc1987414552084,com.abyss.abyssreader/760493,$56
5dcf09394f6eed0018145e58,Unico Studio LLC,6a1492a61d0ed78b10c1839c,Game is Hard Android,$56
5c05196699e4374b87bda3b9,Tripledot Studios,685e9c5e6ea978b682f391b1,Sort And Knit Android,$56
56cb43391ba696884900000a,Ilyon Dynamics,65ae59e118f32c66d6eea43d,net.link.bubble_i_1623,$56
6021599b8b3e5600159fcc76,HITAPPS GAMES LTD,665443cc91263042f08ed9e6,Wordelix iOS,$56
59fb487bbe77065f5800afc3,Azur Games,6880a3010c57d8be6eea899a,Factory World,$56
5c657afed9e6e60012bab5d9,gamestudiopsv@gmail.com,67af4878def9e46cb8d303e6,com.futgenix.soccer.scores,$56
60abbe0138d6920017b43190,Newry Global Media sl,64d1fcbf99eac20203d74fa0,GPS209-01 - Poker Live: Texas Holdem Poker,$56
561e8d946b8d90f61a001509,Outfit7,521b7a25cba035220e00000a,Talking Tom 2 - appstore,$56
5c657afed9e6e60012bab5d9,gamestudiopsv@gmail.com,6784fc9680cfd9653797b206,6739977105,$56
561e8d976b8d90f61a004288,Panteon Software,60d98e5d7a6be5a6bd8ff42f,Trading Master,$56
5fb510aa8072bf0015d8d59d,Tap2Play LLC,627bcbdc565570b5c3df025a,MFG_ANDROID_Merge Fighters,$56
66e545690f05bd0011e185b8,JEDY APPS TECHNOLOGY LTD,68177f2e16e6847d6f09d84d,English Keyboard,$56
59fb487bbe77065f5800afc3,Azur Games,61bc663a53005bef73ed13e0,Ragdoll Fall,$55
58737456236d8f446400071c,FIOGONIA LIMITED,69d7bd40de1ae099c68c91e1,Juice Up iOS,$55
5dcf09394f6eed0018145e58,Unico Studio LLC,69b0750f4f9ec504f36561b1,Family Sort iOS,$55
561e8d936b8d90f61a001168,IsCool Entertainment,6834602167fc2e28cfbde923,Belote Coinche Classique,$55
59fb487bbe77065f5800afc3,Azur Games,68a8134cd550cf60ba81f58f,Legend of Frog,$55
5fb510aa8072bf0015d8d59d,Tap2Play LLC,645b94ff0be201e086ed6e0d,SPU_ANDROID_Snake Puzzle,$55
561e8d956b8d90f61a003219,"Appodeal, Inc.",677f55a552e0399f65348141,com.simplicity.panstwa_miasta/764905,$55
59fb487bbe77065f5800afc3,Azur Games,683ecb3e3731d2f522576979,Battle Lines,$55
5fc671cbba624b0015a61bf1,Saygames LTD,5ef4feb55d34840001a12781,OH MY CAR! Android,$55
5a6f56062c250d182f0056f3,Kwalee Ltd,5e4fc11ca0fce50018d7d665,Bake it,$55
5a9d60d3b1c1666c2e0056ba,Homa Games,638dc6e0cb335db645b4ab1e,Life Bubble,$55
561e8d956b8d90f61a002a2f,BoomBit Games Ltd,6560b5f5b53dd79ca06f6f51,Dawn of Ages: Medieval Games,$55
59e4bb543f0fa9a20900afa3,TabTale LTD,5b052c876349913608cfeb1b,Hotel Transylvania Adventure iOS_CL,$55
5c657afed9e6e60012bab5d9,gamestudiopsv@gmail.com,6627547625850faf3515246b,com.ToxicFamilyGames.FPVDroneOperator,$55
59baf14999eaaa880a002c38,LOOP GAMES SAS,63e1167eabb1b94796fcabc3,Game2048,$55
5eb3c48aa80eba00159907c3,Matchingham Games Limited,680fa60dae377462a541daa2,Hitman_iOS,$55
561e8d956b8d90f61a002f2c,AxesInMotion,550a847e01d9cf8e17000073,Extreme Car Driving Simulator Free,$55
5eb3c48aa80eba00159907c3,Matchingham Games Limited,66e95dac548cf7c84914be08,Cop Pursuit_iOS,$55
561e8d956b8d90f61a002a2f,BoomBit Games Ltd,62399fe0cc739251f852b5f6,Bowling Club!,$55
561e8d956b8d90f61a003219,"Appodeal, Inc.",63e6b38566d7d6ba10c22b2f,com.DidOne.Imcomingforyou/741828,$55
5c657afed9e6e60012bab5d9,gamestudiopsv@gmail.com,656463979c6fbb20cf6fcbbf,com.eg.horrortale2,$55
62f2190969aa39001bb4b1fe,Take Top KZ,653f586baafc55a14e1e4773,Smile Slime Ragdoll Playground,$55
561e8d956b8d90f61a0030cf,Ketchapp,65735b9aea1e1fb59fdf2c7a,Divineko,$54
5fc671cbba624b0015a61bf1,Saygames LTD,646df1d8676fd347ebc0b0c1,Andy Volcano: Tile Match Story,$54
561e8d956b8d90f61a003219,"Appodeal, Inc.",64b96e895bb311e3680706ab,intelligems.torrdroid/694017,$54
65e71ba517069f0011a36cfa,Rounds,67b44799def9e46cb8d31271,Whats Web,$54
63d229657d9fc60014b1afdf,Paxie Games,680747156b08d751835d7c67,AOS_Color Block Jam,$54
61e93624cf7a710017932586,"Appgeneration, Lda",65d76cd87ec96f667da83b0f,Radio SB,$54
65e71ba517069f0011a36cfa,Rounds,67b4757e614e4f5986be26bd,Budget Planner,$54
65e71ba517069f0011a36cfa,Rounds,68d50ad3de8c4a48090b9fcf,Funny Camera Unity,$54
5dcf09394f6eed0018145e58,Unico Studio LLC,62b8ba4610b76f5d2493b0f2,WC Spanish iOS,$54
5bec0018c9af0a7962a96f4a,Rollic Games,61b2270a4bdeae7ab9be008d,Plinko 3D,$54
59fb487bbe77065f5800afc3,Azur Games,6385d157882d129fcf7cb717,Monster Horde: Hide 'N Seek,$54
5c657afed9e6e60012bab5d9,gamestudiopsv@gmail.com,664ee4542e530145229705eb,com.cup.mobile.base.test,$54
5c657afed9e6e60012bab5d9,gamestudiopsv@gmail.com,67f3aba1ee3e8a4c67ae679f,com.soulapps.brainfit,$54
59e4bb543f0fa9a20900afa3,TabTale LTD,637b5666177bd768931ad18e,Horse Race Master 3D iOS_CL,$54
5fb510aa8072bf0015d8d59d,Tap2Play LLC,61cdc3989cedee5f306d775b,RDN_IOS_Ragdoll Ninja,$54
63d229657d9fc60014b1afdf,Paxie Games,69a8362fc3ba7f749f871b04,Hexa Fall,$54
66e545690f05bd0011e185b8,JEDY APPS TECHNOLOGY LTD,69133f2f92a33e36017f0674,Background Eraser,$54
68d6abcb9e66bbe81e2c99a7,Super Banana Limited,68d6abf3968a374667932a0c,Travel Sort,$54
56d55c72562b9c353800000d,Voodoo,5e542e69ac0b2d3e021162c2,Knock'em all Android,$54
561e8d976b8d90f61a004288,Panteon Software,639c8415ea56c417875ca917,Be My Guest - Android,$54
5c657afed9e6e60012bab5d9,gamestudiopsv@gmail.com,65c1f3c97ec96f667da7feba,wiktoria.goroch.bible_kjva.AOUSFCKLLRSGYXYC,$54
5c657afed9e6e60012bab5d9,gamestudiopsv@gmail.com,68625d42fba8e1f2c8574da2,com.friendlygames.beauty.match.tripple.sexy.adult.date.tile.game,$53
56d55c72562b9c353800000d,Voodoo,64ef64a8993b2f0f1f1d2141,Bubble-Tower IOS,$53
5fb510aa8072bf0015d8d59d,Tap2Play LLC,60740409a4094182d1f745ab,Happy Printer iOS,$53
5fc671cbba624b0015a61bf1,Saygames LTD,5d5ad491ee9bef0220071ceb,Perfect Slides GM,$53
561e8d956b8d90f61a003219,"Appodeal, Inc.",56fa37bf8bab8e76090000ff,com.solverlabs.poc/25157,$53
561e8d936b8d90f61a001096,MyGames MENA FZ LLC,61a73f882aa34d94f4b974a4,Days After,$53
5a53889945eaab512501251e,AddApptr GmbH,69ddd7e419e095d4fb93c2a3,Skores_Turfoo_Android,$53
5c657afed9e6e60012bab5d9,gamestudiopsv@gmail.com,66fb9e7eebba7eba60423ac7,com.NolodinGames.CatSimulator,$53
5fb510aa8072bf0015d8d59d,Tap2Play LLC,6655803cfde470858f2d4946,BOS_IOS_Bow Smash,$53
59fb487bbe77065f5800afc3,Azur Games,5bf677b6e4ec803a662bef60,Polysphere (Android),$53
56d55c72562b9c353800000d,Voodoo,62eb99ca21b2bfef4246efc5,Uboat Attack ANDROID,$53
5c657afed9e6e60012bab5d9,gamestudiopsv@gmail.com,64b8fba51762e19d4275d1f1,intechsolutions.photorestore,$53
62f2190969aa39001bb4b1fe,Take Top KZ,65fc14c40aa401235341faea,Capybara Simulator,$53
5c657afed9e6e60012bab5d9,gamestudiopsv@gmail.com,69f1f45c8c67ff57b8fdf53e,6759349113,$53
59e4bb543f0fa9a20900afa3,TabTale LTD,635914b89de70eecfbba9071,Hyper Pa iOS_CL,$53
59fb487bbe77065f5800afc3,Azur Games,5d28515907a8e00017992f80,Big Bang Evolution,$53
5c05196699e4374b87bda3b9,Tripledot Studios,66d976885634666900b5c8c5,ColorMaze iOS,$53
5fc671cbba624b0015a61bf1,Saygames LTD,69d3865b9d2d32b0f0568fdf,Assolitaire: Word Solitaire,$53
5fc671cbba624b0015a61bf1,Saygames LTD,61682b39e9c49f909fed094b,Hyper Evolution iOS,$53
5fb510aa8072bf0015d8d59d,Tap2Play LLC,665ed35688cc429f2d8001d7,ZOF_IOS_Zombie Fever,$52
561e8d976b8d90f61a004288,Panteon Software,5cc18fb473c8aa00115f5185,Ball Brawl 3D,$52
59e4bb543f0fa9a20900afa3,TabTale LTD,631854dd45ea4c1b8780e5e8,Ballerina Life 3D iOS_CL,$52
5dcf09394f6eed0018145e58,Unico Studio LLC,62b8b879830522e971ec1cfe,WC Spanish Android,$52
69eb7528a33b05d61de623e5,DVapps AB,69f31b5a41d4695486a13a67,SlendrinaTheCellar_Android,$52
59e4bb543f0fa9a20900afa3,TabTale LTD,5de782d13043050011405810,Dentist Bling IOS_CL,$52
65e71ba517069f0011a36cfa,Rounds,67b6dfbc1be9345ad181abd2,File Manager,$52
6297c4bc012073001b3df035,Yandex Inc.,66d858e75634666900b5c527,sega-svd_weapon-stripping,$52
59e4bb543f0fa9a20900afa3,TabTale LTD,5e4aaa26e0c4c00018053e8d,ASMR Slicing iOS_CL,$52
62f2190969aa39001bb4b1fe,Take Top KZ,682c4f5e6883128549d0fb92,Mother Simulator Homemaker,$52
5eb3c48aa80eba00159907c3,Matchingham Games Limited,629e2c9854fddb911e3f6425,MG Impossible Date,$52
5c657afed9e6e60012bab5d9,gamestudiopsv@gmail.com,67a49e9dc1d0e427bfd02fb6,com.cup.draw.ant.hill.test,$52
5fc671cbba624b0015a61bf1,Saygames LTD,6217d4dfac676e1847686d01,Emoji Guess Match Android,$52
56d55c72562b9c353800000d,Voodoo,62712719e6caf11615d8c03a,Flying Cut IOS,$52
6297c4bc012073001b3df035,Yandex Inc.,6718f730f8c021b64d842962,a-vesnin-com_scanword_journal_andr,$52
65e71ba517069f0011a36cfa,Rounds,6668a2ee8ac812b3c390edb5,Face Effects iOS,$52
56d55c72562b9c353800000d,Voodoo,5e6923038f984e47eb5b39d7,Good Slice,$52
561e8d956b8d90f61a003219,"Appodeal, Inc.",68626fa8394e0109dd4a2321,org.kodiakgaming.whispersecrets/766916,$52
561e8d956b8d90f61a003219,"Appodeal, Inc.",6816f6ae16e6847d6f09d56c,com.pit.ghosthunter/767901,$52
5c657afed9e6e60012bab5d9,gamestudiopsv@gmail.com,696e3afaefa06da9cbed4951,com.huawriwatchnewfit2.newappp,$52
561e8d936b8d90f61a00146c,TabTale Ltd.,56c6fc62a30839ca7200003c,Pretty Ballerina iOS_TT,$52
61e93624cf7a710017932586,"Appgeneration, Lda",65d76d117ec96f667da83b14,Radio BO,$52
5c3c9ba19f3cbd45d7dae29c,TapNation,6707e1b7cde9700bb6f05fe7,The Legend of Fireball,$52
5c657afed9e6e60012bab5d9,gamestudiopsv@gmail.com,6a267fbb9d2772ffc62dd228,alta.livefootballtv.hdstream.soccerscore,$52
5c657afed9e6e60012bab5d9,gamestudiopsv@gmail.com,6363e97fbc8a37b77a438745,com.appmaster.cakemaker,$51
561e8d976b8d90f61a003e29,Vizor Apps Ltd,62691be76535126dd75cea8c,Riddle Road Android,$51
6297c4bc012073001b3df035,Yandex Inc.,66bf1a1516d72e3cce1c6bf6,momlife-rsya_com-preggieapp-preggie,$51
5a9d60d3b1c1666c2e0056ba,Homa Games,664385c3a8dc2aebddb7ada6,Gas Station Idle,$51
561e8d936b8d90f61a001168,IsCool Entertainment,5e3403f2de214c0017f1bbd4,Idle Army Base: Tycoon Game,$51
62f2190969aa39001bb4b1fe,Take Top KZ,68e4c972ca8083024f9372b7,World of Drones: FPV Simulator,$51
65e71ba517069f0011a36cfa,Rounds,67bd843b4a068ff910e3ee15,Ultra Volume,$51
5d074f140fbc770017190dd2,RUBY OYUN VE YAZ. DAN. SAN. TIC. A.Ş.,6113c1fb157877919107b218,HunterAssassin2_iOS,$51
5c657afed9e6e60012bab5d9,gamestudiopsv@gmail.com,660ba5b79183acf4e4d9b723,stud.finder.wall.scanner.stud.detector.gold.usa,$51
561e8d936b8d90f61a00146c,TabTale Ltd.,582dbf1880357375100001c2,Ice Princess - Royal Wedding Day iOS_TT,$51
59fb487bbe77065f5800afc3,Azur Games,6164066db6a35afce7d80aba,Art Master,$51
5bec0018c9af0a7962a96f4a,Rollic Games,6405bebef2aab3d34f7b4519,Parking Order,$51
561e8d956b8d90f61a003219,"Appodeal, Inc.",6790738bbd85322fb7867c29,ru.lithiums.autodialer/762436,$51
56d55c72562b9c353800000d,Voodoo,627b7b030baff58195210d27,Bubble Fall 3D IOS,$51
5ab5070d69e58f7fca39bfe6,Green Panda Games,5d67bf5cffce5100182d05fc,Idle Aqua Park iOS,$51
65e71ba517069f0011a36cfa,Rounds,6899d3243825966b1f61a6bc,Noise Machine,$51
56d55c72562b9c353800000d,Voodoo,637389532925bb38330b33fb,The Nom IOS,$51
5c3c9ba19f3cbd45d7dae29c,TapNation,644a28bd11af6ec1f39a0516,Fantastic Bricks,$51
6297c4bc012073001b3df035,Yandex Inc.,69a18810646fe748385252d1,stolitomson_free-vpn-proxy-secure-pro,$51
59e4bb543f0fa9a20900afa3,TabTale LTD,623c721b45376329172927b5,Battery Low Google_CL,$51
5c657afed9e6e60012bab5d9,gamestudiopsv@gmail.com,67acc96ab7c0c84dcaf207ae,com.dream.live.cricket.score.hd,$51
5c657afed9e6e60012bab5d9,gamestudiopsv@gmail.com,69ce68c5a798eff19e7762fd,com.cash.mode.at,$51
60abbe0138d6920017b43190,Newry Global Media sl,63354c04772b54dacc9ce663,IOS178-01 - Food Fighter Clicker - Mukbang,$51
5c657afed9e6e60012bab5d9,gamestudiopsv@gmail.com,690c797c35735890d3499524,appshub.sports.live.cricket.tv.hd,$51
561e8d936b8d90f61a00136a,MWM,5d30366096a07c0018caf735,Metronome [iOS],$51
561e8d956b8d90f61a003219,"Appodeal, Inc.",5bab238301c8ce07399f41d5,de.kamibox.bacon/134258,$51
65e71ba517069f0011a36cfa,Rounds,699344c03630b752386ac3ef,Screen Mirror 1,$51
63d229657d9fc60014b1afdf,Paxie Games,69aa7c059bcb4914bb7d6b1b,Block Reveal,$51
5c657afed9e6e60012bab5d9,gamestudiopsv@gmail.com,64b4ee1f43a665f24b3cf752,ru.DmitryLomakin.ReanimationInc,$50
561e8d926b8d90f61a00013e,Miniclip SA,5fda2c748cc43313b8a0078d,Golf Strike,$50
5dcf09394f6eed0018145e58,Unico Studio LLC,6384e9ab9aa6de84727fae96,City Demolish Android,$50
56d55c72562b9c353800000d,Voodoo,62178599ccfe3baa66227915,Paper.io IOS,$50
65e71ba517069f0011a36cfa,Rounds,694911e40909df412ec55312,Truth Or Dare 1,$50
561e8d946b8d90f61a001f18,Nordcurrent,5c388723a661de0011b73980,Murder in the Alps (windows),$50
65e71ba517069f0011a36cfa,Rounds,6804e3e2c2d810cdad0eee2e,HD Camera Android,$50
561e8d936b8d90f61a001168,IsCool Entertainment,5fb04e2921d6cf73745b79e4,Scrapyard Tycoon Idle Game,$50
6297c4bc012073001b3df035,Yandex Inc.,69bac8e552d4bba2185c8c77,lkxx1314520-gmail-com_com-kgames-icingfishing,$50
61e93624cf7a710017932586,"Appgeneration, Lda",65d77024d1b71b57183c33c9,Radio SK,$50
5c657afed9e6e60012bab5d9,gamestudiopsv@gmail.com,67a49f2b9fe5d49d4b56f856,com.cup.zombie.squad.battle.royale,$50
57398bfe4d0c2a683c0000da,Kefir!,61b0d54cb1c78729e4070cb9,Frostborn iOS,$50
59fb487bbe77065f5800afc3,Azur Games,60e7fab1bf552fa53eba135c,Party Matcher,$50
59fb487bbe77065f5800afc3,Azur Games,62cd27f37c7dd2415825d3a2,Archery Bastions: Castle War,$50
561e8d936b8d90f61a001168,IsCool Entertainment,6980c78fe6f73fe2b583c8c1,Word Flip,$50
5eb3c48aa80eba00159907c3,Matchingham Games Limited,639981346bb5d9dd08cad173,Wild West Sniper_Android,$50
561e8d956b8d90f61a0030cf,Ketchapp,62cc04a1d115a341aee43feb,Kungfu Ragdoll,$50
65e71ba517069f0011a36cfa,Rounds,67b33924e9c06c560856a48d,Ovulation,$50
6297c4bc012073001b3df035,Yandex Inc.,69c265537c25f96d75ccd26f,cutmaster017-gmail-com_com-ddup-zombiewaves-zw-ru,$50
5fc671cbba624b0015a61bf1,Saygames LTD,690b582b35735890d34983bf,I am Not a Robot,$50
5c657afed9e6e60012bab5d9,gamestudiopsv@gmail.com,630370f23ba6d162ffe5b4b5,com.mobikolik.tumgazeteler,$50
5a6f56062c250d182f0056f3,Kwalee Ltd,63f471bc2e74219cb70def7b,Landlord Simulator,$50
561e8d956b8d90f61a003219,"Appodeal, Inc.",5d5c7094b18c9119c1b2a9f2,ru.appscraft.durak/162623,$50
66e545690f05bd0011e185b8,JEDY APPS TECHNOLOGY LTD,68907d85b474a91081b25b37,Phone Cleaner,$49
5dcf09394f6eed0018145e58,Unico Studio LLC,693d99a5dbbe656185db079e,Sortica,$49
5dcf09394f6eed0018145e58,Unico Studio LLC,64da77071acd31e87b5c7877,Color Sort iOS,$49
61e93624cf7a710017932586,"Appgeneration, Lda",65143c38d38855ef54aafc75,Calculator,$49
561e8d956b8d90f61a003219,"Appodeal, Inc.",69173d19d9f422a6a675a35a,com.spnews.kere/774178,$49
561e8d956b8d90f61a002a2f,BoomBit Games Ltd,5fd9e184c343a9dbd019bada,Base Jump Wingsuit Gliding,$49
561e8d956b8d90f61a0030cf,Ketchapp,57eaed1c10f4ccaa54000013,Pineapple Pen,$49
61e93624cf7a710017932586,"Appgeneration, Lda",65d767c127332d35a876baef,Radio FI,$49
59e4bb543f0fa9a20900afa3,TabTale LTD,639afe1c9195863cbaf3ebc8,DIY Locker 3D Google_CL,$49
5eb3c48aa80eba00159907c3,Matchingham Games Limited,6571c427c2a1aa792db24d2d,Hitman_Android,$49
6297c4bc012073001b3df035,Yandex Inc.,66be1634b5852a686fdb64f9,timskiyweb_com-timskiy-pregnancy,$49
65e71ba517069f0011a36cfa,Rounds,68650d3ae9fbfd9368a2144e,Remote for Fire,$49
561e8d956b8d90f61a003219,"Appodeal, Inc.",6909d845e9b383362786c3e6,com.03july.gasnow/773900,$49
5dcf09394f6eed0018145e58,Unico Studio LLC,63f0b653323bf530f32d575a,Popular Words iOS,$49
56d55c72562b9c353800000d,Voodoo,5dcc204c206d705181be75de,Push'em All iOS,$49
65e71ba517069f0011a36cfa,Rounds,679cbbb8ef13facef7af27d0,Audio Music Editor,$49
5eb3c48aa80eba00159907c3,Matchingham Games Limited,66ed63cbd96b6cc4df566f00,Ball Connect_iOS,$49
56d55c72562b9c353800000d,Voodoo,67c5bdc7d4e1c44a52e45c6a,Fort Guardian,$49
65e71ba517069f0011a36cfa,Rounds,691c3c3c47f27a010db4528d,Classic Metronome,$49
5fc671cbba624b0015a61bf1,Saygames LTD,6980b0c98a0253803d28fe78,Screw World 3D,$49
561e8d956b8d90f61a003219,"Appodeal, Inc.",635cdb0c34119f93a6fa4ac3,com.DidOne.Imcomingforyou/738405,$48
5eb3c48aa80eba00159907c3,Matchingham Games Limited,67653c460b2f71906881a028,Ball Connect_Android,$48
59fb487bbe77065f5800afc3,Azur Games,5e03acfe3214347b4714937b,Bike Hop: Be a Crazy BMX Rider - Android,$48
6297c4bc012073001b3df035,Yandex Inc.,69e8c65de3a260bf55facd7d,goyetterosalindayiz-gmail-com_br-com-dod-msx2cas,$48
5fc671cbba624b0015a61bf1,Saygames LTD,61c1cc92846c3dfecfa16a43,Monsters Lab iOS,$48
561e8d926b8d90f61a00013e,Miniclip SA,69e8d763e3a260bf55facfbf,Farm Rush,$48
59e4bb543f0fa9a20900afa3,TabTale LTD,63720ef5bd00d2121e856c93,Evolving Bombs iOS_CL,$48
647064a3001eb40011826210,Zuuks Games,65cdd2cf27332d35a8769d6c,Bus Simulator Ultimate : India,$48
56d55c72562b9c353800000d,Voodoo,5e544ac5627b8a3e222998cc,Rolly Legs,$48
5e072f709b72ee0018763bc3,TAPCLAP,6682a0c1b8c631b497b703db,Mansion Tale (iOS),$48
6297c4bc012073001b3df035,Yandex Inc.,69cd469129ef4f8d2a74575f,lkxx1314520-gmail-com_com-kaigames-coinsortingmaster,$48
65e71ba517069f0011a36cfa,Rounds,67b47bcf7077517f21dbfd2d,Image Converter,$48
65e71ba517069f0011a36cfa,Rounds,69392ee7dcd0ca7503955af6,OffScreen Video,$48
61e93624cf7a710017932586,"Appgeneration, Lda",65d75d1cf31d94e5290f9cd9,Radio ID,$48
56cb43391ba696884900000a,Ilyon Dynamics,637f73cce9340c447ce9c910,amz.master.triple3d.find_m_1620,$48
5c05196699e4374b87bda3b9,Tripledot Studios,689b27f8a2f2d1661e5c5767,Tile Away Android,$48
561e8d946b8d90f61a001509,Outfit7,5240a85594d2cf9702000009,Talking Angela - appstore,$48
56d55c72562b9c353800000d,Voodoo,6304f6bac6c9b2cc4d988ee1,Cube Crusher 3D! IOS,$48
6666afb99ec3300011cdf91d,Appvestor ApS,66df0202eb92fa8376898076,Erasoft - Voice Recorder Pro - com.voicerecorder.audiorecorder.voicenote,$48
561e8d976b8d90f61a004288,Panteon Software,639da65b79cb862b2f99026d,Be My Guest - iOS,$48
56d55c72562b9c353800000d,Voodoo,611bb91c4ce882c49146a176,Destiny Run,$48
561e8d936b8d90f61a00136a,MWM,671125d74e4ec0152413682f,Swipewipe: Nettoyeur de Photos,$48
5a9d60d3b1c1666c2e0056ba,Homa Games,68a885ec1536a94b25bcb183,Rolling in Holes,$48
5a9d60d3b1c1666c2e0056ba,Homa Games,69fb047d8c67ff57b8fe9745,Shredder Jam,$48
561e8d976b8d90f61a003e29,Vizor Apps Ltd,648afea557d2c61437e7c43b,Road Trip iOS,$48
561e8d936b8d90f61a001096,MyGames MENA FZ LLC,5cb5dbcf7b2d1b00112d0993,Juggernaut Wars Android,$48
561e8d936b8d90f61a000f17,Smart Project GmbH,69c541cc44691131e3af0b0d,Yarnia 3D: Wool Unravel Puzzle,$48
5c657afed9e6e60012bab5d9,gamestudiopsv@gmail.com,67651eaaeeca080cadc573da,com.D_One_Games.SchoolboyEscape2,$47
5c05196699e4374b87bda3b9,Tripledot Studios,66d977a6b30e5281d6185461,ColorMaze Android,$47
561e8d926b8d90f61a00013e,Miniclip SA,63fe1b4880ccdaac38a0860e,Mini Tennis iOS,$47
5dcf09394f6eed0018145e58,Unico Studio LLC,674f4fa8515c75f995e76ffe,Number Drop iOS,$47
56d55c72562b9c353800000d,Voodoo,6930611ae2188c0df83d3345,Dice Lords,$47
6297c4bc012073001b3df035,Yandex Inc.,6899d5a652324efbc6cff9f2,qruqrugames_apidersolitaire,$47
65e71ba517069f0011a36cfa,Rounds,685e97fc09db6b4867d6f421,Car Engine Sounds,$47
5cda78f561a35300113a86ab,Moonee,63a1727f71dd2d5026d5d362,Magic Friends: Rainbow Hands,$47
62f2190969aa39001bb4b1fe,Take Top KZ,682c49786883128549d0fae5,Mother Simulator: Family life,$47
65e71ba517069f0011a36cfa,Rounds,67b34af9def9e46cb8d30ec1,App Permission,$47
5dcf09394f6eed0018145e58,Unico Studio LLC,5ec433a91a218600018724e1,Brain Test 2: Tricky Stories,$47
65e71ba517069f0011a36cfa,Rounds,679b3e3dffda0af1dd8c605e,Screen Mirroring,$47
65e71ba517069f0011a36cfa,Rounds,67bc7cb4b5a7d2bd8485bc1b,Tarottum,$47
5c657afed9e6e60012bab5d9,gamestudiopsv@gmail.com,63bbe2e6b2a93dfe3924b355,com.FailGames.RealCarCrash,$47
5c657afed9e6e60012bab5d9,gamestudiopsv@gmail.com,6835c2aa1cd2863ca809003e,6746210199,$47
561e8d956b8d90f61a002a2f,BoomBit Games Ltd,651ea8fd5551fd9849db9b94,Dawn of Ages,$47
561e8d956b8d90f61a003219,"Appodeal, Inc.",6396c5e4023804e08d2480f6,com.redteddy.subwaytrain/739217,$47
65e71ba517069f0011a36cfa,Rounds,6880aee9eb91ef8f5fcc1d57,iSyncr,$47
56d55c72562b9c353800000d,Voodoo,5e304e4dde6ab33eb1a57666,Draw Climber,$47
62f2190969aa39001bb4b1fe,Take Top KZ,68946e86ef1371b917a7b91a,Gladiator Simulator: Arena War,$47
5c657afed9e6e60012bab5d9,gamestudiopsv@gmail.com,69df6d3067d7824cc773e265,com.hfreedbudssetwo,$47
561e8d956b8d90f61a003219,"Appodeal, Inc.",5ca82dfaca7c042ef413fc90,com.carlovers.ladadrift/151113,$47
59fb487bbe77065f5800afc3,Azur Games,5bbba3409e0522795b66673c,Spill It,$47
6297c4bc012073001b3df035,Yandex Inc.,67ab0c179fe5d49d4b570e3e,moon-sugar177_com_moonsugar_esohelper,$47
561e8d956b8d90f61a003219,"Appodeal, Inc.",67b4142f2363a440422ff01a,com.wahiba.brick.classic/765987,$47
59fb487bbe77065f5800afc3,Azur Games,5dee38c8a42c3d59089e7b66,AXES.io,$47
561e8d936b8d90f61a0014ca,LOTUM Media GmbH,6a0c300dacd4a3528682ccf5,Word Search Hotel Android,$47
63d229657d9fc60014b1afdf,Paxie Games,6964feb8a37bf42bb0724ffe,Water Shooter,$47
561e8d936b8d90f61a001260,MAG Interactive,65d355fed1b71b57183c2769,Wordbubbles,$47
58737456236d8f446400071c,FIOGONIA LIMITED,65fdad7c896437e3f9e69b0b,Solitaire android Fiogonia,$47
561e8d956b8d90f61a003219,"Appodeal, Inc.",67d8fea70a8895d7f09c2a56,com.wahiba.checkers/766549,$46
65e71ba517069f0011a36cfa,Rounds,67c06f52b5a7d2bd8485cec9,Alarm Clock,$46
561e8d956b8d90f61a0030cf,Ketchapp,686ce50935bf0df8a13d3a68,IdleConstruction3D,$46
561e8d956b8d90f61a003219,"Appodeal, Inc.",61091f2b18322911d02995e5,com.BattleLab.BuildNowGG/704324,$46
65e71ba517069f0011a36cfa,Rounds,67b47cc17077517f21dbfd43,iOS Launcher,$46
65e71ba517069f0011a36cfa,Rounds,6808dda839da3f86ec0a0d98,Compress Image,$46
5c657afed9e6e60012bab5d9,gamestudiopsv@gmail.com,6a06c337e4121ec63672dd28,com.kidstec.cursodeviolaoiniciante,$46
5fb510aa8072bf0015d8d59d,Tap2Play LLC,62ea2b6d0e33bb257d50d665,MFG_IOS_Merge Fighters,$46
561e8d956b8d90f61a002a2f,BoomBit Games Ltd,68b843eba509f9a037747d64,Auto Land,$46
5c3c9ba19f3cbd45d7dae29c,TapNation,686ce106df49b79de0b0a875,Hidden Objects,$46
561e8d956b8d90f61a003219,"Appodeal, Inc.",6460dd3c802fa32783590673,net.defensezone3/747076,$46
5c657afed9e6e60012bab5d9,gamestudiopsv@gmail.com,691d7a48dc361519673ae970,com.veepen.veepen,$46
56d55c72562b9c353800000d,Voodoo,67878363d4c09b31cb1088f4,Hex Defense!,$46
561e8d936b8d90f61a001168,IsCool Entertainment,5fb04da6a198607354a49c5d,Scrapyard Tycoon Idle Game,$46
561e8d956b8d90f61a003219,"Appodeal, Inc.",69b9394d3c7d0f0d0e60d438,com.Scantera593thzp.app/777369,$46
65e71ba517069f0011a36cfa,Rounds,679b2cf5c1d0e427bfd01452,Find My Bluetooth,$46
561e8d956b8d90f61a003219,"Appodeal, Inc.",6840c7c77da524063ae10a93,com.Prism113.HalfSteelGladiatorSword/768633,$46
5a6f56062c250d182f0056f3,Kwalee Ltd,63e12edb7c98113bfb9ea964,Who Done It,$46
561e8d936b8d90f61a00059f,Wooga,5c6423876da11d00114db778,Tropicats_Android,$46
561e8d956b8d90f61a003219,"Appodeal, Inc.",67685f1b106a4471a57c6258,com.madt.brawlsimulator/764689,$46
65e71ba517069f0011a36cfa,Rounds,67bc9994b5a7d2bd8485bc70,Notepad Webron,$46
5c3c9ba19f3cbd45d7dae29c,TapNation,63f0a7bfe2447d38c70e49dd,Parking Jam,$46
5c05196699e4374b87bda3b9,Tripledot Studios,645dd790fe20a95ccb12bc65,Sortago,$46
5c657afed9e6e60012bab5d9,gamestudiopsv@gmail.com,6512ab4148832e941ea4a8af,com.mymedia.tvuzbekistan,$46
56cb43391ba696884900000a,Ilyon Dynamics,6797a3e4ffda0af1dd8c5664,com.michael.tycoon_company_manager,$46
6021599b8b3e5600159fcc76,HITAPPS GAMES LTD,60894022b30550ae7e957f71,Mr Logic Android,$46
5c657afed9e6e60012bab5d9,gamestudiopsv@gmail.com,669e6881e33c9a5487419e9a,com.cup.dig.draw.defense.test,$46
561e8d956b8d90f61a003219,"Appodeal, Inc.",608cbd9f08bcca27d93da50f,minecraft.modmaster.minecraft/696567,$46
5a9d60d3b1c1666c2e0056ba,Homa Games,62b317f3349ede428b5aac5d,Crowd Defense!,$46
5c3c9ba19f3cbd45d7dae29c,TapNation,5f030b5424a41500013d4409,Sneaker Art!,$46
5a6f56062c250d182f0056f3,Kwalee Ltd,62e2d8b2f08f6acac5cfc3ef,Tow N Go,$46
5fc671cbba624b0015a61bf1,Saygames LTD,68558165ffaac6a17b38400d,Dominoes Tour,$46
561e8d956b8d90f61a002a2f,BoomBit Games Ltd,61e5439df4ca9fc444baa742,Bowling Club: PvP Multiplayer ANDROID,$46
5a9d60d3b1c1666c2e0056ba,Homa Games,5db0133bdb8e200011923d92,Sky Roller,$45
664e27f28ffbbf0011f1d3b8,Grand Games,699c510d038a3a1bb31e84f1,Block Star,$45
561e8d956b8d90f61a002a2f,BoomBit Games Ltd,5eec8d344314cc0001b4fd9f,Bike Jump,$45
561e8d956b8d90f61a002a2f,BoomBit Games Ltd,66797ff1efa7b310eb761d96,Train Delivery Simulator,$45
5c657afed9e6e60012bab5d9,gamestudiopsv@gmail.com,612f5a44282c1933bee703ad,com.rud.twelvelocks4,$45
65e71ba517069f0011a36cfa,Rounds,68da9689c6678f9cb4768ab1,Universal TV Remote,$45
5fc671cbba624b0015a61bf1,Saygames LTD,63985b9267f6f1d44bc3147b,Hobo Life,$45
5c3c9ba19f3cbd45d7dae29c,TapNation,662fbba4ae48325f6e04fcd0,Vendetta Mafia Shooting,$45
5c657afed9e6e60012bab5d9,gamestudiopsv@gmail.com,626a616cf3f802997f4e055d,com.WetBox.Kuzbass,$45
561e8d956b8d90f61a003219,"Appodeal, Inc.",685bd321e06142e32ada7fd0,com.roma6125.Pdde/760296,$45
65e71ba517069f0011a36cfa,Rounds,67b5b33edef9e46cb8d31a35,Photo to PDF,$45
561e8d936b8d90f61a0011da,Tactile Entertainment,622f0369d6705668154f2f2f,Cookie Cats [App Store],$45
627b73f7023d420018e2f038,Chardonnay Partners LLC,65252b3f22e02a63334660b7,Just Blocks iOS,$45
5e3692d21cd3cb0018dd4329,SuperSonic Studios,66390d5bf7eab0b53302037f,Park Match!,$45
6297c4bc012073001b3df035,Yandex Inc.,68765db261fad0cbc8863c36,redborgames_simulatorofpyrotechnics3,$45
561e8d936b8d90f61a001168,IsCool Entertainment,61f41f8ebaa72ffc58df300e,Crossword - Star Of Words,$45
5e3692d21cd3cb0018dd4329,SuperSonic Studios,60473ad76745d6bc81290150,911 Emergency Dispatcher,$45
56d55c72562b9c353800000d,Voodoo,6123957b0e9ad838042b48f7,Flexible Run 3D,$45
5c657afed9e6e60012bab5d9,gamestudiopsv@gmail.com,69837262a890edd2b56e769f,net.fouruvpn.vpn4u,$45
59fb487bbe77065f5800afc3,Azur Games,62e1413a0292f74d5c09202c,Monster Play Time,$45
561e8d966b8d90f61a00392d,WISE WAVE CORPORATION LIMITED,61f56dba3ea49ad46c2e7f2f,Vegas Craps,$45
5fb510aa8072bf0015d8d59d,Tap2Play LLC,6542978817328877a39ed653,MAT_ANROID_Mow and trim,$44
5c657afed9e6e60012bab5d9,gamestudiopsv@gmail.com,698b01260df678167264d1f1,com.hweawe.iwwqtchtineepll,$44
65e71ba517069f0011a36cfa,Rounds,6909671a35735890d34967ad,Screen Rotation Control,$44
59fb487bbe77065f5800afc3,Azur Games,67370aad4155c11e27684437,Pocket Tales,$44
561e8d956b8d90f61a003219,"Appodeal, Inc.",5d37ff98702d18719baae4cc,net.astrangestudio.noff/158472,$44
561e8d936b8d90f61a00146c,TabTale Ltd.,5a7d95da6db1da3362000592,Acrobat Star Show iOS_TT,$44
5c657afed9e6e60012bab5d9,gamestudiopsv@gmail.com,645218f70ccf9ed0c9ba1489,com.gia.iloveftd,$44
5a9d60d3b1c1666c2e0056ba,Homa Games,64c0cbba78e8e1cc6298b464,Spider Solitaire,$44
65e71ba517069f0011a36cfa,Rounds,698de12d3630b752386a7ace,Zip Extractor 3,$44
5a9d60d3b1c1666c2e0056ba,Homa Games,668bedbbb8c631b497b72053,Tool Evoluion,$44
561e8d936b8d90f61a001168,IsCool Entertainment,62bc329c277c9b79535c35f3,Idle Tap Racing: Tycoon Game,$44
5fb510aa8072bf0015d8d59d,Tap2Play LLC,658eb9e63d17c7a5d543dfb4,BOS_ANDROID_Bow Smash,$44
5bb6123fa4ae3604537ad781,Fugo Games,64c3896978e8e1cc6298b90c,ZomBees - Shooter iOS,$44
561e8d936b8d90f61a001260,MAG Interactive,65d355629a4122e9e0de8d1e,Word Mansion,$44
65e71ba517069f0011a36cfa,Rounds,67a0cad0ac670fb86b0871ff,Lotto Draw,$44
561e8d976b8d90f61a00402a,Gameloft - Master Account,57fe50a80866ec67220000a2,Sniper Fury: best shooter game,$44
606b29ab14eb890015bd2f01,WeeWoo Mobile,61f2bc417120c8140bb007a0,GPS162-01 - SUPER PADS DJ - Drum Launchpad,$44
5c657afed9e6e60012bab5d9,gamestudiopsv@gmail.com,69aa98bdc4789db9ed1b5f54,com.hadieditz.ertugrul.urdu,$44
6512d2afa685240011970ef7,Sophun Games Limited,686e935a675b99fe079dab4e,Guru Mahjong,$44
561e8d956b8d90f61a003219,"Appodeal, Inc.",58fe08b9bd529c8d60000c29,net.elvista.kozel/71955,$44
5eb3c48aa80eba00159907c3,Matchingham Games Limited,63dd176d9b5510bd7ce1ee80,Fate Puzzle_IOS (BOLGA),$44
5c657afed9e6e60012bab5d9,gamestudiopsv@gmail.com,69e8c8eab1e4be9ed988917f,com.mystic.hcric.cricket.updates,$43
59fb487bbe77065f5800afc3,Azur Games,62a20d86d0e9eca5f26650f9,Human Ragdoll Shooter,$43
5e3692d21cd3cb0018dd4329,SuperSonic Studios,642bf03f171a6877377fc20c,Worm Car,$43
5eb3c48aa80eba00159907c3,Matchingham Games Limited,64c7bf12beec0a16719b9651,Happy Ending_Android,$43
5eb3c48aa80eba00159907c3,Matchingham Games Limited,638614a1d0e2028c61bf2949,Archer Attack 3D_IOS,$43
561e8d976b8d90f61a004288,Panteon Software,5df786e1b505350018caed6a,Goal Party,$43
5ab5070d69e58f7fca39bfe6,Green Panda Games,627940df61df55139c84de67,Spider Solitaire Clone,$43
5c657afed9e6e60012bab5d9,gamestudiopsv@gmail.com,669a0ff4b249ef5e5a7aeb79,com.update.apps.software.update,$43
5c657afed9e6e60012bab5d9,gamestudiopsv@gmail.com,69df6a90b6a93be17be95aa7,com.hythreetwenttyaop,$43
56d55c72562b9c353800000d,Voodoo,64ef6582fb7f54da9accb0da,Bubble-Tower ANDROID,$43
5bec0018c9af0a7962a96f4a,Rollic Games,63a4308cf67113d9f65b625a,MergeHooks,$43
65e71ba517069f0011a36cfa,Rounds,679a3b5ec1d0e427bfd011b7,Cleanup and Speedup,$43
561e8d956b8d90f61a003219,"Appodeal, Inc.",68c153910ed903cf7fcea8cc,com.DimaVova.CaseSim/768328,$43
5a8a9eca79a4da360300055d,Popcore GmbH,5e75d94a55fdd1000173a5de,Pull the Pin,$43
561e8d956b8d90f61a003219,"Appodeal, Inc.",593b0214ec08104c1800130e,fun.arts.studio.rotate.baraban/71161,$43
561e8d956b8d90f61a003219,"Appodeal, Inc.",63255befd3a73abffd99daf7,com.ALTenia.HomeGardenLulu/736665,$43
62f2190969aa39001bb4b1fe,Take Top KZ,675c01af18487b3be65a8977,Beam Drive Ramp Car Crash Android,$43
59fb487bbe77065f5800afc3,Azur Games,64b135bd5bb311e36806f73d,Cube Zone io,$43
6297c4bc012073001b3df035,Yandex Inc.,690cc7c9014d90d945f3c250,phamhagiang612-gmail-com_com-blinkgames-circularnumberpuzzle2248,$43
5c657afed9e6e60012bab5d9,gamestudiopsv@gmail.com,62628326835f3c10edb5e5cb,Russian Village Simulator 3D,$43
65e71ba517069f0011a36cfa,Rounds,67b436fee9c06c560856a8ab,Real Electro Drum,$43
5eb3c48aa80eba00159907c3,Matchingham Games Limited,6196a792bf568d79aed43d80,Braindom 3_Android,$43
56d55c72562b9c353800000d,Voodoo,6089489c75dd901713184342,100 Years - Life Simulator,$43
65e71ba517069f0011a36cfa,Rounds,67a0b5beac670fb86b08719d,Perfect Metronome,$43
61e93624cf7a710017932586,"Appgeneration, Lda",65d775be25cdf63cf9a2d744,Radio JP,$43
65e71ba517069f0011a36cfa,Rounds,68f21f55278f041184331433,Video Mp3 Convert,$43
561e8d956b8d90f61a003219,"Appodeal, Inc.",5a449369eb59d1410c00b6ab,mingle.android.mingle2/95262,$43
561e8d976b8d90f61a003e29,Vizor Apps Ltd,65f00623e2703b0ee7fb299f,Road Trip RU GP,$43
67a0d88e77bd1c00117ad4f5,Rock Rim Media Inc,67dead3049fb3a4f68f52f27,"VK: music, video, messenger",$43
5c657afed9e6e60012bab5d9,gamestudiopsv@gmail.com,65ddf4a17f94e82ba925fd98,6452801120,$43
561e8d966b8d90f61a00392d,WISE WAVE CORPORATION LIMITED,67a1dfe65c0575584f324841,Ultimate Holdem by Pokerist,$43
561e8d946b8d90f61a001509,Outfit7,5240a89194d2cf970200000b,Talking Angela for iPad,$43
56d55c72562b9c353800000d,Voodoo,620a7fff0b6dd752967c9d44,Splashy! IOS,$43
5e3692d21cd3cb0018dd4329,SuperSonic Studios,61a5fb8234c253447f41f647,Fashion Trends,$43
5c657afed9e6e60012bab5d9,gamestudiopsv@gmail.com,698c3b960df678167264e6cc,6749019142,$42
60240068eca1f300150d7e56,BoomHits Sp. z o.o.,625955c8aef069000a6fea17,Cat Life Simulator,$42
5fb27298d8ff880015e84750,MNO GO APPS LTD,65706261bac8a9b2d3df3bf5,Liza,$42
561e8d956b8d90f61a003219,"Appodeal, Inc.",658716ed6d98f695cf56580b,com.tavintsev.zf3/755388,$42
5fc671cbba624b0015a61bf1,Saygames LTD,62a99c2f54c56e7aa910c61d,My little things,$42
561e8d936b8d90f61a00146c,TabTale Ltd.,5ba4c234e832c007517903db,Dream Wedding Planner Game iOS_TT,$42
5e3692d21cd3cb0018dd4329,SuperSonic Studios,61ee7f0b5a2ecf9deae6a0ef,Arm Simulator,$42
61e93624cf7a710017932586,"Appgeneration, Lda",65d766bc27332d35a876bad0,Radio HK,$42
65e71ba517069f0011a36cfa,Rounds,6826ffdb67fc2e28cfbd6f85,Male Voice Change,$42
6297c4bc012073001b3df035,Yandex Inc.,687776ce61fad0cbc88649aa,redborgames_simulatorofpyrotechnics4,$42
561e8d956b8d90f61a003219,"Appodeal, Inc.",5a300a4035b68faf71002764,it.spaghettiinteractive.burracopiu/86406,$42
561e8d926b8d90f61a00013e,Miniclip SA,5ba90e10b9cb8e04476e5dd1,Flip Skater,$42
5c657afed9e6e60012bab5d9,gamestudiopsv@gmail.com,6486c84f8043e4e81e25097c,intechsolutions.photoenhancer,$42
5bec0018c9af0a7962a96f4a,Rollic Games,6401ce63997c1486ab57ee63,ParkingOrder,$42
6297c4bc012073001b3df035,Yandex Inc.,6655d43143ca86af46080a79,anton-iv87_com.hornedfrog.hamsterbank,$42
59fb487bbe77065f5800afc3,Azur Games,654a06e961762ea200530e6c,Ship Simulator,$42
65e71ba517069f0011a36cfa,Rounds,67a4849e9fe5d49d4b56f780,Love Quotes,$42
561e8d956b8d90f61a003219,"Appodeal, Inc.",60aabdd5641f643d5490a787,com.almondstudio.crossword/704922,$42
6021599b8b3e5600159fcc76,HITAPPS GAMES LTD,61f402eab226311d35b2ca2a,Blockin Color Android,$42
5fc671cbba624b0015a61bf1,Saygames LTD,5f3f8eebfd3a5600017c793d,Staff Android,$42
5c657afed9e6e60012bab5d9,gamestudiopsv@gmail.com,658c27c3254e343a3e71f346,com.gametov.carforsale,$42
65e71ba517069f0011a36cfa,Rounds,689450b8ef1371b917a7b64c,Toshiba TV Remote,$42
65e71ba517069f0011a36cfa,Rounds,690970ad98a1f1e2d3338094,Sound Booster for headphones,$42
561e8d956b8d90f61a003365,Fingersoft Oy,683047756883128549d1294a,LEGO Hill Climb Adventures,$42
6297c4bc012073001b3df035,Yandex Inc.,69cce8e78a916d2a311578d2,lkxx1314520-gmail-com_com-kaigames-wallrollermaster,$42
561e8d956b8d90f61a003219,"Appodeal, Inc.",65de02f77ec96f667da84c4e,com.baylife.sleeptimer/740503,$42
561e8d956b8d90f61a002a2f,BoomBit Games Ltd,58456020966c45a42b0001db,Bridge Lowpoly ANDROID,$42
5fc671cbba624b0015a61bf1,Saygames LTD,6977558e9557abdc3c8db945,Jigmerge Solitaire,$42
56d55c72562b9c353800000d,Voodoo,60228c73605970f62a622b0b,Fail Run,$42
5fc671cbba624b0015a61bf1,Saygames LTD,6040b90c6b2edbd5ba2c91e9,I am Bob,$42
561e8d956b8d90f61a003219,"Appodeal, Inc.",69075f9f35735890d34950e3,com.welg.wd2/770148,$42
5e3692d21cd3cb0018dd4329,SuperSonic Studios,64ae86f19018de0fbec59b83,Click To Life,$42
65e71ba517069f0011a36cfa,Rounds,67b4517ddef9e46cb8d31385,Ocr Image to Text,$42
5c657afed9e6e60012bab5d9,gamestudiopsv@gmail.com,68ad691c1923fedc156c595a,com.VJGames.MeInsideHorrorAdventure,$42
5cda78f561a35300113a86ab,Moonee,615ff2029e54fa2c50b22192,Whip Master iOS,$41
561e8d956b8d90f61a002a2f,BoomBit Games Ltd,6228c11175eb6f89db58db9e,Idle Farm ANDROID,$41
561e8d936b8d90f61a000da4,XIMAD Inc.,63402f1c8df14bedbd958c00,Puzzle Villa iOS,$41
65e71ba517069f0011a36cfa,Rounds,68a85463d550cf60ba81fad0,Ai Speech Chatbot,$41
5c657afed9e6e60012bab5d9,gamestudiopsv@gmail.com,67b85d61cf89a5b27bdda3f0,com.streaming.solution.gtv.live,$41
65e71ba517069f0011a36cfa,Rounds,677fa9812e341ddcbb6d53ce,Doc Scanner,$41
5c657afed9e6e60012bab5d9,gamestudiopsv@gmail.com,64dc9df499eac20203d75e32,6450266295,$41
5bec0018c9af0a7962a96f4a,Rollic Games,61c2e89e9edf4abb208addc8,I Want Pizza,$41
5c657afed9e6e60012bab5d9,gamestudiopsv@gmail.com,69d4faf09d2d32b0f056aabe,com.artech.avaritia,$41
5fc671cbba624b0015a61bf1,Saygames LTD,68ac89b31923fedc156c4f85,Weapon Ball Battles,$41
5c657afed9e6e60012bab5d9,gamestudiopsv@gmail.com,6748817d6072c557911a6e75,com.LastCall.OperSueta,$41
57ab0b38c6ebd5c83300007e,Good Job Games (Azur),601da822b5a89676b406112b,Jelly Dye Android,$41
5fc671cbba624b0015a61bf1,Saygames LTD,6970bc3f9557abdc3c8d5855,Triple Match,$41
561e8d936b8d90f61a0011da,Tactile Entertainment,622f0b2042421302ba374789,Disco Ducks [Google Play],$41
5e05c0a26057ae0017e7d51c,FlintCast s.r.o.,5e32b5ed8678fd001809dee4,SweetMeet Ios,$41
65e71ba517069f0011a36cfa,Rounds,679cc7ebc1d0e427bfd018b6,Flora Photo Frame,$41
5c657afed9e6e60012bab5d9,gamestudiopsv@gmail.com,69a045a5646fe74838523f9e,com.SevenBulls.CounterAttackShooter,$41
619b548fc9c9c1001796f1f6,Gimica GmbH,64f1ae6de791dfb0b165915f,Crystal Crush,$41
63d229657d9fc60014b1afdf,Paxie Games,69bbbd5760b51605279deacc,Twisted Arrows,$41
619b548fc9c9c1001796f1f6,Gimica GmbH,69ca8082a1176c00b1ac016e,Tripeaks Adventure,$41
69eb7528a33b05d61de623e5,DVapps AB,6a09a67b76e194de3dfc8180,House of Slendrina iOS,$41
5eb3c48aa80eba00159907c3,Matchingham Games Limited,64d11035901d44365f6d3c50,Rocket Attack_iOS,$41
5c657afed9e6e60012bab5d9,gamestudiopsv@gmail.com,6839a36a39e1c3b9776e4e07,6742362315,$41
65e71ba517069f0011a36cfa,Rounds,67b5f27f390c720c73a0e3e9,Live Mic,$41
5735de0ebcd1970756000054,PLAYGENDARY LIMITED,5d7772d1265d340018bc7e09,TotM: Color (Android),$41
6297c4bc012073001b3df035,Yandex Inc.,69df9aeb67d7824cc773e65e,niuniu20250729_com.securelink.firevpn,$41
5c657afed9e6e60012bab5d9,gamestudiopsv@gmail.com,698c92220df678167264ee9a,6736705775,$40
59fb487bbe77065f5800afc3,Azur Games,5f0c79b5c2fd920001ea543f,Tower Craft 3D - Idle Block Building Game,$40
65e71ba517069f0011a36cfa,Rounds,67b46e1f1be9345ad1819fe9,Wmar,$40
561e8d936b8d90f61a001096,MyGames MENA FZ LLC,5c0542dcd7989c0019cb1f7e,HAWK iOS,$40
6093fd75b33a50001533d418,Goodgame Studios,63a358591cbd1f69dfe2ee31,BitLife FR - Android,$40
561e8d956b8d90f61a002a2f,BoomBit Games Ltd,57adc4294f0ca29e2700004a,Archery Club Tournament,$40
56cb43391ba696884900000a,Ilyon Dynamics,65ae2c77f1469e52d8c7f924,com.link.bubble_a_1623,$40
6297c4bc012073001b3df035,Yandex Inc.,66bb56a50be6380351b5165e,creakosta2_com.radbrothers.mahjong.unlimited.classic.game.kids.adults.free,$40
65e71ba517069f0011a36cfa,Rounds,67b44a7e2363a440422ff203,Whats Web Tools,$40
65e71ba517069f0011a36cfa,Rounds,67f38b169d7c18be38355aa0,Smart Watch,$40
561e8d976b8d90f61a003bab,Estoty LLC,64afe6da43a665f24b3cf11b,Mars Survivor,$40
5eb3c48aa80eba00159907c3,Matchingham Games Limited,64808771cc5f37f0d657f346,Impossible Date 2_Android,$40
6297c4bc012073001b3df035,Yandex Inc.,66a24c2de33c9a548741ae1d,t5555559_com.BlackFoxEntertainment.DriftLegends2,$40
6297c4bc012073001b3df035,Yandex Inc.,674597edfa70582cee6bff49,arn002_pdd_ios,$40
65e71ba517069f0011a36cfa,Rounds,6668a1d2506818ca19820043,Gallery Vault iOS,$40
5c657afed9e6e60012bab5d9,gamestudiopsv@gmail.com,6225c19a4e87be334dafbea2,Pixel Combat: Zombie Games 3-D iOS,$40
59fb487bbe77065f5800afc3,Azur Games,6943e2dd9aa432e02d695014,Zone X,$40
5c3c9ba19f3cbd45d7dae29c,TapNation,668e4dafd8791ab1369443c8,Summer Wheelie,$40
5a9d60d3b1c1666c2e0056ba,Homa Games,60d1b8f81c0186bb4773a9d8,Kaiju Run,$40
5c3c9ba19f3cbd45d7dae29c,TapNation,5ff58acd9d131459c47d50bc,Giant Rush!,$40
59fb487bbe77065f5800afc3,Azur Games,62e0fa090265ed3fbab1b703,Police Rage,$40
5fc671cbba624b0015a61bf1,Saygames LTD,60d9fd88cf060738e6d6bd1f,Mini Market Android,$40
6297c4bc012073001b3df035,Yandex Inc.,68d286a180140f538afbc895,albert-bagamanshin_com-simple-pro-fast-unlimited-private-vpn,$40
5eb3c48aa80eba00159907c3,Matchingham Games Limited,69f487e8a67bde4aa3b2e003,Arrow Puzzle_iOS,$40
5fc671cbba624b0015a61bf1,Saygames LTD,68e652ae66f9b7bb4886c10c,I am Not a Robot,$40
5c657afed9e6e60012bab5d9,gamestudiopsv@gmail.com,6790d71ef372f630d3b73d17,com.eg.horrortale3,$40
561e8d956b8d90f61a0030cf,Ketchapp,58d0e99878aed5dc7f0001d7,Space Frontier,$40
65e71ba517069f0011a36cfa,Rounds,69f07fba4e0ef4f1aa266b0b,Voice Recorder 1,$40
5dcf09394f6eed0018145e58,Unico Studio LLC,66f5b22ee46ccf8835ad12a7,Water Sort Android,$40
561e8d936b8d90f61a00146c,TabTale Ltd.,57e8f5b88b2389dd1600005b,Shopping Mall Girl iOS_TT New,$40
61e93624cf7a710017932586,"Appgeneration, Lda",6762dc4b364caaf5ba12e149,Freecell,$40
65e71ba517069f0011a36cfa,Rounds,68790c665283df928d630617,Bow Wallpaper,$40
59e4bb543f0fa9a20900afa3,TabTale LTD,63b579791d9d4e9cae1c898c,Elevator Sorting iOS CL,$40
65e71ba517069f0011a36cfa,Rounds,682202115d76eda5a687898b,Cube Solver,$40
65e71ba517069f0011a36cfa,Rounds,694834b80909df412ec545da,Block Wifi,$40
561e8d976b8d90f61a003bab,Estoty LLC,65815227cc3971d18e90fd84,Street Bunny,$40
65e71ba517069f0011a36cfa,Rounds,67c041a1d85e20dacde1a053,Home Workout,$39
5a6f56062c250d182f0056f3,Kwalee Ltd,63e12fafabb1b94796fcabe0,Who Done It,$39
5c6a96f373ca3d6bbe3fff38,AppQuantum,62cfff90efea7359d054af34,Deep Town: Idle Mining Tycoon GP,$39
59fb487bbe77065f5800afc3,Azur Games,68a43459d1922615aa7882c7,Modern Gunships: AC130 WarGame,$39
56d55c72562b9c353800000d,Voodoo,6176baa890c4aef9e4b8471e,Trampwall iOS,$39
5c657afed9e6e60012bab5d9,gamestudiopsv@gmail.com,63e4bc89fa50358bf0f2ebb7,com.minecraft_mc_addon.roblox_mod,$39
65e71ba517069f0011a36cfa,Rounds,67bd922dfb32c9bf51cef063,iCallScreen,$39
5eb3c48aa80eba00159907c3,Matchingham Games Limited,66decb407989ef3cdecb872d,Cop Pursuit_Android,$39
5c657afed9e6e60012bab5d9,gamestudiopsv@gmail.com,67ec035392e18aa254c99185,com.funfuse.tongits,$39
5a6f56062c250d182f0056f3,Kwalee Ltd,5ae4ff8ec3f90a605778fb4e,Looper!,$39
5eb3c48aa80eba00159907c3,Matchingham Games Limited,6409a8d977da82ce19645dd2,Contract Sniper_Android,$39
5e3692d21cd3cb0018dd4329,SuperSonic Studios,61d172cb8d9c745cec18be19,My Mini Mart,$39
60abbe0138d6920017b43190,Newry Global Media sl,656f4eb30c33641a15cb1835,IOS212-01 - Arm Wrestling,$39
59e4bb543f0fa9a20900afa3,TabTale LTD,60e434f37cd42e007454e972,Judge 3D,$39
56d55c72562b9c353800000d,Voodoo,64133b973c04a8af10e5a088,Gunship Operator 3D ANDROID,$39
59fb487bbe77065f5800afc3,Azur Games,5f7c56d1dfe948be11e6434f,TapTap Match iOS,$39
65e71ba517069f0011a36cfa,Rounds,67b6de482363a440422ffc5a,SquareDroid,$39
59e4bb543f0fa9a20900afa3,TabTale LTD,647dc3ec8f54ef92f298e53d,Military Academy 3D Google_CL,$39
63d229657d9fc60014b1afdf,Paxie Games,643810adee7adadeacb6e602,Tile Star iOS,$39
561e8d956b8d90f61a0030cf,Ketchapp,5d12191bfe3d6f00112d3052,Origame,$39
65e71ba517069f0011a36cfa,Rounds,6799e1bdb7c0c84dcaf1cb55,Screen Translation,$39
60abbe0138d6920017b43190,Newry Global Media sl,64bfc95bbeec0a16719b89ff,GPS201-01 - Smart Switch: Transfer my Data,$39
65e71ba517069f0011a36cfa,Rounds,67bd99edee9356aafba1bda2,Notes Organizer,$39
5fb27298d8ff880015e84750,MNO GO APPS LTD,6751c32766f7704dca590924,ZenQuiz,$39
5c657afed9e6e60012bab5d9,gamestudiopsv@gmail.com,65f448617f07c7cab8163d59,tepteev.ihar.biblia_takatifu.AOURLCUBZSMVVVVE,$39
63d229657d9fc60014b1afdf,Paxie Games,697a38b573c0a231fff82e7c,Wood Rush Puzzle,$39
561e8d956b8d90f61a003219,"Appodeal, Inc.",566436dc27af870935000015,com.spcards.cards2/10667,$39
5c657afed9e6e60012bab5d9,gamestudiopsv@gmail.com,66727d32429c14443ac5f985,com.BaldPanther.MadGran.Scary.Horror.Escape,$39
56d55c72562b9c353800000d,Voodoo,59de4ee9598ece4217007331,Stack Jump iOS,$39
627b73f7023d420018e2f038,Chardonnay Partners LLC,650c4c8f48832e941ea4a15f,join blocks android,$39
59fb487bbe77065f5800afc3,Azur Games,654b970379812c40ce1fd5c0,Find Easy,$39
5c657afed9e6e60012bab5d9,gamestudiopsv@gmail.com,6576c4dd85ac87f19ca821c2,1532414772,$39
5c657afed9e6e60012bab5d9,gamestudiopsv@gmail.com,64ba7cfd1762e19d4275d4de,1553882885,$39
5c657afed9e6e60012bab5d9,gamestudiopsv@gmail.com,692edaa8b88dcb4daa96cc65,com.dev.veksh,$39
60abbe0138d6920017b43190,Newry Global Media sl,674f0123f7531ac185603499,GPS239-01 - Antivirus: Virus Cleaner,$39
5a6f56062c250d182f0056f3,Kwalee Ltd,5e2ecf6900ff0300118907da,Go Fish,$38
5eb3c48aa80eba00159907c3,Matchingham Games Limited,6687cbaa3a2fe58e1516a45a,Duo Shooter_Android,$38
5a9d60d3b1c1666c2e0056ba,Homa Games,6690f5bed8791ab136944b86,Kingland,$38
65e71ba517069f0011a36cfa,Rounds,67b88856cf89a5b27bdda49e,Global Themes,$38
6297c4bc012073001b3df035,Yandex Inc.,67f919bb0e7f5e9548876687,"birds-avs_Пасьянс ""Паук"" классический",$38
5a6f56062c250d182f0056f3,Kwalee Ltd,620a329d3406890af54d4ccd,Build Your Vehicle,$38
65e71ba517069f0011a36cfa,Rounds,67b82cb12363a4404230026d,Equalizer Sound Booster,$38
561e8d936b8d90f61a0011da,Tactile Entertainment,622f067d74c7b41a06061da3,Cookie Cats [Google Play],$38
59e4bb543f0fa9a20900afa3,TabTale LTD,5f180628a408f10001c71fee,I can paint iOS_CL,$38
65e71ba517069f0011a36cfa,Rounds,67750a56364caaf5ba131cee,Lyrebird Mirror,$38
56d55c72562b9c353800000d,Voodoo,61d855122d0bf4c5eea473e7,Battery Run ANDROID,$38
5bec0018c9af0a7962a96f4a,Rollic Games,6943a3d19aa432e02d694967,PencilLoop,$38
65e71ba517069f0011a36cfa,Rounds,666840298ac812b3c390ec9c,Ghost Detector iOS,$38
561e8d936b8d90f61a001168,IsCool Entertainment,61f96c129217de58d84775eb,Word Magnets,$38
65e71ba517069f0011a36cfa,Rounds,68793553eb91ef8f5fcbe8f0,Logo Designer GP,$38
5b5ec3e8337f272131edc824,MadBox,69773a4cd4ba143db9066c56,Mini Ants Empire,$38
5a8a9eca79a4da360300055d,Popcore GmbH,5e7511b806dfd900012383de,Parking Jam 3D,$38
5a9d60d3b1c1666c2e0056ba,Homa Games,617d8b4372b9650159bb4d04,Zookemon,$38
561e8d956b8d90f61a003219,"Appodeal, Inc.",65bbea7a285feb210062a39d,com.WAVEFORM.SkibidiLab/756282,$38
5c657afed9e6e60012bab5d9,gamestudiopsv@gmail.com,692eaea5ccbc98e78b98a774,1089890170,$38
561e8d956b8d90f61a003219,"Appodeal, Inc.",66accf8baef015d56fedd106,com.plexygame.horror/761016,$38
59fb487bbe77065f5800afc3,Azur Games,6808c03c2568b8f33495af50,My Pocket Farm,$38
5c05196699e4374b87bda3b9,Tripledot Studios,65cf4dcc6e430136035ae633,Triple Tile - China,$37
59fb487bbe77065f5800afc3,Azur Games,63a174dbd78a000bb1798551,Eating Hero,$37
6297c4bc012073001b3df035,Yandex Inc.,6718c37609f72ec0f507a357,aleskstur_OceanLiner,$37
5eb3c48aa80eba00159907c3,Matchingham Games Limited,616e83c657da69d70f1bb36c,Mg Sniper Attack,$37
5fc671cbba624b0015a61bf1,Saygames LTD,60a541484f7049e868f8d2fe,Run & Gun 3D,$37
5e3692d21cd3cb0018dd4329,SuperSonic Studios,5e37f73f763107001801ae2f,Sort It 3D Android,$37
6297c4bc012073001b3df035,Yandex Inc.,6936f1b0ec2fa34b121fe981,alexeinovikoff_com-lyxoto-masterplus,$37
6666afb99ec3300011cdf91d,Appvestor ApS,68de605254aee4c789adf112,Invica - To do list - com.flyrapps.todolist,$37
59e4bb543f0fa9a20900afa3,TabTale LTD,65783d51cb315bc80c03ed60,Super Car Merge iOS_CL,$37
5c657afed9e6e60012bab5d9,gamestudiopsv@gmail.com,68edfbbc7ae17ddd8cf0872c,alk.crichub.live.sports.live.cricket.tv.hd,$37
65e71ba517069f0011a36cfa,Rounds,67bdc334b5a7d2bd8485c1f7,Image Converter Jpg,$37
561e8d956b8d90f61a0030cf,Ketchapp,66ba29a513305e4e4b883243,Jerry Safe House,$37
561e8d956b8d90f61a003219,"Appodeal, Inc.",6a2acb5146bcdc762f87da74,com.tikchain.network/778272,$37
561e8d976b8d90f61a004288,Panteon Software,62325e065c295f703df5a5b9,Valet Master,$37
5fc618102e8dd2001579b65d,App Central ltd,672dfe59913e67d2955d1ee5,Duck Sniper Launcher,$37
56d55c72562b9c353800000d,Voodoo,636a57f8193f383daadbce66,FSH IOS,$37
65e71ba517069f0011a36cfa,Rounds,69cf8c40af6a23eb375ed091,Background Changer 2,$37
65e71ba517069f0011a36cfa,Rounds,67e54eabb3b1c9bae6d6fcb4,Satelite Finder,$37
5bec0018c9af0a7962a96f4a,Rollic Games,653f7cddc4d4ba24c366456c,SwordandSpin,$37
65e71ba517069f0011a36cfa,Rounds,6899ed5b3825966b1f61a86e,Quick Shortcut Maker,$37
56d55c72562b9c353800000d,Voodoo,61b7283dd8f0d2987c8c3c08,MoveHouse3D_ios,$37
561e8d956b8d90f61a002a2f,BoomBit Games Ltd,5f96b9405807b847b9b67fd8,Hunt Royale,$37
56cb43391ba696884900000a,Ilyon Dynamics,6090e5aa7ded0a782650a237,onext.boombox_a_1586,$37
65e71ba517069f0011a36cfa,Rounds,67bedf93fb32c9bf51cef671,iLock Screen,$37
5c657afed9e6e60012bab5d9,gamestudiopsv@gmail.com,65eee2727517657ab4915eda,6478535678,$37
561e8d936b8d90f61a00146c,TabTale Ltd.,5979e49afebde1717a002e49,Roller Skating Girls iOS_TT,$37
6512d2afa685240011970ef7,Sophun Games Limited,6514ae9722e02a6333464d7a,Match Jong,$37
60abbe0138d6920017b43190,Newry Global Media sl,63a18b635b9087a47c962ad7,IOS189-01- Magic Solitaire Collection,$37
561e8d956b8d90f61a003219,"Appodeal, Inc.",5abab4deed9b1b21269561ac,com.mingle.GermanCupid/104774,$37
6297c4bc012073001b3df035,Yandex Inc.,698201b94f170c846e9685ec,yuechao-ma_com-top-easy-freevpn-fast,$37
65e71ba517069f0011a36cfa,Rounds,69455c28ea0af648ee206089,Video Compress,$37
5fb510aa8072bf0015d8d59d,Tap2Play LLC,642bbe54a02a4ab2c5a68678,KNI_ANDROID_KnittedSort,$36
65e71ba517069f0011a36cfa,Rounds,68d67fa8968a3746679327d2,Image Search,$36
6297c4bc012073001b3df035,Yandex Inc.,6700041eebba7eba60424748,Grau de Bike Online,$36
5ab5070d69e58f7fca39bfe6,Green Panda Games,5e5d138f14cd3a00177a57f3,Weed Factory Android,$36
64075f57d6da1900141e5aba,Code Dish GmbH,6042f90ed61d3d96c3f05ca2,Colorplus-Android,$36
59fb487bbe77065f5800afc3,Azur Games,61a777b970b52de4d2d9749f,Fire Hero 2,$36
5eb3c48aa80eba00159907c3,Matchingham Games Limited,696a24b8b6c7ab8878a12dbd,Block Life_iOS,$36
59e4bb543f0fa9a20900afa3,TabTale LTD,5d2c61e5fa068600181b9ea8,Sausage Wars iOS_CL,$36
561e8d936b8d90f61a000e7b,ZeptoLab,58db96491c9433af75000d3e,CTR TT Android - Supersonic,$36
561e8d956b8d90f61a003219,"Appodeal, Inc.",5a2eab239fcb7d590c0019aa,it.spaghettiinteractive.burracopiu/86407,$36
5c3c9ba19f3cbd45d7dae29c,TapNation,6841750c54779d1e1b970cc2,Unblock Jam,$36
6297c4bc012073001b3df035,Yandex Inc.,6970a5df9557abdc3c8d570b,imran-ajmal_fast-free-vpn-proxy,$36
5a689d947f4def81700028c6,Fumb Games,6983572da23acec08273c0a6,com.fumbgames.bitcoinempire,$36
65e71ba517069f0011a36cfa,Rounds,67bc56b9fb32c9bf51ceea2d,Master Violin Tuner,$36
561e8d956b8d90f61a003219,"Appodeal, Inc.",66c0d4d7e2d733cb76cdba3d,com.pecana.iptvextreme/736362,$36
65e71ba517069f0011a36cfa,Rounds,6814a323e2a5963c5d5182ac,Currency Converter 1,$36
561e8d956b8d90f61a002a2f,BoomBit Games Ltd,62614bfbb2ef50fe7442553a,Falling Art Ragdoll Simulator,$36
66e545690f05bd0011e185b8,JEDY APPS TECHNOLOGY LTD,6995eccd3630b752386ae7e9,Digital Tasbeeh Dhikr Counter,$36
6297c4bc012073001b3df035,Yandex Inc.,6800fa893ba83ec4f1d802d2,naradexltd_com.freevpnplanet,$36
5ef9d5fbf52f8e001b9caba9,BoomBooks Sp. z o.o.,620e5b1d5af3cf51d951924f,Mining Fever ANDROID,$36
5ec6f4dbdae5f50015c2980b,PCA Bear LLC,5ff1e6856cfda12e3b246e72,Riding Extreme,$36
65e71ba517069f0011a36cfa,Rounds,67bdc458b5a7d2bd8485c20d,Qibla Compass,$36
68ca90f7cdcaeb20374f5716,Syncme,69009cf2b383cce7e0b807d0,CallerID,$36
5a6f56062c250d182f0056f3,Kwalee Ltd,64ba7b1ef5edf073b3bd37bf,Text & Fly,$36
61e93624cf7a710017932586,"Appgeneration, Lda",67853646d7a0b145879b199c,AI Transcribe,$36
561e8d956b8d90f61a003219,"Appodeal, Inc.",5a70d99e3fad017a70004612,com.beermoneygames.demolitiontwo/100653,$36
63d229657d9fc60014b1afdf,Paxie Games,699ffef63630b752386b8306,Food Flow Frenzy,$36
5a9d60d3b1c1666c2e0056ba,Homa Games,5d848896433bcb001afe6784,Sky Roller,$36
561e8d956b8d90f61a0030cf,Ketchapp,5accadfa80f3864ee4ff99c7,Mr Gun,$36
5a9d60d3b1c1666c2e0056ba,Homa Games,6436cfc3ee7adadeacb6e445,Dozer Demolish,$36
5c657afed9e6e60012bab5d9,gamestudiopsv@gmail.com,69cff88e29183204e326f3ef,obby.aquapark.roller.coaster,$36
561e8d956b8d90f61a003219,"Appodeal, Inc.",63e7db4871c5f270d431528f,com.kraftwerk9.chromecast/737114,$36
5bec0018c9af0a7962a96f4a,Rollic Games,610cfa2a23fb91bb86180a76,Text or Die,$36
5c657afed9e6e60012bab5d9,gamestudiopsv@gmail.com,682eec85f9be3da7403789a0,izba.horror,$36
5c657afed9e6e60012bab5d9,gamestudiopsv@gmail.com,6a2159210fc1d99a8b49d11e,com.ats.tasa_bcv,$35
561e8d956b8d90f61a003219,"Appodeal, Inc.",5729b6f8438eee6f2600001c,it.spaghettiinteractive.scopapiu/32445,$35
65e71ba517069f0011a36cfa,Rounds,67a36432ffda0af1dd8c75c9,Noise Detector,$35
5e3692d21cd3cb0018dd4329,SuperSonic Studios,67bc94fafe2353be475be400,Car Screw Escape,$35
59fb487bbe77065f5800afc3,Azur Games,6357d0a0bca903d515453aad,Monster Hordes,$35
561e8d956b8d90f61a003219,"Appodeal, Inc.",5f8173fc7573e0064d097fa0,ru.bnice.asolver/673211,$35
5e3692d21cd3cb0018dd4329,SuperSonic Studios,6628d023f1e8e70a3dcae6b0,Rockets Stack,$35
561e8d956b8d90f61a003219,"Appodeal, Inc.",6880d8600c57d8be6eea8e25,com.gmt.ft/770087,$35
5cda78f561a35300113a86ab,Moonee,63ad9c87b5ab57e32099c54b,Find the alien 2,$35
56d55c72562b9c353800000d,Voodoo,608c44194903ebd8449a20c7,Couples Yoga,$35
56d55c72562b9c353800000d,Voodoo,64133bd4460313888d55026e,Gunship Operator 3D IOS,$35
5e3692d21cd3cb0018dd4329,SuperSonic Studios,60e55fb511b8c3425a157d31,Elemental Master,$35
5bec0018c9af0a7962a96f4a,Rollic Games,63233b3e978878c6527e6d88,Pixel Demolish,$35
561e8d956b8d90f61a002a2f,BoomBit Games Ltd,57f2292e74467fe02c00006d,Archery Club Tournament ANDROID,$35
65e71ba517069f0011a36cfa,Rounds,692d4145abee3367a0cf9e48,Horn & Siren Sounds,$35
5c657afed9e6e60012bab5d9,gamestudiopsv@gmail.com,6547831c29ee44e8782a32d7,6450309122,$35
69eb7528a33b05d61de623e5,DVapps AB,69f8486c650039032ad467b3,SlendrinaTheCellar2,$35
561e8d956b8d90f61a003219,"Appodeal, Inc.",59b838316385cf820a001795,it.spaghettiinteractive.traversonepiu/39129,$35
561e8d936b8d90f61a000da4,XIMAD Inc.,62de9dbb0292f74d5c091a9a,Puzzle Villa Android,$35
5e3692d21cd3cb0018dd4329,SuperSonic Studios,644a365e85742373a3e1228f,Auto Diggers,$35
65e71ba517069f0011a36cfa,Rounds,67bf29d3fb32c9bf51cef884,Tuners Ukulele,$35
5c657afed9e6e60012bab5d9,gamestudiopsv@gmail.com,69f9c4763d225f31f458bf45,com.utilityhub.mexicotv,$35
59fb487bbe77065f5800afc3,Azur Games,69aaada1a5433b0e065f26e0,Word Solitaire: Categories,$35
5bec0018c9af0a7962a96f4a,Rollic Games,64faec76584ffcc8d4acd3c8,RevolverRush,$35
64803209bfd9aa0011593484,Bluetile Games,64ca300878e8e1cc6298c2ad,Crossword Deluxe: Word Puzzles,$35
5c657afed9e6e60012bab5d9,gamestudiopsv@gmail.com,6a1537c627cc99a7734a1173,com.mystic.app.craftz.play,$35
65e71ba517069f0011a36cfa,Rounds,67b5c71ee9c06c560856b05f,DubStep Music,$35
577a61dcda179a9c3f000089,Kolibri Games (fka Fluffy Fairy),67e67b246e7999d3c7274ac2,Idle Junkyard Tycoon!,$35
65e71ba517069f0011a36cfa,Rounds,670913786463444629ac8024,Leveling Tool,$35
5fc671cbba624b0015a61bf1,Saygames LTD,68dbadeec6678f9cb47697e6,Dominoes Tour,$35
619b548fc9c9c1001796f1f6,Gimica GmbH,64ec930c3412b9437bf5dc3c,The Mad Smash,$35
6297c4bc012073001b3df035,Yandex Inc.,66631ce888cc429f2d800fc9,lavrov88lavrow_kubaturniklite,$35
561e8d936b8d90f61a00136a,MWM,6493040fcd4b24913c61c24b,Feed Preview for Insta,$35
5c657afed9e6e60012bab5d9,gamestudiopsv@gmail.com,64672e8cca67ac2adf78117b,1671600457,$35
561e8d936b8d90f61a0011da,Tactile Entertainment,594298f91ed7d11c720030c1,Bee Brilliant Blast [Google Play],$35
59e4bb543f0fa9a20900afa3,TabTale LTD,5c0e681af415214564bc95ac,Light-It Up iOS_CL,$35
56d55c72562b9c353800000d,Voodoo,6565c362f2be8e652a92b1a0,Rage Swarm IOS,$35
5b84c65ca73f7a027c553f4a,Rewards Game,69e8ea26b1e4be9ed9889413,Puzzle Drop Master,$35
5cda78f561a35300113a86ab,Moonee,660c3503d4cf07f390ceab72,Stilts Run,$35
5fc671cbba624b0015a61bf1,Saygames LTD,60daa0d85c392cd83bf97f69,Mini Market iOS,$35
56d55c72562b9c353800000d,Voodoo,67c5bd6c4a068ff910e40fec,Fort Guardian,$35
60afcdd4407e6d0018810836,Fomo Oyun Yazılım ve Pazarlama A.Ş. İstanbul İhtisas Serbest Bölge Şubesi,64919eca9d2b942ccedb8b32,Color Block 3D,$34
561e8d976b8d90f61a003d96,Gram Games,5d8178846c82da06b74914aa,Merge Magic Android,$34
6297c4bc012073001b3df035,Yandex Inc.,669e4838e33c9a5487419e0d,ddi-dev_fishingweather,$34
5c657afed9e6e60012bab5d9,gamestudiopsv@gmail.com,64663ab5f9494786128fe333,wordgames.wordle,$34
5c657afed9e6e60012bab5d9,gamestudiopsv@gmail.com,67a49f0af372f630d3b776e9,com.cup.draw.liquids.test,$34
56d55c72562b9c353800000d,Voodoo,601a7532317b88a297e38492,Crash Master 3D,$34
5c657afed9e6e60012bab5d9,gamestudiopsv@gmail.com,69415b280386411826a6d516,6664069168,$34
561e8d956b8d90f61a003219,"Appodeal, Inc.",5a7e7dbe860678983e001d2e,com.innovate.KoreaSocial/100098,$34
5c657afed9e6e60012bab5d9,gamestudiopsv@gmail.com,64369e856c9fd54552e57af3,1468732933,$34
65e71ba517069f0011a36cfa,Rounds,67bd881b658cf18e67f438ad,Pop It Fidget Toys 3D,$34
5fc671cbba624b0015a61bf1,Saygames LTD,5ddc01b9001c531f8cf49cdf,Turbo Starts Android,$34
561e8d936b8d90f61a001260,MAG Interactive,65d354fa7f94e82ba925dfdf,Word Mansion,$34
65e71ba517069f0011a36cfa,Rounds,67bc831dd85e20dacde18bc4,Wallpapers 4K,$34
5fc618102e8dd2001579b65d,App Central ltd,6739c1a0913e67d2955d41df,Cash Sprint Launcher,$34
5c657afed9e6e60012bab5d9,gamestudiopsv@gmail.com,648b123284fb70cf2f7461bb,hiddendevice.finder.cameradetector,$34
5dcf09394f6eed0018145e58,Unico Studio LLC,61e5bcb283d675596dd09f1e,Life Choices iOS,$34
561e8d956b8d90f61a003219,"Appodeal, Inc.",618efad33f795f506493bf76,com.randosnap.randosnap/696612,$34
619376d458dde20017d66610,MATRYOSHKA GAMES (CY) LTD,673e078414a0e4daa676a3e8,Words and Friends,$34
5fc671cbba624b0015a61bf1,Saygames LTD,63c56bde2f9fa6b63d8aaa63,Idle Inn Empire - Hotel Tycoon,$34
6297c4bc012073001b3df035,Yandex Inc.,6978f1b3d4ba143db9068876,hsmedia2019_com.rugion.RugionNews,$34
65e71ba517069f0011a36cfa,Rounds,6880b8aeeb91ef8f5fcc1e8c,Themepack Changer,$34
65e71ba517069f0011a36cfa,Rounds,67bc7f29d85e20dacde18bbf,Classic Guitar,$34
65e71ba517069f0011a36cfa,Rounds,67b715682363a440422ffe01,Voice Search,$34
59fb487bbe77065f5800afc3,Azur Games,6639de5461db5b0a87582705,Slime Castle,$34
6666afb99ec3300011cdf91d,Appvestor ApS,67eb9e7508d8c3342397a1ed,SMS Robot NoteX - notes.notebook.todolist.notepad.checklist,$34
561e8d956b8d90f61a003219,"Appodeal, Inc.",68e4375c5f81a96145dc52a8,ru.diceNinja.woodColor/773128,$34
5bec0018c9af0a7962a96f4a,Rollic Games,64baa2011762e19d4275d50f,BusJam,$34
617916e8f3ef190017a83854,Digitalchemy,66a38229aef015d56fed9b9c,Magnifier iOS,$34
561e8d956b8d90f61a003219,"Appodeal, Inc.",5b937541c6329440ca0c8474,org.betup/128586,$34
59baf14999eaaa880a002c38,LOOP GAMES SAS,692ef37f80125283f1b85a2a,Mahjong Wonder Solitaire,$34
5e3692d21cd3cb0018dd4329,SuperSonic Studios,65c4fe5527332d35a8768744,Color Dots,$34
561e8d936b8d90f61a001096,MyGames MENA FZ LLC,61a10053dbfa6ff1c95336ba,Guild of Heroes,$34
561e8d956b8d90f61a003219,"Appodeal, Inc.",5a9d20c71aadac9e71008d5b,com.mingle.FranceCupid/100101,$34
65e71ba517069f0011a36cfa,Rounds,67bd9b01fb32c9bf51cef09d,Translate All Photo,$34
59fb487bbe77065f5800afc3,Azur Games,62e003217bec75adf61ac571,Ragdoll Fall,$34
561e8d956b8d90f61a003219,"Appodeal, Inc.",69b9e8ce3c7d0f0d0e60de73,com.crowncoins.casino.app.crown.coins/777354,$34
5a9d60d3b1c1666c2e0056ba,Homa Games,6053112eced4ae493d279b4d,Z Escape,$34
5fb510aa8072bf0015d8d59d,Tap2Play LLC,6992ca98ec24d3c731fe1228,REV_ANDROID_Ride Evolution,$34
65e71ba517069f0011a36cfa,Rounds,679ca728b7c0c84dcaf1d2f0,Gallery,$34
561e8d946b8d90f61a001f18,Nordcurrent,6323357b167642f894b59ac1,Happy Clinic (Windows),$34
63d229657d9fc60014b1afdf,Paxie Games,69aa7bd704a54c218b0a2d67,Block Reveal,$34
5bec0018c9af0a7962a96f4a,Rollic Games,5e86f1dc5c6bbe0001726623,Go Knots 3D,$33
561e8d976b8d90f61a004288,Panteon Software,626a849ec49254f9ac8fbe78,Airport Master,$33
56d55c72562b9c353800000d,Voodoo,5fbba250d0c83d2c1cb84c61,Tricky Track 3D,$33
60240068eca1f300150d7e56,BoomHits Sp. z o.o.,6401b507bad790c6d53e27fa,Build Master 3D,$33
6255696ee4b70c001810bb39,JRustonApps,62556fa26278d7d95112d041,My Hurricane Tracker,$33
6297c4bc012073001b3df035,Yandex Inc.,69d813f0de1ae099c68c963b,lkxx1314520_gmail-com_com_kagames_comewithmerun,$33
5e3692d21cd3cb0018dd4329,SuperSonic Studios,652e8772888fd4653692f2d7,Gun Build N Run,$33
5fc671cbba624b0015a61bf1,Saygames LTD,69e632c9b1e4be9ed9885870,Word Code - Cryptogram Puzzle,$33
5c657afed9e6e60012bab5d9,gamestudiopsv@gmail.com,69bd734a2547de6ce7d0d13a,6744691542,$33
62f2190969aa39001bb4b1fe,Take Top KZ,62f2194c43a8dcdcf78f524e,Chillybash,$33
65e71ba517069f0011a36cfa,Rounds,68890102be4de6e6367b3706,Movie Quiz,$33
56d55c72562b9c353800000d,Voodoo,6229c15a3dc557500abd7bcb,Deliver It 3D IOS,$33
60abbe0138d6920017b43190,Newry Global Media sl,62dfc41266c52ee961b4568a,GPS177-01 - Tap Tap Run,$33
5c657afed9e6e60012bab5d9,gamestudiopsv@gmail.com,652655934168a1c19383dca1,com.eg.deathpark,$33
66e545690f05bd0011e185b8,JEDY APPS TECHNOLOGY LTD,69130f1b92a33e36017f03fc,GPS Map Camera,$33
65e71ba517069f0011a36cfa,Rounds,69bd1ca5a8a6fba7d1a13162,Incognito Spyware,$33
65e71ba517069f0011a36cfa,Rounds,69b9280a1816ff653d3a5f9f,Fingerprint Lock 1,$33
56d55c72562b9c353800000d,Voodoo,607d75e6c69dedee4130b9cf,Run of Life,$33
5c657afed9e6e60012bab5d9,gamestudiopsv@gmail.com,6920426d3b47a3d1a14a016e,com.yolo.love.chat.meet.dating,$33
5c52bd6ffbeb402419bef87d,SYBO Games,5eb263cd2b0c1c00013a3386,Blades Of Brim - Non-COPPA,$33
561e8d936b8d90f61a001168,IsCool Entertainment,5ece648d6d7abd0001497223,Idle Air Force Base,$33
561e8d956b8d90f61a003219,"Appodeal, Inc.",63470e35d975db4259fc3f66,com.TopDrawerGames.SoccerTycoonFootballGame/736739,$33
561e8d936b8d90f61a00136a,MWM,62040986b1e167016b61204b,Pixel Color by Numbers Game,$33
6666afb99ec3300011cdf91d,Appvestor ApS,68de79bb5f81a96145dc1dd5,PZHK - messages - phase.zero.sms.messages.text,$33
60c319e160f8540017a53701,Spyke Games,6964e2daa37bf42bb0724e65,Cube Busters Android,$33
5dcf09394f6eed0018145e58,Unico Studio LLC,6908fa8998a1f1e2d3337b87,Human vs Robot Android,$33
5c657afed9e6e60012bab5d9,gamestudiopsv@gmail.com,66fa504dcde9700bb6f0373f,com.DL.war.planes.inc.online.bomber.fighter.aircraft.ww2,$33
561e8d956b8d90f61a003219,"Appodeal, Inc.",631a2447578f5271f89529f3,com.mastobaev.snooker/727713,$33
561e8d956b8d90f61a003219,"Appodeal, Inc.",64be73f287a62f8001c6bbff,com.mastersoftmobilesolutions.chessliter/82972,$33
561e8d956b8d90f61a003219,"Appodeal, Inc.",69c45699baf483fa430a31ba,com.FozerGames.CrashTestSimulator3/777020,$33
59e4bb543f0fa9a20900afa3,TabTale LTD,5de7b9e75bd5980012197efb,Flip Jump Stack IOS_CL,$33
57ab0b38c6ebd5c83300007e,Good Job Games (Azur),5e8ef1785504f30001216b06,Touchdown Glory,$33
59e4bb543f0fa9a20900afa3,TabTale LTD,62024eb0c0ad4afd9dc3d8d4,Fridge Organizing iOS_CL,$33
5fc671cbba624b0015a61bf1,Saygames LTD,6125209e38270c39ef14b6d5,DNA Evolution Android,$33
56d55c72562b9c353800000d,Voodoo,591d75e39044f51c73001e6a,Snake VS Block,$33
561e8d956b8d90f61a002a2f,BoomBit Games Ltd,68ca73bb97c5a555814d43b8,Cargo Boom,$33
5d074f140fbc770017190dd2,RUBY OYUN VE YAZ. DAN. SAN. TIC. A.Ş.,62bd88efa2c4fda69e1e2aad,NoviceDriver_iOS,$33
5d074f140fbc770017190dd2,RUBY OYUN VE YAZ. DAN. SAN. TIC. A.Ş.,625913e8c4c174514a387a73,FootballLife_iOS,$33
561e8d976b8d90f61a003e29,Vizor Apps Ltd,5e85bf21402be100012c8dfb,Atlantis iOS,$33
5c657afed9e6e60012bab5d9,gamestudiopsv@gmail.com,65d73e909a4122e9e0de99f6,com.v4andro.videocall.videochat.livevideocall,$33
65e71ba517069f0011a36cfa,Rounds,67cadf7cdba19fdee1dc3c2d,Magic Slow Motion,$33
561e8d956b8d90f61a003219,"Appodeal, Inc.",61899f2d1cd73845ef62ae0f,com.vinforlabteam.vmod/717125,$33
561e8d936b8d90f61a001168,IsCool Entertainment,5fe09e8775d2e84b31d8109d,Crossword - Star Of Words,$33
561e8d936b8d90f61a001096,MyGames MENA FZ LLC,6287b306c9736ea1971c9ec0,Rush Arena,$33
65e71ba517069f0011a36cfa,Rounds,67bc5bcbee9356aafba1b7c3,Mornify,$33
5f58b1ac675b0600157e7105,Papaya Gaming,6835a4791cd2863ca808fdbd,21 Cash,$33
65e71ba517069f0011a36cfa,Rounds,679c872fc1d0e427bfd017dc,Digital Clock,$33
5c657afed9e6e60012bab5d9,gamestudiopsv@gmail.com,69d35bbb45657878c64922e3,com.GilviusGames.CleanItUpAloneLeafBlower,$33
5c657afed9e6e60012bab5d9,gamestudiopsv@gmail.com,65d337b7d63f23ff922139b4,1599612633,$32
561e8d936b8d90f61a001260,MAG Interactive,65e600efd13c647695f5005f,WordWhizzle Connect,$32
65e71ba517069f0011a36cfa,Rounds,66bf4764e2d733cb76cdb68a,Love Counter iOS,$32
561e8d936b8d90f61a001168,IsCool Entertainment,610162d3c4ddd539514eb9a0,Golf Club Tycoon,$32
561e8d956b8d90f61a0030cf,Ketchapp,5b8fe41644dbfe3e53897419,Prince of Persia : Escape,$32
5c657afed9e6e60012bab5d9,gamestudiopsv@gmail.com,655c870546464d20f199b195,6470454873,$32
561e8d936b8d90f61a00136a,MWM,66672d919e6078cbc4eb7296,Movie Night - Swipe & Watch,$32
5c3c9ba19f3cbd45d7dae29c,TapNation,5ee3c7d03bf1250001e8faee,Sneaker Art!,$32
5a9d60d3b1c1666c2e0056ba,Homa Games,62166c8befcb9e01aa1ee255,Monster Egg,$32
5c657afed9e6e60012bab5d9,gamestudiopsv@gmail.com,69a570aa3630b752386bd67d,com.frmataatoapp.connef,$32
5dcf09394f6eed0018145e58,Unico Studio LLC,62a3be617201f045b0415873,Gemdoku iOS,$32
65e71ba517069f0011a36cfa,Rounds,687f86b328d514326f546214,Full Scientific Calculator GP,$32
59fb487bbe77065f5800afc3,Azur Games,5ede7b1968527100013f9378,Ball Slide 3D! iOS,$32
56d55c72562b9c353800000d,Voodoo,59d78601d09cd1c009004775,Dunk Hit,$32
606b29ab14eb890015bd2f01,WeeWoo Mobile,61f2c648ab5831c7b78adc9e,IOS162-01 - SUPER PADS - Become a DJ,$32
5c657afed9e6e60012bab5d9,gamestudiopsv@gmail.com,67dd5d986aaceed8cfc4f185,com.gametov.longtrip,$32
65e71ba517069f0011a36cfa,Rounds,67a0937affda0af1dd8c6c7c,Sim Toolkit,$32
61e93624cf7a710017932586,"Appgeneration, Lda",65d790ca7f94e82ba925ed03,Radio UG,$32
56d55c72562b9c353800000d,Voodoo,66f4247f8a5db5954dde953a,Tiny Clash!,$32
56d55c72562b9c353800000d,Voodoo,626930736535126dd75ceacf,Take Your Line IOS,$32
561e8d966b8d90f61a00392d,WISE WAVE CORPORATION LIMITED,67a1e13e9fe5d49d4b56ec9a,Ultimate Holdem by Pokerist,$32
59baf14999eaaa880a002c38,LOOP GAMES SAS,63f76747745bfccbcf9b592f,Euchre iOS,$32
5bec0018c9af0a7962a96f4a,Rollic Games,65d3612e9a4122e9e0de8d4f,RapidReload,$32
561e8d956b8d90f61a003219,"Appodeal, Inc.",5e67f51d7fc4fc60329a4705,com.RTU.OneLevelThree/461986,$32
5b5ec3e8337f272131edc824,MadBox,5f64c21730911c0001c8f03a,Perfect Golf,$32
5efd8ef70165690015e8b224,Blackout Lab SL,616f5180e6aa2285d80f6d24,Pop - Android,$32
62f2190969aa39001bb4b1fe,Take Top KZ,65fc164e0aa401235341fb05,Dog Simulator,$32
561e8d936b8d90f61a001260,MAG Interactive,65d353fd7f94e82ba925dfd4,WordWhizzle Search,$32
5dcf09394f6eed0018145e58,Unico Studio LLC,5e03d13028381a00179c1726,Word Pearls iOS,$32
561e8d956b8d90f61a003219,"Appodeal, Inc.",5a9d20dda9f26a987100ae72,com.innovate.JapanSocial/101136,$32
56d55c72562b9c353800000d,Voodoo,5e544db28743313e1c78fd22,Rolly Legs,$32
5c657afed9e6e60012bab5d9,gamestudiopsv@gmail.com,6566144ef2be8e652a92b27e,1518997118,$32
65e71ba517069f0011a36cfa,Rounds,68d4286d63e6cee0292ae35c,Cube Solver Scanner,$32
65e71ba517069f0011a36cfa,Rounds,67a9c8aaffda0af1dd8c89a4,Video Into An Mp3,$32
59fb487bbe77065f5800afc3,Azur Games,66c3487b16d72e3cce1c8493,SWAT Shooter,$32
65e71ba517069f0011a36cfa,Rounds,67bc2a33d85e20dacde188b9,Sun Locator,$32
5ab5070d69e58f7fca39bfe6,Green Panda Games,5cb88b3e4aeb5857b0b301bc,Sushi Bar,$32
561e8d976b8d90f61a003bab,Estoty LLC,65e6e13339c8659196b050b0,West Escape,$32
59fb487bbe77065f5800afc3,Azur Games,5e6fa318f4cbdb7a62d917a5,Hitmasters Android,$32
65e71ba517069f0011a36cfa,Rounds,67bc6111658cf18e67f4338c,Simple File Manager,$31
670153ce6f113e00119a0fad,SensusTech LLC,670288a3ef3ddf40c49135fa,"Power Zone: Battle Royale, 1v1",$31
59fb487bbe77065f5800afc3,Azur Games,5e03a7108bb8c57b40716ac0,Bike Hop: Be a BMX Rider,$31
6297c4bc012073001b3df035,Yandex Inc.,6790f9f09fe5d49d4b56be5a,greenkeyuniverse-gmail-com_com-speedreading-alexander-speedreading,$31
59fb487bbe77065f5800afc3,Azur Games,628ce1243897e262a2a05046,Huggy Play Time Puzzle Game,$31
561e8d956b8d90f61a003219,"Appodeal, Inc.",5a9d20ce2257e6a47100b416,mingle.android.mingle/100107,$31
5fc671cbba624b0015a61bf1,Saygames LTD,6318b6f4a463da32e1da9bab,Pinball GP,$31
561e8d976b8d90f61a003e29,Vizor Apps Ltd,648afefbbc94baaf208de9cd,Road Trip Android,$31
5dcf09394f6eed0018145e58,Unico Studio LLC,62ba78c9872f570d8870dc9b,Gemdoku Android,$31
5c657afed9e6e60012bab5d9,gamestudiopsv@gmail.com,6525300760aebaee1ce37374,com.lunappstudio.orderofwords,$31
5c657afed9e6e60012bab5d9,gamestudiopsv@gmail.com,6822e6d75d76eda5a68790da,6452756347,$31
5c657afed9e6e60012bab5d9,gamestudiopsv@gmail.com,68f729cefa17287fde8879af,fahadriaz.sports.live.football.tv.hd.streaming,$31
561e8d936b8d90f61a001260,MAG Interactive,58c67a8f639f92c426000067,WordBrain 2,$31
5fb510aa8072bf0015d8d59d,Tap2Play LLC,67c565044a068ff910e40d51,HOP_IOS_Hole_Puzzle,$31
561e8d976b8d90f61a004288,Panteon Software,626a8a73371270cfa35fb640,Airport Master,$31
65e71ba517069f0011a36cfa,Rounds,67b881c5390c720c73a0f112,Footej Camera,$31
5eb3c48aa80eba00159907c3,Matchingham Games Limited,6662bc76d3c5ac7c6bb8f141,Emoji Story_Android,$31
56d55c72562b9c353800000d,Voodoo,5f0c2f4d7a19d600013249b3,Draw Rider!,$31
561e8d956b8d90f61a003219,"Appodeal, Inc.",5745542fae434f5b50000046,it.spaghettiinteractive.scoponepiu/28386,$31
59fb487bbe77065f5800afc3,Azur Games,5bbba10a7e1105796808e010,Spill It!,$31
59e4bb543f0fa9a20900afa3,TabTale LTD,61409fff6b2aefb222d97836,Ultimate Dodgeball 3D iOS_CL,$31
561e8d956b8d90f61a003219,"Appodeal, Inc.",6751b58066f7704dca5908f2,com.uluza.wordmachine.ios/760859,$31
561e8d976b8d90f61a003bab,Estoty LLC,660e50e4c5f237ebf7b4b546,Mars Survivor,$31
561e8d956b8d90f61a003219,"Appodeal, Inc.",5ace3fd19bcd256e1606e4d1,com.innovate.BrazilSocial/104756,$31
561e8d936b8d90f61a000da4,XIMAD Inc.,67f8293327032a53848bb154,Sudoku Quest GP,$31
5bec0018c9af0a7962a96f4a,Rollic Games,5d08dac0cec2440017dda87a,Picker3D,$31
62f2190969aa39001bb4b1fe,Take Top KZ,667ac4583a75e04ec6ceeb42,Penguin Simulator,$31
561e8d956b8d90f61a002a2f,BoomBit Games Ltd,64be779bc380eb976b120100,Boxing Ring: Clash of Warriors,$31
56d55c72562b9c353800000d,Voodoo,60d98a603757c175a56873dd,Blob Merge 3D_Android,$31
561e8d966b8d90f61a00392d,WISE WAVE CORPORATION LIMITED,61f5b5ef83c8c03b0e337e65,Vegas Casino & Slots,$31
5c657afed9e6e60012bab5d9,gamestudiopsv@gmail.com,694a6af558c80b13f78f0ffd,fbmapps.livefootballtv.hdstream.soccerscore,$31
561e8d956b8d90f61a003219,"Appodeal, Inc.",66cc7db83151a503c1160028,com.nogamelabs.aipe/754052,$31
5fc671cbba624b0015a61bf1,Saygames LTD,63985e586c5db9742ed8d410,Craft Valley - Building Game,$31
561e8d956b8d90f61a002a2f,BoomBit Games Ltd,6203cf280b6dd752967c8342,Train Ramp Jumping ANDROID,$31
5e3692d21cd3cb0018dd4329,SuperSonic Studios,61a33d00ef5ada3f34ab1806,Pro Builder 3D,$31
619376d458dde20017d66610,MATRYOSHKA GAMES (CY) LTD,623ab5d89a33c27e23429c8c,Farming Fever,$31
56d55c72562b9c353800000d,Voodoo,627a35fda67b932aa45fbf93,Draw & Break It! - IOS IOS,$31
56d55c72562b9c353800000d,Voodoo,5bc9c14089418b305edaf5da,Fire Balls 3D,$30
5c657afed9e6e60012bab5d9,gamestudiopsv@gmail.com,65a91a724dad5000d4795157,m.x.p.l.y,$30
57ab0b38c6ebd5c83300007e,Good Job Games (Azur),5fb2469621d6cf73745b7bbf,Rush Hour 3D,$30
561e8d956b8d90f61a003219,"Appodeal, Inc.",566af8f86c39b5672e00000e,com.craftgames.worldcrft/19979,$30
5f69aef134a76100158aa316,Hypercell Games,6557d09c2494ab76ffed77f8,Jelly Field Android,$30
65e71ba517069f0011a36cfa,Rounds,6842dcf578a828d3b01cbd72,Volume Booster Eqlz,$30
65e71ba517069f0011a36cfa,Rounds,67122f6120deb557b6b21917,Dslr Hd Camera,$30
5fc671cbba624b0015a61bf1,Saygames LTD,5d80bf8524d85c6708012774,Popcorn Burst,$30
561e8d956b8d90f61a003219,"Appodeal, Inc.",5ac812d9fbe9af49dc29239a,com.mingle.UKCupid/104759,$30
6297c4bc012073001b3df035,Yandex Inc.,6a1575c5e4af78f417c37964,yuw990054_com.convertvpn.speedtest,$30
5c657afed9e6e60012bab5d9,gamestudiopsv@gmail.com,69316063b88dcb4daa96ee69,com.test.hospitaldark,$30
56d55c72562b9c353800000d,Voodoo,5e6a89e29c87127a445279b1,Curvy Punch 3D,$30
5c657afed9e6e60012bab5d9,gamestudiopsv@gmail.com,64183cf333bf4b448ab7428c,com.mpmusic.down,$30
5fc671cbba624b0015a61bf1,Saygames LTD,60dd73fb044b55254483661d,Sky Trail Android,$30
65e71ba517069f0011a36cfa,Rounds,67b6d827390c720c73a0e679,All Video Player,$30
5c657afed9e6e60012bab5d9,gamestudiopsv@gmail.com,69fc7f058c67ff57b8fec0cf,com.ekindiegames.ElectricTrains,$30
5c05196699e4374b87bda3b9,Tripledot Studios,6724aa8e7b3ea5a17e5d182e,Color Sort 3D Android,$30
561e8d956b8d90f61a003219,"Appodeal, Inc.",65f1ff3096ec25b72d8e1cce,com.tavintsev.zf3/757171,$30
6021599b8b3e5600159fcc76,HITAPPS GAMES LTD,63f5faf1517d482e3fb29221,Cipher Master iOS,$30
65e71ba517069f0011a36cfa,Rounds,67bdcca3658cf18e67f43a1a,Battery Charging Animation,$30
65e71ba517069f0011a36cfa,Rounds,679a2e8eb7c0c84dcaf1cc99,Mi Band 6,$30
59fb487bbe77065f5800afc3,Azur Games,6287a67f25ff6b4e9cfb6ff1,Human Ragdoll Shooter,$30
5c657afed9e6e60012bab5d9,gamestudiopsv@gmail.com,637de3fa20ecf400c2386fcc,1242807565,$30
561e8d956b8d90f61a0030cf,Ketchapp,6728afd0913e67d2955d0f7e,Jerry Safe House,$30
6297c4bc012073001b3df035,Yandex Inc.,68371a0839e1c3b9776e344b,birds-avs_sbGames.chess,$30
5bec0018c9af0a7962a96f4a,Rollic Games,65b35e77aad06991469bcdd7,DropJellyNew,$30
561e8d956b8d90f61a003219,"Appodeal, Inc.",641744351317682fa68b19fc,com.cheburnet.ios/745330,$30
5c657afed9e6e60012bab5d9,gamestudiopsv@gmail.com,69415030a5e39c9bec661b86,com.swell.melon.craft,$30
65e71ba517069f0011a36cfa,Rounds,68b6ee2e53ed8f1c847e6190,Bluetooth Pair,$30
63d229657d9fc60014b1afdf,Paxie Games,6910f48523b9b740d03fac77,Jigsaw Gallery iOS,$30
561e8d956b8d90f61a003219,"Appodeal, Inc.",66bf5486963742d9728aab58,com.crone.hdskins/761720,$30
5a9d60d3b1c1666c2e0056ba,Homa Games,6442523a66442557ab596019,Dozer Demolish,$30
65e71ba517069f0011a36cfa,Rounds,67af48531390dbaae0d930ef,Microphone Amplifier,$29
63d229657d9fc60014b1afdf,Paxie Games,69c63ed244691131e3af1a42,Arrow Hero,$29
65e71ba517069f0011a36cfa,Rounds,67b477a5e9c06c560856aa27,Night Clock,$29
5c52bd6ffbeb402419bef87d,SYBO Games,5eb262cdf0196f00018ba05e,Blades of Brim - Non-COPPA,$29
6297c4bc012073001b3df035,Yandex Inc.,67fd188744c424e920c0f73f,birds-avs_Battle Ship for Friends Online,$29
5c657afed9e6e60012bab5d9,gamestudiopsv@gmail.com,658554e5fd4d97575093d997,phone.clone.forall.android.fast.switchphone,$29
561e8d956b8d90f61a003219,"Appodeal, Inc.",5abc8eb362678f360b865cb4,com.innovate.SouthAfricaSocial/104859,$29
65e71ba517069f0011a36cfa,Rounds,687cebdbeb91ef8f5fcbf999,Lyrebird Collage,$29
57ab0b38c6ebd5c83300007e,Good Job Games (Azur),5cda7cb957dfdb6780fe798e,Color Hole 3D Android,$29
65e71ba517069f0011a36cfa,Rounds,67ee8e280e7f5e9548873962,Test Your Phone,$29
59fb487bbe77065f5800afc3,Azur Games,612373f17303d58251a5188d,Blob Shooter 3D,$29
56d55c72562b9c353800000d,Voodoo,5ccaacce8bb9bf001113b096,Purple Diver,$29
63d229657d9fc60014b1afdf,Paxie Games,6703978ac81241f35a6229a1,Mahjong Infinity: Tile Match,$29
62f2190969aa39001bb4b1fe,Take Top KZ,65e829b839c8659196b0545a,Bullet Smile,$29
65e71ba517069f0011a36cfa,Rounds,699eeccd646fe74838522764,Python Coding,$29
56d55c72562b9c353800000d,Voodoo,65d8a5c87f94e82ba925f03a,Bag Fight ANDROID,$29
561e8d956b8d90f61a003219,"Appodeal, Inc.",6331ab15c3eb8ff8cd7746d6,com.ForeSightGaming.MyFavoriteCar/736845,$29
65e71ba517069f0011a36cfa,Rounds,67b7166b614e4f5986be348a,My Secret Diary,$29
65e71ba517069f0011a36cfa,Rounds,67af44622363a440422fe27f,Cube Cipher,$29
56d55c72562b9c353800000d,Voodoo,65d8a69e27332d35a876bf41,Bag Fight IOS,$29
6297c4bc012073001b3df035,Yandex Inc.,688c7d49b59f5ddbdc825f5c,mihal-sergei4_me.eremkin.shiftschedule.ios,$29
561e8d976b8d90f61a00402a,Gameloft - Master Account,5fc7a7a106abb176c6a3f8d4,SongPop 3 Android,$29
5a9d60d3b1c1666c2e0056ba,Homa Games,67f910812f99ea4908dd29e1,Just Step,$29
5c3c9ba19f3cbd45d7dae29c,TapNation,6082ec0975dd901713183e57,Web Master 3D,$29
6297c4bc012073001b3df035,Yandex Inc.,6a156b03e4af78f417c37822,1799921-gmail-com_ru-sotnikov-flatpattern,$29
56d55c72562b9c353800000d,Voodoo,5ee73d896beb9200012229ab,2048 Tale,$29
59fb487bbe77065f5800afc3,Azur Games,6128ca98db78278f39c97c4c,Mow My Lawn,$29
561e8d956b8d90f61a003219,"Appodeal, Inc.",64be993043a665f24b3d0c07,com.metrowaydelhi.app/730024,$29
5c657afed9e6e60012bab5d9,gamestudiopsv@gmail.com,67a224489fe5d49d4b56edf9,com.streaming.solutions.live.sports.hd.tv,$29
62f2190969aa39001bb4b1fe,Take Top KZ,67a04bc95c0575584f3242fe,Obby Memes: Grow Fruits Android,$29
5c657afed9e6e60012bab5d9,gamestudiopsv@gmail.com,69dde2964f2c44e49749466e,com.huwarigtfiurappas,$29
561e8d956b8d90f61a003219,"Appodeal, Inc.",611f96954e417a684da6c162,cc.stix.tikboost/710747,$29
69eb7528a33b05d61de623e5,DVapps AB,6a071e6286edc4bc573e4d0e,Slendrina X,$29
6297c4bc012073001b3df035,Yandex Inc.,69424d060386411826a6e0c4,CummingsOconnell434842-gmail-com_kartenspiel,$29
5eb3c48aa80eba00159907c3,Matchingham Games Limited,63dd183f0eeb3c2ae8fda653,Fate Puzzle_Android (BOLGA),$29
561e8d966b8d90f61a00392d,WISE WAVE CORPORATION LIMITED,66df110ffeacc084bf7933d8,Set Poker,$29
5c6a96f373ca3d6bbe3fff38,AppQuantum,5ecd22c9f269ff0001fdeb90,Doorman Story,$29
5c657afed9e6e60012bab5d9,gamestudiopsv@gmail.com,66863ea34d981e89bb8affa5,6504775434,$29
65e71ba517069f0011a36cfa,Rounds,67af38c21be9345ad1819118,Nfc Reader,$29
59e4bb543f0fa9a20900afa3,TabTale LTD,5da82933888eb00018877a17,Bullet Man 3D iOS_CL,$29
5c657afed9e6e60012bab5d9,gamestudiopsv@gmail.com,63dccb69b1185745690eb472,com.Hypper,$29
56d55c72562b9c353800000d,Voodoo,60d5f399e2ed4873963714b7,Castle Storm,$29
65e71ba517069f0011a36cfa,Rounds,68c6651898ff7ee549302b98,HyperOS MIUI,$29
5f58b1ac675b0600157e7105,Papaya Gaming,67f7763f9d7c18be38356e43,Triple Match Cash,$29
65e71ba517069f0011a36cfa,Rounds,6908ce4735735890d349623f,Pregnancy App,$28
5c657afed9e6e60012bab5d9,gamestudiopsv@gmail.com,691b1db07c0c59c1377938ff,com.huaweiwatchapp.andro,$28
5c657afed9e6e60012bab5d9,gamestudiopsv@gmail.com,66a2046c251757c475bc688e,com.toilet.multiverse.skibaddon.mcpemods,$28
561e8d976b8d90f61a004288,Panteon Software,6235a1dc3cc43585f781deea,Valet Master,$28
5c657afed9e6e60012bab5d9,gamestudiopsv@gmail.com,621cd4a31b3c0ec1c2f6ed4f,com.stardust.tarotscope,$28
5e3692d21cd3cb0018dd4329,SuperSonic Studios,61ee80f0d1b617148c976b0b,Arm Simulator,$28
5fc618102e8dd2001579b65d,App Central ltd,65e72f5739c8659196b051de,Shark Evolve Launcher,$28
65e71ba517069f0011a36cfa,Rounds,67c1b5cdd4e1c44a52e45105,Night Mode,$28
5c657afed9e6e60012bab5d9,gamestudiopsv@gmail.com,69805c10e6f73fe2b583c0d0,com.watchfit4.watchapp,$28
5819f59c563213f87a000123,Pixel Federation,68ac695f5c632a5f5856a26b,Highway Heroes,$28
604a7ccb4f898b00151e2797,FunCraft,68a5d92c753f6b4ed49c3a3c,Farkle Cards,$28
561e8d956b8d90f61a0030cf,Ketchapp,5a2051014c9af7291e00036b,Bitcoin,$28
5c657afed9e6e60012bab5d9,gamestudiopsv@gmail.com,650cb6a75946c49eb49f7679,com.eg.antarctica88,$28
5a9d60d3b1c1666c2e0056ba,Homa Games,5e85da9ab6e45800010ee8e0,Prank Them All!,$28
66e545690f05bd0011e185b8,JEDY APPS TECHNOLOGY LTD,69199a6ef3cd41299fea3278,Software Update,$28
5f69aef134a76100158aa316,Hypercell Games,6229c3f9785ad2ddda7d1390,Garden Balls - iOS,$28
6297c4bc012073001b3df035,Yandex Inc.,668fec6c4d981e89bb8b1e1d,shallowbay-rus_alefrei-obstetric-calculator,$28
561e8d956b8d90f61a003219,"Appodeal, Inc.",6887a874b59f5ddbdc82251e,com.weaseldev.spiritchatrealghostdetector/769997,$28
6297c4bc012073001b3df035,Yandex Inc.,68d6dddc968a374667932b85,tangyyndembele8889-gmail-com_sms-mms-messages-text-free,$28
59fb487bbe77065f5800afc3,Azur Games,5e6f95c5cb08d87a3da5694d,Hitmasters iOS,$28
5c657afed9e6e60012bab5d9,gamestudiopsv@gmail.com,687a0281eb91ef8f5fcbedba,com.squishy.cat,$28
57d1b461ae2b57d903000027,Easybrain Ltd,5e68b1e2fd1a750001765a23,Wordsearch GP,$28
5fc671cbba624b0015a61bf1,Saygames LTD,646df314afeadf98c9266ed0,Andy Volcano: Tile Match Story,$28
5c657afed9e6e60012bab5d9,gamestudiopsv@gmail.com,67ce9b5da3b6cba6b182d260,6742799934,$28
56d55c72562b9c353800000d,Voodoo,60ec7539c62fce8b5cfd3478,Pancake RUN,$28
65e71ba517069f0011a36cfa,Rounds,68220392a288cde6eec33771,Music Player Mp3,$28
5c657afed9e6e60012bab5d9,gamestudiopsv@gmail.com,67617665364caaf5ba12d919,com.soulapps.mathbattle,$28
5bec0018c9af0a7962a96f4a,Rollic Games,61fd27359c28f0cf5a2e8b15,Gem Stack,$28
5c657afed9e6e60012bab5d9,gamestudiopsv@gmail.com,6575761d85ac87f19ca81ec4,com.FlashOn.Ligther,$28
561e8d956b8d90f61a003219,"Appodeal, Inc.",639f3b67d75dfc06aa2680b8,com.lordix.masterforminecraft/734568,$28
606b29ab14eb890015bd2f01,WeeWoo Mobile,67e51fbc08d8c3342397891f,GPS269 -01 - Feelsy,$28
5c657afed9e6e60012bab5d9,gamestudiopsv@gmail.com,6a01dfb771992407adfd4fae,6624294382,$28
5dcf09394f6eed0018145e58,Unico Studio LLC,68f1543cbea871f37200d80a,Miner Fighter iOS,$28
65e71ba517069f0011a36cfa,Rounds,67bc46c34a068ff910e3e89a,Fonts Keyboard,$28
6021599b8b3e5600159fcc76,HITAPPS GAMES LTD,641d542c87a7879c2499a568,Blocking Art iOS,$28
5e3692d21cd3cb0018dd4329,SuperSonic Studios,662139dcf1e8e70a3dcae664,Pick me up - idle,$28
5c657afed9e6e60012bab5d9,gamestudiopsv@gmail.com,65040e0360aebaee1ce34b83,1608019937,$28
561e8d946b8d90f61a001509,Outfit7,6073fbcb8e309b6eceea1f38,My Talking Tom 2 - Amazon - NewBundle,$28
59e4bb543f0fa9a20900afa3,TabTale LTD,637b7bcb5eba319f01d85cae,Coffee Shop Idle iOS_CL,$28
5a9d60d3b1c1666c2e0056ba,Homa Games,640f12e85b4fd226ed6b1ee4,Ammo Fever,$28
5eb3c48aa80eba00159907c3,Matchingham Games Limited,64ba7c89c380eb976b11fc85,Paintball Attack_Android,$28
5c657afed9e6e60012bab5d9,gamestudiopsv@gmail.com,62e8d6e80286ee714da21ce8,Block Tech : Sandbox Online,$28
5dcf09394f6eed0018145e58,Unico Studio LLC,69ab12c30906009791981a26,Water Sort iOS,$28
5c657afed9e6e60012bab5d9,gamestudiopsv@gmail.com,65291c76888fd4653692eb8e,com.archive_manager,$28
65e71ba517069f0011a36cfa,Rounds,67a4a37bef13facef7af3dd1,Merge Pdf,$28
561e8d936b8d90f61a001168,IsCool Entertainment,5e3404aad2876a0018d8e391,Idle Army Base: Tycoon Game,$28
6297c4bc012073001b3df035,Yandex Inc.,681a028ae2a5963c5d51aa2b,LuceroCayden86885-gmail-com_com-wordwhispersgame-gamechoichu,$28
561e8d926b8d90f61a00013e,Miniclip SA,640213959b6814b8fc7cf2fc,Badminton Clash 3D,$28
65e71ba517069f0011a36cfa,Rounds,67b3190be9c06c560856a40a,Remote Control,$28
56d55c72562b9c353800000d,Voodoo,649aaa289018de0fbec583d5,Cannon Attack IOS,$28
59fb487bbe77065f5800afc3,Azur Games,5f7741e5a941e6f2810f9c38,Snake Arena,$28
5735de0ebcd1970756000054,PLAYGENDARY LIMITED,5be47bfe17c37a7955b8b840,Kick the Buddy 2 (Android),$28
561e8d956b8d90f61a002a2f,BoomBit Games Ltd,5f16bd63d99a2900015aa4af,Bike Jump ANDROID,$28
561e8d936b8d90f61a001168,IsCool Entertainment,5ece64d59180440001047201,Idle Air Force Base,$28
5dcf09394f6eed0018145e58,Unico Studio LLC,66f1c133cde9700bb6f019bc,Number Drop: 2048 Merge Puzzle,$28
5c657afed9e6e60012bab5d9,gamestudiopsv@gmail.com,61d6ca530faf8c9062ae2664,com.ulab.treasurehunter,$28
56d55c72562b9c353800000d,Voodoo,62fe04bc222ac5abcd50a812,Card Battle! IOS,$28
6666afb99ec3300011cdf91d,Appvestor ApS,68de785654aee4c789adf245,Molibe - Voice Recorder - com.molibe.voicerecorder,$28
561e8d956b8d90f61a0030cf,Ketchapp,5f02fcdb15ee9400015a3183,Don't Touch the Spikes,$27
5c05196699e4374b87bda3b9,Tripledot Studios,689b015551ee842315f0624c,Tile Away,$27
5e3692d21cd3cb0018dd4329,SuperSonic Studios,60be27c9cbab200accd18782,Elemental Master,$27
5c657afed9e6e60012bab5d9,gamestudiopsv@gmail.com,69538a7558c80b13f78f8508,com.semanjix.sports.livecricket.tensports,$27
59e4bb543f0fa9a20900afa3,TabTale LTD,614076644122cf8d97dcc295,Blow Them Up iOS_CL,$27
561e8d936b8d90f61a001096,MyGames MENA FZ LLC,619cef7f23dca71b49d400a0,World Above Android,$27
5a9d60d3b1c1666c2e0056ba,Homa Games,62f113119fc8810203661fea,Card Evolution,$27
6297c4bc012073001b3df035,Yandex Inc.,69b2fddd6500c5b322b90b1a,tds-easyapp_com-droid27-transparentclockweather,$27
5fc671cbba624b0015a61bf1,Saygames LTD,65e1c72fc399f8d0cd00e617,Jess 2,$27
561e8d956b8d90f61a003219,"Appodeal, Inc.",66ca0cf93151a503c115f8ab,app.deepfacer.ai_video_editor.gender_magic_face_merge_morph/760446,$27
561e8d956b8d90f61a003219,"Appodeal, Inc.",604bf92021f09d2f5d6c7005,com.gorilla.brass/702728,$27
65e71ba517069f0011a36cfa,Rounds,69b5ba540a344f69d0656b30,Mapway Maps,$27
5f69aef134a76100158aa316,Hypercell Games,697784cbd4ba143db9067240,Paradise Inn iOS,$27
5bec0018c9af0a7962a96f4a,Rollic Games,653fb28f95201dc8a91e40fe,SwordandSpin,$27
5a6f56062c250d182f0056f3,Kwalee Ltd,5a79f754cb770f302f008a89,TENS!,$27
5fc671cbba624b0015a61bf1,Saygames LTD,63a0595ce6e16962ac9b042d,Craft Valley - Building Game,$27
619b548fc9c9c1001796f1f6,Gimica GmbH,643fca9aee7adadeacb6ef2a,Brick Slider,$27
65e71ba517069f0011a36cfa,Rounds,67b5b19a390c720c73a0e248,Lessons in Life,$27
5c6a96f373ca3d6bbe3fff38,AppQuantum,5e2194533434b70018264e09,Idle Light iOS,$27
5a9d60d3b1c1666c2e0056ba,Homa Games,61529ccd5f9e280582ae1953,Monster Evolution,$27
5fc618102e8dd2001579b65d,App Central ltd,69d79a45cc081cbcc3c541e6,Dancing AI Launcher,$27
6297c4bc012073001b3df035,Yandex Inc.,6911b1a6bd1fb70887c01efe,andrewmartinez7043-gmail-com_com-bestfreegames-dinosaurhunt2018,$27
627b73f7023d420018e2f038,Chardonnay Partners LLC,649587ad9d2b942ccedb95ab,Gin Rummy Android,$27
5ab5070d69e58f7fca39bfe6,Green Panda Games,5d80a44a1a4c1c00176823e5,Solitaire Retro,$27
59fb487bbe77065f5800afc3,Azur Games,62e237ee63c7c4991063aa8c,Mad Royale,$27
5c3c9ba19f3cbd45d7dae29c,TapNation,6576e8ccea1e1fb59fdf3577,American Sniper 3D,$27
56d55c72562b9c353800000d,Voodoo,627d320e7fd201983940c7ba,Sew 3D IOS,$27
5c657afed9e6e60012bab5d9,gamestudiopsv@gmail.com,64949c82830ec394da007d2e,1550763432,$27
5c657afed9e6e60012bab5d9,gamestudiopsv@gmail.com,642c37bd0ca295e8221c3e3d,water.sort.puzzle.color.bottles,$27
5b84c65ca73f7a027c553f4a,Rewards Game,6821a323a288cde6eec3328c,Yarnzle Stitch,$27
56d55c72562b9c353800000d,Voodoo,62051ea03406890af54d474d,Rolly Vortex IOS,$27
561e8d936b8d90f61a001096,MyGames MENA FZ LLC,5cb5ec977b2d1b00112d0bf3,Evolution: Battle for Utopia Android,$27
5e3692d21cd3cb0018dd4329,SuperSonic Studios,651ed1a40e8e377c60311e75,Weapon Survivor 9+,$27
561e8d956b8d90f61a0030cf,Ketchapp,62054c880245ef25cee3fa09,Gun Action - Shoot n Run,$27
561e8d926b8d90f61a00013e,Miniclip SA,664f028be0cbed6459a1df0d,com.miniclip.grau1,$27
65e71ba517069f0011a36cfa,Rounds,67a0d622c1d0e427bfd022a8,Projector Tv Cast,$27
65e71ba517069f0011a36cfa,Rounds,67b340612363a440422fed34,Photo Video Recovery,$27
561e8d956b8d90f61a003219,"Appodeal, Inc.",65828ec5785ffbb3b3ff4052,com.hypercraftsarl.dc/755014,$27
60afcdd4407e6d0018810836,Fomo Oyun Yazılım ve Pazarlama A.Ş. İstanbul İhtisas Serbest Bölge Şubesi,69f0d1698c67ff57b8fdde78,Sand Collect,$27
5c657afed9e6e60012bab5d9,gamestudiopsv@gmail.com,66d7088daa8e1e9b9d29483b,1614065922,$27
5e3692d21cd3cb0018dd4329,SuperSonic Studios,63567144c08dd379de366542,Furniture Test,$27
61e93624cf7a710017932586,"Appgeneration, Lda",65d76c4f9a4122e9e0de9a9f,Radio DZ,$27
5a9d60d3b1c1666c2e0056ba,Homa Games,671128657bccdeafa20f783c,Spider Evolution,$27
5c657afed9e6e60012bab5d9,gamestudiopsv@gmail.com,6616857fc5f237ebf7b4bf17,com.neighbor.darkriddle3.strangehill,$27
561e8d956b8d90f61a003219,"Appodeal, Inc.",5ad94ae8439a9f08613ebe35,com.mingle.SeniorPeopleMingle/103881,$27
5c05196699e4374b87bda3b9,Tripledot Studios,690b034ae9b383362786d32d,Magic Bloom,$27
63d229657d9fc60014b1afdf,Paxie Games,69f1c7998c67ff57b8fdef9b,Jigsaw Dreams,$27
5c657afed9e6e60012bab5d9,gamestudiopsv@gmail.com,659c0c63793700c63608c5ce,com.touchscreenresponse.headshot,$27
5c657afed9e6e60012bab5d9,gamestudiopsv@gmail.com,696a2b89b6c7ab8878a12e6c,fbmapp.sports.livefootballtv.hdstreaming.score,$27
5fc671cbba624b0015a61bf1,Saygames LTD,60a529cca91fc307dd3ff6a3,Match Hit!,$27
561e8d976b8d90f61a003d96,Gram Games,5d817667f05d4b06b0df6132,Merge Magic,$27
65e71ba517069f0011a36cfa,Rounds,6914877cb15c612e66ccc1d4,Pregnancy Calculator,$27
56d55c72562b9c353800000d,Voodoo,63bc4b98d6f6cfc1667bab8e,Air Defence 3D ANDROID,$26
561e8d936b8d90f61a001260,MAG Interactive,65e602fafb1f1f9a3b08a44c,WordWhizzle Pop,$26
5c657afed9e6e60012bab5d9,gamestudiopsv@gmail.com,696f962b73c0a231fff78897,com.watchulta.newappp,$26
6297c4bc012073001b3df035,Yandex Inc.,66055ba3c34a3a0c401faa02,sibgatov-nail_chanson,$26
5dcf09394f6eed0018145e58,Unico Studio LLC,688bb293b474a91081b22dc6,Tubes Jam iOS,$26
561e8d956b8d90f61a003219,"Appodeal, Inc.",67fed70884f5677d170bbc57,ru.diceNinja.quiz/766911,$26
561e8d976b8d90f61a003bab,Estoty LLC,626ae0e93f92938a4a88a968,Hit Box!,$26
5c3c9ba19f3cbd45d7dae29c,TapNation,65e1ead036b2302f00bd78c5,Hero Making Tycoon,$26
59fb487bbe77065f5800afc3,Azur Games,62bafb7f9ce7264ee1d27a02,Factory World,$26
561e8d956b8d90f61a003219,"Appodeal, Inc.",6a0c94fc3b0cec9d5d436f28,com.ctt.littlespa/779764,$26
5c657afed9e6e60012bab5d9,gamestudiopsv@gmail.com,64b6a318c380eb976b11f323,com.word.puzzle.game.crossword,$26
5c657afed9e6e60012bab5d9,gamestudiopsv@gmail.com,69f9cc1541d4695486a1af09,com.utilityhub.chiletv,$26
6297c4bc012073001b3df035,Yandex Inc.,66faa3dd921600c00d7365da,snowbatstudio_imposter3d_ios,$26
617916e8f3ef190017a83854,Digitalchemy,671e2429640cc01ab98a790c,Audio Editor Android,$26
561e8d956b8d90f61a0030cf,Ketchapp,55c64325d05df87b40000154,Don't Touch The Spikes,$26
691f260d3fcd392133e219dd,Leadtech,6a1fc4433de9ad13177dfa84,Tattooist iOS,$26
6297c4bc012073001b3df035,Yandex Inc.,69284552f3aa3facf9deb587,sibgatov-nail_com.phonkmaker.phonkmusic,$26
5c3c9ba19f3cbd45d7dae29c,TapNation,61f1284597362bf635b1ebe4,Color Water Sort 3D: Puzzle,$26
561e8d956b8d90f61a003219,"Appodeal, Inc.",6813029dae377462a541f9a0,if.player.com/767920,$26
5c05196699e4374b87bda3b9,Tripledot Studios,685e9d3e6ea978b682f391ba,Sort And Knit iOS,$26
5c657afed9e6e60012bab5d9,gamestudiopsv@gmail.com,63e23288727997baf91782be,com.tikloading.videodownloaderfor.tiktoknowatermark,$26
56d55c72562b9c353800000d,Voodoo,620518f13406890af54d472a,Five Hoops IOS,$26
59e4bb543f0fa9a20900afa3,TabTale LTD,603cd3ae3d1cda111d52ecbb,DIY Makeup,$26
59e4bb543f0fa9a20900afa3,TabTale LTD,65783d49cc59ff71f1fbe247,Super Car Merge Google_CL,$26
561e8d966b8d90f61a00392d,WISE WAVE CORPORATION LIMITED,6818cb0316e6847d6f09e233,Plinko by Pokerist,$26
58737456236d8f446400071c,FIOGONIA LIMITED,660d5f5bc34a3a0c401fb7c4,Tile Crush iOS,$26
5fc671cbba624b0015a61bf1,Saygames LTD,69b943403c7d0f0d0e60d536,Assolitaire: Word Solitaire,$26
670153ce6f113e00119a0fad,SensusTech LLC,6706de25c81241f35a623598,Smart TV Cast Screen Mirroring,$26
65e71ba517069f0011a36cfa,Rounds,686ced85df49b79de0b0aa90,GPS Map Camera 2,$26
61e93624cf7a710017932586,"Appgeneration, Lda",65d7674f9a4122e9e0de9a71,Radio VN,$26
5fc671cbba624b0015a61bf1,Saygames LTD,6989f87c0df678167264bfe5,Survival Arena: Tower Defense,$26
561e8d956b8d90f61a003219,"Appodeal, Inc.",6147cb9ae909ec3f7ed979af,com.anawiki.avalonjewelsmatch3/711887,$26
6297c4bc012073001b3df035,Yandex Inc.,69e8ce1bb1e4be9ed98891ae,nashi-igri_astrum-ent-m2alyona&hl-ru,$26
56d55c72562b9c353800000d,Voodoo,6994936850c5b8992ac5177a,Block Pals iOS,$26
63d229657d9fc60014b1afdf,Paxie Games,69b97c90706d591163188511,Pixel Maze,$26
561e8d956b8d90f61a002a2f,BoomBit Games Ltd,6228c0ca6fabcce67035a34c,Idle Farm,$26
65e71ba517069f0011a36cfa,Rounds,691488da92a33e36017f17e4,Age Calculator 2,$26
5c657afed9e6e60012bab5d9,gamestudiopsv@gmail.com,65ddb411d1b71b57183c4339,1422791215,$25
65e71ba517069f0011a36cfa,Rounds,69b55a63621abd20824d0df8,Mapway Paris,$25
65e71ba517069f0011a36cfa,Rounds,691a261b7c0c59c13779292e,Dice Roller!,$25
561e8d936b8d90f61a001096,MyGames MENA FZ LLC,619e1d3103254469b57a1e65,[Swag Masha] Love Sick,$25
561e8d936b8d90f61a00136a,MWM,5e416c9dda22fe00170b82d3,Beat Jumpy,$25
5c657afed9e6e60012bab5d9,gamestudiopsv@gmail.com,6a2680be9d2772ffc62dd231,com.GilviusGames.TidyUpBooksMagicLibrarian,$25
65e71ba517069f0011a36cfa,Rounds,67ed4139e95e39bcdefb638a,Hair Flutter,$25
619376d458dde20017d66610,MATRYOSHKA GAMES (CY) LTD,61b9b7ce9758596f8cb1589d,Rescue Dash (Android),$25
63d229657d9fc60014b1afdf,Paxie Games,69bbbe305dc7653a6257bb34,Hotpot Sort,$25
5c657afed9e6e60012bab5d9,gamestudiopsv@gmail.com,654c97e0a82fe1a9a3fa52ae,com.KreizLand.DestroyerMobile,$25
62f2190969aa39001bb4b1fe,Take Top KZ,6863d432a844a45e9b6a6d08,Dead Rails: Train Survival,$25
561e8d936b8d90f61a00035c,Supersonic Software Ltd.,5ad48cc528479026b9e85e32,One Clue Crossword - Amazon,$25
561e8d936b8d90f61a00059f,Wooga,5c77daa094815100121535cf,Tropicats iOS,$25
561e8d936b8d90f61a001096,MyGames MENA FZ LLC,619791cff307adcdf0a3f913,Storyngton Hall iOS,$25
6021599b8b3e5600159fcc76,HITAPPS GAMES LTD,63e0bdee78f0b67abd110c3c,Square Logic Android,$25
691f260d3fcd392133e219dd,Leadtech,692463636d8298ca1d2776cb,Music Player & MP3 Cutter,$25
561e8d936b8d90f61a0011da,Tactile Entertainment,622b6290434cb53542ec60d5,Penny & Flo [Kindle],$25
65e71ba517069f0011a36cfa,Rounds,68a85565aa012a19dcee08c2,Camera Map Gps,$25
5a6f56062c250d182f0056f3,Kwalee Ltd,5ff4730db8d0210b8ad6c597,Hiring Job 3D,$25
5c6a96f373ca3d6bbe3fff38,AppQuantum,63512cacec58d953bd791996,Metropolis Tycoon GP,$25
5c05196699e4374b87bda3b9,Tripledot Studios,68b68f2245dd3cedc41fb2fe,BubbleGo Pop!,$25
5c657afed9e6e60012bab5d9,gamestudiopsv@gmail.com,652d9b431b4246172cda4cef,org.rocketsapp.pdfreader.pdfviewer,$25
65e71ba517069f0011a36cfa,Rounds,691ed4d21468ab4492b33937,Cal Planner,$25
5c657afed9e6e60012bab5d9,gamestudiopsv@gmail.com,6978e3eb9557abdc3c8dd575,6475989681,$25
60afcdd4407e6d0018810836,Fomo Oyun Yazılım ve Pazarlama A.Ş. İstanbul İhtisas Serbest Bölge Şubesi,69f0c51e4e0ef4f1aa266ff1,Jigsaw Pixel,$25
59fb487bbe77065f5800afc3,Azur Games,64639fc50be201e086ed76e3,Botlle Jump 3D - MS,$25
561e8d976b8d90f61a00402a,Gameloft - Master Account,616ea74c2d78d8c9555fe4aa,Sniper Champions,$25
636a1cdc1f1b19001b2baa82,Hubx Yazılım Hizmetleri Anonim Şirketleri,636bc05ae10ac997e4762412,Davinci,$25
5c657afed9e6e60012bab5d9,gamestudiopsv@gmail.com,64d212ca901d44365f6d3dcf,6452627183,$25
59fb487bbe77065f5800afc3,Azur Games,696f60cf9557abdc3c8d4312,Bunker wars,$25
5c657afed9e6e60012bab5d9,gamestudiopsv@gmail.com,69b94c253c7d0f0d0e60d582,com.serbull.epochwars,$25
65e71ba517069f0011a36cfa,Rounds,67ab56e39fe5d49d4b570ffc,XAPK Installer,$25
5fc671cbba624b0015a61bf1,Saygames LTD,5d56d81ecb4c5e4e8948bc31,Taxi Train Android,$25
5a53889945eaab512501251e,AddApptr GmbH,69ea25fae3a260bf55faef73,Secure_Gulf_Android,$25
65e71ba517069f0011a36cfa,Rounds,69b80e89dcfbd320997c7990,Advanced English,$25
59fb487bbe77065f5800afc3,Azur Games,5a2ea7518b6a34340c00292c,Partymasters,$25
65e71ba517069f0011a36cfa,Rounds,679ccaa99fe5d49d4b56e090,Police Siren,$25
59e4bb543f0fa9a20900afa3,TabTale LTD,5dd2c0d30f531500173c3408,My Horse Stories Google_CL,$25
59e4bb543f0fa9a20900afa3,TabTale LTD,5fe5f4aa6cfda12e3b2469a6,Shoal of fish iOS_CL,$25
5bec0018c9af0a7962a96f4a,Rollic Games,617fe1221a65122d8ab75b34,They Are Coming,$25
561e8d936b8d90f61a0008da,Pixonic Games Ltd,617130567565bfc86087297b,Dino Squad,$25
5c657afed9e6e60012bab5d9,gamestudiopsv@gmail.com,67a32228f372f630d3b77146,6740805923,$25
637c93290ad1a8001b64a071,MACHAPP Software Ltd,64073c1ac12829ce04a107b3,3D flip clock & weather,$25
5bec0018c9af0a7962a96f4a,Rollic Games,6489b8c0bc94baaf208de78b,WeaponBattleRun,$25
561e8d956b8d90f61a0030cf,Ketchapp,59159b32595df11c32000796,Finger Spinner,$25
5dcf09394f6eed0018145e58,Unico Studio LLC,6908fd0b35735890d3496448,Ball Basket Sort,$25
5bec0018c9af0a7962a96f4a,Rollic Games,69674b5f64ed3ae34d829b80,PieceFitSort,$25
65e71ba517069f0011a36cfa,Rounds,68809fc00c57d8be6eea894d,Blood pressure diary,$25
561e8d936b8d90f61a0008da,Pixonic Games Ltd,617130dad31537e49f886f08,Dino Squad,$25
65e71ba517069f0011a36cfa,Rounds,67bedc74d85e20dacde198ba,IPTV Player,$25
561e8d956b8d90f61a003219,"Appodeal, Inc.",68e77c719ac1f436b38903e6,com.TGZS.TIMOKHA5/773203,$25
65e71ba517069f0011a36cfa,Rounds,679cdf6def13facef7af2891,Cool Symbols,$25
65e71ba517069f0011a36cfa,Rounds,66685f918ac812b3c390ed30,The Best Compass iOS,$25
5bec0018c9af0a7962a96f4a,Rollic Games,67d00a1aa3b6cba6b182d966,CarveQuest,$25
65e71ba517069f0011a36cfa,Rounds,67bc48bad85e20dacde18a4b,Video Overlay,$25
56cb43391ba696884900000a,Ilyon Dynamics,58be8698b9c34dc2530002b8,Power Pop Bubbles,$25
59fb487bbe77065f5800afc3,Azur Games,623862e7c10bb0cf9fd6d7ba,Drawmaster,$25
5c657afed9e6e60012bab5d9,gamestudiopsv@gmail.com,6a0ecfe2e54ae40b5eaa07db,enytech.score.livefootballtv.hdstreaming,$25
561e8d956b8d90f61a003219,"Appodeal, Inc.",69204d795dfdc7b88d9dbc7d,ee.simplesoft.picsweep/758782,$25
65e71ba517069f0011a36cfa,Rounds,67a4c3ffc1d0e427bfd03047,Lyrebird Neonart,$25
561e8d956b8d90f61a0030cf,Ketchapp,57e84beb3767ca392e00004a,Hop,$25
5fb510aa8072bf0015d8d59d,Tap2Play LLC,64b63436c380eb976b11f12d,KNI_IOS_Knitted Sort,$24
6297c4bc012073001b3df035,Yandex Inc.,693158955dc5324abc72d049,magstag320_sergeiv_testmaker,$24
5c657afed9e6e60012bab5d9,gamestudiopsv@gmail.com,6a0ebd4ee54ae40b5eaa05f6,enytech.livescore.livefootballtv.hdstreaming,$24
5c657afed9e6e60012bab5d9,gamestudiopsv@gmail.com,6a1d462437df7df9f7bdfa7e,6757752532,$24
619b548fc9c9c1001796f1f6,Gimica GmbH,6449012885742373a3e120cf,Emoji Clickers,$24
561e8d946b8d90f61a001509,Outfit7,6874efc6a0186b1c1df813ed,My Talking Tom Friends 2 - Amazon,$24
5dcf09394f6eed0018145e58,Unico Studio LLC,6300cf1dafece110d87521bd,Word Tower iOS,$24
64a6b4fdcca9af0011fc86b7,Vira Games Inc,660d4f5bc0c070078a977278,Queens Race: Story of Heart iOS,$24
561e8d956b8d90f61a003219,"Appodeal, Inc.",5604ddaefe6e47093200004c,com.game.solitaireclassics/14151,$24
561e8d936b8d90f61a001260,MAG Interactive,65e603c5d13c647695f50081,Wordblobs,$24
65e71ba517069f0011a36cfa,Rounds,679cae1aac670fb86b086844,Notification History,$24
5dcf09394f6eed0018145e58,Unico Studio LLC,6246578065e3ce98b93755be,Sudoku Android,$24
65e71ba517069f0011a36cfa,Rounds,67b33c6b2363a440422fed20,Love Texts,$24
561e8d936b8d90f61a00035c,Supersonic Software Ltd.,5346b45bb12f0c4d6a0000b5,World's Biggest Crossword,$24
56cb43391ba696884900000a,Ilyon Dynamics,63df94e407456a45bfe657bd,blast.boom_i_1398,$24
561e8d956b8d90f61a003219,"Appodeal, Inc.",629d4411833234062d50a5a8,com.kindzasoft.pool.ios/729090,$24
56d55c72562b9c353800000d,Voodoo,5f107d5aca54ce000175b8be,Draw Rider!,$24
561e8d956b8d90f61a002f2c,AxesInMotion,601aa95579215cfbc170e8b8,Extreme SUV Driving Simulator - RMK,$24
6297c4bc012073001b3df035,Yandex Inc.,671a427b136e386f160f412f,thegosarussia_huaweithemes,$24
65e71ba517069f0011a36cfa,Rounds,6880c74a0c57d8be6eea8d0d,Secure Vault,$24
59fb487bbe77065f5800afc3,Azur Games,64f1d20f0ad1692974b25f27,Fancy Puzzles,$24
61e93624cf7a710017932586,"Appgeneration, Lda",6762db0187298a2a13dc478f,Spider,$24
561e8d936b8d90f61a00136a,MWM,5d011f0f0685e900124e4538,Water Tracker [iOS],$24
5c3c9ba19f3cbd45d7dae29c,TapNation,671b6bba589f138ded28d2e2,Battleops | Offline Gun Game,$24
561e8d956b8d90f61a0030cf,Ketchapp,5a0859f62ff830ba6c0021c4,Dunk Hoop,$24
65e71ba517069f0011a36cfa,Rounds,6842dd844a92261d65bcc6a7,Lyrebird Instasquare,$24
5c657afed9e6e60012bab5d9,gamestudiopsv@gmail.com,69a03f513630b752386b8826,1072738097,$24
5b1526a7de961d3317b1d475,X-FLOW LTD,5a89ef7a441a55044a0004f1,One Line with One Touch – connect the dots,$24
61e93624cf7a710017932586,"Appgeneration, Lda",65d78fdff31d94e5290f9d57,Radio CUB,$24
59e4bb543f0fa9a20900afa3,TabTale LTD,622f209ea75a06c30a7707b4,Cake Art 3D iOS_CL,$24
65e71ba517069f0011a36cfa,Rounds,676565a2c6932d0e3d186b2f,Network Wifi Info,$24
561e8d956b8d90f61a003219,"Appodeal, Inc.",66abee11e33c9a548741ea42,com.fantacycling.app/760123,$24
65e71ba517069f0011a36cfa,Rounds,67a20e59f372f630d3b76d9c,Equalizer,$24
59e4bb543f0fa9a20900afa3,TabTale LTD,5c6a76df3500d00f9aee746e,Coin Rush iOS_CL,$24
5c657afed9e6e60012bab5d9,gamestudiopsv@gmail.com,64d49430901d44365f6d41db,com.CDMApps.Faucet,$24
561e8d956b8d90f61a002a2f,BoomBit Games Ltd,5df8a82f6b8d7f0017011bb0,Ramp Car Jumping Android,$24
5e3692d21cd3cb0018dd4329,SuperSonic Studios,6880dacd3af61c7b13ca0d36,Air Defense - TDS,$24
561e8d956b8d90f61a003219,"Appodeal, Inc.",69cf5307af6a23eb375ecc65,com.ctt.littlespa/777803,$24
561e8d956b8d90f61a003219,"Appodeal, Inc.",62ac915a50cda2c706b338ff,com.weaseldev.ghostcamera/154851,$24
6297c4bc012073001b3df035,Yandex Inc.,680b6f3dda6c7a82edfa352d,nikita4everpro_com.nikita4ever.nscc,$24
65e71ba517069f0011a36cfa,Rounds,67bdd2a5ee9356aafba1bec6,Split Screen,$24
5fc671cbba624b0015a61bf1,Saygames LTD,69525d62dd28ef10e37245be,Screw World 3D,$24
56d55c72562b9c353800000d,Voodoo,5de69b0dd6b03932b481462b,Smash Cars! iOS,$24
5dcf09394f6eed0018145e58,Unico Studio LLC,62729a453749389e64274469,248 Android,$24
5b5ec3e8337f272131edc824,MadBox,5e54f0fe6331030011fc03a3,Parkour Race,$24
5fb27298d8ff880015e84750,MNO GO APPS LTD,628f618b88ef98471c2b269b,ZenQuiz,$24
6297c4bc012073001b3df035,Yandex Inc.,67c02918ee9356aafba1cd03,ak-app-development-gmail-com_com-alekseykozlov-AngleMeter,$24
5c657afed9e6e60012bab5d9,gamestudiopsv@gmail.com,685d38e67ded2eaf87201dd5,ru.PixelQuest.clickMoney,$24
56d55c72562b9c353800000d,Voodoo,5f2d3163c90cda00010ff5fb,Type Run,$24
59fb487bbe77065f5800afc3,Azur Games,5ede7b37e900bc00013ee381,Ball Slide 3D! Android,$24
561e8d956b8d90f61a003219,"Appodeal, Inc.",62865b088e9a403c33424e62,com.kindzasoft.durak.ios/728530,$24
5e3692d21cd3cb0018dd4329,SuperSonic Studios,6130f9c3c04b5da1481b4db0,Rope-Man Run,$24
58f71febd4e19c8f3b000fff,Soccer Manager Ltd,64abe047c17dc32ff09370a5,Soccer Manager 2024 - Android,$24
5c657afed9e6e60012bab5d9,gamestudiopsv@gmail.com,67bc8fefee9356aafba1b897,com.anrum.merge.and.blast.plus2048,$24
5c657afed9e6e60012bab5d9,gamestudiopsv@gmail.com,637b4f194374184e3010bce9,com.KhoGames.CastleDestruction,$24
5c3c9ba19f3cbd45d7dae29c,TapNation,651180f760aebaee1ce35cd7,Dino Run (spiky),$24
5c3c9ba19f3cbd45d7dae29c,TapNation,6576ee12e32ee9b92a27a49a,American Sniper 3D,$24
5735de0ebcd1970756000054,PLAYGENDARY LIMITED,5d77641d876c6e00174d9ee0,TotM: Color,$24
65e71ba517069f0011a36cfa,Rounds,68b6efa2336ff3da36c5e925,Measure Speed,$23
6297c4bc012073001b3df035,Yandex Inc.,6707be94c81241f35a623908,dpav_storiesvk,$23
5c657afed9e6e60012bab5d9,gamestudiopsv@gmail.com,6a20318b79c4eda0ec2b896d,com.thejangarmangarfive.ap,$23
65e71ba517069f0011a36cfa,Rounds,67bf28d7ee9356aafba1c8d4,Custom Volume,$23
5c657afed9e6e60012bab5d9,gamestudiopsv@gmail.com,660a69b9c5f237ebf7b4ad36,com.V.GGames.REC.O.R.D,$23
5d074f140fbc770017190dd2,RUBY OYUN VE YAZ. DAN. SAN. TIC. A.Ş.,6113c215157877919107b21d,HunterAssassin2_Android,$23
5a6f56062c250d182f0056f3,Kwalee Ltd,5f9c2b501f7a2eef32de08e4,Object Hunt,$23
5a9d60d3b1c1666c2e0056ba,Homa Games,60c8a370d3467b3f22da18fe,Kaiju Run,$23
65e71ba517069f0011a36cfa,Rounds,68dfbe5f23db033ec551396f,Live Flight Tracker,$23
59fb487bbe77065f5800afc3,Azur Games,625fa5aabea2e007a1de1d15,Cart Crash,$23
5e3692d21cd3cb0018dd4329,SuperSonic Studios,60eee1209c8395983c74340c,Rope-Man Run,$23
561e8d926b8d90f61a00013e,Miniclip SA,66fd13e9cde9700bb6f03fd7,Coloring Book for Adults,$23
5fc671cbba624b0015a61bf1,Saygames LTD,6790f4bbb7c0c84dcaf1b306,Drive and Park,$23
617916e8f3ef190017a83854,Digitalchemy,66c49b28e2d733cb76cdd59a,Barcode iOS,$23
6297c4bc012073001b3df035,Yandex Inc.,676e92d4b74186f469e01100,appreclama_ru-sotnik-metallCalck,$23
561e8d956b8d90f61a003219,"Appodeal, Inc.",587dccce00044df003000866,com.avecreation.drivingzonegermany/61904,$23
5bec0018c9af0a7962a96f4a,Rollic Games,5eafd90b966ca500015933a1,Repair Master 3D,$23
65e71ba517069f0011a36cfa,Rounds,67ee8be49c3da54da0568c71,Intruder Selfie,$23
561e8d956b8d90f61a003219,"Appodeal, Inc.",64039e6df66a4584ba41929a,com.befit.mealreminder/700052,$23
5c657afed9e6e60012bab5d9,gamestudiopsv@gmail.com,6978668473c0a231fff80ce3,com.jc.blastpuzzlemaster,$23
6297c4bc012073001b3df035,Yandex Inc.,662a62383b493c22d404c9b8,birds-avs_chess,$23
5c657afed9e6e60012bab5d9,gamestudiopsv@gmail.com,63d7db85611d2514c2be32fd,guru.sudoku.offline.free.puzzle.games,$23
56d55c72562b9c353800000d,Voodoo,621799bda33ef4f3d1ed48f4,Backflip Master 2 - Ragdoll Parkour Game 3D ANDROID,$23
561e8d936b8d90f61a000c5d,the binary family GmbH,65faa1c3f5d8b25533af0310,TheBinaryFamily_1stSolitaire_iOS,$23
561e8d956b8d90f61a003219,"Appodeal, Inc.",6859c5807b0b52c43c0e6153,com.Prism113.HalfSteelGladiatorSword/768632,$23
65e71ba517069f0011a36cfa,Rounds,693167b65dc5324abc72d1d0,Ovulation Period,$23
5e3692d21cd3cb0018dd4329,SuperSonic Studios,63c543a07b5fc066b12955fe,Cat Evolution!,$23
5e3692d21cd3cb0018dd4329,SuperSonic Studios,60658b118e8cd30f5bf94257,Spider King,$23
5c05196699e4374b87bda3b9,Tripledot Studios,6724a83b136e386f160f6406,Color Sort 3D,$23
56d55c72562b9c353800000d,Voodoo,5cb483578b248c001130a740,Castle Wreck,$23
5fc671cbba624b0015a61bf1,Saygames LTD,61668c6f1d89c59a9edc6a2a,Hyper Evolution Android,$23
5c05196699e4374b87bda3b9,Tripledot Studios,602a85ec83a1d31a71c610cd,Live Wallpapers Now,$23
59fb487bbe77065f5800afc3,Azur Games,651c0ad4d38855ef54ab03d3,Crowd Sort ios,$23
56d55c72562b9c353800000d,Voodoo,6059cac97defe116c1b080d6,Bounce and collect,$23
5fc671cbba624b0015a61bf1,Saygames LTD,60dd7070860a8fea3f5ea117,Sky Trail iOS,$23
69eb7528a33b05d61de623e5,DVapps AB,6a033b7671992407adfd6bf8,House of Slendrina Android,$23
561e8d976b8d90f61a004288,Panteon Software,6045c3f6cc123b37c4651ded,Sling Plane 3D - Android,$23
5c05196699e4374b87bda3b9,Tripledot Studios,66d7dbf62a769ddae741926f,Lucky Tiles: Match Three Games,$23
63d229657d9fc60014b1afdf,Paxie Games,694accdadd28ef10e371e1f6,Ring Bus,$23
5dcf09394f6eed0018145e58,Unico Studio LLC,674f5081f7531ac1856035d0,Offline Games,$23
59e4bb543f0fa9a20900afa3,TabTale LTD,63074279c67ff66dc8eb7ed7,Baby Hair! IOS_CL,$23
5c657afed9e6e60012bab5d9,gamestudiopsv@gmail.com,69a9587e090600979197fd3c,appshub.sports.livecrickettv.streaming.hd,$23
561e8d936b8d90f61a001096,MyGames MENA FZ LLC,66ab68648b82298c2add652c,Battle for the Galaxy,$23
59fb487bbe77065f5800afc3,Azur Games,5f181442b190b300010e7e98,Hidden Differences - Spot Them,$23
5dcf09394f6eed0018145e58,Unico Studio LLC,6829b3e01cd2863ca808872c,Word Tangle Android,$23
5c657afed9e6e60012bab5d9,gamestudiopsv@gmail.com,6564812c2e3a639ea9ea754b,com.eg.horror911.prey.escape,$23
56d55c72562b9c353800000d,Voodoo,62556e500474930621138481,Outdo.io 3D ANDROID,$23
6297c4bc012073001b3df035,Yandex Inc.,6891c348b0db71183db4eab7,nowhopeteame_com-nord-star-vpn,$23
5c05196699e4374b87bda3b9,Tripledot Studios,66df5176f5db8502f5a9de7c,Bus Go Android,$23
5c657afed9e6e60012bab5d9,gamestudiopsv@gmail.com,69e0e87c56e5916218c2022e,com.vooj.hyperspeed,$23
561e8d936b8d90f61a000e7b,ZeptoLab,620b811bb8e7b33f35ec64bb,Overcrowded: Tycoon,$23
58737456236d8f446400071c,FIOGONIA LIMITED,65d4ee0d9a4122e9e0de9297,Mahjong Android,$23
561e8d936b8d90f61a001096,MyGames MENA FZ LLC,6401da2270f094ebe9b8981a,[AMT Games] Heroes of War,$23
65e71ba517069f0011a36cfa,Rounds,67caba583f8ae32f2cbddccb,Stylish Fonts,$23
5dcf09394f6eed0018145e58,Unico Studio LLC,68f52fe0278f041184332eb1,Miner Figher,$23
5c657afed9e6e60012bab5d9,gamestudiopsv@gmail.com,65001178b30c764e0a11eedf,com.swordjelly.ninja,$23
62f2190969aa39001bb4b1fe,Take Top KZ,665428c6f62f7b0afda0ed1d,Merge War,$22
69ca6c6bb350ffb65db15d7b,Moment Games,69cb75b029ef4f8d2a7435ed,Beads Popper iOS,$22
617916e8f3ef190017a83854,Digitalchemy,63c9478d4b083a01cead88ec,Discount Calculator,$22
5bec0018c9af0a7962a96f4a,Rollic Games,69a0116a646fe74838523b5c,LayerBlastJam,$22
59fb487bbe77065f5800afc3,Azur Games,69aaad36c4789db9ed1b6107,Word Solitaire: Categories,$22
561e8d956b8d90f61a002a2f,BoomBit Games Ltd,67fcd841cad65030e350e1c2,Tattoo Studio Simulator,$22
561e8d956b8d90f61a003219,"Appodeal, Inc.",631a2b41dd049457dabc7b84,com.geography.travel.quiz/728068,$22
604a7ccb4f898b00151e2797,FunCraft,687e89b35283df928d631ea7,Kingdom Rollers,$22
5c657afed9e6e60012bab5d9,gamestudiopsv@gmail.com,695e0f70361e907db94a5779,com.dmk.ciclomotiva,$22
56d55c72562b9c353800000d,Voodoo,60a6338dcf4957c21093da7e,Handy Craft,$22
561e8d956b8d90f61a003219,"Appodeal, Inc.",68f4153a278f0411843325aa,com.roma6125.Pddsigns/760297,$22
59fb487bbe77065f5800afc3,Azur Games,6297e2e0cd852242101db68d,Claw Builder,$22
561e8d956b8d90f61a002a2f,BoomBit Games Ltd,6203cece58ef343607a314ce,Train Ramp Jumping,$22
65e71ba517069f0011a36cfa,Rounds,679ca1ccf372f630d3b75f1d,Poster Maker,$22
5bec0018c9af0a7962a96f4a,Rollic Games,62598da2f0f939298c090948,Crowd Evolution,$22
64075f57d6da1900141e5aba,Code Dish GmbH,633290a7c3eb8ff8cd774832,Water Sort Puzzle,$22
561e8d956b8d90f61a003219,"Appodeal, Inc.",655478632b64ef34d3bce284,com.olegsheremet.photo_baby/754195,$22
64075f57d6da1900141e5aba,Code Dish GmbH,60fe82895b5182ae6e1653ed,ColorSwipe-Android,$22
561e8d946b8d90f61a001f18,Nordcurrent,5eeb516708886900010743ca,Time Guardians (Android),$22
561e8d956b8d90f61a003219,"Appodeal, Inc.",696a506d2d68e273f422f278,com.mobiloids.findWordsGeorgian/775535,$22
561e8d956b8d90f61a003219,"Appodeal, Inc.",5ab90fab4a7f2166bec36dfb,com.mingle.TurkishCupid/104760,$22
57d1b461ae2b57d903000027,Easybrain Ltd,69a85f84090600979197e865,Sort Merge GP,$22
56d55c72562b9c353800000d,Voodoo,5de51e6dfa6f5332c012a33e,Push'em All Android,$22
5c657afed9e6e60012bab5d9,gamestudiopsv@gmail.com,6936bcb1ad1560663eab1e1c,com.tchinnova.multigerador,$22
5c3c9ba19f3cbd45d7dae29c,TapNation,6780e3160ed7c46339aa3b03,Rescue Agent,$22
5c657afed9e6e60012bab5d9,gamestudiopsv@gmail.com,665442aa91263042f08ed9db,green.sandbox,$22
65e71ba517069f0011a36cfa,Rounds,69271397243addf54f448ce3,Notepad Offline,$22
5b84c65ca73f7a027c553f4a,Rewards Game,699edd41646fe74838522686,Cozy Yarn Puzzle,$22
561e8d956b8d90f61a0030cf,Ketchapp,62b9d55bf62b8dc36debeb14,Kungfu Ragdoll,$22
561e8d976b8d90f61a003d96,Gram Games,5c75247d1e4e65601973bb86,1010! Color iOS,$22
561e8d936b8d90f61a000f17,Smart Project GmbH,680a023a2568b8f33495bba1,clash GP,$22
5c657afed9e6e60012bab5d9,gamestudiopsv@gmail.com,67bc98704a068ff910e3ea55,com.ladkisebaatkarnewalaapp.videocallwithcutegirls,$22
59e4bb543f0fa9a20900afa3,TabTale LTD,6183e334c63fb29e8dadddd8,Sweep And Paint iOS_CL,$22
5fc671cbba624b0015a61bf1,Saygames LTD,638f0f0d7c1c425f34dc1d4c,Army Defence!,$22
5bec0018c9af0a7962a96f4a,Rollic Games,60c7754db79550bef5ee6aea,Arrow Fest,$22
65e71ba517069f0011a36cfa,Rounds,6899d65852324efbc6cffa11,Video Subtitle 1,$22
561e8d956b8d90f61a003219,"Appodeal, Inc.",663738057911ea06b391fd69,com.plexygame.horror/759236,$22
5fc618102e8dd2001579b65d,App Central ltd,6615592e9183acf4e4d9c728,Twerk Run Launcher,$22
561e8d956b8d90f61a003219,"Appodeal, Inc.",633ae8552b028cfda77c7de5,co.wefaaq.FadFed/622597,$22
59fb487bbe77065f5800afc3,Azur Games,5dee3b15344369591b09e217,Hidden Journey: Puzzle Quest,$22
6297c4bc012073001b3df035,Yandex Inc.,6878be7d28d514326f5437d5,yan443193697dex_con-colorV-com,$22
5c657afed9e6e60012bab5d9,gamestudiopsv@gmail.com,69369bf504168e75f77c35e5,com.morionstudio.witchy,$22
5c657afed9e6e60012bab5d9,gamestudiopsv@gmail.com,678e2f3115d300adfe8d221b,com.pantherwalkietalkie.pushttotalkapp,$22
65e71ba517069f0011a36cfa,Rounds,6819f9dc2886e3f37cbcf85c,Gcam,$22
561e8d976b8d90f61a003e29,Vizor Apps Ltd,6269163c36c7b0b5f4e6a60a,Riddle Road iOS,$22
5c657afed9e6e60012bab5d9,gamestudiopsv@gmail.com,6a020dd7a20b88950b96c295,com.obbygames.bootluckyblock,$22
59fb487bbe77065f5800afc3,Azur Games,660e7a38c34a3a0c401fb8d3,https://apps.apple.com/us/app/fancy-puzzles-jigsaw-game/id6466300988,$22
5fc671cbba624b0015a61bf1,Saygames LTD,6a01b0fe71992407adfd4be3,Cooking Sort: Zooworld,$22
6297c4bc012073001b3df035,Yandex Inc.,68234a18a288cde6eec34484,cam0mobile_com-zigzag_mobile-skorolek_bidding,$22
6021599b8b3e5600159fcc76,HITAPPS GAMES LTD,64d0d0481acd31e87b5c6cb9,Syllatiles iOS,$22
5c657afed9e6e60012bab5d9,gamestudiopsv@gmail.com,62cd331b4cffb7a611528ac2,RCC - Real Car Crash Simulator iOS,$22
5ec6f4dbdae5f50015c2980b,PCA Bear LLC,66f5d255fab6f3fe1da31b49,Archmagic Survivors TD,$22
65e71ba517069f0011a36cfa,Rounds,69270c75243addf54f448cad,Citizen Calculator,$22
5c657afed9e6e60012bab5d9,gamestudiopsv@gmail.com,66a22c26787c69775be1123f,com.TapTopGames.TapCase,$22
561e8d936b8d90f61a00146c,TabTale Ltd.,5791ee8f106836bf40000020,Baby Boss iOS_TT,$22
561e8d956b8d90f61a003219,"Appodeal, Inc.",6133261b63c968590bed993c,uk.co.haygrazer.either/713224,$22
65e71ba517069f0011a36cfa,Rounds,687e3c5aeb91ef8f5fcbff93,Unreal Chemist Unity GP,$22
561e8d936b8d90f61a000f17,Smart Project GmbH,5d64d9e2ab5baf00181b62f7,5 Differences Online New,$22
59e4bb543f0fa9a20900afa3,TabTale LTD,69df40abc720c746a37387b7,Sand Out Blitz iOS_CL,$22
5ef9d5fbf52f8e001b9caba9,BoomBooks Sp. z o.o.,601bf2688b86b8811c918088,Make it fly ANDROID,$22
561e8d956b8d90f61a003219,"Appodeal, Inc.",67e5724e6e7999d3c7274599,com.TIMGZ.BOBR/766941,$22
62f2190969aa39001bb4b1fe,Take Top KZ,65f40b0704be500a84e61e6d,Monster World,$22
5c657afed9e6e60012bab5d9,gamestudiopsv@gmail.com,649602099d2b942ccedb966c,1538411332,$22
65e71ba517069f0011a36cfa,Rounds,67b834dacf89a5b27bdda24f,Background Recorder,$22
5cda78f561a35300113a86ab,Moonee,629dc0bd833234062d50a705,Web Swing Hero,$21
5bec0018c9af0a7962a96f4a,Rollic Games,64b15fe4c380eb976b11eb20,PunchMachine,$21
5fc671cbba624b0015a61bf1,Saygames LTD,69f2050c404ce74c2248e36c,Quotegramm,$21
5a9d60d3b1c1666c2e0056ba,Homa Games,6658972dc9857d6f6622059d,Conveyor Rush,$21
65e71ba517069f0011a36cfa,Rounds,68932f852adb6989d5e953de,Photo Keyboard,$21
5fc671cbba624b0015a61bf1,Saygames LTD,5d08ecfc3b45c119319128b3,Train Taxi,$21
5c657afed9e6e60012bab5d9,gamestudiopsv@gmail.com,69c69dcb266121a133372d06,com.cricketlive.tvr.cricketlive.startv,$21
561e8d956b8d90f61a003219,"Appodeal, Inc.",5cf3ecfb456c807a3aa14e8a,com.innovate.BlackPeopleMingle/103882,$21
65e71ba517069f0011a36cfa,Rounds,6917291a43b8a2b50f6dac1c,Globe Earth 3D iOS,$21
561e8d956b8d90f61a003219,"Appodeal, Inc.",59605ea7024f34637e000aef,com.solverlabs.exploration/73701,$21
561e8d936b8d90f61a00146c,TabTale Ltd.,58009c424c7b9e3167000014,Real Cake Maker 3D iOS_TT,$21
59fb487bbe77065f5800afc3,Azur Games,5fc5e57ec250d53d2fe236d4,Money Bank 3D!,$21
561e8d926b8d90f61a00013e,Miniclip SA,69b7fa13e797e72329f69942,Power Pop Blast (Miniclip),$21
65e71ba517069f0011a36cfa,Rounds,67b5e93c7077517f21dc03ea,Blend Photo Editor,$21
5c3c9ba19f3cbd45d7dae29c,TapNation,666eb367429c14443ac5ee91,Vendetta: Mafia Shooting Game iOS,$21
5c657afed9e6e60012bab5d9,gamestudiopsv@gmail.com,668247516204497f762a8fb7,6504836962,$21
561e8d956b8d90f61a003219,"Appodeal, Inc.",5937004204f6716524000364,zebi24.guess_5/76544,$21
5a8a9eca79a4da360300055d,Popcore GmbH,5e74bc8806dfd9000123823d,Pull the Pin,$21
56d55c72562b9c353800000d,Voodoo,5e306df2e2eab73ec4adb54d,Spiral roll,$21
561e8d956b8d90f61a003219,"Appodeal, Inc.",60db69d7e909ec3f7ed9718f,com.forexgame.ForexGame/697950,$21
6297c4bc012073001b3df035,Yandex Inc.,6936e1f4ad1560663eab2058,smartlynxgames_rustore_com-doublereality-trivia2023ru,$21
5c657afed9e6e60012bab5d9,gamestudiopsv@gmail.com,6540e30316650d433dadc134,com.shaders.textures.rtx.modsformcpe,$21
5c657afed9e6e60012bab5d9,gamestudiopsv@gmail.com,649572814d52fcfacebbf9bf,1488212261,$21
561e8d956b8d90f61a003219,"Appodeal, Inc.",5716e692e92310f279000086,com.creaturecorp.supermarketcashier.android/29072,$21
5bec0018c9af0a7962a96f4a,Rollic Games,68f0fb117ae17ddd8cf0ad62,ChampionsJourney,$21
5cda78f561a35300113a86ab,Moonee,65244dfc93315a56bbb4d647,Pot Inc.,$21
5a53889945eaab512501251e,AddApptr GmbH,68e5264e7b57218c65beefcd,RicardoCh_Ricardo_Android,$21
62f2190969aa39001bb4b1fe,Take Top KZ,67ee3714b76095ec339b9064,Quadrober Simulator Be a cat,$21
5a6f56062c250d182f0056f3,Kwalee Ltd,5cc9e06d511fec0012c5236d,Jetpack Jump,$21
561e8d926b8d90f61a00013e,Miniclip SA,63331a6ac8b7b10255b7029e,Matchday Manager,$21
561e8d956b8d90f61a003219,"Appodeal, Inc.",690dd67e30591dab9d8bd29b,com.TGZS.TIMOKHAPOBEG2/773980,$21
6297c4bc012073001b3df035,Yandex Inc.,666af2feb200e640317a049c,eragames777_fishingrain,$21
561e8d976b8d90f61a004288,Panteon Software,5e2697e7e85ec30017b1cb14,Goal Party,$21
59fb487bbe77065f5800afc3,Azur Games,636b642f1641cbf8100aae84,Kunai Master,$21
5e3692d21cd3cb0018dd4329,SuperSonic Studios,61124a24dd8d86d54cec2709,Escalators,$21
609aaa8981be8d00154c407d,Sotec Consulting sl,64650356cc944f51b5ecedd4,IOS179-01 Frozen Pop - Bubble Shooter,$21
627b73f7023d420018e2f038,Chardonnay Partners LLC,6495882b8015d6e55820f8c6,GinRummy ios,$21
5fc618102e8dd2001579b65d,App Central ltd,68777fd5e27c18d19b12fe96,You Are The Father Launcher,$21
619b548fc9c9c1001796f1f6,Gimica GmbH,68374d8b4bee5d4c6e7efbe8,Slice Pizzle,$21
6255696ee4b70c001810bb39,JRustonApps,625576fd6278d7d95112d05f,My Tide Times Android,$21
57ab0b38c6ebd5c83300007e,Good Job Games (Azur),5fd0f5949a954118bbcdbc6a,Basketball Life 3D,$21
62f2190969aa39001bb4b1fe,Take Top KZ,68d295385f2ed60420cd1206,Quarantine Simulator Zone Border Patrol,$21
561e8d956b8d90f61a0030cf,Ketchapp,5a9d79aa8782e0e64900ad9c,Space Frontier 2,$21
5e3692d21cd3cb0018dd4329,SuperSonic Studios,63c5444d868070a72947d7a3,Cat Evolution!,$21
561e8d956b8d90f61a003219,"Appodeal, Inc.",66e98480f2fa5bc8304f93f5,com.tiedye.color.free.pixelart/762146,$21
5b84c65ca73f7a027c553f4a,Rewards Game,69aa9a96c4789db9ed1b5f75,Pixeldom: Pop Blast,$21
56d55c72562b9c353800000d,Voodoo,67878392d4c09b31cb1088ff,Hex Defense!,$21
5d074f140fbc770017190dd2,RUBY OYUN VE YAZ. DAN. SAN. TIC. A.Ş.,69a19cdba554139454511716,BusFlow_Android,$21
561e8d956b8d90f61a003219,"Appodeal, Inc.",5e7b683ee9fd591b40d0005c,com.twoheadedshark.tco/471771,$21
65e71ba517069f0011a36cfa,Rounds,687f9418eb91ef8f5fcc0db5,Anime Wallpaper GP,$21
65e71ba517069f0011a36cfa,Rounds,68f744fa0939a3286506aeee,My Phone Finder,$21
5c657afed9e6e60012bab5d9,gamestudiopsv@gmail.com,65675cfd21415a19439b4266,1481457207,$21
561e8d956b8d90f61a003219,"Appodeal, Inc.",695ef615c2964f188fd65b19,com.easysensi.app/775389,$21
561e8d976b8d90f61a003e29,Vizor Apps Ltd,5e4503e241c9db0017abd236,Klondike Amazon,$21
561e8d956b8d90f61a003219,"Appodeal, Inc.",5ace3fd913ede66e1c7cb942,com.mingle.ItalianCupid/104771,$21
561e8d936b8d90f61a0011da,Tactile Entertainment,59429855c4061b944f0026d0,Bee Brilliant Blast [App Store],$21
65e71ba517069f0011a36cfa,Rounds,67bca25d4a068ff910e3ea6d,Muay Thai,$21
647deb456149810011be5192,Joyteractive Ltd,6904e12b1aa648b92181cd65,Word Match Connect: Logic game,$21
5e3692d21cd3cb0018dd4329,SuperSonic Studios,616ecd91cabb2d6161396997,Grab Master,$21
56d55c72562b9c353800000d,Voodoo,63ff3528448e4dd61cb4c35b,Aircraft Master IOS,$21
59fb487bbe77065f5800afc3,Azur Games,63c94f0328816f3eca6b7647,Survive Squad,$21
561e8d936b8d90f61a0011da,Tactile Entertainment,5d667e0ab0b9dc001a0c9712,Disco Ducks [App Store],$21
5cc173c6d788b30012b2ff51,Loop Games A.S.,69fb4307ffba935c5bb3e86d,Hop N Loop,$21
65e71ba517069f0011a36cfa,Rounds,67fe4a1b5856c0088117dfe6,Update Software,$21
65e71ba517069f0011a36cfa,Rounds,67d989326aaceed8cfc4d355,Camera Endoscope,$21
65e71ba517069f0011a36cfa,Rounds,66682ec19e6078cbc4eb7569,Live Wallpaper iOS,$21
56d55c72562b9c353800000d,Voodoo,5e5423bac3b0853e166ded7e,Pass Over!,$21
59fb487bbe77065f5800afc3,Azur Games,61c1ae069384263b5d7495c4,Fly Corp,$21
561e8d976b8d90f61a003e29,Vizor Apps Ltd,6544e79561762ea200530263,AT,$21
65e71ba517069f0011a36cfa,Rounds,6899ee373825966b1f61a899,Birthday and Love,$21
5fc671cbba624b0015a61bf1,Saygames LTD,69aad4eac4789db9ed1b6458,Sand Pixels Shooter,$21
5c657afed9e6e60012bab5d9,gamestudiopsv@gmail.com,6437d4c861f3a0f1b433aacd,com.ragdoll.playground.sandbox,$21
6297c4bc012073001b3df035,Yandex Inc.,692816d9f3aa3facf9deb2cb,ConnerRush510370-gmail-com_com-pragma-speeddial,$20
59e4bb543f0fa9a20900afa3,TabTale LTD,62d13b420ef0ba47a25a5498,Doll Makeover iOS_CL,$20
561e8d956b8d90f61a003219,"Appodeal, Inc.",5702514dd910381a0500008b,net.limbersoft.offroad3/16864,$20
561e8d956b8d90f61a003219,"Appodeal, Inc.",5d3e710a4327f01ccac81319,com.weaseldev.ghostvoicebox/154848,$20
5f69aef134a76100158aa316,Hypercell Games,657af66f785ffbb3b3ff2a28,Jelly Field iOS,$20
62f2190969aa39001bb4b1fe,Take Top KZ,68592b2453ef1303f912cee9,Dead Rails: Train Survival,$20
5c657afed9e6e60012bab5d9,gamestudiopsv@gmail.com,64942566db68bd0004cd2a8a,com.RedTower.AFourRoulette,$20
5c05196699e4374b87bda3b9,Tripledot Studios,66df0539655237cdd139d145,Bus Go iOS,$20
5c05196699e4374b87bda3b9,Tripledot Studios,66a33f5046c33d7bd240fe86,Piper's Pet Cafe: Solitaire,$20
65e71ba517069f0011a36cfa,Rounds,67b838871be9345ad181b254,Shake Torch,$20
65e71ba517069f0011a36cfa,Rounds,67a4a45fef13facef7af3ddb,Hearing Aid,$20
5c657afed9e6e60012bab5d9,gamestudiopsv@gmail.com,66309448f7eab0b53301f4a7,6479434603,$20
65e71ba517069f0011a36cfa,Rounds,69455caf58c80b13f78ecee9,Text Expander,$20
561e8d956b8d90f61a003219,"Appodeal, Inc.",67f89e2eb76095ec339bbd61,com.blastervla.rpgcompanion.rpgCompanionApp/766307,$20
5fc671cbba624b0015a61bf1,Saygames LTD,6a19b04ed00aa26f135d532e,Color Stained Glass,$20
619b548fc9c9c1001796f1f6,Gimica GmbH,66bcd1f2b0b149a890bb0e41,Brickdoku,$20
561e8d956b8d90f61a0030cf,Ketchapp,595e573aa7eee300100005c6,Rush,$20
561e8d956b8d90f61a003219,"Appodeal, Inc.",6a15ee2027cc99a7734a204a,com.darkorid.traillermoviesseries.atlas/780026,$20
561e8d936b8d90f61a000afd,Ubisoft Mobile Games,5dc18b68fde91e0011a25e1c,Assassin's Creed Rebellion,$20
5a6f56062c250d182f0056f3,Kwalee Ltd,66211e25345a6dc6b1a38c6f,Text Express,$20
5c657afed9e6e60012bab5d9,gamestudiopsv@gmail.com,685e55e36ea978b682f38df3,com.D_One_Games.SchoolboyEscape3,$20
59e4bb543f0fa9a20900afa3,TabTale LTD,619e3ecbc5d53363312f5ab9,Epic Hero Weapon Craft Masters 3D iOS_CL,$20
5e3692d21cd3cb0018dd4329,SuperSonic Studios,62135a341d5ce965b89749e2,Take Them Off,$20
5c657afed9e6e60012bab5d9,gamestudiopsv@gmail.com,69394e2c0695a651fce9cb66,com.skinsbourg.mod.master,$20
5e3692d21cd3cb0018dd4329,SuperSonic Studios,644a369f66add50d0b13aa5f,Auto Diggers,$20
561e8d966b8d90f61a00392d,WISE WAVE CORPORATION LIMITED,690b120799b4030c585e10d4,Pai Gow Poker,$20
59e4bb543f0fa9a20900afa3,TabTale LTD,59678944ff90205d7e0020be,Sausage Run Google_CL,$20
65e71ba517069f0011a36cfa,Rounds,67b832f8390c720c73a0ed74,Mango Translate,$20
5a9d60d3b1c1666c2e0056ba,Homa Games,63ca5d5b38df09a502dd0ad2,Life Bubble,$20
5fc671cbba624b0015a61bf1,Saygames LTD,5d80c2d0c6d3fd66f54cbae4,Popcorn Burst iOS,$20
5fc671cbba624b0015a61bf1,Saygames LTD,65dde2067f94e82ba925fd29,Idle Civilizations,$20
5c657afed9e6e60012bab5d9,gamestudiopsv@gmail.com,652ce7ea9ffc51eee92bb2b8,com.darkriddle2.storymode,$20
65e71ba517069f0011a36cfa,Rounds,68678d3036273738b61f4fed,Pashto Keyboard 1,$20
65e71ba517069f0011a36cfa,Rounds,679b7169ac670fb86b086513,Phonk Music,$20
561e8d956b8d90f61a003219,"Appodeal, Inc.",66f96672901d39379d5aaaca,com.screensavers_store.matrixlivewallpaper/762789,$20
65e71ba517069f0011a36cfa,Rounds,68f21ee99b4e835bc741f0f0,Legs Workout,$20
5bec0018c9af0a7962a96f4a,Rollic Games,67cffed8a3b6cba6b182d909,CarveQuest,$20
577a61dcda179a9c3f000089,Kolibri Games (fka Fluffy Fairy),5f450e4c33f9e300014858f4,Idle Restaurant Tycoon,$20
5c657afed9e6e60012bab5d9,gamestudiopsv@gmail.com,6899b61a3825966b1f61a4d3,com.babarstudio.pickupline.lovequotes.flirtmessages,$20
5fc671cbba624b0015a61bf1,Saygames LTD,6a0c76953b0cec9d5d436d08,Cozy Match,$20
65e71ba517069f0011a36cfa,Rounds,6799e8235c0575584f323443,Cut and Paste,$20
65e71ba517069f0011a36cfa,Rounds,699d9b8b6cbc3d9dfc3d1791,Flip Image,$20
5c657afed9e6e60012bab5d9,gamestudiopsv@gmail.com,6491bfd88015d6e55820f018,by.RedTower.a4horror,$20
5c657afed9e6e60012bab5d9,gamestudiopsv@gmail.com,696e0b2b73c0a231fff771d9,com.ToxicFamilyGames.FPVMilitaryDron,$20
5aafdd4a0520357fabf54aa6,Badoo,5e75014fbc61e200012b01aa,Hot or Not,$20
65e71ba517069f0011a36cfa,Rounds,687f94b05283df928d632ce4,Bluetooth Connect GP,$20
65e71ba517069f0011a36cfa,Rounds,67b717f12363a440422ffe17,Smart Watch Neon,$20
66e545690f05bd0011e185b8,JEDY APPS TECHNOLOGY LTD,66f4f738c81241f35a620034,IG Downloader,$20
561e8d936b8d90f61a00136a,MWM,5adf47112d7f217a59743073,Guitar [iOS],$20
561e8d956b8d90f61a003219,"Appodeal, Inc.",65c93a3425cdf63cf9a2aacd,com.AB.RCDUAZ/756641,$20
5bb6123fa4ae3604537ad781,Fugo Games,6697ca716e433e628740d43c,Bloxie Android,$20
5ab5070d69e58f7fca39bfe6,Green Panda Games,5cb893fe715df57e393fceb8,Gun Idle Android,$20
5c657afed9e6e60012bab5d9,gamestudiopsv@gmail.com,65d3301625cdf63cf9a2c991,1600979855,$20
65e71ba517069f0011a36cfa,Rounds,69148877b15c612e66ccc1ed,Period Tracker 2,$20
561e8d936b8d90f61a001168,IsCool Entertainment,6936d554ec2fa34b121fe65f,Scopa,$20
5c657afed9e6e60012bab5d9,gamestudiopsv@gmail.com,699423123630b752386acecb,com.sports.live.cricket.tv.hd,$20
65e71ba517069f0011a36cfa,Rounds,683ee610976f6819c686c65e,Bday Video Maker,$20
5fc671cbba624b0015a61bf1,Saygames LTD,6a1036b71d0ed78b10c139f6,O! Hole!,$20
59e4bb543f0fa9a20900afa3,TabTale LTD,6113b40b82d2683fe7610e58,Zoom Out 3D,$20
561e8d976b8d90f61a003e29,Vizor Apps Ltd,65f00c9a00dbaec75a0f5a37,MTQ RU GP,$20
6666afb99ec3300011cdf91d,Appvestor ApS,66e8131617237c03d551afd8,Neon Infotech - Ai Chat Bot - com.ai.chatbot.aiart,$20
65e71ba517069f0011a36cfa,Rounds,679cd28aac670fb86b0868c8,Charging Fun,$20
619376d458dde20017d66610,MATRYOSHKA GAMES (CY) LTD,623ab04e86a1ceb522388948,Cooking Live,$20
561e8d956b8d90f61a002a2f,BoomBit Games Ltd,5fd9e16373912db127d1d3b7,Base Jump Wingsuit Gliding,$20
561e8d956b8d90f61a0030cf,Ketchapp,60ba3be1e808a45bccb777a0,Crowd Defense,$20
670153ce6f113e00119a0fad,SensusTech LLC,6701544fcde9700bb6f04bb7,Remote Control For All TV | AI,$20
6297c4bc012073001b3df035,Yandex Inc.,680b6fda6b08d751835da760,nikita4everpro_com.nikita4ever.sccpsd,$20
61e93624cf7a710017932586,"Appgeneration, Lda",6762db520b2f719068819628,Mahjong,$19
56d55c72562b9c353800000d,Voodoo,614204674bb6dd0144a517a9,Oilman,$19
604a7ccb4f898b00151e2797,FunCraft,686d61f4986d20e7dc934619,My Bad,$19
69eb7528a33b05d61de623e5,DVapps AB,6a0964bc37549c3e5edd2344,Slendrina_iOS,$19
5c657afed9e6e60012bab5d9,gamestudiopsv@gmail.com,6253d2a53785340f2addb879,TEGRA－Post Apocalypse Survival,$19
561e8d956b8d90f61a003219,"Appodeal, Inc.",68e7bde6dd2c79d770c38e85,com.196FollowStats.app/773176,$19
5fc671cbba624b0015a61bf1,Saygames LTD,69b7bdbb1f89c74f7a8d1733,Brick Escape,$19
5f69aef134a76100158aa316,Hypercell Games,62a9b67a630880cf755471dc,Sort Balls iOS,$19
5fc671cbba624b0015a61bf1,Saygames LTD,60f819ace216c00d7c9a4cfe,Squad Alpha,$19
561e8d956b8d90f61a002a2f,BoomBit Games Ltd,6764438fcf78518838249b03,Electronics Store Simulator 3D,$19
65e71ba517069f0011a36cfa,Rounds,67bdc616fb32c9bf51cef196,Gif Maker,$19
5e3692d21cd3cb0018dd4329,SuperSonic Studios,62b063d4231a7069ad1064a1,Car Cops,$19
5bec0018c9af0a7962a96f4a,Rollic Games,5ef7427090d3ec0001e92bee,Cashier 3D,$19
5cc173c6d788b30012b2ff51,Loop Games A.S.,68ac23795c632a5f58569d00,Tank Jam,$19
561e8d956b8d90f61a003219,"Appodeal, Inc.",64375667dc4457a31baa9ce0,com.kindzasoft.snooker.ios/744662,$19
691b5a10eb3bf4c11bf9c948,Offroad Games Ltd,58e7b857e28737794b000397,Fastlane,$19
65e71ba517069f0011a36cfa,Rounds,67a070d8ffda0af1dd8c6bc3,Recover Deleted Contacts,$19
62f2190969aa39001bb4b1fe,Take Top KZ,69b8d1373c7d0f0d0e60c977,Steal n Catch: Mini Games,$19
56d55c72562b9c353800000d,Voodoo,68f245c156a4090265e17b9f,Fill Shikaku,$19
56cb43391ba696884900000a,Ilyon Dynamics,5af973fa75fea47ae150ae52,shooter3.bubble_a_1141,$19
5dcf09394f6eed0018145e58,Unico Studio LLC,64aeefec9018de0fbec59c1c,Logicross Android,$19
561e8d956b8d90f61a003219,"Appodeal, Inc.",694305310386411826a6ee11,com.vk.gangstar.granny.drugmafia/774912,$19
5c77abceef995c60fecc3f39,FunCorp,63346380c8b7b10255b705b9,iFunnyX Android,$19
5a53889945eaab512501251e,AddApptr GmbH,65f1b07ce2703b0ee7fb2f8c,KellyTechnology_ForecastNow_iOS,$19
65e71ba517069f0011a36cfa,Rounds,693001e2b88dcb4daa96dc14,Media Manager iOS,$19
59e4bb543f0fa9a20900afa3,TabTale LTD,5ea94ce4b8eff700015382e1,ASMR Slicing Google_CL,$19
65e71ba517069f0011a36cfa,Rounds,67bc5ac6c96b4c09d8bd4a1f,All Backup and Restore,$19
65e71ba517069f0011a36cfa,Rounds,6963b32c455b506874dcd975,AI Chat Assistant,$19
6297c4bc012073001b3df035,Yandex Inc.,685c043f63e794c9e4acd69e,girls-games-puzzles_com.best.photo.app.womanhairstyles,$19
5c657afed9e6e60012bab5d9,gamestudiopsv@gmail.com,66b9a8483343191babdaf76f,6584520426,$19
6666afb99ec3300011cdf91d,Appvestor ApS,671a4b8c640cc01ab98a6ed5,Megh Infosol - Phone caller dialler - com.contacts.phonecall.dialer.icallscreen.iosstyle,$19
561e8d956b8d90f61a003219,"Appodeal, Inc.",68532a6e13ef3fccf625b855,com.yoambulante.liarsdicepro/769019,$19
5efd8ef70165690015e8b224,Blackout Lab SL,616f53f92d78d8c9555fe558,Marble - Android,$19
561e8d956b8d90f61a002f2c,AxesInMotion,68e38d477724be505b75984f,(Samsung) ECDS,$19
59e4bb543f0fa9a20900afa3,TabTale LTD,5efddabde3c396000176bd8f,Foots Clinic GP_CL,$19
561e8d956b8d90f61a003219,"Appodeal, Inc.",61f5c85622f5fa16bb068c16,com.bestgameevobase.baseexploro/696319,$19
5c657afed9e6e60012bab5d9,gamestudiopsv@gmail.com,6565eca25c82fac0c2d44e05,com.eg.horror911.cannibal.escape,$19
65e71ba517069f0011a36cfa,Rounds,67cab937d58a84a63e14e79b,Digital Calendar,$19
5a8a9eca79a4da360300055d,Popcore GmbH,63c3211381cb3174efc07a6d,Tap To Build (iOS),$19
5e3692d21cd3cb0018dd4329,SuperSonic Studios,642befc3171a6877377fc207,Worm Car,$19
65e71ba517069f0011a36cfa,Rounds,67c1bf3bd85e20dacde1a73b,Org Music Keyboard,$19
5c657afed9e6e60012bab5d9,gamestudiopsv@gmail.com,68d267d980140f538afbc5f8,com.screencraft.app,$19
65e71ba517069f0011a36cfa,Rounds,6708ed6aef3ddf40c4914a96,iOS Decibel Meter,$19
65e71ba517069f0011a36cfa,Rounds,6880b6bfeb91ef8f5fcc1e48,AddOns Mods,$19
561e8d956b8d90f61a003219,"Appodeal, Inc.",6741db4981acd3bf767301af,com.Prism113.LiarsPirateTavern/763873,$19
5c657afed9e6e60012bab5d9,gamestudiopsv@gmail.com,63e5fc2bcdf1481c8760e196,com.minecraft_mcpe_addon.cars_mod,$19
65e71ba517069f0011a36cfa,Rounds,67b5e8491be9345ad181a795,Business Card Maker,$19
5c3c9ba19f3cbd45d7dae29c,TapNation,6229f5778ed09c85329241b7,Idle Bank,$19
5c657afed9e6e60012bab5d9,gamestudiopsv@gmail.com,6763cf640b2f7190688199b6,com.vancedapp.huawei,$19
69eb7528a33b05d61de623e5,DVapps AB,6a0b1907ea1371b7b7d2bd80,Slendrina The School iOS,$19
561e8d966b8d90f61a00392d,WISE WAVE CORPORATION LIMITED,61faa426141beed53824d575,Spades by Pokerist,$19
561e8d936b8d90f61a000afd,Ubisoft Mobile Games,641c5a2415b74f86e83a50fb,Growtopia,$19
62f2190969aa39001bb4b1fe,Take Top KZ,682c4a9767fc2e28cfbd9b41,Digging Simulator: Hole Craft,$19
5c657afed9e6e60012bab5d9,gamestudiopsv@gmail.com,6965360e6a8a41a7df40e4a7,com.mirandadevs.selfhelpaa,$19
5c657afed9e6e60012bab5d9,gamestudiopsv@gmail.com,66c48cc2de5ce2980ef23d5a,6444656876,$19
5b84c65ca73f7a027c553f4a,Rewards Game,69a709d03630b752386bf379,Knit Shooter iOS,$19
5c657afed9e6e60012bab5d9,gamestudiopsv@gmail.com,69fcac288c67ff57b8fec6e4,com.combat.strike.shooting.gun.games.offline,$19
561e8d956b8d90f61a002a2f,BoomBit Games Ltd,646cb974666e9090ff9f5d04,Grand Street Fight,$19
65e71ba517069f0011a36cfa,Rounds,679cd8f9f372f630d3b7600d,Flash on Call,$19
5bec0018c9af0a7962a96f4a,Rollic Games,684861d81c6cdeb759d24d24,SlitherBlast,$19
5bec0018c9af0a7962a96f4a,Rollic Games,6320658ef55f1f2ef0b271ec,Lifting Hero,$19
561e8d936b8d90f61a000f17,Smart Project GmbH,6a1582d627cc99a7734a18d3,Duck Sort: Quack Squad,$19
5c657afed9e6e60012bab5d9,gamestudiopsv@gmail.com,69202fe95dfdc7b88d9dbaa3,1556186778,$19
5c657afed9e6e60012bab5d9,gamestudiopsv@gmail.com,684ab3d75ba3dc37c4f8d688,com.ultra9.smart.watch.ap,$19
5c657afed9e6e60012bab5d9,gamestudiopsv@gmail.com,668d0c9c3a75e04ec6cf1eef,com.ShivajiGames.IndianBikeAndCarGame,$19
5c657afed9e6e60012bab5d9,gamestudiopsv@gmail.com,6a0abd3876e194de3dfc92e0,com.sports.livecricket.hd.streaming,$19
577a61dcda179a9c3f000089,Kolibri Games (fka Fluffy Fairy),5f450fd633f9e300014858fb,Idle Restaurant Tycoon,$19
65e71ba517069f0011a36cfa,Rounds,677f9e4c2e341ddcbb6d5363,Photo Lock Hide,$19
5a53889945eaab512501251e,AddApptr GmbH,6764061eeeca080cadc56fa0,RGCO_BM_Android,$19
5fc671cbba624b0015a61bf1,Saygames LTD,60a5431a43edb5a59cd1226f,Run & Gun,$19
561e8d956b8d90f61a003219,"Appodeal, Inc.",56681546793fe0d76b000033,com.craftgames.plntcrft/19859,$19
59fb487bbe77065f5800afc3,Azur Games,60702d0c7defe116c1b09422,Punch Bob,$19
6297c4bc012073001b3df035,Yandex Inc.,66f2b630e46ccf8835ad0733,goldgar_ru-pluspages-guests,$19
5c05196699e4374b87bda3b9,Tripledot Studios,64f6f51518744ab0e08418e5,TripleTile - China,$19
59fb487bbe77065f5800afc3,Azur Games,637ce4a034003ddcdefbca85,Tower Gunner,$19
58737456236d8f446400071c,FIOGONIA LIMITED,69d7b203aa2957ce6f40953a,Juice UP Android,$19
5c657afed9e6e60012bab5d9,gamestudiopsv@gmail.com,62a1a02e315753d70bf21a46,com.zelenapp.oneblock,$19
59e4bb543f0fa9a20900afa3,TabTale LTD,63690d001d4c46917882ecdb,Money Print Idle iOS_CL,$19
5c657afed9e6e60012bab5d9,gamestudiopsv@gmail.com,673d89e506fc42059aa34b1f,6737253228,$19
65e71ba517069f0011a36cfa,Rounds,66c2f4776bdfe2cbb4e5e29e,Rain Sleep Sound iOS,$19
65e71ba517069f0011a36cfa,Rounds,68a8541048ed893a0af7fc39,Ai Art,$18
5c657afed9e6e60012bab5d9,gamestudiopsv@gmail.com,69a556f713ccef6d332118a7,com.ban6d.waychconnect.app,$18
561e8d956b8d90f61a003219,"Appodeal, Inc.",63cd7d869b4ebd79b9520e24,com.ALTenia.HomeGardenLulu/741394,$18
561e8d956b8d90f61a003219,"Appodeal, Inc.",69b99dfe706d5911631886d7,com.LuckyLoL.IdleSim/776440,$18
561e8d936b8d90f61a00136a,MWM,68b9b2bcd7e1eefa8a9ba599,Tiles Pop,$18
5c657afed9e6e60012bab5d9,gamestudiopsv@gmail.com,695e7eb85189925719edbbd1,1514569342,$18
59e4bb543f0fa9a20900afa3,TabTale LTD,5b8cf13147d42f3b89e730e3,Snake vs Colours iOS_CL,$18
6297c4bc012073001b3df035,Yandex Inc.,66991b91b249ef5e5a7ae8af,nikitabear-co_co.stickermaker,$18
561e8d956b8d90f61a0030cf,Ketchapp,55ace1fdf9257aae570000c9,Circle,$18
56d55c72562b9c353800000d,Voodoo,66f3e379901d39379d5a940f,Melt and Fill,$18
561e8d936b8d90f61a001260,MAG Interactive,65e60484d13c647695f50099,Word Peace,$18
561e8d956b8d90f61a003219,"Appodeal, Inc.",6a288fa3c05301d38f448275,com.nadotv.nadesporse_spoertdases/780579,$18
5dcf09394f6eed0018145e58,Unico Studio LLC,683df1f5108251a8f7dcb788,Word Tangle iOS,$18
561e8d956b8d90f61a0030cf,Ketchapp,5d2858d107a8e00017993277,Bike Rush,$18
62f2190969aa39001bb4b1fe,Take Top KZ,69c4b381baf483fa430a37cb,Soviet Hood Hustle Back to the USSR,$18
65e71ba517069f0011a36cfa,Rounds,67b6ee531be9345ad181ac8a,Book of Changes,$18
65e71ba517069f0011a36cfa,Rounds,69aab15bc4789db9ed1b612d,USB C to HDMI,$18
561e8d936b8d90f61a000cd1,InnoGames GmbH,6787826452e0399f6534a00c,Cozy Coast,$18
561e8d956b8d90f61a003219,"Appodeal, Inc.",64859e1e6918f0ce9d1d08cc,com.megames.fire.craft/748592,$18
5fc618102e8dd2001579b65d,App Central ltd,65ed83b3ffdf52c4905ed77c,Match the Date Launcher,$18
5c657afed9e6e60012bab5d9,gamestudiopsv@gmail.com,669682d7fa880d1a761303c7,com.GameCat.SchoolboyEscape,$18
561e8d956b8d90f61a003219,"Appodeal, Inc.",66c772d4c869d1f4e9e2196a,timecalculator.geomehedeniuc.com.timecalc/760084,$18
65e71ba517069f0011a36cfa,Rounds,676a8e0487298a2a13dc60a1,Lyrebird Picsapp,$18
65e71ba517069f0011a36cfa,Rounds,67a0833b9fe5d49d4b56e831,WABox,$18
561e8d956b8d90f61a003219,"Appodeal, Inc.",5eb4b2e4a150cd308f637b31,it.spaghettiinteractive.scala40piu/489174,$18
5c657afed9e6e60012bab5d9,gamestudiopsv@gmail.com,67c98119ee9356aafba1f2c0,com.Zoroplay.GlobalGenesis,$18
65e71ba517069f0011a36cfa,Rounds,67af3c7d2363a440422fe250,Ar Measure,$18
64803209bfd9aa0011593484,Bluetile Games,649fd2fd831ce850a7063c90,NumBlocks: 2048 Number Merge,$18
62f2190969aa39001bb4b1fe,Take Top KZ,65fc15a0d15ac99cac358688,Monster World,$18
5c657afed9e6e60012bab5d9,gamestudiopsv@gmail.com,6593ff5aa6a87caca0004f07,king.james.bible.study,$18
561e8d956b8d90f61a003219,"Appodeal, Inc.",5a9d22001aadac9e71008db6,com.mingle.justsayhi/103293,$18
5c657afed9e6e60012bab5d9,gamestudiopsv@gmail.com,6419ca4623666f0d2f191b2b,com.globamusic.down,$18
65e71ba517069f0011a36cfa,Rounds,69ce5409715ad1f70d6b66ef,Atom Music Player,$18
65e71ba517069f0011a36cfa,Rounds,6790c61fc1d0e427bfcff5c6,Parrot Voice,$18
561e8d956b8d90f61a003219,"Appodeal, Inc.",66d32d290cb138dd9bcc72dd,com.TGZS.TIMOKHA3/762102,$18
561e8d956b8d90f61a003219,"Appodeal, Inc.",67fba2ad0e7f5e9548876e12,com.ApordStudio.Titanic4DSimulator/764466,$18
5c657afed9e6e60012bab5d9,gamestudiopsv@gmail.com,620b9cb23406890af54d4f77,Offroad Simulator Online 4x4,$18
59e4bb543f0fa9a20900afa3,TabTale LTD,6666e6831c5137fed0edeb6b,Van - Idle Vlogger,$18
5fc671cbba624b0015a61bf1,Saygames LTD,5f3f9390c89a2b000168152b,Stuff iOS,$18
5e3692d21cd3cb0018dd4329,SuperSonic Studios,5fcdfebadc972c7f87520883,Get Rich,$18
5c657afed9e6e60012bab5d9,gamestudiopsv@gmail.com,6788c0ea2e341ddcbb6d76bc,antihackprotection.hackerspywareremoval,$18
5fc671cbba624b0015a61bf1,Saygames LTD,63ceaee8482e3e124aef878f,Jess' Stories,$18
65e71ba517069f0011a36cfa,Rounds,68f746e2fa17287fde887c95,Elite Emoji,$18
5a6f56062c250d182f0056f3,Kwalee Ltd,5d10cd43bd50e700111877ee,Shoot Out!,$18
6297c4bc012073001b3df035,Yandex Inc.,6718b3f23fd713570bc5b6a9,alekstur_CruiseShip,$18
561e8d936b8d90f61a001096,MyGames MENA FZ LLC,65afd13e552c0ce18dabea63,Rush Royale Huawei,$18
561e8d956b8d90f61a003219,"Appodeal, Inc.",5ca72b0b0810fb0166000b8c,com.mingle.VenezuelaCupid/104638,$18
67d985067690520011429022,Playtika,684a9e9fab476aaaf695898f,MONOPOLY Poker - Texas Holdem,$18
59fb487bbe77065f5800afc3,Azur Games,6206500a16800e2f4ff9a642,Animal Master,$18
63d229657d9fc60014b1afdf,Paxie Games,69de226819e095d4fb93ca27,Rainbow Rush,$18
561e8d976b8d90f61a003bab,Estoty LLC,68779941e27c18d19b130035,Age of Sails,$18
65e71ba517069f0011a36cfa,Rounds,67b5f03a390c720c73a0e3d0,Reduce Photo Size,$18
5c657afed9e6e60012bab5d9,gamestudiopsv@gmail.com,6929c49daba8cde2e43c986a,com.D_one_Games.Escape_From_School,$18
561e8d926b8d90f61a00013e,Miniclip SA,5fda2b5773912db127d1d413,Golf Strike,$18
5c657afed9e6e60012bab5d9,gamestudiopsv@gmail.com,69525ecfdd28ef10e37245d0,com.themark.apps.salarysheet,$18
65e71ba517069f0011a36cfa,Rounds,67ee8f6c27032a53848b8802,Text Repeater 10K,$18
65e71ba517069f0011a36cfa,Rounds,68adb4f0a853d6ef3e68a43a,Women Bikini Photo,$18
5c657afed9e6e60012bab5d9,gamestudiopsv@gmail.com,693ff45a2335bf71fa82917e,6755886420,$18
561e8d956b8d90f61a003219,"Appodeal, Inc.",696fab8073c0a231fff789f8,com.alrespolapps.drawpad/768385,$18
66e545690f05bd0011e185b8,JEDY APPS TECHNOLOGY LTD,69c8e97fa1176c00b1abe4a0,All Languages Translator App,$18
561e8d956b8d90f61a003219,"Appodeal, Inc.",6372af966127a4349c924a99,com.chaloapps.strikefortressbox/739524,$18
5c657afed9e6e60012bab5d9,gamestudiopsv@gmail.com,682ae6be67fc2e28cfbd8a5f,com.girlsfakevideo.chat.fakevideocall.prankapp,$18
5c657afed9e6e60012bab5d9,gamestudiopsv@gmail.com,69524669b734e584c6323622,com.illusion21.Billiards.Pool,$18
65e71ba517069f0011a36cfa,Rounds,69ce3ffba798eff19e776047,Tattoo,$18
5c657afed9e6e60012bab5d9,gamestudiopsv@gmail.com,69b3ca0d852a88990d4af5bf,com.sports.live.cricket.tv.hd.streaming,$18
5cda78f561a35300113a86ab,Moonee,617fafd106d8f58d1884822e,Transformation 3D,$18
65e71ba517069f0011a36cfa,Rounds,67b82601390c720c73a0ed1b,Caro,$18
5fb510aa8072bf0015d8d59d,Tap2Play LLC,697b0a8873c0a231fff83b75,TOF_IOS_Toy Factory,$18
5c6a96f373ca3d6bbe3fff38,AppQuantum,633a99362b028cfda77c7d26,Deep Town iOS,$18
5bec0018c9af0a7962a96f4a,Rollic Games,6188f029e030829e5f025783,Coffee Stack,$18
561e8d936b8d90f61a001096,MyGames MENA FZ LLC,655b3ac9a74dd488186a3c66,Left to Survive for Samsung,$18
561e8d956b8d90f61a003219,"Appodeal, Inc.",5dbacd8a48c4074e761e6c66,com.vinforlabteam.vmod/227986,$18
65e71ba517069f0011a36cfa,Rounds,67b71dab7077517f21dc08ed,Ultimate Facts,$18
561e8d956b8d90f61a003219,"Appodeal, Inc.",639255d50a9027e9fabf5431,com.DagArtGames.RealOperCity/724083,$18
59fb487bbe77065f5800afc3,Azur Games,6020f3da605970f62a622966,Idle Frenzied Hospital Tycoon,$18
561e8d936b8d90f61a00146c,TabTale Ltd.,53bd476df6e4cd745a0000e6,My Emma iOS_CL,$18
561e8d936b8d90f61a00146c,TabTale Ltd.,586e3deeac39ba932d000289,Ice Skating Ballerina Google_TT,$18
5c657afed9e6e60012bab5d9,gamestudiopsv@gmail.com,67ab46635c0575584f3268b7,6444185560,$18
5bec0018c9af0a7962a96f4a,Rollic Games,620a16ed0245ef25cee3fdd2,Gem Stack,$17
561e8d956b8d90f61a003219,"Appodeal, Inc.",683150dbf9be3da740379fe3,com.playway.contrabandpolicemobile/767202,$17
62f2190969aa39001bb4b1fe,Take Top KZ,6481a1d54a2f1fb0f92ddd35,Baby Story,$17
5bec0018c9af0a7962a96f4a,Rollic Games,5ebd3e05080ee500012ee60b,Baseball Heroes,$17
59fb487bbe77065f5800afc3,Azur Games,643e48bd1715525207ae2690,Art Master 2,$17
5c657afed9e6e60012bab5d9,gamestudiopsv@gmail.com,691b4c9b7c0c59c137793b6d,com.nodramavpn.android,$17
6297c4bc012073001b3df035,Yandex Inc.,68d50d12de8c4a48090b9fef,wizlme_com-greetify-lite,$17
5c657afed9e6e60012bab5d9,gamestudiopsv@gmail.com,6740535101f19870b266091f,com.vjgames.roulettehorrorshotgunduel,$17
5d074f140fbc770017190dd2,RUBY OYUN VE YAZ. DAN. SAN. TIC. A.Ş.,5d07805d169e9a0017624a29,GymFlip_iOS,$17
561e8d966b8d90f61a00392d,WISE WAVE CORPORATION LIMITED,61f466392b83f372af5a58f8,Omaha Poker,$17
5a9d60d3b1c1666c2e0056ba,Homa Games,6137ddb5e5e3d34868ce71ba,Mashup Hero,$17
5c657afed9e6e60012bab5d9,gamestudiopsv@gmail.com,69316b53b88dcb4daa96ef5a,com.cup.idle.mental.drugstore.cafe,$17
59fb487bbe77065f5800afc3,Azur Games,6283b4f00baff58195211a9a,Animal Master,$17
670153ce6f113e00119a0fad,SensusTech LLC,670288c916e2b5f3372e4547,"Power Zone: Battle Royale, 1v1",$17
62f2190969aa39001bb4b1fe,Take Top KZ,68753d69a0186b1c1df8175c,Prison Guard: Escape 76,$17
5a8a9eca79a4da360300055d,Popcore GmbH,64415949d442402c2c26b292,Tangled Snakes,$17
561e8d936b8d90f61a00146c,TabTale Ltd.,55d3297b26ed483e110000a2,Kitty Love iOS_TT,$17
5c657afed9e6e60012bab5d9,gamestudiopsv@gmail.com,684826d8575c21961f18cb4c,6470660460,$17
65e71ba517069f0011a36cfa,Rounds,686e4f3235bf0df8a13d4bb1,four g lte only,$17
65e71ba517069f0011a36cfa,Rounds,690971d8e9b383362786bd72,Video Player Subtitle Support,$17
561e8d956b8d90f61a003219,"Appodeal, Inc.",682e72d467fc2e28cfbdb172,com.mclib.horrormods.to.minecraftpe/767737,$17
65e71ba517069f0011a36cfa,Rounds,67a1c2a7f372f630d3b76c17,Name Generator,$17
5c657afed9e6e60012bab5d9,gamestudiopsv@gmail.com,67bc9c79fb32c9bf51ceebcf,com.livevideochatwithgirls.videocallfun,$17
5e3692d21cd3cb0018dd4329,SuperSonic Studios,64632ec60a8b8a88322d5ea8,Laundry Manager,$17
69eb7528a33b05d61de623e5,DVapps AB,6a0c062aea1371b7b7d2cce9,Slendrina The Cellar 2 iOS,$17
6247027c20721a0018bb6528,First Touch Games,62ab5a031fbea1aee42b21d9,Score Hero 2,$17
617916e8f3ef190017a83854,Digitalchemy,64d4add6d0a59bea1ebdb8f5,Sudoku iOS,$17
5c657afed9e6e60012bab5d9,gamestudiopsv@gmail.com,695b7f5496e85e768a569415,connectairpod2.newapp,$17
65e71ba517069f0011a36cfa,Rounds,6954555058c80b13f78f90d8,Dope Wallpaper,$17
5e3692d21cd3cb0018dd4329,SuperSonic Studios,632c30eef20e217ba420633f,Snake Crusher,$17
63d229657d9fc60014b1afdf,Paxie Games,69b197c795b8d7c691479b1b,Wooden Escape,$17
6297c4bc012073001b3df035,Yandex Inc.,67654d7cc6932d0e3d186adf,ialnik-yandex-ru_biathlonheadcoach,$17
561e8d956b8d90f61a003219,"Appodeal, Inc.",6816f6b316e6847d6f09d571,com.pit.ghosthunter/767954,$17
5c657afed9e6e60012bab5d9,gamestudiopsv@gmail.com,68e0d2605f81a96145dc34b7,com.cashdonut.androidapp,$17
5a53889945eaab512501251e,AddApptr GmbH,6638bede7911ea06b392008f,LiteGames_Canasta_Android,$17
5a9d60d3b1c1666c2e0056ba,Homa Games,67697eafc6932d0e3d187760,Just Step: Chic Workshop,$17
561e8d956b8d90f61a003219,"Appodeal, Inc.",67debe556aaceed8cfc4fb89,com.enzogroup.autoclicker/766695,$17
5e3692d21cd3cb0018dd4329,SuperSonic Studios,67bc2e12fe2353be475be392,Electric City,$17
65e71ba517069f0011a36cfa,Rounds,67e54ae9ae3daa60bfc8872d,Speaker Tester,$17
5bec0018c9af0a7962a96f4a,Rollic Games,646cda2340950bb04ce86ec6,VendingSort,$17
59fb487bbe77065f5800afc3,Azur Games,6512de98d38855ef54aaf9bb,Jurassic Monster World,$17
5c657afed9e6e60012bab5d9,gamestudiopsv@gmail.com,67b342347077517f21dbf938,6739696715,$17
561e8d936b8d90f61a001096,MyGames MENA FZ LLC,619e1d94fb4180914b224722,[Swag Masha] Love Sick,$17
561e8d966b8d90f61a00392d,WISE WAVE CORPORATION LIMITED,69f0c06d0215adba9907a7f3,Bet on Poker by Pokerist,$17
5bec0018c9af0a7962a96f4a,Rollic Games,6489b4f9721f160ac530314c,WeaponBattleRun,$17
561e8d956b8d90f61a003219,"Appodeal, Inc.",674c755e20f41b2061b35fe5,com.TGZS.TIMOKHA4/763003,$17
59e4bb543f0fa9a20900afa3,TabTale LTD,637b5747177bd768931ad1ac,Horse Race Master 3D Google_CL,$17
56d55c72562b9c353800000d,Voodoo,63209ebe41c17b040caeb8ec,Net Fishing! IOS,$17
6297c4bc012073001b3df035,Yandex Inc.,67fd0af244c424e920c0f70f,birds-avs_ Домино козел онлайн,$17
561e8d936b8d90f61a000da4,XIMAD Inc.,6606ae50d4cf07f390cea4fc,Puzzle Villa,$17
561e8d936b8d90f61a0011da,Tactile Entertainment,5b17bbc6fb0e6d3326d03d70,Cookie Cats Blast [AppStore],$17
561e8d976b8d90f61a003bab,Estoty LLC,682d7dc01cd2863ca808af36,Vikings Revenge iOS,$17
5ef9d5fbf52f8e001b9caba9,BoomBooks Sp. z o.o.,5f0d8fa7dc950a000163ab4a,Car slingshot,$17
561e8d956b8d90f61a003219,"Appodeal, Inc.",678f729def13facef7af00b2,se.minglify.app/764864,$17
59fb487bbe77065f5800afc3,Azur Games,5b06a134e408f136156f9555,Sling Drift,$17
61e93624cf7a710017932586,"Appgeneration, Lda",65d76f71d1b71b57183c33b2,Radio PAN,$17
5c657afed9e6e60012bab5d9,gamestudiopsv@gmail.com,68a2cb9b78ffe7f73b191601,com.app.smart.emi.calculator,$17
561e8d956b8d90f61a003219,"Appodeal, Inc.",664fedbf2e530145229708d3,com.candylink.openvpn/756509,$17
627b73f7023d420018e2f038,Chardonnay Partners LLC,62a1b99469cf46327707e490,Hearts - Deal and Play,$17
5c657afed9e6e60012bab5d9,gamestudiopsv@gmail.com,66bf6434b5852a686fdb68f0,6615081560,$17
5c657afed9e6e60012bab5d9,gamestudiopsv@gmail.com,652d7f2f9f4cda0133b3cec1,com.wildnorth.games.idle.bank.empire.tycoon,$17
61e93624cf7a710017932586,"Appgeneration, Lda",678e86fa2484c67c03b176dd,Tile Match,$17
65e71ba517069f0011a36cfa,Rounds,678515e8d85b8663adee2a54,Vimage Live Photo,$17
561e8d956b8d90f61a002a2f,BoomBit Games Ltd,5ee72a412df77a0001480b3f,Guns Master,$17
561e8d976b8d90f61a003d96,Gram Games,67ab8fc7ffda0af1dd8c9133,FruitFall!,$17
5c657afed9e6e60012bab5d9,gamestudiopsv@gmail.com,69e9d69ce3a260bf55fae903,com.ladkisebaatwalaapp.girlcall.randomgirlchat,$17
5c657afed9e6e60012bab5d9,gamestudiopsv@gmail.com,630710a746cd43157e5d651c,Planets Smash iOS,$17
65e71ba517069f0011a36cfa,Rounds,69149157ab5afe98dab58b7d,Sharp Tv,$17
62f2190969aa39001bb4b1fe,Take Top KZ,667c1d72b8c631b497b6f3e6,Penguin Simulator,$17
56d55c72562b9c353800000d,Voodoo,61a4cb2ba961a0045c849c53,Qiks,$17
63d229657d9fc60014b1afdf,Paxie Games,69d523ba64290ae461b0a9e4,Icy Arrow,$17
561e8d956b8d90f61a003219,"Appodeal, Inc.",5ebe972bf67ef346dea369fc,com.ezvc.BBW/505560,$17
65e71ba517069f0011a36cfa,Rounds,67bf2c14c96b4c09d8bd56e4,Master Ukulele Tuner,$17
561e8d956b8d90f61a002a2f,BoomBit Games Ltd,6508410c0e8e377c60310158,Plane Chase,$17
66e545690f05bd0011e185b8,JEDY APPS TECHNOLOGY LTD,6911eecabd1fb70887c02204,EMI Loan Calculator,$17
56d55c72562b9c353800000d,Voodoo,6051fc7d358cfa14a4ed7234,Dice Push,$17
56d55c72562b9c353800000d,Voodoo,61d58cb019816c20a2d9bde9,Bikes Hill IOS,$17
59fb487bbe77065f5800afc3,Azur Games,5e4bfd07959b5a50e2c9c28a,Colour Adventure iOS,$17
6297c4bc012073001b3df035,Yandex Inc.,67223cf0913e67d2955cfae9,girls-games-puzzles_com.Photo.Editors.Games.Pigeon.Simulator,$17
5c657afed9e6e60012bab5d9,gamestudiopsv@gmail.com,64ad1a32c17dc32ff09372b0,com.mcontrol.calendar,$17
5c657afed9e6e60012bab5d9,gamestudiopsv@gmail.com,65c6118d25cdf63cf9a2a485,com.meetnewpeople.meet.call.people.livechat,$17
561e8d956b8d90f61a003219,"Appodeal, Inc.",631a0bc448a0f788d776267d,com.boldcat.turbo/726385,$16
561e8d936b8d90f61a000838,Social Point,5ba4b093b9cb8e04476e52cb,Dragon City,$16
60abbe0138d6920017b43190,Newry Global Media sl,63a17bd8e60869a760acea35,IOS190-01 - Dig Out! Gold Miner Adventure,$16
5a9d60d3b1c1666c2e0056ba,Homa Games,61c3bf69982e119037e089ba,Monster Catch 3D,$16
5c657afed9e6e60012bab5d9,gamestudiopsv@gmail.com,65f1db35ffdf52c4905ee6e0,com.zelemine.horror.mods,$16
561e8d946b8d90f61a001f18,Nordcurrent,5eeb4eb7230a7a0001021846,Time Guardians (iOS),$16
5c657afed9e6e60012bab5d9,gamestudiopsv@gmail.com,69e8d8a1b2b4aa07d13cc80e,6754162069,$16
5c657afed9e6e60012bab5d9,gamestudiopsv@gmail.com,6874efc4a0186b1c1df813e8,com.carstream.for.android.app,$16
56d55c72562b9c353800000d,Voodoo,651aec5492580af6d5f1a87b,Last Survivor : Redemption IOS,$16
56d55c72562b9c353800000d,Voodoo,6893ce22d7e7bd94fcb6e90b,Knit N Loop,$16
561e8d956b8d90f61a003219,"Appodeal, Inc.",5ac22c0586dad73ecbc17773,ru.appscraft.durak-hd/110092,$16
5c657afed9e6e60012bab5d9,gamestudiopsv@gmail.com,6953cc70dd28ef10e3725951,com.band10wtaconnect.newapp,$16
5c657afed9e6e60012bab5d9,gamestudiopsv@gmail.com,656d9f8bbac8a9b2d3df16c2,daily.bible.for.woman,$16
561e8d956b8d90f61a003219,"Appodeal, Inc.",6333a47c698cca9f7d851eaa,com.idamusic.lines/735097,$16
65e71ba517069f0011a36cfa,Rounds,67a34cec5c0575584f324cfc,Snap Markup,$16
617916e8f3ef190017a83854,Digitalchemy,67c717e5032b3141b56935ee,MultiTimer: Stopwatch + Timer iOS,$16
5c657afed9e6e60012bab5d9,gamestudiopsv@gmail.com,650cb3db5946c49eb49f7647,com.raid.heroes.total.war,$16
57d1b461ae2b57d903000027,Easybrain Ltd,5e68b24dfd1a750001765a4a,Easy Game GP,$16
5f69aef134a76100158aa316,Hypercell Games,68c7fe9aad26ec2d2f6d09a9,Shave & Stuff Android,$16
65e71ba517069f0011a36cfa,Rounds,683049df6883128549d129b6,Superpower Hearing,$16
59fb487bbe77065f5800afc3,Azur Games,630f4decadff6b6e29fdecfd,Abandoned City Survival,$16
65e71ba517069f0011a36cfa,Rounds,6790ca6ec1d0e427bfcff5cb,Live Animation,$16
65e71ba517069f0011a36cfa,Rounds,67b4678c390c720c73a0dc3b,Auto RDM: Recover Messages,$16
61e93624cf7a710017932586,"Appgeneration, Lda",65d76c1ad63f23ff9221469b,Radio SA,$16
59e4bb543f0fa9a20900afa3,TabTale LTD,63b57ae1e677328ac73251a9,Elevator Sorting Google CL,$16
5c657afed9e6e60012bab5d9,gamestudiopsv@gmail.com,67658b6a364caaf5ba12eb75,com.EnotGame.GangstersShowdown,$16
561e8d956b8d90f61a003219,"Appodeal, Inc.",66ffff0550a4bcd87e97b8c5,com.screensavers_store.earth3dlivewallpaper/762791,$16
65e71ba517069f0011a36cfa,Rounds,67bc600b4a068ff910e3e97b,Hide Lock Video,$16
6297c4bc012073001b3df035,Yandex Inc.,69e8acb8164265a039e8f8c2,zhouwu19894325-gmail-com_com-fast-key-keyvpn,$16
561e8d956b8d90f61a003219,"Appodeal, Inc.",67052f586463444629ac709d,com.TGZS.TIMOKHA/758879,$16
65e71ba517069f0011a36cfa,Rounds,67bed33ed85e20dacde19851,Contacts Restore,$16
561e8d956b8d90f61a003219,"Appodeal, Inc.",67f89e3fee3e8a4c67ae7f0e,com.blastervla.rpgcompanion.rpg_companion_app/766308,$16
65e71ba517069f0011a36cfa,Rounds,691c32b063ddd979c47b4bdc,Elite Emoji iOS,$16
5efd8ef70165690015e8b224,Blackout Lab SL,61eb6f76969bd8c83d913be2,Pop_iOS,$16
6297c4bc012073001b3df035,Yandex Inc.,6842b4e027757d510c99ccb2,avtucan_sberometr_ios,$16
561e8d956b8d90f61a002a2f,BoomBit Games Ltd,68ca72f9d63f84f5a18f2459,Cargo Boom,$16
56d55c72562b9c353800000d,Voodoo,66f42a748a5db5954dde9545,Tiny Clash!,$16
65e71ba517069f0011a36cfa,Rounds,68d6800d9a791c9188304926,Bangla Keyboard,$16
561e8d956b8d90f61a003219,"Appodeal, Inc.",64d6b22babb23eee2a1792fa,torrent.search.revolutionv2/750777,$16
5c657afed9e6e60012bab5d9,gamestudiopsv@gmail.com,63593367aafaa6565d8ec37f,com.WetBox.Backwoods.Action.Horror,$16
6297c4bc012073001b3df035,Yandex Inc.,69c10a53fc715c15d6ae6879,elbruskusaev_rustore_com-mine-world-craft,$16
65e71ba517069f0011a36cfa,Rounds,69b929291816ff653d3a5fb9,Resume Builder 1,$16
5dcf09394f6eed0018145e58,Unico Studio LLC,62ba85e3280c3627edf31afd,248 iOS,$16
561e8d956b8d90f61a003219,"Appodeal, Inc.",66eae36658fb9d52b9a353d3,developers.nicotom.nt25/762613,$16
5b5ec3e8337f272131edc824,MadBox,5c488a123035520011560445,SausageFlip,$16
5735de0ebcd1970756000054,PLAYGENDARY LIMITED,62a1e4e873f1a77bcb45d272,Bowmasters Remastered (Android),$16
561e8d956b8d90f61a002a2f,BoomBit Games Ltd,699ee0f848b310bec64a6feb,Parcel Delivery Simulator,$16
5b84c65ca73f7a027c553f4a,Rewards Game,69eb2904497433e470cd946b,Puzzle Drop Master,$16
59fb487bbe77065f5800afc3,Azur Games,5f806908b746f4765fd6ce22,Match Pairs 3D – Pair Matching Game,$16
6267e053f2d4b90018ad84e4,Burny Games,689df30e7267699c16b90ccb,Сolorwood Hexa,$16
65e71ba517069f0011a36cfa,Rounds,69a849a804a54c218b0a06e1,Mapway Mexico,$16
5a8a9eca79a4da360300055d,Popcore GmbH,632b0fc2f11c3e5952109156,Gradient sort iOS,$16
59fb487bbe77065f5800afc3,Azur Games,60b62b97fe70b18e48d2f77b,Preferans,$16
561e8d936b8d90f61a001096,MyGames MENA FZ LLC,69e1fae3b1e4be9ed9881e1f,Castle Duels Vietnam,$16
5a53889945eaab512501251e,AddApptr GmbH,6267f5c2aac7bb10cd742e76,Reverso_ReversoContext_iOS,$16
561e8d956b8d90f61a003219,"Appodeal, Inc.",558ee4e7780a2cca2f00008e,game.maddex.jump/4313,$16
61e93624cf7a710017932586,"Appgeneration, Lda",66e9972c58fb9d52b9a34ddd,Sudoku,$16
5c657afed9e6e60012bab5d9,gamestudiopsv@gmail.com,66bdf2630be6380351b53cc5,com.ziganshin.metalranger,$16
561e8d976b8d90f61a00402a,Gameloft - Master Account,5fc7a527475ee1a5e723cca1,SongPop 3 iOS,$16
561e8d956b8d90f61a003219,"Appodeal, Inc.",692060283b47a3d1a14a0347,com.hovhanness.blot/774332,$16
56d55c72562b9c353800000d,Voodoo,63209ef3f55f1f2ef0b27310,Net Fishing ANDROID,$16
561e8d956b8d90f61a0030cf,Ketchapp,56aa16a028de20dc0300000e,Risky Road,$16
561e8d956b8d90f61a0030cf,Ketchapp,5665f4e1b02300f24a000019,ZigZag,$16
5c657afed9e6e60012bab5d9,gamestudiopsv@gmail.com,63b3f91acb99db795747e7a3,com.minecraft_mcpe_addon.plantsvzombie_mod,$16
65e71ba517069f0011a36cfa,Rounds,67e54dd792e18aa254c97622,Loud Volume Booster,$16
561e8d956b8d90f61a003219,"Appodeal, Inc.",5d783ac059f05b35305dc070,ru.appscraft.dominoes/162960,$16
65e71ba517069f0011a36cfa,Rounds,67b4945ce9c06c560856ab18,Qibla Finder,$16
561e8d946b8d90f61a001f18,Nordcurrent,630f2afb0311e30a24fea5b6,Cooking Fever Duels (iOS),$16
5c657afed9e6e60012bab5d9,gamestudiopsv@gmail.com,691eef32533b81c8ad29bb01,6755146316,$16
5c657afed9e6e60012bab5d9,gamestudiopsv@gmail.com,6707a36a77baa3c29d07ae22,com.rainbowgames.solitaire.google,$16
65e71ba517069f0011a36cfa,Rounds,694119d6a5e39c9bec6615c3,Timestamp Gps IOS,$16
5bec0018c9af0a7962a96f4a,Rollic Games,6412ce402e47e525d3095b29,WeaponCraftRun,$16
5bec0018c9af0a7962a96f4a,Rollic Games,6953d5e5dd28ef10e37259d6,HarvestJam,$16
561e8d956b8d90f61a003219,"Appodeal, Inc.",5c2be8204b6db45ae25760e1,com.innovate.IndonesiaSocial/103981,$16
56d55c72562b9c353800000d,Voodoo,5a2a76f062d11a5725000857,Go Plane,$15
56d55c72562b9c353800000d,Voodoo,60ae54771d4cdcc16bd50d0f,DOGECOIN YOLO,$15
6297c4bc012073001b3df035,Yandex Inc.,69bbaa8b5dc7653a6257b75d,lkxx1314520-gmail-com_com-sedagames-colorballrun,$15
5c3c9ba19f3cbd45d7dae29c,TapNation,668e91463a75e04ec6cf2434,Agent Hitman,$15
59fb487bbe77065f5800afc3,Azur Games,5c91311b8065a122dcead17d,Pick Me Up™,$15
561e8d956b8d90f61a003219,"Appodeal, Inc.",65de356a9a4122e9e0deada5,com.starbyface/753817,$15
5fc671cbba624b0015a61bf1,Saygames LTD,60702d1ddcee92224c646a6b,Re-Size-I‪t‬: to Solve the Brain Puzzle,$15
5c657afed9e6e60012bab5d9,gamestudiopsv@gmail.com,694530e538605baeb85da034,6756006047,$15
561e8d956b8d90f61a003219,"Appodeal, Inc.",6741db7481acd3bf767301b4,com.simplicity.ski_jump_challenge/764030,$15
56d55c72562b9c353800000d,Voodoo,602e778773f1f76913c8fc9e,Crash Master 3D,$15
5c657afed9e6e60012bab5d9,gamestudiopsv@gmail.com,666944cfc9237f89a858958d,com.french.grammar.checker,$15
561e8d936b8d90f61a00136a,MWM,61f14f9a97362bf635b1ec27,Gravity [iOS],$15
561e8d936b8d90f61a001168,IsCool Entertainment,5db873a1a821040011830529,Word Land,$15
561e8d966b8d90f61a00392d,WISE WAVE CORPORATION LIMITED,650da52e60aebaee1ce359c3,Poker Night Android,$15
619376d458dde20017d66610,MATRYOSHKA GAMES (CY) LTD,623ab41b56e1b8e981816d61,Cooking Live,$15
561e8d956b8d90f61a003219,"Appodeal, Inc.",65cbd29c7ec96f667da817a6,com.AB.RCDZIL/756878,$15
5c657afed9e6e60012bab5d9,gamestudiopsv@gmail.com,655b5045b53dd79ca06f5cd5,1060411408,$15
65e71ba517069f0011a36cfa,Rounds,68a8550f48ed893a0af7fc4d,Contacts Phone Calls,$15
561e8d936b8d90f61a000da4,XIMAD Inc.,67f7c42127032a53848bafdf,Sudoku Quest iOS,$15
5eb3c48aa80eba00159907c3,Matchingham Games Limited,616e8b28d877b8dc18b84dc5,MG Sniper Attack,$15
5fc671cbba624b0015a61bf1,Saygames LTD,69c6d8777e650a32c5e93aec,Wool Sort,$15
5c657afed9e6e60012bab5d9,gamestudiopsv@gmail.com,69ce330e3b78c17b94b7e3b0,6446093563,$15
5c657afed9e6e60012bab5d9,gamestudiopsv@gmail.com,637cbf3a08325e5ca2fdc346,com.supercrypto.cryptocyrrency,$15
561e8d956b8d90f61a003219,"Appodeal, Inc.",58090350fe923bec38000041,org.aastudio.Narde-iOS-ad/52559,$15
5c657afed9e6e60012bab5d9,gamestudiopsv@gmail.com,66ebe5dc17237c03d551bc6e,com.AbyssMoth.MurdersDronesEndlessWay,$15
65e71ba517069f0011a36cfa,Rounds,67b483b9e9c06c560856aad0,Gallery Photo,$15
561e8d966b8d90f61a00392d,WISE WAVE CORPORATION LIMITED,690b167899b4030c585e1182,Pai Gow Poker,$15
5e3692d21cd3cb0018dd4329,SuperSonic Studios,62b06ea2e46b11d32ef71234,Car Cops,$15
56d55c72562b9c353800000d,Voodoo,6683f8fe6204497f762a9673,Merge Craze,$15
65e71ba517069f0011a36cfa,Rounds,67bca3a2d4e1c44a52e4338a,Sweet Editor,$15
56d55c72562b9c353800000d,Voodoo,6373897afed1f15fd922d57e,The Nom ANDROID,$15
5dcf09394f6eed0018145e58,Unico Studio LLC,5f6e75e6a9352e3cb5adee6a,Who Is? Brain Teaser and Riddles,$15
5c657afed9e6e60012bab5d9,gamestudiopsv@gmail.com,6900cad4b383cce7e0b80a7c,com.BrainMassage.HexagonRace,$15
6297c4bc012073001b3df035,Yandex Inc.,69a69fe513ccef6d33212c7c,qichen-big_com-free-vpn-convert-ParserVPN,$15
561e8d956b8d90f61a003219,"Appodeal, Inc.",6781fbc60ed7c46339aa3e72,com.quiz.familijnagra/764913,$15
5c657afed9e6e60012bab5d9,gamestudiopsv@gmail.com,6a0188407e1f4431ec745392,bae.livescore.footballtv.livestream.score,$15
561e8d956b8d90f61a003219,"Appodeal, Inc.",5f532c93d19dcf24ce219e50,com.idamusic.drumpadapps/643791,$15
5f69aef134a76100158aa316,Hypercell Games,6239b70c3850473c04b58131,Sort Balls - android,$15
6297c4bc012073001b3df035,Yandex Inc.,6a23dc534eec78b92d49714d,tds-easyapp_com-droid27-senseflipclockweather,$15
6297c4bc012073001b3df035,Yandex Inc.,695381f758c80b13f78f8423,seamobi-dev-gmail-com_com-top-free-planet-saturn-vpn-app,$15
5fb510aa8072bf0015d8d59d,Tap2Play LLC,61e95f996e5d870c4caef731,MDF_IOS_Merge Defense,$15
65e71ba517069f0011a36cfa,Rounds,69aff7b84f9ec504f3655aba,PPTX File Opener,$15
59fb487bbe77065f5800afc3,Azur Games,62989bce499dc29ff25dfda2,Mergic: Merge & Magic,$15
65e71ba517069f0011a36cfa,Rounds,69a849fac3ba7f749f871cd4,Voice Sms Typing,$15
59fb487bbe77065f5800afc3,Azur Games,5f49614f969349000180bc42,Do Not Fall,$15
65e71ba517069f0011a36cfa,Rounds,67b8867edef9e46cb8d32618,Invitation Maker,$15
5bec0018c9af0a7962a96f4a,Rollic Games,62b1d9c8349ec91095a532a8,Base Defense,$15
561e8d936b8d90f61a001096,MyGames MENA FZ LLC,5cf0ed0a169e9a001760e0ea,Evolution 2: Battle for Utopia iOS,$15
561e8d966b8d90f61a00392d,WISE WAVE CORPORATION LIMITED,65b657ca285feb2100627bd7,Texas Hold'em Poker: Pokerist Galaxy,$15
561e8d956b8d90f61a003219,"Appodeal, Inc.",5eb604d80f051a3082fbd6e6,it.spaghettiinteractive.scala40piu/489173,$15
561e8d956b8d90f61a002a2f,BoomBit Games Ltd,6220a9bf1de58ea1a0d586b4,Bridge Construction Simulator,$15
5c657afed9e6e60012bab5d9,gamestudiopsv@gmail.com,655d03b16d563178776cc358,com.dreamgate.steampunktower2.android,$15
65e71ba517069f0011a36cfa,Rounds,68c2b3a20ed903cf7fcebe03,Word Puzzle,$15
561e8d956b8d90f61a0030cf,Ketchapp,5b86c106bc51c04d6948d68c,Flippy Race,$15
65e71ba517069f0011a36cfa,Rounds,67b5cf5d2363a440422ff842,Home Workout Pixster,$15
5bec0018c9af0a7962a96f4a,Rollic Games,6311d09946c3a5b90e7e345c,Lifting Hero,$15
5c657afed9e6e60012bab5d9,gamestudiopsv@gmail.com,640ae7567bc5a632f8890335,1671651176,$15
5c3c9ba19f3cbd45d7dae29c,TapNation,645d38c6f1eef8b0c55c1bd1,Horse Shoe 3D,$15
65e71ba517069f0011a36cfa,Rounds,68a2e0025870425ce9a6ad9f,Fluids Particle,$15
5c657afed9e6e60012bab5d9,gamestudiopsv@gmail.com,64524a7a66add50d0b13b0f3,info.secondreality.fishingBaron,$15
5c657afed9e6e60012bab5d9,gamestudiopsv@gmail.com,684c3ee23dfa9792f0f42d77,com.app.tap.tap,$15
5bec0018c9af0a7962a96f4a,Rollic Games,6997230cc09feedd04047bcb,BussesAway,$15
5c3c9ba19f3cbd45d7dae29c,TapNation,6464c200f1eef8b0c55c2583,Horse Shoe 3D,$15
561e8d956b8d90f61a003219,"Appodeal, Inc.",698c26e8d2a96479c4932fe4,com.azaleagames.wintercarmech/775965,$15
65e71ba517069f0011a36cfa,Rounds,69a947bd090600979197faad,AI Photo Editor,$15
561e8d966b8d90f61a00392d,WISE WAVE CORPORATION LIMITED,61f466ba9a559de8c2fad35b,Omaha Poker,$15
627b73f7023d420018e2f038,Chardonnay Partners LLC,64afd58fc380eb976b11e8c5,MergeBlocks ios,$15
5a8a9eca79a4da360300055d,Popcore GmbH,5ea6aceb73d240000172b76c,Connect the Pops iOS,$15
5bec0018c9af0a7962a96f4a,Rollic Games,6397126bc5c2a3f1faf76ad4,GearClicker,$15
5c657afed9e6e60012bab5d9,gamestudiopsv@gmail.com,69ba8a7e0114322d67472d6f,bae.footballtv.livestream.score,$15
69eb7528a33b05d61de623e5,DVapps AB,6a06c2b85d0339c565bdad53,Slendrina The Forest,$15
5c657afed9e6e60012bab5d9,gamestudiopsv@gmail.com,66d083d918a521b865427e7b,com.sigmateam.zombieshooter.free,$15
561e8d956b8d90f61a003219,"Appodeal, Inc.",67cfc642ccc1987414550d56,com.rundro.PocketCapital/766433,$15
561e8d936b8d90f61a001168,IsCool Entertainment,5fd8a50efd681526c8196a67,Idle Titanic Tycoon: Ship Game,$15
5c657afed9e6e60012bab5d9,gamestudiopsv@gmail.com,699c73997daf5ca1eb97c6ef,com.drnowhere.analog.horror.birchappsmcpe,$15
59fb487bbe77065f5800afc3,Azur Games,63d7af813d86bddb9c32f350,Craft Commander 3D,$15
561e8d956b8d90f61a002a2f,BoomBit Games Ltd,6720e671640cc01ab98a8330,Rest Stop Tycoon: Idle Games,$15
69eb7528a33b05d61de623e5,DVapps AB,6a0363ec71992407adfd6f6b,Slendrina Asylum,$15
5c657afed9e6e60012bab5d9,gamestudiopsv@gmail.com,64520156dfe96b344d33e38b,com.rainbowgames.emerland,$15
59fb487bbe77065f5800afc3,Azur Games,63a182264f9ac02751000d11,Eating Hero,$15
56cb43391ba696884900000a,Ilyon Dynamics,593e5b22e00794461800192e,solitaire.klondike.card_a,$15
68ca90f7cdcaeb20374f5716,Syncme,68cfd0c25d4cf995d2b87f64,Calendar AI,$15
561e8d956b8d90f61a003219,"Appodeal, Inc.",69bc4a40518d888f8926259d,com.ff.gangster.theft.open.world.game/777378,$15
654d14d41c83f70011ca7700,Hypemasters,69f9b9af3d225f31f458be44,World War Clash,$15
69eb7528a33b05d61de623e5,DVapps AB,69fa272b650039032ad48966,Slendrina_Android,$15
5c657afed9e6e60012bab5d9,gamestudiopsv@gmail.com,6a16bef527cc99a7734a2f6b,1604056766,$15
5fc671cbba624b0015a61bf1,Saygames LTD,63985d58137ef9d078b28c63,Survival Empire,$15
561e8d956b8d90f61a003219,"Appodeal, Inc.",5ad9a6802c53810480c52a10,com.innovate.SaudiArabiaCupid/104856,$15
5c657afed9e6e60012bab5d9,gamestudiopsv@gmail.com,65ba2e07d5857e078ac1c11c,com.anrum.pin,$15
59fb487bbe77065f5800afc3,Azur Games,62569a7873a8c976ba4205ac,Stretch Legs,$15
5c657afed9e6e60012bab5d9,gamestudiopsv@gmail.com,6447ddfeabeffd039af2d5d3,com.rainbowgames.mahjong,$15
5c657afed9e6e60012bab5d9,gamestudiopsv@gmail.com,62ac97bc7ce32c085974ae18,TankCraft: tank battle,$15
65e71ba517069f0011a36cfa,Rounds,67c03ce6658cf18e67f4452b,Audio Editor,$15
56d55c72562b9c353800000d,Voodoo,5c51b6974b5476081270d6d1,Ball Mayhem,$15
561e8d956b8d90f61a002a2f,BoomBit Games Ltd,610a5beebdf2c56e9d7172df,Baseball Club 2,$15
5c657afed9e6e60012bab5d9,gamestudiopsv@gmail.com,63387350fc5aa4e3b6abfafc,1494889863,$15
5dcf09394f6eed0018145e58,Unico Studio LLC,6061b5c1164ce80df004bbde,Word Voyage,$14
65e71ba517069f0011a36cfa,Rounds,682700361cd2863ca808752e,Computer Launcher,$14
57d1b461ae2b57d903000027,Easybrain Ltd,69b96c0f3c7d0f0d0e60d799,Letter Tile Match GP,$14
65e71ba517069f0011a36cfa,Rounds,69c8eee7a1176c00b1abe557,Finger Chooser,$14
5c657afed9e6e60012bab5d9,gamestudiopsv@gmail.com,67f3d521ee3e8a4c67ae6825,6736705729,$14
5c657afed9e6e60012bab5d9,gamestudiopsv@gmail.com,69c418b8baf483fa430a2e64,com.cloudy.cricket.urdu,$14
5c657afed9e6e60012bab5d9,gamestudiopsv@gmail.com,6307e1d5bf6fb7e3fdb4609c,My Water: Daily Drink Tracker,$14
5cda78f561a35300113a86ab,Moonee,66193e89c0c070078a97814b,Mortar Defense,$14
65e71ba517069f0011a36cfa,Rounds,67a0a5e4f372f630d3b76854,Open Radio,$14
561e8d976b8d90f61a004288,Panteon Software,60d98e37c6acfef7bbf0f92a,Trading Master,$14
65e71ba517069f0011a36cfa,Rounds,6926c6f125f6810e4773ba4f,Find my Phone ios,$14
5fb510aa8072bf0015d8d59d,Tap2Play LLC,6329d9f4b1c5b375ea032e6a,PAS_ANDROID_Paint Sort,$14
5e3692d21cd3cb0018dd4329,SuperSonic Studios,61546974d1e9fc3cd3f67f43,Spider King,$14
5a9d60d3b1c1666c2e0056ba,Homa Games,622f6feddf433bfef24e204b,Cube Blast,$14
65e71ba517069f0011a36cfa,Rounds,679cbd35c1d0e427bfd018a8,QR Code,$14
5cda78f561a35300113a86ab,Moonee,6370bdd66127a4349c924694,MMA Fighters IOS,$14
561e8d936b8d90f61a001096,MyGames MENA FZ LLC,64fb1e9fd38855ef54aadb49,[Whalekit] Zombie State,$14
5c657afed9e6e60012bab5d9,gamestudiopsv@gmail.com,69ce384b715ad1f70d6b64ae,com.mcpe.guns.weapons,$14
561e8d936b8d90f61a001260,MAG Interactive,65cf61a39a4122e9e0de8184,Tile Mansion,$14
65e71ba517069f0011a36cfa,Rounds,67c1a506658cf18e67f44a66,Tuners Bass,$14
5c657afed9e6e60012bab5d9,gamestudiopsv@gmail.com,66878dfbb8c631b497b71444,6504755276,$14
6297c4bc012073001b3df035,Yandex Inc.,68c916090b426468607a08b5,blinkya_com-blinkmap,$14
627b73f7023d420018e2f038,Chardonnay Partners LLC,65aa9e5a388f89926d7337de,Cryptogram,$14
5c657afed9e6e60012bab5d9,gamestudiopsv@gmail.com,6981bfa1e6f73fe2b583d88a,com.furniture.mod.minecraft.pe,$14
561e8d956b8d90f61a003219,"Appodeal, Inc.",6703d49b901d39379d5ac9e3,com.TGZS.TIMOKHAPOBEG/760973,$14
561e8d956b8d90f61a003219,"Appodeal, Inc.",5b51d3c39f8bf32140ade48f,com.grigerlab.transport/22392,$14
5fc671cbba624b0015a61bf1,Saygames LTD,689b269d321633e317f55358,Weapon Ball Battles,$14
5e3692d21cd3cb0018dd4329,SuperSonic Studios,615c5014dfe348f68b7d4468,Draw Weapon,$14
56d55c72562b9c353800000d,Voodoo,651aed6d5551fd9849db96fc,Last Survivor : Redemp ANDROID,$14
5c657afed9e6e60012bab5d9,gamestudiopsv@gmail.com,67c1d85d658cf18e67f44b26,6742408137,$14
561e8d956b8d90f61a0030cf,Ketchapp,687a709b0c57d8be6eea5a92,MagicMushrooms-IdleGame,$14
5c657afed9e6e60012bab5d9,gamestudiopsv@gmail.com,68f79a3d2980068424b2c993,com.tchinnova.elementalduel,$14
65e71ba517069f0011a36cfa,Rounds,67b82f2b2363a44042300275,Blur Video and Image,$14
5c657afed9e6e60012bab5d9,gamestudiopsv@gmail.com,67addcb2099d7cdb34172417,com.BMZGames.RaceXperience,$14
5c657afed9e6e60012bab5d9,gamestudiopsv@gmail.com,695d0907012a302218f65336,fahadriaz.sports.livefootballtv.hd.streaming,$14
5bec0018c9af0a7962a96f4a,Rollic Games,64088679e1173435bb3ef5d8,BoosterUp,$14
58f71febd4e19c8f3b000fff,Soccer Manager Ltd,64d0ce9e901d44365f6d3bdd,Soccer Manager 2024 - iOS,$14
5c657afed9e6e60012bab5d9,gamestudiopsv@gmail.com,65083a2f5946c49eb49f6dd3,1546650805,$14
5fc671cbba624b0015a61bf1,Saygames LTD,5d6237ba24d85c670800fd74,Twist Hit Android,$14
5fb510aa8072bf0015d8d59d,Tap2Play LLC,67126dc64e4ec01524136db8,HOP_ANDROID_Hole Puzzle,$14
561e8d956b8d90f61a003219,"Appodeal, Inc.",66bc099816d72e3cce1c5898,net.playwithworld.farkle.dice.android/758374,$14
604a7ccb4f898b00151e2797,FunCraft,6851ba1a8fb5e7c332791187,My Bad - Family Board Game,$14
65e71ba517069f0011a36cfa,Rounds,6899d7193f6852ed61a9e8ce,Contacts 2,$14
561e8d956b8d90f61a002a2f,BoomBit Games Ltd,6357ddd558c9a284a9665b68,Ship Ramp Jumping,$14
6297c4bc012073001b3df035,Yandex Inc.,67f91c4c27032a53848bb6dc,birds-avs_Пасьянс Косынка (Солитер) 2024,$14
5a8a9eca79a4da360300055d,Popcore GmbH,5e74c73877bcc20001f87862,Sandwich!,$14
65e71ba517069f0011a36cfa,Rounds,67c062b3ee9356aafba1ce49,Origami Diagram,$14
561e8d956b8d90f61a002a2f,BoomBit Games Ltd,6086bdf368d83bbc307cc10d,Camper Van Beach Resort,$14
6297c4bc012073001b3df035,Yandex Inc.,670d4ca7c81241f35a6260b0,hsmedia2019_ru.ngs.news,$14
5a9d60d3b1c1666c2e0056ba,Homa Games,64d1064b1acd31e87b5c6cee,Mega Harvester,$14
6297c4bc012073001b3df035,Yandex Inc.,6798e1b85c0575584f3231a1,olgakomarova27121988_oneui7,$14
65e71ba517069f0011a36cfa,Rounds,67d9862d6aaceed8cfc4d350,Call Log Editor,$14
59fb487bbe77065f5800afc3,Azur Games,60b4f076cf4957c21093e744,Preferance,$14
561e8d936b8d90f61a00146c,TabTale Ltd.,5979e70567c878dd71002669,Roller Skating Girls Google_TT,$14
5c657afed9e6e60012bab5d9,gamestudiopsv@gmail.com,6901fa31ff7e0f5f7810d49a,com.fishtappro.clicker,$14
5c657afed9e6e60012bab5d9,gamestudiopsv@gmail.com,6788c1067d85b2b0743ba80a,lockscreendrawing.withfriendstogether,$14
561e8d956b8d90f61a003219,"Appodeal, Inc.",69836189e6f73fe2b583f81c,space.hairrevivederby.freevee/775979,$14
65e71ba517069f0011a36cfa,Rounds,66e9510517237c03d551b35c,Task For Notion iOS,$14
65e71ba517069f0011a36cfa,Rounds,69455b880909df412ec5286c,Calculator 2,$14
5c657afed9e6e60012bab5d9,gamestudiopsv@gmail.com,654136b095201dc8a91e456f,com.realistic.physics.mods.birchappsmcpe,$14
65e71ba517069f0011a36cfa,Rounds,67b88297def9e46cb8d325da,Text Repeater,$14
5fc618102e8dd2001579b65d,App Central ltd,65f0d64109143409c22e3c52,Coins Rush Launcher,$14
5ab5070d69e58f7fca39bfe6,Green Panda Games,62326c3c74db3897502144b6,Solitaire Android ORIGINAL,$14
56d55c72562b9c353800000d,Voodoo,620514f262ddd2117076bca7,Snaker.io ! IOS,$14
56d55c72562b9c353800000d,Voodoo,614d9d781838aa57a6b4690b,Candle Craft 3D,$14
561e8d926b8d90f61a00013e,Miniclip SA,60781e6aefcfe859f4cba8e5,Flip Rider Android,$14
561e8d956b8d90f61a003219,"Appodeal, Inc.",620849f6790a5016d3e0a114,com.csogames.client.android.app.texaspoker/723646,$14
65e71ba517069f0011a36cfa,Rounds,698de0d124c0803546b0da67,Mp3 To Video Convert,$14
5c657afed9e6e60012bab5d9,gamestudiopsv@gmail.com,6225b8f4431815d6a87ea79e,Nextgen: Truck Simulator,$14
5fc618102e8dd2001579b65d,App Central ltd,67324035136e386f160f89f6,Bat Fury launcher,$14
5bb6123fa4ae3604537ad781,Fugo Games,6984d7f2a890edd2b56e8d76,Words Of Wonders Search: Zen Android,$14
5fc671cbba624b0015a61bf1,Saygames LTD,5cb08f532dd2f50012df9954,Clean Road,$14
6297c4bc012073001b3df035,Yandex Inc.,68b050a389d8d99bf5d63d57,gordeichuktp_durak-cards-game,$14
6297c4bc012073001b3df035,Yandex Inc.,662cc728eb138087031cb6a2,mediaem_voennoedelo,$14
5c6a96f373ca3d6bbe3fff38,AppQuantum,6980cd37ae37fe79a7af1f4b,Animal Valley,$14
5a53889945eaab512501251e,AddApptr GmbH,693c1d40a5e39c9bec65ddbb,Scout24_MotoScout24_iOS,$14
5c657afed9e6e60012bab5d9,gamestudiopsv@gmail.com,69d38b4e5c9606f21f6657eb,com.only.starsports.tvrhdstar.starsports,$14
56d55c72562b9c353800000d,Voodoo,5fd9c80f9b6e6b357d259bcd,City Takeover,$14
561e8d926b8d90f61a00013e,Miniclip SA,5d42a1a5fcb4900017e61b4c,Street Diver,$14
561e8d956b8d90f61a003219,"Appodeal, Inc.",6a2344d6b8d4818b17463ef9,com.eidoloncorp.gemsvalley/780424,$14
59e4bb543f0fa9a20900afa3,TabTale LTD,639aff898d63905731e44cc9,Wedding Dress DIY iOS_CL,$14
5e3692d21cd3cb0018dd4329,SuperSonic Studios,6016698a747b55d06ac4d411,Mad Dogs,$14
6297c4bc012073001b3df035,Yandex Inc.,67fd1b74cad65030e350e304,nurkzbackoffice_by-tut-nurkz-android,$14
5c657afed9e6e60012bab5d9,gamestudiopsv@gmail.com,655e7b0a87876843d0b54ff1,1602955453,$14
5c657afed9e6e60012bab5d9,gamestudiopsv@gmail.com,689b21d1a2f2d1661e5c5739,1669210469,$14
561e8d956b8d90f61a003219,"Appodeal, Inc.",5d38df3aa36aa60d4e5fc12c,com.sugargames.rainbowweb3/155291,$14
5c657afed9e6e60012bab5d9,gamestudiopsv@gmail.com,696f535c23da243fb1207840,com.hbg.submarinesimulator,$14
59fb487bbe77065f5800afc3,Azur Games,625fa75f7a79f9c0cd8e0fc7,Cart Crash,$14
561e8d956b8d90f61a003219,"Appodeal, Inc.",695e3855c2964f188fd651e1,aiboy.companion.app/775350,$14
5c657afed9e6e60012bab5d9,gamestudiopsv@gmail.com,6a0ab90ca136bcb913bee609,com.thedasoooneapp.continthree,$14
6297c4bc012073001b3df035,Yandex Inc.,69c514db44691131e3af07f7,cutmaster017-gmail-com_rustore_com-ddup-zombiewaves-zw,$14
64a6b4fdcca9af0011fc86b7,Vira Games Inc,64afcf87f5edf073b3bd248d,DIY Factory,$14
5fc671cbba624b0015a61bf1,Saygames LTD,6360d64801775794dfecd10f,Town Mess - Building Adventure,$14
561e8d936b8d90f61a00146c,TabTale Ltd.,58fde0d8ade3682702000c9b,Dance Clash Google_TT,$14
5c657afed9e6e60012bab5d9,gamestudiopsv@gmail.com,69b03f70987039d6bdff2c36,com.bennergames.fishcoin,$14
56d55c72562b9c353800000d,Voodoo,6893d0ccd7e7bd94fcb6e910,Knit N Loop,$14
6297c4bc012073001b3df035,Yandex Inc.,699dd9d17daf5ca1eb97dcc1,elbruskusaev_com-sokurapps-servers-tools,$14
5c657afed9e6e60012bab5d9,gamestudiopsv@gmail.com,60f943e0a74730e9aa27b76d,CASE: Animatronics - Horror game,$14
5c05196699e4374b87bda3b9,Tripledot Studios,69ae5a9a60325948cddcebe2,Word Association Tiles,$14
6297c4bc012073001b3df035,Yandex Inc.,668e76734d981e89bb8b18bf,sibgatob-nail_onlineradiofmhouseradio,$14
643c740fc34c0300130c743e,VPNABLE LTD,643c749c1715525207ae240f,vpnify,$14
5c657afed9e6e60012bab5d9,gamestudiopsv@gmail.com,62c6e3b67893a8c2c7cc7be9,AR Around Measurement iOS,$14
5c657afed9e6e60012bab5d9,gamestudiopsv@gmail.com,68f89c4c92e9fc5c74b185ad,6754192767,$14
561e8d956b8d90f61a0030cf,Ketchapp,560bb83b120cd8026d000130,Twist,$14
65e71ba517069f0011a36cfa,Rounds,69aab20960325948cddcbc44,Hear Clear,$13
5a53889945eaab512501251e,AddApptr GmbH,5a5392c2f8b645582500fb42,LiteGames_CrazyEightsFREE_Android,$13
6021599b8b3e5600159fcc76,HITAPPS GAMES LTD,64369b9808db3f3edf5d4473,Syllatiles Android,$13
56d55c72562b9c353800000d,Voodoo,62052210965be59863482ba9,Bumper.io IOS,$13
65e71ba517069f0011a36cfa,Rounds,681b2fcfae377462a5423800,Car Sounds iOS,$13
65e71ba517069f0011a36cfa,Rounds,67add2d4614e4f5986be10f4,Countdown iOS,$13
6297c4bc012073001b3df035,Yandex Inc.,678fabe85c0575584f3215b3,dubok79_ru-alexeydubinin-holidays,$13
561e8d936b8d90f61a001168,IsCool Entertainment,5b6810d13a5ab61db2c21c7f,Cannon Man,$13
5c657afed9e6e60012bab5d9,gamestudiopsv@gmail.com,66694491d3c5ac7c6bb900c4,6449986515,$13
63d229657d9fc60014b1afdf,Paxie Games,69a8365fc3ba7f749f871b0e,Connect Tower,$13
5bec0018c9af0a7962a96f4a,Rollic Games,60813f9af79651f740c51a8f,Towing Race,$13
65e71ba517069f0011a36cfa,Rounds,67c19cb3ee9356aafba1d3c1,Truth Or Dare,$13
561e8d956b8d90f61a003219,"Appodeal, Inc.",59ca4bfc7b84999d7f000ba2,com.mobin.fastdic.1.0/23803,$13
56d55c72562b9c353800000d,Voodoo,665a3eb85bf07d965503e051,HexaBlast,$13
6297c4bc012073001b3df035,Yandex Inc.,6807659839da3f86ec09fccb,Playhop: Offline&Online Games,$13
65e71ba517069f0011a36cfa,Rounds,68f21fc09b4e835bc741f102,App Lock 4,$13
5dcf09394f6eed0018145e58,Unico Studio LLC,62a99c1f5398ffd89d7b0685,Kelime Gezmece Klasik iOS,$13
5c657afed9e6e60012bab5d9,gamestudiopsv@gmail.com,6567422e31ace18371fac225,bible.king.james.app,$13
64803209bfd9aa0011593484,Bluetile Games,66d05de5334673785d02fa74,Tilescapes - Onnect Match Game,$13
561e8d956b8d90f61a002a2f,BoomBit Games Ltd,6253e678d6d9787cd820ccff,Bridge Construction Simulator,$13
5bec0018c9af0a7962a96f4a,Rollic Games,638db11e3b184a0f0d3ff5d6,BallsnRopes,$13
561e8d956b8d90f61a0030cf,Ketchapp,5b8fe50b3db7773e41be5dde,Prince of Persia : Escape,$13
65e71ba517069f0011a36cfa,Rounds,695253edb734e584c6323751,Face Swap Photo AI,$13
5c657afed9e6e60012bab5d9,gamestudiopsv@gmail.com,66b9bb538b82298c2add8ff2,6599849187,$13
561e8d956b8d90f61a003219,"Appodeal, Inc.",6706764cef3ddf40c49142a4,com.TGZS.TIMOKHA2/759244,$13
5fc671cbba624b0015a61bf1,Saygames LTD,63985f516c5db9742ed8d41a,Jess' Stories,$13
5c657afed9e6e60012bab5d9,gamestudiopsv@gmail.com,65cc7b169a4122e9e0de7681,melon.smash,$13
65e71ba517069f0011a36cfa,Rounds,67a1e7b1ac670fb86b087554,Stopwatch Tabata,$13
6297c4bc012073001b3df035,Yandex Inc.,678629c152e0399f65349a0c,OXOTHuK76-yandex-ru_com-crosswordshop2,$13
5c6a96f373ca3d6bbe3fff38,AppQuantum,61cdc0e525c53d2d2ff07b03,Merge Hotel: Family Story,$13
65e71ba517069f0011a36cfa,Rounds,666851d69e6078cbc4eb7662,Intermittent iOS,$13
5cc173c6d788b30012b2ff51,Loop Games A.S.,688b3aa2b474a91081b227e9,Color Tap Blast,$13
5fb510aa8072bf0015d8d59d,Tap2Play LLC,68245783a288cde6eec34ea5,SOS_ANDROID_Soda Sandbox,$13
59fb487bbe77065f5800afc3,Azur Games,626c3d147ee5ae65e51dac2e,Protect Balls,$13
561e8d956b8d90f61a002a2f,BoomBit Games Ltd,610a896c4091446ef9cc6370,Baseball Club 2 ANDROID,$13
60abbe0138d6920017b43190,Newry Global Media sl,643d3a1a1715525207ae253d,GPS202-01 - Ultimate Truck Simulator,$13
5e3692d21cd3cb0018dd4329,SuperSonic Studios,69302b39e2188c0df83d3329,Emoji Solitaire - Card Game,$13
59e4bb543f0fa9a20900afa3,TabTale LTD,6203d3e50b6dd752967c834a,DIY Mini Journals iOS_CL,$13
56d55c72562b9c353800000d,Voodoo,5e6926814fb19e47fee6ac48,Good Slice Android,$13
6297c4bc012073001b3df035,Yandex Inc.,69cfc7a329183204e326f07c,lkxx1314520-gmail-com_com-DefaultCompany-LoversInc,$13
5bec0018c9af0a7962a96f4a,Rollic Games,655712b1b53dd79ca06f53b8,UnscrewPuzzle,$13
5a9d60d3b1c1666c2e0056ba,Homa Games,61a8d6a41fa86c8d47a9f8a4,Zookemon,$13
5c657afed9e6e60012bab5d9,gamestudiopsv@gmail.com,664451af6e3e372b114a8c0e,1574856548,$13
5bb6123fa4ae3604537ad781,Fugo Games,67179f543fd713570bc5b27a,Sort Out iOS,$13
6297c4bc012073001b3df035,Yandex Inc.,67dd87a0afdbc3d8e16bc96a,snake-1s_com-qrgeneratorscanner-meteorainapp,$13
561e8d956b8d90f61a003219,"Appodeal, Inc.",5ab90f8f4a7f2166bec36df7,com.innovate.MalaysianSocial/103980,$13
5a6f56062c250d182f0056f3,Kwalee Ltd,638e016e3b184a0f0d3ff6b0,Cinema Tycoon 3D,$13
65e71ba517069f0011a36cfa,Rounds,694d1a71ef46c85a1b2e0d08,Love Letters,$13
561e8d956b8d90f61a003219,"Appodeal, Inc.",5ff145b845f97803984896b3,minecraft.mods.minecraft/696574,$13
56cb43391ba696884900000a,Ilyon Dynamics,6204bf183406890af54d4672,match3d.wood_i_1618,$13
561e8d956b8d90f61a003219,"Appodeal, Inc.",634c3f15d09ac4fd3cb2e656,com.chaloapps.memeswars/738493,$13
56d55c72562b9c353800000d,Voodoo,5e6a8ce364cc297a431a1886,Curvy Punch 3D2,$13
5c657afed9e6e60012bab5d9,gamestudiopsv@gmail.com,6628bef025850faf3515277a,com.fkgames.minitruckergame,$13
65e71ba517069f0011a36cfa,Rounds,66684b1cc9237f89a858927a,Spades iOS,$13
5c657afed9e6e60012bab5d9,gamestudiopsv@gmail.com,67e3bbb081b834b129920d8e,com.funfuse.pusoy,$13
5c657afed9e6e60012bab5d9,gamestudiopsv@gmail.com,681b1e1cae377462a54236e7,com.sandbox_arena.ragdoll_party,$13
561e8d966b8d90f61a00392d,WISE WAVE CORPORATION LIMITED,650da4bcd38855ef54aaf406,Poker Night iOS,$13
5c657afed9e6e60012bab5d9,gamestudiopsv@gmail.com,65d5cf32d1b71b57183c2f1d,1561339804,$13
5c657afed9e6e60012bab5d9,gamestudiopsv@gmail.com,69d5073e64290ae461b0a844,appshub.sports.livecrickettv.hd.streaming,$13
65e71ba517069f0011a36cfa,Rounds,6785172a0ed7c46339aa499c,Calendar Planner,$13
65e71ba517069f0011a36cfa,Rounds,679cca16ffda0af1dd8c6462,Stopwatch X,$13
609aaa8981be8d00154c407d,Sotec Consulting sl,6278fb37dbdc9ece34f3c11c,GPS173-01 - Zumba Classic: Marble Shooter,$13
5c657afed9e6e60012bab5d9,gamestudiopsv@gmail.com,69ce150656a0d4dc28e2603a,com.shooterhero,$13
609aaa8981be8d00154c407d,Sotec Consulting sl,6225e2071de58ea1a0d58b61,GPS124-01 - GPS Navigation: Road Map Route,$13
65e71ba517069f0011a36cfa,Rounds,69472d6b8301764ca7d4e090,Sudoku Masters,$13
6297c4bc012073001b3df035,Yandex Inc.,699ef248646fe7483852276f,soloforge_com-soloforge-madpursuit,$13
65e71ba517069f0011a36cfa,Rounds,667a862d4d981e89bb8adbe7,Everyday Wishes iOS,$13
59e4bb543f0fa9a20900afa3,TabTale LTD,69df40acb6a93be17be95512,Sand Out Blitz Google_CL,$13
5fc671cbba624b0015a61bf1,Saygames LTD,638f0db3e40e9e17b67ee743,Army Defence,$13
56d55c72562b9c353800000d,Voodoo,5f3e6b86f503650001352cb2,Demolish!,$13
65e71ba517069f0011a36cfa,Rounds,693938864ec2844d253115b3,Photo Video Album,$13
5c657afed9e6e60012bab5d9,gamestudiopsv@gmail.com,68e36bbf7446ba296ffa5e41,crosshair.customaiming.customscope,$13
627b73f7023d420018e2f038,Chardonnay Partners LLC,62a1baed698f1572fd6afb0b,Join Blocks iOS,$13
5c657afed9e6e60012bab5d9,gamestudiopsv@gmail.com,68651df0e9fbfd9368a215ae,com.zelemine.anime.mods,$13
5fc671cbba624b0015a61bf1,Saygames LTD,5d41b947a529430227613f2c,Neon Splash,$13
5dcf09394f6eed0018145e58,Unico Studio LLC,6061b5847cfd8a3feb378005,Word Voyage,$13
5c657afed9e6e60012bab5d9,gamestudiopsv@gmail.com,6554f7c9d1c31fd96c34141b,1613980485,$13
65e71ba517069f0011a36cfa,Rounds,68887d785f7b35e31f0664a6,AutoCap,$13
6155ad11120d4a0017386a18,Agave Games,69f9de2841d4695486a1b081,Find Em All! Hidden Objects,$13
6297c4bc012073001b3df035,Yandex Inc.,69fb1a378c67ff57b8fe9b18,maximklochkov_rustore_com-mgames-hoodhustle,$13
5a9d60d3b1c1666c2e0056ba,Homa Games,60ddded97a6be5a6bd8ffa4d,Tape Thrower,$13
65e71ba517069f0011a36cfa,Rounds,69a8b263c3ba7f749f8722a2,GCamGo,$13
5c657afed9e6e60012bab5d9,gamestudiopsv@gmail.com,65cf0ba8d63f23ff92212c8f,com.smart.switch.copy.all.data.phoneclone,$13
561e8d956b8d90f61a003219,"Appodeal, Inc.",5ac5d0123a2fa066a8fd7755,com.innovate.ChinaSocial/103887,$13
59e4bb543f0fa9a20900afa3,TabTale LTD,63f744c366cd2da8034b9ab5,Idle Push Up iOS_CL,$13
5fc671cbba624b0015a61bf1,Saygames LTD,6140af439a740dc389fe4340,Betrayal 3D iOS,$13
5c657afed9e6e60012bab5d9,gamestudiopsv@gmail.com,69ef5e7e1beedcc0ffe762f0,com.artech.security,$13
561e8d956b8d90f61a003219,"Appodeal, Inc.",63cdd184c96ecc576940c285,biz.softwareits.torrentsearchengine/741805,$13
65e71ba517069f0011a36cfa,Rounds,68551ed753ef1303f912ad6b,Cards and Nfc,$13
561e8d956b8d90f61a003219,"Appodeal, Inc.",6a19ebd4d00aa26f135d5a72,com.backrooms.extract/780011,$13
59e4bb543f0fa9a20900afa3,TabTale LTD,6139dfc4fbc85362558efce2,String Pull Google_CL,$13
5c657afed9e6e60012bab5d9,gamestudiopsv@gmail.com,69ca978c8a916d2a31154ef5,6760224570,$13
5dcf09394f6eed0018145e58,Unico Studio LLC,698a3821d7a2e8d17c5f2fa6,Family Sort,$13
561e8d956b8d90f61a003219,"Appodeal, Inc.",698e318a3630b752386a7e9f,com.uk.real.gangster.town.auto/776366,$13
561e8d956b8d90f61a003219,"Appodeal, Inc.",66389778eb138087031ccbc4,com.mobiloids.wordmix/758897,$13
561e8d936b8d90f61a00146c,TabTale Ltd.,59563efdaff2c75c64000475,Stylist Girl iOS_TT,$13
561e8d976b8d90f61a00402a,Gameloft - Master Account,616ea5162d78d8c9555fe49e,Sniper Champions,$13
5c657afed9e6e60012bab5d9,gamestudiopsv@gmail.com,66d0848620321015a24eaffb,cloner.infocus.phone.clone,$13
5c657afed9e6e60012bab5d9,gamestudiopsv@gmail.com,6576dbc7cc59ff71f1fbdde6,1637061913,$13
5bec0018c9af0a7962a96f4a,Rollic Games,5ee383c09501a400018c6f23,Repair My Car,$13
60240068eca1f300150d7e56,BoomHits Sp. z o.o.,60801ea8302afdf093bcfe11,Traffic Control ANDROID,$13
5c657afed9e6e60012bab5d9,gamestudiopsv@gmail.com,6614ef35c5f237ebf7b4bc89,org.united_family.ufwallet,$13
5c657afed9e6e60012bab5d9,gamestudiopsv@gmail.com,684002473faecb187b28ca7e,cat.from.hell2,$13
5c657afed9e6e60012bab5d9,gamestudiopsv@gmail.com,69aa9d3c60325948cddcbaf3,com.star.sports.one.live2,$13
65e71ba517069f0011a36cfa,Rounds,6879409e28d514326f543c25,Satellite View GP,$13
561e8d926b8d90f61a00013e,Miniclip SA,697cfd298a0253803d28cf6d,Pixel Pop,$13
65e71ba517069f0011a36cfa,Rounds,67b5d06d2363a440422ff847,Find Phone,$13
5c657afed9e6e60012bab5d9,gamestudiopsv@gmail.com,65a513aa6c7debc0a6b15097,app.real.flashlight,$13
561e8d956b8d90f61a0030cf,Ketchapp,5a8ea8a32025a4ec49001cd2,Horizon,$13
5fc671cbba624b0015a61bf1,Saygames LTD,69a82c8b04a54c218b0a045a,Idle Space - Ship Crafting RPG,$12
5efd8ef70165690015e8b224,Blackout Lab SL,626aa19bb45d11d2ed9417d2,Backgammon - Android,$12
65e71ba517069f0011a36cfa,Rounds,67b8805ddef9e46cb8d325cd,Tracking My Phone,$12
56d55c72562b9c353800000d,Voodoo,62fe04e2222ac5abcd50a819,Card Battle ANDROID,$12
65e71ba517069f0011a36cfa,Rounds,6819ee9f2886e3f37cbcf839,App To Cloud iOS,$12
5a9d60d3b1c1666c2e0056ba,Homa Games,5e85db08adfc4700016d19be,NERF Epic Pranks!,$12
561e8d966b8d90f61a00392d,WISE WAVE CORPORATION LIMITED,65a795e13133fb3ba24a53d1,Keno by Pokerist,$12
5c657afed9e6e60012bab5d9,gamestudiopsv@gmail.com,67e3c63da5c1d8ec127a4365,6742880162,$12
65e71ba517069f0011a36cfa,Rounds,67a4901db7c0c84dcaf1ea64,Learn Korean,$12
65e71ba517069f0011a36cfa,Rounds,68d10559de947550fd243dd4,Knowledge Quiz Unity,$12
5c657afed9e6e60012bab5d9,gamestudiopsv@gmail.com,697882b79557abdc3c8dced2,com.morph.mods.minecraft.addons,$12
56d55c72562b9c353800000d,Voodoo,690a28c4771d8693d9bdaf83,Dice Lords,$12
65e71ba517069f0011a36cfa,Rounds,67b34bea390c720c73a0d7bd,True Love Frames,$12
56d55c72562b9c353800000d,Voodoo,5cf5210fcec2440017dc602b,Dig this!,$12
65e71ba517069f0011a36cfa,Rounds,67b8306f1be9345ad181b1f5,Business Card Scanner,$12
6297c4bc012073001b3df035,Yandex Inc.,67fd10f8d6a5719f4ffe3158,birds-avs_Sudoku: Puzzle Number Games,$12
57ab0b38c6ebd5c83300007e,Good Job Games (Azur),5fdd12e208ce2898be7d16a9,Perfect Wax 3D iOS,$12
561e8d966b8d90f61a00392d,WISE WAVE CORPORATION LIMITED,6818cabce2a5963c5d519e66,Plinko by Pokerist,$12
65e71ba517069f0011a36cfa,Rounds,6798e1d35c0575584f3231a6,USB Connector,$12
561e8d956b8d90f61a003219,"Appodeal, Inc.",63c8377d709d92f43b721c81,com.mixapplications.ventoy_app/740744,$12
5c657afed9e6e60012bab5d9,gamestudiopsv@gmail.com,6793a5079fe5d49d4b56c846,com.D_One_Games.SchoolboyPrisonEscape,$12
5c657afed9e6e60012bab5d9,gamestudiopsv@gmail.com,6850013bd1432abf30523e45,com.workdigital.radiomusic,$12
5c05196699e4374b87bda3b9,Tripledot Studios,66a355901ea687af3dbfd269,Piper's Pet Cafe: Solitaire,$12
5fc671cbba624b0015a61bf1,Saygames LTD,6304ea68a8522898ec94b598,Shackled Cubes iOS,$12
65e71ba517069f0011a36cfa,Rounds,67bc4d68c96b4c09d8bd497f,Intermittent Fasting,$12
5a9d60d3b1c1666c2e0056ba,Homa Games,6040ddc92fe4702586a662d3,Z Escape,$12
59e4bb543f0fa9a20900afa3,TabTale LTD,613f309b47200414f1f66803,Pole Star iOS_CL,$12
6297c4bc012073001b3df035,Yandex Inc.,66c30751e2d733cb76cdc907,sergej-alexeev_sbits_currencyconverter,$12
561e8d956b8d90f61a003219,"Appodeal, Inc.",5ab4ff6fd714de3604fb4de1,com.mingle.asianmingle/103876,$12
5a9d60d3b1c1666c2e0056ba,Homa Games,65bcf7f325cdf63cf9a28beb,Survivor Z,$12
56cb43391ba696884900000a,Ilyon Dynamics,62aad712163a955f792f017b,com.ilyon.shooter_a_1600,$12
5c657afed9e6e60012bab5d9,gamestudiopsv@gmail.com,62c3ef90df2217b137fc2a30,Doom Z Day: Horror Shooter,$12
57ab0b38c6ebd5c83300007e,Good Job Games (Azur),5f4139301878520001e6557d,House Life 3D,$12
5c657afed9e6e60012bab5d9,gamestudiopsv@gmail.com,695b6ce0012a302218f63642,com.rv.survival.longdrive,$12
561e8d956b8d90f61a003219,"Appodeal, Inc.",65cbd2189a4122e9e0de7528,com.AB.RCDHDSE/756870,$12
5c05196699e4374b87bda3b9,Tripledot Studios,683d38e143752d422dfd051a,Mahjong Bloom,$12
65e71ba517069f0011a36cfa,Rounds,69cae3528a916d2a31155292,Pdf Scanner App,$12
65e71ba517069f0011a36cfa,Rounds,6936a7f2ec2fa34b121fe315,AI Photo Enhancer,$12
5c657afed9e6e60012bab5d9,gamestudiopsv@gmail.com,66d17246a6cf59778900a5c6,in.mcash.app,$12
5c657afed9e6e60012bab5d9,gamestudiopsv@gmail.com,677ce452d7a0b145879afbec,ca.pinterest.saver.downloader.pin,$12
5eb3c48aa80eba00159907c3,Matchingham Games Limited,64a6cd43831ce850a70645c8,Rocket Attack_Android (MİL),$12
561e8d956b8d90f61a003219,"Appodeal, Inc.",65277b334168a1c19383def7,com.kadax.rldropsimulator/749242,$12
60abbe0138d6920017b43190,Newry Global Media sl,69c3b80efc715c15d6ae9a0c,GPS226-01 - MeowTalk Cat Translator,$12
561e8d926b8d90f61a00013e,Miniclip SA,633317ed536f4724ecdc380e,Matchday Manager,$12
619376d458dde20017d66610,MATRYOSHKA GAMES (CY) LTD,623ab4f156e1b8e981816d72,Farming Fever,$12
5c657afed9e6e60012bab5d9,gamestudiopsv@gmail.com,6a26c1c579b3d1c1f073787a,oxy.sports.livecrickettv.hd.streaming,$12
5eb3c48aa80eba00159907c3,Matchingham Games Limited,67c03d91d4e1c44a52e44a31,What am I_Android,$12
5735de0ebcd1970756000054,PLAYGENDARY LIMITED,5a5f75ce4cac71960c00413c,Dictator iOS (MAX),$12
5c657afed9e6e60012bab5d9,gamestudiopsv@gmail.com,69d771a2de1ae099c68c8c29,com.addons.maps.mods.mcpe,$12
6297c4bc012073001b3df035,Yandex Inc.,68c91c12269b0d62a033419a,blinkya_com-blinkmap-blink,$12
65e71ba517069f0011a36cfa,Rounds,67b728502363a440422ffe7f,Gallery Max,$12
561e8d956b8d90f61a0030cf,Ketchapp,5b363b6b0929761c5b3d1919,Fruit master,$12
5c657afed9e6e60012bab5d9,gamestudiopsv@gmail.com,69fc4a048c67ff57b8febbb3,6757225815,$12
5fc671cbba624b0015a61bf1,Saygames LTD,63cfbc662bf1c4f1e1e76476,Idle Inn Empire－Tycoon Game,$12
5fc671cbba624b0015a61bf1,Saygames LTD,68e3bd127724be505b759a53,Wool Sort,$12
561e8d956b8d90f61a003219,"Appodeal, Inc.",61718532790a5016d3e0997f,com.antiway.mastersofmadness/494890,$12
65e71ba517069f0011a36cfa,Rounds,67bc7577fb32c9bf51ceeb40,StoryLight,$12
65e71ba517069f0011a36cfa,Rounds,690dfd5eb08c2c75c9e1c7c3,Girly Lock Screen Wallpaper,$12
6297c4bc012073001b3df035,Yandex Inc.,677fc58ca18672e70722c430,Alex-kozyukov_wifimonitoring,$12
59fb487bbe77065f5800afc3,Azur Games,5f5f2b2125d8a70001459bd1,Do Not Fall,$12
62f2190969aa39001bb4b1fe,Take Top KZ,69dfef5967d7824cc773eab2,Crash X: Car Games Mobile,$12
5b5ec3e8337f272131edc824,MadBox,5c655f607ba3842bffdbf4ac,Sausage Flip,$12
5c657afed9e6e60012bab5d9,gamestudiopsv@gmail.com,65663087abfc44749627dd1c,1662065581,$12
5dcf09394f6eed0018145e58,Unico Studio LLC,64dfc99e54c835aeb0241774,Logicross iOS,$12
5c657afed9e6e60012bab5d9,gamestudiopsv@gmail.com,68e36a127724be505b75962d,wirelss.chargingapp.checker,$12
5dcf09394f6eed0018145e58,Unico Studio LLC,66f126d4625d91c8b369441c,Fortune Words iOS,$12
59fb487bbe77065f5800afc3,Azur Games,5b4f6a09ef88b7106861862c,Twisty Arrow!,$12
6021599b8b3e5600159fcc76,HITAPPS GAMES LTD,66e968e5548cf7c84914be39,Quizzix iOS,$12
63d229657d9fc60014b1afdf,Paxie Games,6964ff05a37bf42bb0725093,water shooter,$12
59e4bb543f0fa9a20900afa3,TabTale LTD,5e4eaaf2246d020018f1f191,Super Stylist iOS_TT,$12
65e71ba517069f0011a36cfa,Rounds,67b729f32363a440422ffe86,My Diary,$12
65e71ba517069f0011a36cfa,Rounds,69cb7f0929ef4f8d2a7436e3,Design Studio,$12
561e8d956b8d90f61a002a2f,BoomBit Games Ltd,67caab32682f7abc94bda8dc,Electronics Store Simulator 3D,$12
5c3c9ba19f3cbd45d7dae29c,TapNation,6229f69553829c18ce54e93f,Idle Bank,$12
561e8d956b8d90f61a003219,"Appodeal, Inc.",6477ef8ac2be973cbff7a8bd,com.YSL.YourStoryLand/747814,$12
62f2190969aa39001bb4b1fe,Take Top KZ,69d3e8e0fe8aa6d88e0989b3,Obby Memes: Grow Fruits,$12
65e71ba517069f0011a36cfa,Rounds,6880b595eb91ef8f5fcc1e34,Pashto Keyboard2,$12
62f2190969aa39001bb4b1fe,Take Top KZ,69f87a4f650039032ad46b94,+1 Speed: Escape Obby Worlds,$12
561e8d956b8d90f61a003219,"Appodeal, Inc.",63cb0441736bbd61a2ddc2ad,com.mixapplications.rufus/741822,$12
65e71ba517069f0011a36cfa,Rounds,6880b84028d514326f5472ba,Bedtime Stories,$12
6297c4bc012073001b3df035,Yandex Inc.,6863c9e8e9fbfd9368a20538,tadius-yandex-ru_com-tadiuzzz-tadius-mysalary,$12
59e4bb543f0fa9a20900afa3,TabTale LTD,61fa6778bc7aa5cf58b591fd,Fridge Organizing Google_CL,$12
5c657afed9e6e60012bab5d9,gamestudiopsv@gmail.com,6926b41bc74437f4954eb2ac,gifts.santa.claus,$12
561e8d956b8d90f61a003219,"Appodeal, Inc.",6684ae5c4d6765df32feac34,com.hlightgames.msr/758656,$12
5e3692d21cd3cb0018dd4329,SuperSonic Studios,632c341ff554a9a1a2e05a45,Snake Crusher,$12
561e8d936b8d90f61a00146c,TabTale Ltd.,53504f8ec68842e3280000ed,Fair Food Maker iOS_SS_New,$12
561e8d956b8d90f61a0030cf,Ketchapp,59159c4470abb441260005e0,Finger Spinner,$12
5c05196699e4374b87bda3b9,Tripledot Studios,69254ed53b47a3d1a14a3568,Puzsolitaire,$12
561e8d956b8d90f61a003219,"Appodeal, Inc.",6948e5c18301764ca7d4f290,com.recuva.deleted.restore/775011,$12
5c657afed9e6e60012bab5d9,gamestudiopsv@gmail.com,69a55a9013ccef6d332118fe,com.ptzsecuritycamerapp.securitycamera,$12
561e8d936b8d90f61a00146c,TabTale Ltd.,5ba4c6017329742c55b284cc,Dream Wedding Planner Game Google_TT,$12
5c657afed9e6e60012bab5d9,gamestudiopsv@gmail.com,69538fd758c80b13f78f85bf,appsinfix.livefootballtv.hdstreaming.livescore,$12
57398bfe4d0c2a683c0000da,Kefir!,682c780b67fc2e28cfbd9e2f,LDoE Huawei,$12
5c657afed9e6e60012bab5d9,gamestudiopsv@gmail.com,62418efed0f65eb0f4dbcd74,Nextgen: Truck Simulator iOS,$12
5c657afed9e6e60012bab5d9,gamestudiopsv@gmail.com,6709039877baa3c29d07b44c,6698880397,$12
65e71ba517069f0011a36cfa,Rounds,68809f280c57d8be6eea8939,Offline Music,$12
561e8d936b8d90f61a00134a,Veraxen Ltd,64fedcb25946c49eb49f627a,Sort Puzzle Android,$12
5ab5070d69e58f7fca39bfe6,Green Panda Games,6079bca587c60bc6417d5b35,Island Inc New,$12
59e4bb543f0fa9a20900afa3,TabTale LTD,607ec6cb42ddb7d524679593,Cutman's Boxing - Clinic,$12
5c657afed9e6e60012bab5d9,gamestudiopsv@gmail.com,69b2c2c86500c5b322b907d1,com.carj.racinj,$12
5d074f140fbc770017190dd2,RUBY OYUN VE YAZ. DAN. SAN. TIC. A.Ş.,62e76974e77a384b0a312baf,WizardHero_iOS,$12
561e8d936b8d90f61a00146c,TabTale Ltd.,5a7da61288d7111b620002d4,Acrobat Star Show Google_TT,$12
5c657afed9e6e60012bab5d9,gamestudiopsv@gmail.com,667acccb4d6765df32fe8deb,com.rainbowgames.solitairedetective,$12
6297c4bc012073001b3df035,Yandex Inc.,67d014cba21e2a7413d7f0cf,hromlist_st_soundboard_loudfartsoundsprankapp,$12
56d55c72562b9c353800000d,Voodoo,65f80544f5d8b25533aefb6d,Pill Fortress IOS,$12
6297c4bc012073001b3df035,Yandex Inc.,662bac4eae48325f6e04f820,qruqrugames_vesnamathcrossword,$12
561e8d956b8d90f61a003219,"Appodeal, Inc.",69513146b734e584c63227e1,ua.trident/775180,$12
561e8d956b8d90f61a003219,"Appodeal, Inc.",5cf60e1f18480f125333ae4d,com.mingle.AussieSocial/104852,$12
5c657afed9e6e60012bab5d9,gamestudiopsv@gmail.com,6913483439466be7321f90b9,1572654986,$12
5c657afed9e6e60012bab5d9,gamestudiopsv@gmail.com,6879fe42eb91ef8f5fcbed6a,com.ogames.laboratory.cpm.garage,$12
561e8d956b8d90f61a003219,"Appodeal, Inc.",5fd4fac66537586d269608ec,com.fozerapp.vazsimulator/598155,$12
65e71ba517069f0011a36cfa,Rounds,69e0a62c7322ccfa584d841c,Barcelona Mapway iOS,$12
561e8d936b8d90f61a000c5d,the binary family GmbH,66715667f646af2fcfc11475,TheBinaryFamily_KnowledTrainer_iOS,$12
561e8d936b8d90f61a00146c,TabTale Ltd.,5582e515464efa7a7200046e,Puppy Love iOS_TT,$12
5c657afed9e6e60012bab5d9,gamestudiopsv@gmail.com,66c48bb8de5ce2980ef23d4e,com.mustafacaglar.spinnerfighterarena,$12
6297c4bc012073001b3df035,Yandex Inc.,67223fc1136e386f160f5a8e,girls-games-puzzles_best.photo.app.beard,$12
5c657afed9e6e60012bab5d9,gamestudiopsv@gmail.com,63e4ceada3d76c749881d043,com.minecraft_mc_addon.train_mod,$12
5bec0018c9af0a7962a96f4a,Rollic Games,6911c7ffbd1fb70887c0208c,SortFactory,$12
5cc173c6d788b30012b2ff51,Loop Games A.S.,63d7b2bb3d193f8b4ddae3e4,BlockMania,$12
5fc671cbba624b0015a61bf1,Saygames LTD,60702fc912e3e191ed175fc0,Re-Size-I‪t‬: Brain Tease‪r‬,$12
561e8d976b8d90f61a003bab,Estoty LLC,625979accd5526639235a9a5,Hit Box Android LIVE,$12
61e93624cf7a710017932586,"Appgeneration, Lda",69459896de78228fcc074485,Solitaire 3,$12
65e71ba517069f0011a36cfa,Rounds,67b71aa37077517f21dc08dd,Royal Door Lock,$12
561e8d936b8d90f61a00146c,TabTale Ltd.,5d1f1ae605ae0e0017e77205,Jojo Siwa iOS_TT,$12
5bec0018c9af0a7962a96f4a,Rollic Games,69cd2c5e29ef4f8d2a7455ae,PixelBlastJam,$12
5cda78f561a35300113a86ab,Moonee,5e6791ef73dde7000173d9ca,Idle Streamer,$12
5efd8ef70165690015e8b224,Blackout Lab SL,5efd90ec430dcf0001b0f616,Season - Android,$12
6297c4bc012073001b3df035,Yandex Inc.,687664bd61fad0cbc8863ca2,redborgames_pyrotechnics2,$12
5c657afed9e6e60012bab5d9,gamestudiopsv@gmail.com,6565a1525c82fac0c2d44c67,1619069201,$12
5a6f56062c250d182f0056f3,Kwalee Ltd,5ea02b449bdc7500015a7827,Bake It,$12
6297c4bc012073001b3df035,Yandex Inc.,685d4b0e7ded2eaf87201e80,girls-games-puzzles_com.best.photo.app.glasses,$11
561e8d956b8d90f61a003219,"Appodeal, Inc.",5d328cf76be36e0d5b766648,com.mingle.DutchCupid/156168,$11
56d55c72562b9c353800000d,Voodoo,5eda088481f5eb0001164060,aquapark.io,$11
5a9d60d3b1c1666c2e0056ba,Homa Games,5c6e7685ab9c30001245d57a,Tower Color,$11
69eb7528a33b05d61de623e5,DVapps AB,6a057211ec06ab58d34f921c,TheChildOfSlendrina,$11
5a9d60d3b1c1666c2e0056ba,Homa Games,61fbab6bb7cac314a58f2dd7,Z-Raft,$11
65e71ba517069f0011a36cfa,Rounds,69b930443c7d0f0d0e60d2ef,Universal Remote 2,$11
65e71ba517069f0011a36cfa,Rounds,67ed48aee95e39bcdefb63ba,Voice Memos,$11
5c657afed9e6e60012bab5d9,gamestudiopsv@gmail.com,6679221c6204497f762a7938,com.gametov.japantraffic,$11
561e8d956b8d90f61a003219,"Appodeal, Inc.",69034c8015a4c4ddcf12ed44,com.asharelink.ashareapk/769945,$11
5c657afed9e6e60012bab5d9,gamestudiopsv@gmail.com,63e254532073c017f7b6dc8e,1641113449,$11
65e71ba517069f0011a36cfa,Rounds,66689eefc9237f89a858934f,Hearing Clear iOS,$11
5c657afed9e6e60012bab5d9,gamestudiopsv@gmail.com,656f9aaf21415a19439b625a,yoruba.holy.bible.AOVGSFFIOTUFGGBTLU,$11
5e3692d21cd3cb0018dd4329,SuperSonic Studios,615eedc9887451644d09c8bc,Draw Weapon 3D,$11
5a53889945eaab512501251e,AddApptr GmbH,66715af438d66ac87deb3994,LiteGames_RummyMP_iOS,$11
5bec0018c9af0a7962a96f4a,Rollic Games,62bb1b0c60eb231285985b10,Arcade Hole,$11
6297c4bc012073001b3df035,Yandex Inc.,6823594d38a42a2dc1efbd54,cam0mobile_LLC-ZIGZAG-MOBILE-Skorolek_bidding,$11
5c6d3f727ba3842bffdc24f1,Beresnev Games,6113b17886d9be4e52fbb9f2,Pixelwoods iOS,$11
65e71ba517069f0011a36cfa,Rounds,69a045403630b752386b88c5,Vision Board,$11
65e71ba517069f0011a36cfa,Rounds,69787c68373e2bebaec094d5,Rar Extractor Zip,$11
561e8d956b8d90f61a003219,"Appodeal, Inc.",674c70ebfa70582cee6c1528,com.AnomalyGameStudio.S.T.R.Y.K.E.R.ShadowWarDemo/761737,$11
5e3692d21cd3cb0018dd4329,SuperSonic Studios,602bc88373f1f76913c8f9e0,Archers.io,$11
561e8d936b8d90f61a00136a,MWM,620409952fb826dba7ba2f5c,Shop Master,$11
5c657afed9e6e60012bab5d9,gamestudiopsv@gmail.com,63ff61862fecd19a450240e9,top.setapp.playground3d,$11
59e4bb543f0fa9a20900afa3,TabTale LTD,5ea00c1a8b86a00001755b4d,Flip Jump Stack Google_CL,$11
56d55c72562b9c353800000d,Voodoo,627d3391a9cf1e63b8e61633,Sew 3D ANDROID,$11
577a61dcda179a9c3f000089,Kolibri Games (fka Fluffy Fairy),64fb28eed38855ef54aadb5b,IdleMailTycoon,$11
56d55c72562b9c353800000d,Voodoo,60ec3ce9c0a09747b088e869,Handy Craft,$11
5c657afed9e6e60012bab5d9,gamestudiopsv@gmail.com,66d0866d18a521b865427e9f,com.cubetech.split.music.player.splitmusicplayer,$11
5c657afed9e6e60012bab5d9,gamestudiopsv@gmail.com,69a03d7648b310bec64a8723,972068297,$11
5cc173c6d788b30012b2ff51,Loop Games A.S.,6651ca34329253a128f1e49d,Apple Grapple,$11
65e71ba517069f0011a36cfa,Rounds,68d67ec0968a3746679327ca,Photo Editor 1,$11
5c657afed9e6e60012bab5d9,gamestudiopsv@gmail.com,64ad03e3c17dc32ff0937202,screentouch.sensitivityrepair,$11
65e71ba517069f0011a36cfa,Rounds,67b5ea6fdef9e46cb8d31b49,Video To Sticker,$11
56cb43391ba696884900000a,Ilyon Dynamics,677a8c47eeca080cadc5b7ff,com.michael.business_domination_a,$11
561e8d966b8d90f61a00392d,WISE WAVE CORPORATION LIMITED,65b65c57285feb2100627beb,Durak Galaxy,$11
561e8d956b8d90f61a003219,"Appodeal, Inc.",64b698c287a62f8001c6ad8f,net.defensezone2.hd.lite/748908,$11
561e8d956b8d90f61a003219,"Appodeal, Inc.",6702f5bbebba7eba60424d35,com.greenblueinteractive.brunoandarishnev/762843,$11
561e8d956b8d90f61a003219,"Appodeal, Inc.",5c090824fda1fb2159131c27,com.mingle.SwissCupid/104763,$11
65e71ba517069f0011a36cfa,Rounds,66c31ff36bdfe2cbb4e5f6be,Sleep Sounds iOS,$11
6297c4bc012073001b3df035,Yandex Inc.,69ae7c34a369f65851897d13,pocketbmail-mail-ru_com-teamlambda-nuclearbombsimulator,$11
65e71ba517069f0011a36cfa,Rounds,67a3cd589fe5d49d4b56f4e2,My Diary Diary,$11
6297c4bc012073001b3df035,Yandex Inc.,67f9152bb76095ec339bbfd6,birds-avs_Durak Card Online Game 2024,$11
65e71ba517069f0011a36cfa,Rounds,68809bdc0c57d8be6eea88c1,Edge Color Wallpaper,$11
647deb456149810011be5192,Joyteractive Ltd,6597da185118aef8c2763522,Cryptogram Amazon,$11
5c657afed9e6e60012bab5d9,gamestudiopsv@gmail.com,686250e7fba8e1f2c8574ce9,6746645962,$11
56cb43391ba696884900000a,Ilyon Dynamics,6630cc711c8dccba7482c5dd,net.tile.3d.match.blitz_i_1627,$11
5c657afed9e6e60012bab5d9,gamestudiopsv@gmail.com,62419a0932ed85d731c7026d,Hockey Game Stars 3D iOS,$11
64a6b4fdcca9af0011fc86b7,Vira Games Inc,64ef44f87dd0db95c8121289,Shape Shifting Race,$11
5c657afed9e6e60012bab5d9,gamestudiopsv@gmail.com,670f7a3f4c1e2982cf063c6c,com.codeninja.termuxninja,$11
5c657afed9e6e60012bab5d9,gamestudiopsv@gmail.com,649b04689a526f627370c28a,com.dailyhoroscope.free12,$11
5eb3c48aa80eba00159907c3,Matchingham Games Limited,637cd6e9e7402330301e4de3,Archer Attack 3D_Android,$11
5c657afed9e6e60012bab5d9,gamestudiopsv@gmail.com,69aa9e42c4789db9ed1b5f97,com.matchstars.blockroyale,$11
65e71ba517069f0011a36cfa,Rounds,6662ca617fc4289bfc672c1f,Learn To Draw,$11
561e8d956b8d90f61a003219,"Appodeal, Inc.",5a35a75845eaab51250070a5,com.avecreation.drivingzone2free/95298,$11
65e71ba517069f0011a36cfa,Rounds,68dfbef97724be505b75756a,Full Batery Alarm,$11
5c05196699e4374b87bda3b9,Tripledot Studios,60a4e1c0cf4957c21093d8de,Duplica,$11
561e8d956b8d90f61a003219,"Appodeal, Inc.",677fea600ed7c46339aa36bb,com.simplicity.vb_challenge/181555,$11
5c657afed9e6e60012bab5d9,gamestudiopsv@gmail.com,66dfec7beb92fa837689833b,com.rev4b.quizone,$11
5c657afed9e6e60012bab5d9,gamestudiopsv@gmail.com,658d36e6fe4419bc82dd5481,com.abrosimov.mytalkingfloppa,$11
57d1b461ae2b57d903000027,Easybrain Ltd,67ac993dc1d0e427bfd04c7e,Word Find GP,$11
63d229657d9fc60014b1afdf,Paxie Games,69a83a6dc3ba7f749f871b43,Hexa Arrows,$11
5c657afed9e6e60012bab5d9,gamestudiopsv@gmail.com,69ce7c8d3b78c17b94b7ea17,com.singmplegttw,$11
5c657afed9e6e60012bab5d9,gamestudiopsv@gmail.com,666fdd76b200e640317a0ff8,6463413562,$11
5c657afed9e6e60012bab5d9,gamestudiopsv@gmail.com,69021246b383cce7e0b81cbd,6742550378,$11
561e8d956b8d90f61a003219,"Appodeal, Inc.",64af116238325e04da4dc14c,net.defensezone2.lite/748904,$11
5c657afed9e6e60012bab5d9,gamestudiopsv@gmail.com,69f9cd1a650039032ad482ea,com.utilityhub.colombiatv,$11
5e3692d21cd3cb0018dd4329,SuperSonic Studios,62bd6044946aa07f220ca176,Pouring Master,$11
5cc173c6d788b30012b2ff51,Loop Games A.S.,658ad4f9254e343a3e71eedc,Balls Master (new),$11
5c657afed9e6e60012bab5d9,gamestudiopsv@gmail.com,69ba66762d168ce5ce98cd8f,umehapp.live.footballtv.hdstreaming.livescore,$11
5c657afed9e6e60012bab5d9,gamestudiopsv@gmail.com,668b8af16204497f762aaa5d,com.kryptow.bookreaditalian,$11
56d55c72562b9c353800000d,Voodoo,62bc43ddf24a27ace2a7a30b,Bubble Fall 3D ANDROID,$11
561e8d936b8d90f61a00136a,MWM,68cc29091be6c99bffe3f359,Bananai: Speak & Create,$11
59fb487bbe77065f5800afc3,Azur Games,639835d3137ef9d078b28bc9,Fight Club,$11
5a9d60d3b1c1666c2e0056ba,Homa Games,693abe58b0747a6a9bec2254,Wall Brawl - Tower Defense TD,$11
5c657afed9e6e60012bab5d9,gamestudiopsv@gmail.com,6578761fe32ee9b92a27a9f6,com.BFGGames.Teleportal2,$11
5a9d60d3b1c1666c2e0056ba,Homa Games,68a883ed6dbbae15b6cccb50,Rolling in Holes,$11
5c657afed9e6e60012bab5d9,gamestudiopsv@gmail.com,694e8885ef46c85a1b2e21a2,6754825494,$11
5c657afed9e6e60012bab5d9,gamestudiopsv@gmail.com,6463c580f988836582568246,1577144445,$11
5d074f140fbc770017190dd2,RUBY OYUN VE YAZ. DAN. SAN. TIC. A.Ş.,5fb7b1a21484ff2728bfc89f,TransportMaster_iOS,$11
561e8d956b8d90f61a003219,"Appodeal, Inc.",668fc4aaefa7b310eb765de2,com.GSSGames.OnlineFishingMMO/760247,$11
6512d2afa685240011970ef7,Sophun Games Limited,675d9144d1fe06775a3b4fa7,Tile Chronicles,$11
6297c4bc012073001b3df035,Yandex Inc.,66d71aae5634666900b5c135,1799921_ru.sotnikov.offsetpipe,$11
561e8d956b8d90f61a0030cf,Ketchapp,57a23672a5cb53643300003b,Ketchapp Summer Sports,$11
561e8d956b8d90f61a0030cf,Ketchapp,62054a93f2b15d1caf96f001,Gun Action - Shoot n Run,$11
561e8d956b8d90f61a003219,"Appodeal, Inc.",67b944d61be9345ad181b62f,com.asia.speed.race/765967,$11
59e4bb543f0fa9a20900afa3,TabTale LTD,5c4ad98db7988008e8a1929a,Tricky Taps iOS_CL,$11
5c657afed9e6e60012bab5d9,gamestudiopsv@gmail.com,6a27f71ec05301d38f44770e,oxy.sports.livecrickettv.streaming.hd,$11
62f2190969aa39001bb4b1fe,Take Top KZ,69b8cdd3dcfbd320997c8411,Robot Spider: Idle Invasion,$11
561e8d956b8d90f61a0030cf,Ketchapp,687a71130c57d8be6eea5a9a,IdleSliceandDice,$11
5bec0018c9af0a7962a96f4a,Rollic Games,5e985761a2a722000166fa0e,Car Restoration 3D,$11
5c657afed9e6e60012bab5d9,gamestudiopsv@gmail.com,69d7ae08cc081cbcc3c542e4,hexstudio.live.crickettv.hdstreaming,$11
60240068eca1f300150d7e56,BoomHits Sp. z o.o.,62dfa93631476e584a0f48ff,Cat Life Simulator,$11
5fb510aa8072bf0015d8d59d,Tap2Play LLC,6858edc890ac0bef1ff78ed2,GEW_ANDROID_Gears Wars,$11
561e8d956b8d90f61a003219,"Appodeal, Inc.",640b2efe63a489444ce35448,com.LevenProduct.CasinoX/745163,$11
561e8d956b8d90f61a003219,"Appodeal, Inc.",66a3aef9e33c9a548741b294,com.themark.apps.salarysheet/760974,$11
561e8d966b8d90f61a00392d,WISE WAVE CORPORATION LIMITED,691b12d2eb8573f6001bc2fe,Caribbean Poker,$11
637c93290ad1a8001b64a071,MACHAPP Software Ltd,63f5f35b7cba74c549ce1030,3D Sense clock and weather,$11
561e8d956b8d90f61a003219,"Appodeal, Inc.",674dc4cfdd9777daeb33187e,com.meetingzonechat.videochat/763609,$11
5c657afed9e6e60012bab5d9,gamestudiopsv@gmail.com,68405effddcecf8fe6b1195e,find.my.device,$11
604a7ccb4f898b00151e2797,FunCraft,67e1c80042d25cd26c120e23,Word Wise,$11
5bec0018c9af0a7962a96f4a,Rollic Games,68c11f3301a5b07ddd96a20e,PeopleLoop,$11
5c657afed9e6e60012bab5d9,gamestudiopsv@gmail.com,641839639091f900e1111e40,com.mmp.player,$11
561e8d956b8d90f61a003219,"Appodeal, Inc.",69ea3d98e3a260bf55faf210,com.marcelo.domingos.manuel.sabbath.school.lesson/778622,$11
56d55c72562b9c353800000d,Voodoo,5fce0b699a954118bbcdb992,2048 Tale,$11
5fb27298d8ff880015e84750,MNO GO APPS LTD,6704dc28c81241f35a622d7c,Liza iOS,$11
5c657afed9e6e60012bab5d9,gamestudiopsv@gmail.com,65dcb09625cdf63cf9a2e6b9,lagfix.pingboosterremover.mobilegaming,$11
561e8d956b8d90f61a003219,"Appodeal, Inc.",661bbc60c5f237ebf7b4c4ec,net.playwithworld.yahtzee.ios/758721,$11
6297c4bc012073001b3df035,Yandex Inc.,694cf77258c80b13f78f3544,elbruskusaev_com-arsgames-servers,$11
65e71ba517069f0011a36cfa,Rounds,691c39d363ddd979c47b4cb1,Direct Message,$11
5cda78f561a35300113a86ab,Moonee,654a82964c6c0e88028ac92c,Mint Factory,$11
561e8d956b8d90f61a003219,"Appodeal, Inc.",695e6293c2964f188fd65494,com.dubitubi.player/775020,$11
5c657afed9e6e60012bab5d9,gamestudiopsv@gmail.com,66deaa5d37f8220673f9f139,1528925447,$11
5c3c9ba19f3cbd45d7dae29c,TapNation,686cd055df49b79de0b0a6f8,Hidden Objects,$11
5cc173c6d788b30012b2ff51,Loop Games A.S.,66585ef06286e0a1efb66ee6,Apple Grapple,$11
5c657afed9e6e60012bab5d9,gamestudiopsv@gmail.com,66e82e4f17237c03d551b0be,com.rev4b.zapquiz,$11
5c657afed9e6e60012bab5d9,gamestudiopsv@gmail.com,69ef5f8534a1197c6d41d585,com.D_One_Games.HorrorShawarmaPatience,$11
5c657afed9e6e60012bab5d9,gamestudiopsv@gmail.com,685d0249c9b6594c5a5cf3e9,com.design.for.car.mirror.app,$11
65e71ba517069f0011a36cfa,Rounds,6880b778eb91ef8f5fcc1e5e,Ai Galaxy Assistant,$11
59ff73a9eb02606d5200174f,Heatherglade,5e3d30f38be3540018f1495e,Zero to Hero Communist,$11
6297c4bc012073001b3df035,Yandex Inc.,68e4fd705f81a96145dc5bc2,olegxew_com-box-casesimulator,$11
561e8d956b8d90f61a0030cf,Ketchapp,6520136b93315a56bbb4d238,Dark Forest Survivor,$11
561e8d956b8d90f61a003219,"Appodeal, Inc.",6521e5665551fd9849db9f0b,com.mesklab.fourWords/751195,$11
5a53889945eaab512501251e,AddApptr GmbH,67337d0a913e67d2955d2ebe,wheemedia_SchwimmenFREE_iOS,$11
5c657afed9e6e60012bab5d9,gamestudiopsv@gmail.com,62e90a740e33bb257d50d4ca,Block Tech : Sandbox Online iOS,$11
5cda78f561a35300113a86ab,Moonee,654bd802d1c31fd96c33fe73,Mint Factory,$11
5c3c9ba19f3cbd45d7dae29c,TapNation,68188e402886e3f37cbcecfc,Legend of Gladiator,$11
60abbe0138d6920017b43190,Newry Global Media sl,63242c60cc2b3652390426d0,IOS177-01 - Tap Tap Run | Running Clicker,$11
561e8d936b8d90f61a0011da,Tactile Entertainment,5ad7059d2366ab644c5fdafa,Cookie Cats Blast [Google Play],$11
56d55c72562b9c353800000d,Voodoo,620522450245ef25cee3f9d5,Twenty48 Solitaire IOS,$11
65e71ba517069f0011a36cfa,Rounds,67756ef4eeca080cadc5a7f0,Flags Quiz Game,$11
5c657afed9e6e60012bab5d9,gamestudiopsv@gmail.com,69cb967f8a916d2a31156178,pedometer.stepcounter.calorie,$11
6297c4bc012073001b3df035,Yandex Inc.,6a23b711c920389dbcd1795f,tds-easyapp_com-droid27-sensev2flipclockweather,$11
561e8d956b8d90f61a003219,"Appodeal, Inc.",65dde3c17f94e82ba925fd37,com.YSL.YourStoryLand/748401,$11
5c657afed9e6e60012bab5d9,gamestudiopsv@gmail.com,66d08397f04eb8d914d2bfff,com.sigmateam.alienshootermobile.free,$11
5e3692d21cd3cb0018dd4329,SuperSonic Studios,637b7c61157c15d0435cf5b0,Car Survival,$11
5e3692d21cd3cb0018dd4329,SuperSonic Studios,637204106127a4349c9248d6,String Art,$11
5c657afed9e6e60012bab5d9,gamestudiopsv@gmail.com,695b8e0f2e042815bc62e04a,com.connect.aipord.now.aac1,$11
5c657afed9e6e60012bab5d9,gamestudiopsv@gmail.com,6643358ba8dc2aebddb7acba,6483254387,$11
561e8d936b8d90f61a00146c,TabTale Ltd.,55001357cc7803463d000066,Coco Pony IOS_TT,$11
65e71ba517069f0011a36cfa,Rounds,686cf05935bf0df8a13d3b58,App Lock Fingerprint,$11
59e4bb543f0fa9a20900afa3,TabTale LTD,664328d748c9de6182803767,Magic Fighting Google_CL,$11
561e8d946b8d90f61a001509,Outfit7,6049e4fbcc123b37c465225f,Hero Dash - Amazon - NewBundle,$11
65e71ba517069f0011a36cfa,Rounds,667018735a1052310022b3b1,Lyric Notepad iOS,$11
561e8d956b8d90f61a003219,"Appodeal, Inc.",5f319c640f4b4f5bd32b74df,net.elvista.burkozel/626873,$11
5c657afed9e6e60012bab5d9,gamestudiopsv@gmail.com,67d15999a3b6cba6b182dfa7,com.ladkivideocall.girlvideocall,$11
5c657afed9e6e60012bab5d9,gamestudiopsv@gmail.com,66f11203f2fa5bc8304facf3,bible.with.strongs.concordance.study,$11
5c657afed9e6e60012bab5d9,gamestudiopsv@gmail.com,6639e06c7911ea06b392024c,crosshairpro.aimhighapp,$11
5a9d60d3b1c1666c2e0056ba,Homa Games,6182e8a1c63fb29e8daddc7c,Symbiote Rush,$11
56d55c72562b9c353800000d,Voodoo,66dac4a7655237cdd139c2da,HexaCoin Harmony,$11
5c657afed9e6e60012bab5d9,gamestudiopsv@gmail.com,66bb0b2c5daffb232a9fa23b,mega.easy.obby,$11
5fc671cbba624b0015a61bf1,Saygames LTD,6409b8d07bc5a632f8890102,Brave Merge - Battle & Defense,$11
5c657afed9e6e60012bab5d9,gamestudiopsv@gmail.com,6a01a1cf7e1f4431ec7455ea,go.soccer.live.footballtv.hdstreaming,$11
65e71ba517069f0011a36cfa,Rounds,686e4cafdf49b79de0b0ba82,Daily Recipes,$11
561e8d956b8d90f61a0030cf,Ketchapp,593a849c08b4d5107200174f,The Floor is Lava,$11
62f2190969aa39001bb4b1fe,Take Top KZ,6863e951a844a45e9b6a6dbc,Prison Guard: Escape 76,$11
561e8d956b8d90f61a003219,"Appodeal, Inc.",69433d3d5c6c6cb25bd09842,com.uk.real.car.drive.no.limit.drift/774913,$11
5a9d60d3b1c1666c2e0056ba,Homa Games,693abe33b0747a6a9bec224f,Wall Brawl - Tower Defense TD,$11
5fb510aa8072bf0015d8d59d,Tap2Play LLC,69df380567d7824cc773dd27,BAC_IOS_Brick Away: Color Escape,$10
561e8d936b8d90f61a001096,MyGames MENA FZ LLC,675fe56b7913198c9ecafacc,Battle Prime iOS,$10
5fc618102e8dd2001579b65d,App Central ltd,61e9cfe805fc8bde6649b5cd,Master Slicer,$10
5c657afed9e6e60012bab5d9,gamestudiopsv@gmail.com,6555d13779812c40ce1feec1,6450400097,$10
5bec0018c9af0a7962a96f4a,Rollic Games,5e16ea46a36fdd0017621388,Wood Shop,$10
561e8d956b8d90f61a003219,"Appodeal, Inc.",65dde87e9a4122e9e0deab4a,com.aigames.watersort/751521,$10
5fc671cbba624b0015a61bf1,Saygames LTD,65ddedb025cdf63cf9a2ead9,Idle Civilization iOS,$10
5c657afed9e6e60012bab5d9,gamestudiopsv@gmail.com,66422aa36e3e372b114a863b,com.audiosdroid.audiostudio,$10
561e8d956b8d90f61a003219,"Appodeal, Inc.",620e0e4883b934497b572acb,com.csogames.client.android.app.gammon/723647,$10
5a9d60d3b1c1666c2e0056ba,Homa Games,6166991097661782363357c1,Investment Run,$10
65e71ba517069f0011a36cfa,Rounds,67c16e4cee9356aafba1d1e1,Emoji Maker,$10
6666afb99ec3300011cdf91d,Appvestor ApS,66e817535f1ef1f53747ae38,Neon Infotech - AI Notes - com.todo.calendar.tasks,$10
6297c4bc012073001b3df035,Yandex Inc.,695387e824c4606801603dad,seamobi-dev-gmail-com_com-db-FastVPN,$10
60240068eca1f300150d7e56,BoomHits Sp. z o.o.,6401af19006d94c7e8de315b,Build Master 3D,$10
561e8d956b8d90f61a002a2f,BoomBit Games Ltd,5f96bb8897f05e93072cfa88,Hunt Royale ANDROID,$10
65e71ba517069f0011a36cfa,Rounds,67a1d7c3ac670fb86b087513,Birthday Photo Frame,$10
62f2190969aa39001bb4b1fe,Take Top KZ,63ea3cf6d6c5469feb73819e,Chillybash iOS,$10
67d985067690520011429022,Playtika,67e520dd1496fc0f60af2a0a,Governor of Poker,$10
56d55c72562b9c353800000d,Voodoo,66dac5bb7989ef3cdecb767d,HexaCoin Harmony,$10
5c3c9ba19f3cbd45d7dae29c,TapNation,60dc244f7a6be5a6bd8ff74f,Tippy Toe,$10
5c657afed9e6e60012bab5d9,gamestudiopsv@gmail.com,67ee95b7b76095ec339b92f0,1205265602,$10
56d55c72562b9c353800000d,Voodoo,685c244609db6b4867d6d5bf,Sand Jam!,$10
5c657afed9e6e60012bab5d9,gamestudiopsv@gmail.com,69b7ca5be797e72329f693e4,com.huaweigtthree.appm,$10
5c657afed9e6e60012bab5d9,gamestudiopsv@gmail.com,670f79c54c1e2982cf063c67,com.casdreames.fakeneymar,$10
59e4bb543f0fa9a20900afa3,TabTale LTD,635a77439ef52da45e0ba1d8,Money Maker Idle Google_CL,$10
65e71ba517069f0011a36cfa,Rounds,69b55356706d591163183a3e,Mapway Berlin,$10
60abbe0138d6920017b43190,Newry Global Media sl,652528a2d38855ef54ab0eb9,ioS211-01 - Insect Evolution Run,$10
5c657afed9e6e60012bab5d9,gamestudiopsv@gmail.com,69b80ae23c7d0f0d0e60bdf4,com.ligheningstar.starsports.tv.starsports,$10
65e71ba517069f0011a36cfa,Rounds,6799f45def13facef7af20b0,Logo Maker,$10
5fb510aa8072bf0015d8d59d,Tap2Play LLC,6901bd2fff7e0f5f7810d099,JOC_ANDROID_Join Clash,$10
5a8a9eca79a4da360300055d,Popcore GmbH,644158af9f2d61df60044198,Tangled Snakes,$10
5c657afed9e6e60012bab5d9,gamestudiopsv@gmail.com,66545349f62f7b0afda0ee6a,com.dating.randomcall.freevideochat,$10
59fb487bbe77065f5800afc3,Azur Games,652fdb054168a1c19383eb42,Frost Land Survival,$10
6297c4bc012073001b3df035,Yandex Inc.,6634d84358030769d621f493,qruqrugames_poiskslova,$10
5c657afed9e6e60012bab5d9,gamestudiopsv@gmail.com,604093e87ca253ff11693f90,com.CrashTime.RealCarCrash,$10
561e8d936b8d90f61a001096,MyGames MENA FZ LLC,619e1f3603254469b57a1e6f,[Swag Masha] Love Sparks,$10
561e8d956b8d90f61a003219,"Appodeal, Inc.",66aa453a46c33d7bd241488f,com.polls.pollingapp/761008,$10
561e8d956b8d90f61a003219,"Appodeal, Inc.",59d95388598ece4217004e20,com.merigotech.fillwordsthemes.ru/87669,$10
5c657afed9e6e60012bab5d9,gamestudiopsv@gmail.com,66866bae6204497f762a9d2e,com.nllc.slavic.gangster.style,$10
6666afb99ec3300011cdf91d,Appvestor ApS,67177369192d50ecc531bbe0,Molibe - Voice recorder 3 - com.molibe.audiovoicerecorder.ai,$10
561e8d936b8d90f61a000c5d,the binary family GmbH,666ab0e4c454e70b94528641,TheBinaryFamily_WissenstrAllgem_iOS,$10
5fc671cbba624b0015a61bf1,Saygames LTD,6409b80d3526fb1af30023be,Brave Merge - Battle & Defense,$10
65e71ba517069f0011a36cfa,Rounds,67595f5e9e6ef0ac4dc6bd63,Dish Pointer,$10
62f2190969aa39001bb4b1fe,Take Top KZ,69beb8f8920938260174f6c2,Robot Revenge - Idle Arcade,$10
65e71ba517069f0011a36cfa,Rounds,67a0cc61ef13facef7af3150,Trip Meter,$10
65e71ba517069f0011a36cfa,Rounds,68c2c9f64b9f993905baac3c,Rubiks Cube Unity,$10
65e71ba517069f0011a36cfa,Rounds,69e5d59fb1e4be9ed9884faa,Love Keyboard,$10
5a53889945eaab512501251e,AddApptr GmbH,68ada2049fec72d10e3f0eb7,LiteGames_Mills_iOS,$10
5c657afed9e6e60012bab5d9,gamestudiopsv@gmail.com,67ed4ae188aa943565125188,com.randomvideochat.realgirlvideocall.girlvideochat,$10
561e8d956b8d90f61a003219,"Appodeal, Inc.",5ac94b336bb9590a2dfcb118,com.innovate.ColombianSocial/104754,$10
561e8d956b8d90f61a003219,"Appodeal, Inc.",5885c5a7a0cc12244400043b,com.vladdrummer.headsup/62199,$10
5bec0018c9af0a7962a96f4a,Rollic Games,659651055118aef8c2762e57,CoinStackPuzzle,$10
56cb43391ba696884900000a,Ilyon Dynamics,5e149bf395366900184f48db,heroes.bubble.galaxy_a_993,$10
5a6f56062c250d182f0056f3,Kwalee Ltd,5d70cf89f275e90017bf0e87,Crazy Shopping,$10
5c657afed9e6e60012bab5d9,gamestudiopsv@gmail.com,68b567b771c490d59a88864d,6443750492,$10
58737456236d8f446400071c,FIOGONIA LIMITED,660d5d6ec5f237ebf7b4b441,Block Puzzle iOS,$10
5dcf09394f6eed0018145e58,Unico Studio LLC,68b2d1699c238ff1a0a5c02d,Thief Challenge iOS,$10
59fb487bbe77065f5800afc3,Azur Games,606c04a65b35875a4072c416,Erase It: Delete One Par‪t iOS,$10
561e8d956b8d90f61a003365,Fingersoft Oy,68303eb7f9be3da7403797be,LEGO Hill Climb Adventures,$10
5c657afed9e6e60012bab5d9,gamestudiopsv@gmail.com,6304c5477960c20e791cb5e6,WOW: Игра в слова,$10
5c657afed9e6e60012bab5d9,gamestudiopsv@gmail.com,62ff4ddc056fb4eb593f7df4,Block Puzzle : use brain,$10
65e71ba517069f0011a36cfa,Rounds,6842dbb6c37f0030bec9c280,Pyramid Cube Solver,$10
5c657afed9e6e60012bab5d9,gamestudiopsv@gmail.com,62866468e9bbc57f08422263,com.zelenapp.horrmod,$10
577a61dcda179a9c3f000089,Kolibri Games (fka Fluffy Fairy),5a2673ec6f93ecc40a003faa,Idle Factory Tycoon,$10
561e8d936b8d90f61a00146c,TabTale Ltd.,573ed015c14d4a5663000037,Baby Twins iOS_TT,$10
5c657afed9e6e60012bab5d9,gamestudiopsv@gmail.com,69b02e4f0fb8a69bd7dc7b40,6751602047,$10
65e71ba517069f0011a36cfa,Rounds,6911c6e5b1592975514c0da1,Trivia quiz Unity,$10
65e71ba517069f0011a36cfa,Rounds,6899ef833825966b1f61a92c,Calendar 2,$10
59fb487bbe77065f5800afc3,Azur Games,606d784c3e78ea7c567369d3,Draw Hero 3D,$10
5c657afed9e6e60012bab5d9,gamestudiopsv@gmail.com,64aa7f7938325e04da4dbb37,com.gamad.shipgamessimulator,$10
58737456236d8f446400071c,FIOGONIA LIMITED,660d5c8c9183acf4e4d9bdc0,Spider iOS,$10
5bec0018c9af0a7962a96f4a,Rollic Games,6234a924060a2998fea706b2,Blob Hero,$10
6297c4bc012073001b3df035,Yandex Inc.,6780e963a18672e70722c90a,angryrobot_textwidget,$10
5fc671cbba624b0015a61bf1,Saygames LTD,6140b014934755721e86a505,Betrayal 3D Drd,$10
561e8d956b8d90f61a003219,"Appodeal, Inc.",5f7dcbe8c63c66062bad24c8,com.gprosper.haitiancreolebible/672443,$10
65e71ba517069f0011a36cfa,Rounds,6909dd7002e5cc63a63e0254,Remove Objects,$10
6297c4bc012073001b3df035,Yandex Inc.,680b70696b08d751835da76d,nikita4everpro_com.nikita4ever.ruslighttrucksim,$10
57d1b461ae2b57d903000027,Easybrain Ltd,6447e8aa31ae7b322785e15e,Yatzy Match GP,$10
5c657afed9e6e60012bab5d9,gamestudiopsv@gmail.com,661fb64f345a6dc6b1a38a7c,1128209648,$10
59fb487bbe77065f5800afc3,Azur Games,5e4524db8743313e1c78921e,Brain Blow iOS,$10
65e71ba517069f0011a36cfa,Rounds,67a481fdac670fb86b087e77,Fancy Cool,$10
561e8d936b8d90f61a00136a,MWM,52b01584162ffda801000022,Equalizer +,$10
561e8d956b8d90f61a0030cf,Ketchapp,6331b10ac3eb8ff8cd7746eb,Crazy Tire,$10
5c657afed9e6e60012bab5d9,gamestudiopsv@gmail.com,66a20c6a1ea687af3dbfce02,com.gameout.teslasimulator.electriccar,$10
65e71ba517069f0011a36cfa,Rounds,698de23cec24d3c731fdd0e7,Universal Remote 1,$10
5ab5070d69e58f7fca39bfe6,Green Panda Games,61e699ea5fb4b03a7b0244c2,Airplane Inc,$10
5c657afed9e6e60012bab5d9,gamestudiopsv@gmail.com,67af2408def9e46cb8d30339,com.cricgenix.live.cricket,$10
5cc173c6d788b30012b2ff51,Loop Games A.S.,5eb17186ba20a70001e1cadf,Match 3D - Android,$10
561e8d936b8d90f61a000da4,XIMAD Inc.,5a575662eb59d1410c0130ac,Dig Out!,$10
5a9d60d3b1c1666c2e0056ba,Homa Games,63528bc1aea587cef4917d1c,Open The Box,$10
59fb487bbe77065f5800afc3,Azur Games,5ab9573c3ef70566ae9e8b59,Impossible Bottle Flip,$10
59fb487bbe77065f5800afc3,Azur Games,67ff7abfc48ad1b90919b89f,Frontline: Truck Simulator,$10
5c05196699e4374b87bda3b9,Tripledot Studios,69ea3095164265a039e91e6a,Cube Loop Sort Android,$10
6255696ee4b70c001810bb39,JRustonApps,625576b26278d7d95112d05a,My Moon Phase Android,$10
561e8d936b8d90f61a00146c,TabTale Ltd.,5b225c42aca3fe5c96c6d83e,Hip Hop Battle Google_TT,$10
5b84c65ca73f7a027c553f4a,Rewards Game,69e249023bbe34c66fa32e00,People Sort,$10
56d55c72562b9c353800000d,Voodoo,66f402ff625d91c8b3694f05,Melt and Fill,$10
561e8d956b8d90f61a003219,"Appodeal, Inc.",64fa931f5946c49eb49f5ec3,com.kadax.rldropsimulator/749241,$10
5c657afed9e6e60012bab5d9,gamestudiopsv@gmail.com,632c16ccb9383affd1496f98,WOW: Гра Українською,$10
5c05196699e4374b87bda3b9,Tripledot Studios,68aeb098fc3f0359d1a43031,Block Kingdom,$10
5c657afed9e6e60012bab5d9,gamestudiopsv@gmail.com,66262fc2d809f72614c85c53,com.sigmateam.alienshooter2,$10
561e8d956b8d90f61a003219,"Appodeal, Inc.",599f13cdcc5698135900b33f,com.maltd.puppysimulator/83505,$10
5c657afed9e6e60012bab5d9,gamestudiopsv@gmail.com,661fa96b8f28921b7a276672,kitchen.digital.weight.scales.helper.recipebook,$10
65e71ba517069f0011a36cfa,Rounds,67a0b73a9fe5d49d4b56e94a,Hide Apps,$10
5c657afed9e6e60012bab5d9,gamestudiopsv@gmail.com,6855701490ac0bef1ff775e3,com.connect.car.smartcarplay.mirror,$10
5e3692d21cd3cb0018dd4329,SuperSonic Studios,5ed629f924d95f000191ad66,Wheel Scale!,$10
561e8d956b8d90f61a003219,"Appodeal, Inc.",66aa4bd9aef015d56fedc925,com.polls.pollingapp/761052,$10
5a6f56062c250d182f0056f3,Kwalee Ltd,620a30bfea7f01f38e5cf9af,Build Your Vehicle,$10
5eb3c48aa80eba00159907c3,Matchingham Games Limited,69c53a8285c4a1c0438407eb,Icon Associations_iOS,$10
5bec0018c9af0a7962a96f4a,Rollic Games,5ecd32d3741cf2000124b216,Gold Rush 3D,$10
5a53889945eaab512501251e,AddApptr GmbH,698dbb26ec24d3c731fdce81,DeliciousGlobal_ChompSMS_Android,$10
604a7ccb4f898b00151e2797,FunCraft,6a0b294e3b0cec9d5d4353ac,Pachinko Score,$10
62f2190969aa39001bb4b1fe,Take Top KZ,677f9b9752e0399f65348288,Obby Snowboard,$10
561e8d946b8d90f61a001f18,Nordcurrent,5f05a350a05fd9000149ab2a,Dating Puzzle,$10
561e8d936b8d90f61a001168,IsCool Entertainment,62bc3477de1265d6460047a2,Idle Tap Racing: Tycoon Game,$10
56d55c72562b9c353800000d,Voodoo,61719ac5cabb2d6161396cb8,Spiral Rider,$10
561e8d956b8d90f61a003219,"Appodeal, Inc.",676f3ae8eeca080cadc59585,com.beckseven.AvtoSpeed/764770,$10
65e71ba517069f0011a36cfa,Rounds,679c9622ef13facef7af276b,Lightx Photo Editor,$10
59fb487bbe77065f5800afc3,Azur Games,615ed66dc881e3b0c44ec0f8,Fly Corp: Airline Manager,$10
561e8d956b8d90f61a0030cf,Ketchapp,5b363abe82e08b1c48828c4a,Fruit Master,$10
60abbe0138d6920017b43190,Newry Global Media sl,68b9aa5589ca41b14ce7e15c,GPS279-01 - Auto Clicker - Auto Tapper,$10
59fb487bbe77065f5800afc3,Azur Games,5dee3600201679592dcef4b6,AXES.io,$10
5cc173c6d788b30012b2ff51,Loop Games A.S.,68ac23ea1c02171360dbd4db,Tank Jam,$10
5cda78f561a35300113a86ab,Moonee,68dacc1264ae582c0318e519,Block Pack Jam,$10
5c657afed9e6e60012bab5d9,gamestudiopsv@gmail.com,67dd1d21afdbc3d8e16bc5f7,6743165745,$10
561e8d936b8d90f61a001096,MyGames MENA FZ LLC,6a05b3d74ec2b0102178abcb,Hotel Boom,$10
5c657afed9e6e60012bab5d9,gamestudiopsv@gmail.com,687f3ac828d514326f545c1f,6741383169,$10
60abbe0138d6920017b43190,Newry Global Media sl,637e66fd0c746ec8850eeae7,IOS188-01 - Happy Canvas: Color by Number,$10
65e71ba517069f0011a36cfa,Rounds,67af3cc81390dbaae0d930a9,Deleted Msg,$10
5c657afed9e6e60012bab5d9,gamestudiopsv@gmail.com,689056b6be4de6e6367b8325,ru.nltstudy.bible,$10
5b1526a7de961d3317b1d475,X-FLOW LTD,5a721e0fd135f57d0c009569,[iOS] One Line,$10
561e8d956b8d90f61a002a2f,BoomBit Games Ltd,60d318ed80e2cc4179454cc8,Jump into the Plane,$10
609aaa8981be8d00154c407d,Sotec Consulting sl,61f96687445469a5aa7e66c2,GPS166-01 - Car Games: Crazy Car Stunts 3D,$10
561e8d926b8d90f61a00013e,Miniclip SA,6402152c9b6814b8fc7cf30b,Badminton Clash 3D,$10
5c3c9ba19f3cbd45d7dae29c,TapNation,64217e3a2401c991de092430,Parking jam ios,$10
561e8d956b8d90f61a002a2f,BoomBit Games Ltd,6260084bb090bdfbd3c52caf,Plane Emergency Landing,$10
56d55c72562b9c353800000d,Voodoo,5f8ea99c877fdfdeb2b4b7bd,Roof Rails,$10
561e8d936b8d90f61a001168,IsCool Entertainment,628cd9d347947ebbc11dc306,Idle Archer Tower Defense RPG,$10
5e3692d21cd3cb0018dd4329,SuperSonic Studios,64293f035b10ab458a2f5d7a,Hide My Proof,$10
5c657afed9e6e60012bab5d9,gamestudiopsv@gmail.com,67adf5141390dbaae0d92b63,1530351754,$10
65e71ba517069f0011a36cfa,Rounds,6927122825f6810e4773beba,Humanizer Ai Text,$10
5c657afed9e6e60012bab5d9,gamestudiopsv@gmail.com,666fddd938d66ac87deb330b,6473446625,$10
5c657afed9e6e60012bab5d9,gamestudiopsv@gmail.com,65f152eec8510816ad30dce0,com.ToxicFamilyGames.FPVKamikazeDroneSimulator,$10
6297c4bc012073001b3df035,Yandex Inc.,68766e5ba0186b1c1df826c7,redborgames_simulatorofpyrotechnics,$10
59e4bb543f0fa9a20900afa3,TabTale LTD,5e05d66ab5930f0017393a3f,Soap Cutting Google_CL,$10
56d55c72562b9c353800000d,Voodoo,5e541d01dc9cd23e288a2d2f,Tower Run,$10
56d55c72562b9c353800000d,Voodoo,5accd8d17dd9ed0a15769b78,Color Road! Android,$10
59e4bb543f0fa9a20900afa3,TabTale LTD,62d692d3fdcbb6c1e87be313,Small Business iOS_CL,$10
561e8d936b8d90f61a001096,MyGames MENA FZ LLC,619e1e4bfb4180914b224737,[Swag Masha] Dream Zone,$10
6297c4bc012073001b3df035,Yandex Inc.,67fd08dbd6a5719f4ffe314c,birds-avs_Backgammon Board Game 2024,$10
65e71ba517069f0011a36cfa,Rounds,67922166b7c0c84dcaf1b76a,Nickname Maker,$10
561e8d936b8d90f61a00146c,TabTale Ltd.,56fa670534300bb611000089,Pretty Ballerina Google_TT,$10
65e71ba517069f0011a36cfa,Rounds,67c06702c96b4c09d8bd5dfe,Hearts,$10
65e71ba517069f0011a36cfa,Rounds,69149094ab5afe98dab58b66,Tata Sky Tv,$10
561e8d936b8d90f61a00146c,TabTale Ltd.,5889efa9daf491ea700004fd,Prom Queen iOS_TT,$10
561e8d936b8d90f61a001096,MyGames MENA FZ LLC,619e1df8fb4180914b22472c,[Swag Masha] Dream Zone,$10
61e93624cf7a710017932586,"Appgeneration, Lda",69f0de248c67ff57b8fddf8a,Bible Word Game,$10
65e71ba517069f0011a36cfa,Rounds,69dc8f5c84ca365d8dcfd7b1,Ghost Detector unity,$10
5f69aef134a76100158aa316,Hypercell Games,69de726d19e095d4fb93ce91,Jewel Art: Sort Puzzle Android,$10
6297c4bc012073001b3df035,Yandex Inc.,68dd2dff76ac7d6e7310a1be,t5555559_com-starkom-DriftLegends,$10
561e8d956b8d90f61a003219,"Appodeal, Inc.",67755fb2364caaf5ba131def,com.SeaBream.ElevatorSimulator/763604,$10
561e8d956b8d90f61a003219,"Appodeal, Inc.",58f849c601a9167e3b001661,net.elvista.checkers/71632,$10
5c3c9ba19f3cbd45d7dae29c,TapNation,600adb3f9b6db37ec2f269aa,Giant Rush China,$10
59fb487bbe77065f5800afc3,Azur Games,5dee3ba51109585915ddb1d1,Hidden Journey: Adventure Puzzle Android,$10
5e3692d21cd3cb0018dd4329,SuperSonic Studios,628f48de8750d7f7bd58bb92,Going Balls CN new,$10
60240068eca1f300150d7e56,BoomHits Sp. z o.o.,608017a0d712df7a2f681101,Crazy Traffic Control,$10
5e3692d21cd3cb0018dd4329,SuperSonic Studios,6452609a11af6ec1f39a0c5d,Play Colors,$10
561e8d936b8d90f61a001096,MyGames MENA FZ LLC,5cb5db9e189cc50012c8cb51,Juggernaut Wars iOS,$10
5a689d947f4def81700028c6,Fumb Games,69247d1109d115a14f537683,Solitaire - Earn Real Bitcoin,$10
5e3692d21cd3cb0018dd4329,SuperSonic Studios,6289e0ead56570621e1b992e,Telekinesis Quest 3D,$10
5c657afed9e6e60012bab5d9,gamestudiopsv@gmail.com,69652e88a37bf42bb0725326,com.cash.dragon.pro,$10
561e8d966b8d90f61a00392d,WISE WAVE CORPORATION LIMITED,67fe807f5856c0088117e104,8 Ball by Pokerist,$9
5c657afed9e6e60012bab5d9,gamestudiopsv@gmail.com,691b2ed36e73aa9f810c8568,com.band7watch,$9
5c657afed9e6e60012bab5d9,gamestudiopsv@gmail.com,6717499d3fd713570bc5b038,com.BearBobStudio.Sandbox.archive,$9
5e3692d21cd3cb0018dd4329,SuperSonic Studios,643473b2a54ab1437856ddd7,Milk Inc,$9
561e8d956b8d90f61a003219,"Appodeal, Inc.",5a9d2623a9f26a987100aeec,com.mingle.SingleParentsMingle/100096,$9
5c657afed9e6e60012bab5d9,gamestudiopsv@gmail.com,65edc0d3c8510816ad30d0af,nextbot.backrooms.shooter.two,$9
5c657afed9e6e60012bab5d9,gamestudiopsv@gmail.com,661686acc5f237ebf7b4bf21,6478589037,$9
5a689d947f4def81700028c6,Fumb Games,602281f18b86b8811c918606,Merge Monsters,$9
561e8d956b8d90f61a0030cf,Ketchapp,5accae681ed64a4f03dc6a54,Mr Gun,$9
561e8d936b8d90f61a00146c,TabTale Ltd.,5ac60ce06d1636211ff7c89d,Rhythmic Gymnastics Google_TT,$9
5c3c9ba19f3cbd45d7dae29c,TapNation,67630f65b74186f469dfea44,Car Up 2048,$9
58f71febd4e19c8f3b000fff,Soccer Manager Ltd,62f3a72c058cf64568f98a27,Soccer Manager 2023 - Android,$9
63d229657d9fc60014b1afdf,Paxie Games,69bbbe6e60b51605279deaee,Hotpot Sort,$9
59fb487bbe77065f5800afc3,Azur Games,60c9df5680e2667b0b55f276,Punch Bob,$9
59fb487bbe77065f5800afc3,Azur Games,659e67dc6cf70883bd09538b,Race Clicker,$9
65e71ba517069f0011a36cfa,Rounds,67a49853c1d0e427bfd02f98,Ear Helper,$9
60abbe0138d6920017b43190,Newry Global Media sl,643d3b516c9fd54552e582cd,IOS202-01 - Ultimate Truck Simulator,$9
561e8d956b8d90f61a003219,"Appodeal, Inc.",5ffeb4f9b1774f4349e256dd,com.hypnocatstudio.perfecttower/487411,$9
65e71ba517069f0011a36cfa,Rounds,67dd65f279c8230d455ad062,Bg Changer,$9
5c657afed9e6e60012bab5d9,gamestudiopsv@gmail.com,650c14fe5946c49eb49f74d2,1528333833,$9
5c657afed9e6e60012bab5d9,gamestudiopsv@gmail.com,668f9a0c4d6765df32fecc15,concordancia.biblica.espanol.biblia.reina.valera,$9
6297c4bc012073001b3df035,Yandex Inc.,6913403792a33e36017f067e,anton-tkachenko85_rustore_ru-arybin-modern-calculator,$9
59fb487bbe77065f5800afc3,Azur Games,633d51d55e8974a9ab2ca1fa,Kunai Master,$9
5c657afed9e6e60012bab5d9,gamestudiopsv@gmail.com,68e651c2ca4664bfc61bbd60,6746245722,$9
5c657afed9e6e60012bab5d9,gamestudiopsv@gmail.com,66a0f6c1e33c9a548741a81b,com.LastCall.CarCrashArena,$9
5c657afed9e6e60012bab5d9,gamestudiopsv@gmail.com,651ae9fa92580af6d5f1a872,com.zelemine.dinomods,$9
5a9d60d3b1c1666c2e0056ba,Homa Games,61572203dbe844f846dad843,Monster Evolution,$9
5c657afed9e6e60012bab5d9,gamestudiopsv@gmail.com,66b06c515daffb232a9f76fc,6578444493,$9
5c657afed9e6e60012bab5d9,gamestudiopsv@gmail.com,69fc74af637148d12c1d1d94,com.randalkoko.vpn,$9
5fc671cbba624b0015a61bf1,Saygames LTD,6304e93eac6876ab8e8a0fb9,Shackled Cubes Android,$9
5c657afed9e6e60012bab5d9,gamestudiopsv@gmail.com,67603df3a581db7f1018da39,com.Stannum.IndieJonasthegreattombraider,$9
5c657afed9e6e60012bab5d9,gamestudiopsv@gmail.com,69a6c6d5a55413945451639b,6742743519,$9
5e3692d21cd3cb0018dd4329,SuperSonic Studios,5e7626c94a97770001b3324f,Join Clash 3D,$9
561e8d936b8d90f61a0014ca,LOTUM Media GmbH,6a0c2f0f3b0cec9d5d436694,Word Search Hotel iOS,$9
65e71ba517069f0011a36cfa,Rounds,67b5d219614e4f5986be2db3,Yoga For Beginners,$9
5c657afed9e6e60012bab5d9,gamestudiopsv@gmail.com,663b8cad8d3e11906147c565,com.ktsoev.Tetris,$9
5c657afed9e6e60012bab5d9,gamestudiopsv@gmail.com,6960c86e74ad2382d03d6fc5,com.mega9studio.pro3domniwatch,$9
5e3692d21cd3cb0018dd4329,SuperSonic Studios,64884c25efd31b67d4d24de0,Project Salon,$9
5c657afed9e6e60012bab5d9,gamestudiopsv@gmail.com,6724ee3c78c69e1cc1c01c90,com.battle_fighting.cartoon_arena,$9
59fb487bbe77065f5800afc3,Azur Games,5d285138f67b3e00184a1ba2,Big Bang Evolution,$9
6666afb99ec3300011cdf91d,Appvestor ApS,66df0839f5db8502f5a9ddb4,JKSOL - Calendar - com.calendar.schedule.event,$9
5c657afed9e6e60012bab5d9,gamestudiopsv@gmail.com,6238493dc10bb0cf9fd6d71e,Planet Smash Destruction Games,$9
6297c4bc012073001b3df035,Yandex Inc.,683ef0923731d2f522576dea,username153_com.ggi.skins.cute,$9
59e4bb543f0fa9a20900afa3,TabTale LTD,664328d6a8dc2aebddb7ac75,Magic Fighting iOS_CL,$9
5c657afed9e6e60012bab5d9,gamestudiopsv@gmail.com,6915a7cea4aa904933f4137e,alk.sports.live.football.score.hd,$9
5c657afed9e6e60012bab5d9,gamestudiopsv@gmail.com,64e34e5e38e5f4adf825fdb7,com.wordsearch.wordpuzzle.free,$9
5c657afed9e6e60012bab5d9,gamestudiopsv@gmail.com,69c6bf627e650a32c5e9396e,com.serbull.epochwars.rs,$9
65e71ba517069f0011a36cfa,Rounds,68efd4ee7ae17ddd8cf09eb0,Live Map Road,$9
5c657afed9e6e60012bab5d9,gamestudiopsv@gmail.com,69b7caf2706d59116318619d,com.band8appmconnect,$9
561e8d936b8d90f61a00146c,TabTale Ltd.,58a6cff58fefce391b000184,Cheerleader Dance Off Google_TT,$9
5c657afed9e6e60012bab5d9,gamestudiopsv@gmail.com,69e1ee5c926727396f96e580,com.hy320appforghhhhhd,$9
561e8d956b8d90f61a003219,"Appodeal, Inc.",6706a3e9d4aa891a69ae03bc,com.TGZS.TDZ4/760468,$9
65e71ba517069f0011a36cfa,Rounds,69e5f54fb1e4be9ed98852f5,Applock Fingerprint 2,$9
5fc671cbba624b0015a61bf1,Saygames LTD,69287317abee3367a0cf6ec7,Pocket Craft,$9
65e71ba517069f0011a36cfa,Rounds,6790c592c1d0e427bfcff5ba,Bluetooth Car Scan,$9
5c657afed9e6e60012bab5d9,gamestudiopsv@gmail.com,696124ab74ad2382d03d7547,6754652413,$9
5c657afed9e6e60012bab5d9,gamestudiopsv@gmail.com,66866cfe4d6765df32feb1d1,com.mgc.crime.santa,$9
5cda78f561a35300113a86ab,Moonee,652711d89f4cda0133b3c68d,Balls Bounce,$9
561e8d956b8d90f61a002a2f,BoomBit Games Ltd,6808daddda6c7a82edfa1a41,The Kingdom: Medieval Tales,$9
5c657afed9e6e60012bab5d9,gamestudiopsv@gmail.com,6644514848c9de6182803a5c,com.BlackTemple.WormOut,$9
5c657afed9e6e60012bab5d9,gamestudiopsv@gmail.com,6a26934b9d2772ffc62dd4a6,alta.score.livefootballtv.hdstreaming,$9
5c657afed9e6e60012bab5d9,gamestudiopsv@gmail.com,68f24a829b4e835bc741f2d7,com.creativetechnology.beatbounce,$9
65e71ba517069f0011a36cfa,Rounds,67bc9b06ee9356aafba1b8c1,Instory,$9
69eb7528a33b05d61de623e5,DVapps AB,6a0c23a086edc4bc573ea059,Slendrina The Forest iOS,$9
5c3c9ba19f3cbd45d7dae29c,TapNation,69203e98c74437f4954e6cae,Wheelie Life,$9
561e8d976b8d90f61a003e29,Vizor Apps Ltd,697350a1d4ba143db9063a5a,Tap Decor Vizor,$9
561e8d956b8d90f61a0030cf,Ketchapp,5a85c95fd19c3dbc1a005c69,Dunk Line,$9
5ec6f4dbdae5f50015c2980b,PCA Bear LLC,65d515edd63f23ff92213f5a,Sandblox: City sandbox,$9
5bec0018c9af0a7962a96f4a,Rollic Games,67768e14cf7851883824d7d4,RockPusher,$9
65e71ba517069f0011a36cfa,Rounds,692ec502b88dcb4daa96ca8e,Retake iOS,$9
561e8d956b8d90f61a003219,"Appodeal, Inc.",5b066dd630294f361ceb2805,com.stickman.killer.backflip/123711,$9
561e8d956b8d90f61a002a2f,BoomBit Games Ltd,69a55b2b3630b752386bd377,Parcel Delivery Simulator,$9
6297c4bc012073001b3df035,Yandex Inc.,6a1d788f79c4eda0ec2b53b3,stolitomson_vpn-vpn-violet,$9
561e8d936b8d90f61a000f17,Smart Project GmbH,68f7b1980939a3286506b65f,org.smapps.clash,$9
5c657afed9e6e60012bab5d9,gamestudiopsv@gmail.com,67e17cddb4fbecf0717fa5e0,dead.rails,$9
561e8d956b8d90f61a003219,"Appodeal, Inc.",5e2bb10e9e96e369df3b96e2,net.limbersoft.offroad3a/460043,$9
65e71ba517069f0011a36cfa,Rounds,68ba932d7cdd31226589ac2d,Notepad Notebook,$9
60c319e160f8540017a53701,Spyke Games,6166be008f66a24cdcde5c35,Royal Riches,$9
561e8d956b8d90f61a003219,"Appodeal, Inc.",5aea15a238c22946cfa4384c,ru.appscraft.dominoforiphone/113101,$9
63f72be5cdfbcd00142028c0,Mongoose Net Ltd,640d84181dd60278e1f73cf9,Solitaire Android,$9
5c657afed9e6e60012bab5d9,gamestudiopsv@gmail.com,623af3aea2335a0f5b77a147,com.hgames.propvshunter,$9
561e8d956b8d90f61a003219,"Appodeal, Inc.",6392295443d09fa019a0f77f,com.meetlove.dating/446596,$9
5c657afed9e6e60012bab5d9,gamestudiopsv@gmail.com,62d50b65dfd70a84b1a17f98,Mp3 Song App,$9
561e8d956b8d90f61a003219,"Appodeal, Inc.",6416c5c315af87cce97d464f,com.cheburnet.mobile/745246,$9
59e4bb543f0fa9a20900afa3,TabTale LTD,5f365f961878520001e64c80,I Can Paint Google_CL,$9
561e8d956b8d90f61a002a2f,BoomBit Games Ltd,6539048fc4d4ba24c366386c,Loot Heroes,$9
561e8d956b8d90f61a0030cf,Ketchapp,5a25653d9bcbcea80a004292,Stairs iOS,$9
56d55c72562b9c353800000d,Voodoo,66ea91b058fb9d52b9a350a5,Bionics,$9
5c657afed9e6e60012bab5d9,gamestudiopsv@gmail.com,696e6efbefa06da9cbed4bf1,com.livevideocall.ladkiwalaapp.randomcall,$9
5c657afed9e6e60012bab5d9,gamestudiopsv@gmail.com,6788c0cdd7a0b145879b2a45,supertouchapp.speedsensivityincrease,$9
59baf14999eaaa880a002c38,LOOP GAMES SAS,63fa55d6f4f7fa29b578313e,Blast - iOS,$9
561e8d956b8d90f61a003219,"Appodeal, Inc.",6815a1abae377462a5420b32,com.ejr.mketracker/767652,$9
65e71ba517069f0011a36cfa,Rounds,67a5dd98f372f630d3b77c49,Collage Maker Editor,$9
6297c4bc012073001b3df035,Yandex Inc.,6937ee084e93e1883b852713,vkpmadv_ru-profmedia-avtoradio,$9
65e71ba517069f0011a36cfa,Rounds,6752d574d1fe06775a3b2d67,Productivity App,$9
561e8d956b8d90f61a003219,"Appodeal, Inc.",5ae49738b069492d5c979a0d,com.zalivka.animation2/108085,$9
6021599b8b3e5600159fcc76,HITAPPS GAMES LTD,64664078f1eef8b0c55c2808,Jumble NEW Android,$9
5c657afed9e6e60012bab5d9,gamestudiopsv@gmail.com,6440ff45b5bf3c77983475b4,6446276693,$9
5c657afed9e6e60012bab5d9,gamestudiopsv@gmail.com,69faf1d88c67ff57b8fe948a,com.wifipanoromapapppsddsixxfseventeeeeen,$9
5fc618102e8dd2001579b65d,App Central ltd,62aae18ff7696dc6f1b021af,Flex n' Cheer,$9
5c657afed9e6e60012bab5d9,gamestudiopsv@gmail.com,68a85681aa012a19dcee08cd,6749212052,$9
561e8d956b8d90f61a003219,"Appodeal, Inc.",6a1dcb89eebb43c3ab283858,games.thc.maze.survive.runner.backrooms/780139,$9
5dcf09394f6eed0018145e58,Unico Studio LLC,612912bed125c910f6e4ae99,Life Choices Android,$9
5c657afed9e6e60012bab5d9,gamestudiopsv@gmail.com,694bb615ef46c85a1b2df596,appshub.sports.live.cricket.tv,$9
5c657afed9e6e60012bab5d9,gamestudiopsv@gmail.com,6883520c7f35e9d72122c2c3,com.EnterDream.BridgeRace,$9
56d55c72562b9c353800000d,Voodoo,626bd99bf3f802997f4e08bf,Blobsbuster! IOS,$9
5c3c9ba19f3cbd45d7dae29c,TapNation,5fff01449cbda3eab5d7d26c,Rock Crawling,$9
561e8d956b8d90f61a003219,"Appodeal, Inc.",67bd4a0cd4e1c44a52e435fc,com.simplicitygames.brainshowmobile/764313,$9
5c657afed9e6e60012bab5d9,gamestudiopsv@gmail.com,68add8755bcde45e223a02f1,6748311128,$9
5eb3c48aa80eba00159907c3,Matchingham Games Limited,64ccd64bd4592a1f1c805a9f,Monster Archer_iOS,$9
62f2190969aa39001bb4b1fe,Take Top KZ,64744f7f02c733ade2c34368,Baby Story,$9
561e8d956b8d90f61a0030cf,Ketchapp,57eaed49a12ddcbc0e000040,Pineapple Pen,$9
561e8d956b8d90f61a003219,"Appodeal, Inc.",69fe68d971992407adfd1740,com.telelatino.latinotv_tvnewlatino_latin/779294,$9
561e8d936b8d90f61a00146c,TabTale Ltd.,5800ac70cc960b250500001f,Real Cake Maker 3D Google_TT,$9
56d55c72562b9c353800000d,Voodoo,59f0bfc56128009648004586,Stack Jump Android,$9
561e8d936b8d90f61a001096,MyGames MENA FZ LLC,676013359e6ef0ac4dc6d180,Battle Prime Android,$9
5a9d60d3b1c1666c2e0056ba,Homa Games,626163ea2050aa9d1fb8de32,Monster Egg 3D iOS,$9
5c657afed9e6e60012bab5d9,gamestudiopsv@gmail.com,65fc1fa2087f20f10516b4c9,difficult.climbing.game,$9
561e8d976b8d90f61a004288,Panteon Software,63f1429877e49b159b41fc98,Fashion Famous,$9
64075f57d6da1900141e5aba,Code Dish GmbH,6784c12780cfd9653797af9a,Wood Block - Puzzle Games,$9
56d55c72562b9c353800000d,Voodoo,62039ff0693aa6cf53398650,Hex Takeover ANDROID,$9
561e8d956b8d90f61a002a2f,BoomBit Games Ltd,6357de18aafaa6565d8ebf6c,Ship Ramp Jumping,$9
65e71ba517069f0011a36cfa,Rounds,67ed4b0488aa94356512518d,Car Play Sync,$9
5dcf09394f6eed0018145e58,Unico Studio LLC,614f76cf2bf44dde149f4440,Smart Brain Android,$9
5c657afed9e6e60012bab5d9,gamestudiopsv@gmail.com,623b05cf56e1b8e981816dfd,com.streets.fire.grand.gangster.city,$9
5cc173c6d788b30012b2ff51,Loop Games A.S.,64c8b991eaf5dbf4a692b921,Block Busters,$9
5c657afed9e6e60012bab5d9,gamestudiopsv@gmail.com,69d636f155af88c3731512d1,com.cricket.premuim.glowing.tvfhd,$9
59e4bb543f0fa9a20900afa3,TabTale LTD,63f744c2148b56f9b19c7ae5,Idle Push Up Google_CL,$9
561e8d956b8d90f61a003219,"Appodeal, Inc.",69821bf2e6f73fe2b583de0e,com.azaleagames.wintercarmech/775966,$9
57398bfe4d0c2a683c0000da,Kefir!,689c7075adf5332ef42d8082,FrostBorn Huawei,$9
5e3692d21cd3cb0018dd4329,SuperSonic Studios,625fd9ecd77e851c782aedfd,Guess The Drawing,$9
59fb487bbe77065f5800afc3,Azur Games,6964fdfea37bf42bb0724fd9,Cubes Zone io,$9
561e8d956b8d90f61a003219,"Appodeal, Inc.",6176b7eae909ec3f7ed97d0f,cc.stix.hashb/716604,$9
5c657afed9e6e60012bab5d9,gamestudiopsv@gmail.com,68e3d384ca8083024f9368da,ru.PixelQuest.magicBalls,$9
561e8d956b8d90f61a003219,"Appodeal, Inc.",631a2c9e578f5271f8952a35,net.elvista.belka/727805,$9
5c657afed9e6e60012bab5d9,gamestudiopsv@gmail.com,63ac1cd22917860a54583e5f,com.BARSinteractive.Crusado,$9
69eb7528a33b05d61de623e5,DVapps AB,6a06004d4ec2b0102178b236,Slendrina The School,$9
66e545690f05bd0011e185b8,JEDY APPS TECHNOLOGY LTD,690b86a135735890d349861f,WiFi Hacker - Show Password,$9
561e8d956b8d90f61a003219,"Appodeal, Inc.",5ca72b947063c201728df5a6,com.ToFlyDreams.ThePhenomenonDemo/108096,$9
65e71ba517069f0011a36cfa,Rounds,67c177c5ee9356aafba1d23e,Mirror Pro,$9
561e8d956b8d90f61a0030cf,Ketchapp,58bb866afdc97bce720001e3,Scream Hero,$9
5c657afed9e6e60012bab5d9,gamestudiopsv@gmail.com,699c1cfc038a3a1bb31e8195,serieswatchapp.cony,$9
5fb510aa8072bf0015d8d59d,Tap2Play LLC,645e41830a8b8a88322d5a6c,ILU_IOS_Idle Cutter,$9
65e71ba517069f0011a36cfa,Rounds,69bbc1b460b51605279deb7a,Mapway Berlin iOS,$8
65e71ba517069f0011a36cfa,Rounds,692d45e6abee3367a0cf9ea3,Master Banjo Tuner,$8
5c657afed9e6e60012bab5d9,gamestudiopsv@gmail.com,66ebdb7658fb9d52b9a356c8,com.NiceGame.CarOnlines,$8
647064a3001eb40011826210,Zuuks Games,65c5d72bf31d94e5290f6b7c,卡车模拟器 ：终极,$8
561e8d956b8d90f61a003219,"Appodeal, Inc.",6805cfe66e7314c682204645,app.aiboy/767352,$8
65e71ba517069f0011a36cfa,Rounds,69cf9aa9af6a23eb375ed216,Auto Redial,$8
5c657afed9e6e60012bab5d9,gamestudiopsv@gmail.com,67d4227d81fb2a1e3a1b4074,com.TrofyGames.AirDogFight,$8
561e8d936b8d90f61a00146c,TabTale Ltd.,5788d6590f48d5260d000035,Candy Makeup iOS_TT,$8
5c657afed9e6e60012bab5d9,gamestudiopsv@gmail.com,65b8efcbd5857e078ac1b919,1541314574,$8
5c3c9ba19f3cbd45d7dae29c,TapNation,65e1ea67d13c647695f4f680,Hero Making Tycoon,$8
65e71ba517069f0011a36cfa,Rounds,67c06601658cf18e67f445e2,Ultimate Quotes,$8
5e3692d21cd3cb0018dd4329,SuperSonic Studios,5e76298b4a97770001b33279,Join Clash 3D,$8
56d55c72562b9c353800000d,Voodoo,613769a6ea98ca09fdf9c176,Shot Factor,$8
5c657afed9e6e60012bab5d9,gamestudiopsv@gmail.com,640edb0d14affe14b968be40,1550782361,$8
59e4bb543f0fa9a20900afa3,TabTale LTD,66605fff546a6ecbfaa57825,Eye Color Mix Google_CL,$8
65e71ba517069f0011a36cfa,Rounds,67766d7b364caaf5ba132190,Lyrebird Nocrop,$8
5e3692d21cd3cb0018dd4329,SuperSonic Studios,62f8e1cbe63162f329a5124c,Get the Supercar 3D,$8
561e8d956b8d90f61a003219,"Appodeal, Inc.",69bd40adfc715c15d6ae348e,com.iriysoft.takeover/776951,$8
56d55c72562b9c353800000d,Voodoo,64ae76be847c940a560e5b0e,Sandtris: Sand Blocks IOS,$8
56d55c72562b9c353800000d,Voodoo,614afa25b45a5a67e14d0b01,Moon Pioneer,$8
59e4bb543f0fa9a20900afa3,TabTale LTD,58e3819b09521a040f0013b6,2 For 2 Google_CL,$8
561e8d936b8d90f61a001096,MyGames MENA FZ LLC,69eb470c3e2ffb9da91d640c,Castle Duels Vietnam,$8
5c657afed9e6e60012bab5d9,gamestudiopsv@gmail.com,68c2b75ee61c68a3f0ba45c4,1598794264,$8
59e4bb543f0fa9a20900afa3,TabTale LTD,6409b2fb3526fb1af300239c,Baking Time iOS_CL,$8
56d55c72562b9c353800000d,Voodoo,62039fb00245ef25cee3e56f,Hex Takeover IOS,$8
61e93624cf7a710017932586,"Appgeneration, Lda",6785199e2e341ddcbb6d66f8,Checkers,$8
561e8d956b8d90f61a003219,"Appodeal, Inc.",63624e6e93178531abffb2db,net.darkhoundgames.masterblockcraft/736701,$8
69eb7528a33b05d61de623e5,DVapps AB,6a09c0d0a1e832364878174c,Slendrina Asylum iOS,$8
5c657afed9e6e60012bab5d9,gamestudiopsv@gmail.com,67d7e9f179c8230d455aaa0d,6739703175,$8
5c657afed9e6e60012bab5d9,gamestudiopsv@gmail.com,68c144698d08ac943efdf4db,com.merge.puzzle.games2248.blocks.match,$8
561e8d956b8d90f61a0030cf,Ketchapp,5d1610f7ff4a9c0017b66b09,Origame,$8
5c657afed9e6e60012bab5d9,gamestudiopsv@gmail.com,6916dbf143b8a2b50f6da708,6483003367,$8
609aaa8981be8d00154c407d,Sotec Consulting sl,62f4c0a2a08499ce1cd1f7c3,GPS127-01 - Big Little Farmer | Farm Games,$8
65e71ba517069f0011a36cfa,Rounds,67beefaac96b4c09d8bd5580,Background Eraser,$8
561e8d956b8d90f61a003219,"Appodeal, Inc.",5f5d48ab0ea58464fc83c634,com.fullreader/617539,$8
5efd8ef70165690015e8b224,Blackout Lab SL,616f51d185c223489141343e,Connect - Android,$8
65e71ba517069f0011a36cfa,Rounds,67a5e576ffda0af1dd8c7e11,Protractor,$8
5bec0018c9af0a7962a96f4a,Rollic Games,5e78797ca8622a0001c2cef7,Touchdrawn,$8
59e4bb543f0fa9a20900afa3,TabTale LTD,5c6a7b5917a83f6bb83ef7eb,Coin Rush Google_CL,$8
6297c4bc012073001b3df035,Yandex Inc.,66a8f1c6aef015d56fedc489,hsmedia2019_ru.ngs.news.e1,$8
65e71ba517069f0011a36cfa,Rounds,69a838afc3ba7f749f871b27,Mapway Barcelona,$8
5c657afed9e6e60012bab5d9,gamestudiopsv@gmail.com,64a68911831ce850a7064559,1552614281,$8
6297c4bc012073001b3df035,Yandex Inc.,68edf9597ae17ddd8cf0870e,olegxew_com-box-casesimulator_ios,$8
561e8d936b8d90f61a001096,MyGames MENA FZ LLC,619e1ed3b4fb036db1e860f6,[Swag Masha] Love Sparks,$8
5ef9d5fbf52f8e001b9caba9,BoomBooks Sp. z o.o.,601be336232e5de8190a6c2e,Make it fly,$8
56d55c72562b9c353800000d,Voodoo,614a0613646a75dcf790f46c,Candle Craft 3D iOS,$8
5a6f56062c250d182f0056f3,Kwalee Ltd,5ba4ad8ce832c0075178fcda,Skiddy Car,$8
561e8d956b8d90f61a002a2f,BoomBit Games Ltd,646cbc1140950bb04ce86ea3,Scoring Champion,$8
561e8d956b8d90f61a0030cf,Ketchapp,5b5f1a7b869e8b0c8629173c,Color Snake,$8
5a6f56062c250d182f0056f3,Kwalee Ltd,664ddbec6e3e372b114aa639,Trivia.io,$8
65e71ba517069f0011a36cfa,Rounds,67bc5055b5a7d2bd8485bace,Big Clock Display,$8
65e71ba517069f0011a36cfa,Rounds,683065276883128549d12ae6,Digital Clock Lock,$8
65e71ba517069f0011a36cfa,Rounds,67cadfc00a3d5de492b67dbd,Gallery Photo Album,$8
5c657afed9e6e60012bab5d9,gamestudiopsv@gmail.com,685116c0facb2c498d307e49,com.VMGames.Nostalgia,$8
65e71ba517069f0011a36cfa,Rounds,6765878beeca080cadc575ed,Widget Pod iOS,$8
5c657afed9e6e60012bab5d9,gamestudiopsv@gmail.com,67c17792b5a7d2bd8485d26a,com.darksacygames.sirenheadhorrorgame,$8
6297c4bc012073001b3df035,Yandex Inc.,697c7929da560eab1ec2c993,yan443193697dex_con-Amusement-com,$8
5c657afed9e6e60012bab5d9,gamestudiopsv@gmail.com,66f1126f58fb9d52b9a3682e,la.bible.francais.louise.segond,$8
65e71ba517069f0011a36cfa,Rounds,68d10c908b1a09e16986db76,Video Generator,$8
5c657afed9e6e60012bab5d9,gamestudiopsv@gmail.com,6968989a73c0a231fff72932,1609254754,$8
561e8d956b8d90f61a003219,"Appodeal, Inc.",5dacb0326fbe6f15de0e344a,com.sugargames.rainbowweb/155297,$8
561e8d956b8d90f61a0030cf,Ketchapp,5d30aa2d4ebb0b0018d8a72d,Bike rush Android,$8
62f2190969aa39001bb4b1fe,Take Top KZ,698159cae6f73fe2b583cfef,Panda Simulator: My Pets,$8
60240068eca1f300150d7e56,BoomHits Sp. z o.o.,6124b5979c7d18ae72e8af6e,Hyper Touchdown ANDROID,$8
5eb3c48aa80eba00159907c3,Matchingham Games Limited,649300c224c9c94358abc7d8,Delete Puzzle_iOS (TEOS),$8
5c657afed9e6e60012bab5d9,gamestudiopsv@gmail.com,67657e81b74186f469dff354,app.artworkout.learn.how.to.draw,$8
561e8d956b8d90f61a003219,"Appodeal, Inc.",69b3fc90a1abef24b18d022f,com.dialekts.chess/777236,$8
617916e8f3ef190017a83854,Digitalchemy,686d35f7df49b79de0b0aea8,Voice Recorder - Dictaphone,$8
561e8d956b8d90f61a003219,"Appodeal, Inc.",63747a1f3e905c1762058666,com.apptov.carmech/739644,$8
65e71ba517069f0011a36cfa,Rounds,67b45378390c720c73a0dbcd,Simple Draw,$8
5dcf09394f6eed0018145e58,Unico Studio LLC,6499f0a78015d6e55820fcae,Word Match Android,$8
5c657afed9e6e60012bab5d9,gamestudiopsv@gmail.com,64f0749c047c0ca49c76751b,com.psv.wallpapers_themes.black,$8
5c657afed9e6e60012bab5d9,gamestudiopsv@gmail.com,68a58863e8cd7d8146b60f52,com.mine.block.craft.world.sandbox.survival.simulator,$8
561e8d956b8d90f61a003219,"Appodeal, Inc.",675d0a459d0f2cfb524f044e,com.grimdev.grimquest/762488,$8
5cc173c6d788b30012b2ff51,Loop Games A.S.,6970c47cd4ba143db9060e39,Tile Loop,$8
5c05196699e4374b87bda3b9,Tripledot Studios,69982b023630b752386b0985,Dot Paint Puzzle,$8
5c657afed9e6e60012bab5d9,gamestudiopsv@gmail.com,65e5d633fb1f1f9a3b08a3ce,1423095881,$8
5c3c9ba19f3cbd45d7dae29c,TapNation,636cc7721641cbf8100ab21a,Help Me,$8
65e71ba517069f0011a36cfa,Rounds,67e419641944183c75350312,Xlsx File Reader 1,$8
561e8d956b8d90f61a003219,"Appodeal, Inc.",66cc4a7733c462105258957c,com.Freediving-Apnea-Trainer/79256,$8
561e8d976b8d90f61a004288,Panteon Software,64ddced099eac20203d76010,Deep Dive - Android,$8
59e4bb543f0fa9a20900afa3,TabTale LTD,621783ad0e28dcf3eab5b001,Lash Salon Google_CL,$8
57d1b461ae2b57d903000027,Easybrain Ltd,692ef5a295234fa22f61e838,Block Match GP,$8
65e71ba517069f0011a36cfa,Rounds,67e54ca908d8c33423978a22,Blue Words,$8
5c657afed9e6e60012bab5d9,gamestudiopsv@gmail.com,6786756215d300adfe8d03b8,team.ggc.batr.global.radio,$8
5c657afed9e6e60012bab5d9,gamestudiopsv@gmail.com,69a7f4b404a54c218b09fee7,1621550247,$8
56d55c72562b9c353800000d,Voodoo,626930c1cf322a403f88a9bb,Take Your Line ANDROID,$8
5fc618102e8dd2001579b65d,App Central ltd,664df917d09efc5a9e4239f8,Shooting Ducks 3D Launcher,$8
63d229657d9fc60014b1afdf,Paxie Games,69d610389d2d32b0f056bc5d,K Food Jam,$8
561e8d956b8d90f61a002a2f,BoomBit Games Ltd,611246964fb78840f724fa87,Construction Ramp Jumping,$8
5cc173c6d788b30012b2ff51,Loop Games A.S.,6820e81238a42a2dc1efa222,Cube Blast Android,$8
65e71ba517069f0011a36cfa,Rounds,67b70ec02363a440422ffdd5,Perfect Mirror,$8
5c657afed9e6e60012bab5d9,gamestudiopsv@gmail.com,672a17c3913e67d2955d1392,com.KatGames.SnowDrift,$8
561e8d926b8d90f61a00013e,Miniclip SA,67349d34c55b9eb5a4cce34c,Chess & Checkers Offline,$8
561e8d956b8d90f61a003219,"Appodeal, Inc.",67df691c420a7a0a7da7be6d,com.tecbr.tvabertaaovivo/766794,$8
56d55c72562b9c353800000d,Voodoo,6439090961f3a0f1b433ac45,Twin Tennis ANDROID,$8
65e71ba517069f0011a36cfa,Rounds,69e087c267d7824cc773f26e,Washington Metro iOS,$8
5c657afed9e6e60012bab5d9,gamestudiopsv@gmail.com,64886ff34a45d5064b4593de,com.apm2studio.horoscope,$8
5dcf09394f6eed0018145e58,Unico Studio LLC,6273f9f47cf65e4c9b1eae2e,Word Tower Android,$8
6297c4bc012073001b3df035,Yandex Inc.,66cdd8d6a6cf59778900982c,magstag320_mmy.first.myapplication433,$8
561e8d956b8d90f61a003219,"Appodeal, Inc.",696a4e01b6c7ab8878a13023,com.VertexoGames.Shelter/775543,$8
561e8d956b8d90f61a003219,"Appodeal, Inc.",5e0a83cfab85614d542456b9,com.kraftwerk9.firetv/354750,$8
65e71ba517069f0011a36cfa,Rounds,67b47f8a7077517f21dbfd55,Blood Pressure,$8
56d55c72562b9c353800000d,Voodoo,6800cf5370b3c639d3ed1c97,Claw Heroes,$8
561e8d956b8d90f61a002a2f,BoomBit Games Ltd,5df8a6bf3434b70018242ade,Ramp Car Jumping,$8
561e8d936b8d90f61a00146c,TabTale Ltd.,57e8eb4d133b82af16000070,Shopping Mall Girl Google_TT (Fyber),$8
56d55c72562b9c353800000d,Voodoo,607eff6dc69dedee4130bb21,Titans 3D,$8
561e8d956b8d90f61a003219,"Appodeal, Inc.",6a214f4aa9ef3207159fb584,com.memovid.hdtodaymovies/780248,$8
56d55c72562b9c353800000d,Voodoo,5efcade9e3c396000176bbe0,What The Fight,$8
59fb487bbe77065f5800afc3,Azur Games,6971cbe87f3a8affd281c31c,WWII,$8
59e4bb543f0fa9a20900afa3,TabTale LTD,5ecd0960a5c47e00019ec641,Horse 2 Google_CL,$8
5c657afed9e6e60012bab5d9,gamestudiopsv@gmail.com,65c9fe41d63f23ff92211ce7,6477328205,$8
5c657afed9e6e60012bab5d9,gamestudiopsv@gmail.com,69d4feba5c9606f21f66702d,nasaudi.live.score.footballtv.streaming.hd,$8
62f2190969aa39001bb4b1fe,Take Top KZ,68be9ce506f90247f5073596,Mamix Experiments,$8
561e8d956b8d90f61a003219,"Appodeal, Inc.",578d1b47ff4bcd3c0d000083,com.sugargames.weddingsalon/24822,$8
56cb43391ba696884900000a,Ilyon Dynamics,60912f885ee5a8b9b4ce0f9c,com.jumble.boombox_a_1604,$8
65e71ba517069f0011a36cfa,Rounds,68c9703e47baffd702db1393,Mirror Link Car,$8
5c657afed9e6e60012bab5d9,gamestudiopsv@gmail.com,6a1947033974431ade4ecda1,com.crazyduckgames.bogdanescape,$8
6297c4bc012073001b3df035,Yandex Inc.,66cf44bb33c4621052589fe4,qruqrugames_vesnaslovafillword,$8
561e8d956b8d90f61a003219,"Appodeal, Inc.",63d04a0e408d35d4cb096504,com.mixapplications.usbtools/741824,$8
59fb487bbe77065f5800afc3,Azur Games,647dadb77b7217fafec47f0f,Stickman Teleport Master 3D,$8
61e93624cf7a710017932586,"Appgeneration, Lda",66e40f572eb1c3fd0fac5942,Word Search,$8
5c657afed9e6e60012bab5d9,gamestudiopsv@gmail.com,699c1911502bf17c884489c3,com.bandfourapp.neaa,$8
5c657afed9e6e60012bab5d9,gamestudiopsv@gmail.com,67ffaa2ec04e125443c1c953,com.D_One_Games.Rat_vs_Memes,$8
59fb487bbe77065f5800afc3,Azur Games,5f3b86de7aae9f0001621bc2,Monsters Evolution,$8
60abbe0138d6920017b43190,Newry Global Media sl,643cfd1eee7adadeacb6eb03,IOS198-01 - Be The Judge,$8
5e3692d21cd3cb0018dd4329,SuperSonic Studios,616d26a215cc4628bb7e576b,Hit Perfect 3D,$8
5a6f56062c250d182f0056f3,Kwalee Ltd,5d2da03f6518c3001764fd3f,Shoot Out!,$8
5d074f140fbc770017190dd2,RUBY OYUN VE YAZ. DAN. SAN. TIC. A.Ş.,6606be7c9183acf4e4d9b275,Smash Ball!_iOS,$8
561e8d936b8d90f61a00136a,MWM,617aabca9aba9df9b3199209,Beat Looper Pro,$8
561e8d956b8d90f61a003219,"Appodeal, Inc.",6752b9547913198c9ecad13a,com.Eventyr.WS/764247,$8
561e8d936b8d90f61a001096,MyGames MENA FZ LLC,655b42b8b53dd79ca06f5cab,Rush Royale Galaxy,$8
5e3692d21cd3cb0018dd4329,SuperSonic Studios,619faba344f604da56b2f71e,Pro Builder 3D,$8
5fc671cbba624b0015a61bf1,Saygames LTD,66cda540201bcd66029bb72d,Awesome Bolts iOS,$8
5a689d947f4def81700028c6,Fumb Games,68d6ec88036c5eb091dae09f,Solitaire - Earn Real Bitcoin,$8
6297c4bc012073001b3df035,Yandex Inc.,671e88a27b3ea5a17e5d0178,magstag320_plumberhandbook,$8
604773b63f9ad40015309a2a,SOCEM,63aada239a2415749062f2c5,IOS187-01 - Drink Fighter Clicker,$8
65e71ba517069f0011a36cfa,Rounds,69314fd65dc5324abc72cfa9,General Quiz Unity,$8
5e3692d21cd3cb0018dd4329,SuperSonic Studios,62972e7e65783f1f7c49d7b0,First To Life,$8
6021599b8b3e5600159fcc76,HITAPPS GAMES LTD,66e9620758fb9d52b9a34d46,Quizzix Android,$8
561e8d956b8d90f61a0030cf,Ketchapp,5745c892908f76002b00007d,Ketchapp Basketball,$8
66e545690f05bd0011e185b8,JEDY APPS TECHNOLOGY LTD,66e545ff7e03627c15ba12aa,GCam - Advanced Camera,$8
5c657afed9e6e60012bab5d9,gamestudiopsv@gmail.com,66d6d152aa8e1e9b9d29475e,com.trioz.electrical.car.simulator.tesla,$8
577a61dcda179a9c3f000089,Kolibri Games (fka Fluffy Fairy),5f6a1bad7c40aa7ccecf63c8,Idle Pirate Tycoon,$8
5c657afed9e6e60012bab5d9,gamestudiopsv@gmail.com,6565c0983eb26e8fe73a48a4,1645041459,$8
65e71ba517069f0011a36cfa,Rounds,6970ced373c0a231fff79d89,Objects Remover iOS,$8
65e71ba517069f0011a36cfa,Rounds,67a338a6ffda0af1dd8c7532,Women Workout,$8
5c657afed9e6e60012bab5d9,gamestudiopsv@gmail.com,6536151b03d792c0b7e25d59,nextbot.backrooms.shooter,$8
5c657afed9e6e60012bab5d9,gamestudiopsv@gmail.com,6537e0a9700ef4b527aed7de,1660557826,$8
561e8d956b8d90f61a003219,"Appodeal, Inc.",69bc3a05c46c38717763b827,com.ff.extreme.car.highway.simulator/777377,$8
5c657afed9e6e60012bab5d9,gamestudiopsv@gmail.com,69ddeec28f14a72c6eb00462,com.hauweijgtsizxappasd,$8
56d55c72562b9c353800000d,Voodoo,699498410df6781672655fa9,Block Pals,$8
5e3692d21cd3cb0018dd4329,SuperSonic Studios,60295a158b86b8811c918adf,Get It Right,$8
5c657afed9e6e60012bab5d9,gamestudiopsv@gmail.com,654cdc308ec95628af4f056a,com.iden.valerka3,$8
5c657afed9e6e60012bab5d9,gamestudiopsv@gmail.com,6565ecb3c6face8457566d5d,1532887006,$8
5c657afed9e6e60012bab5d9,gamestudiopsv@gmail.com,66c3423f16d72e3cce1c8489,com.psv.wallpapers_themes.nature,$8
5c657afed9e6e60012bab5d9,gamestudiopsv@gmail.com,69d5229064290ae461b0a9ce,com.gamebox.megafarm,$8
59fb487bbe77065f5800afc3,Azur Games,61701a4ed877b8dc18b84fbb,Train Simulator: Railroad Game,$8
57ab0b38c6ebd5c83300007e,Good Job Games (Azur),5e4409189ea9d0632da2bd28,Cut and Paint,$8
561e8d936b8d90f61a000f17,Smart Project GmbH,5d67cfd57fdca800177c7de9,5 Differences Online Android,$8
65e71ba517069f0011a36cfa,Rounds,6939417f4ec2844d25311699,Textcopy,$8
65e71ba517069f0011a36cfa,Rounds,67dd60a579c8230d455ad007,Unlimited Photo,$8
561e8d956b8d90f61a003219,"Appodeal, Inc.",65914c29fe4419bc82dd5f5f,ru.borik.marketgames/754776,$8
561e8d976b8d90f61a004288,Panteon Software,64ddce0796d8d96a81159923,Deep Dive - iOS,$8
5c657afed9e6e60012bab5d9,gamestudiopsv@gmail.com,65675768bac8a9b2d3df0ca0,english.tagalog.bible,$8
561e8d956b8d90f61a003219,"Appodeal, Inc.",68e4ee237724be505b75a703,com.AlexKiZZZGames.VirusWorld/773114,$8
561e8d956b8d90f61a003219,"Appodeal, Inc.",67d43fea81fb2a1e3a1b412d,com.ArcaneChronicles.MidnightDreamers/764849,$8
561e8d956b8d90f61a003219,"Appodeal, Inc.",55cd8c10b81dbc2b5b0002be,zaycev.fm/3836,$8
5fc618102e8dd2001579b65d,App Central ltd,65ca4ac39a4122e9e0de7037,You Are the Father - Launcher,$8
561e8d976b8d90f61a003d96,Gram Games,5991ad5c9a165cfb58005ef6,Merge Farm! iOS,$8
5e3692d21cd3cb0018dd4329,SuperSonic Studios,5ea6c2988aa1590001f96e34,Bead Sort iOS,$8
5c657afed9e6e60012bab5d9,gamestudiopsv@gmail.com,695b82b7c9bdaccfbb31eb1b,com.desingsapps.fakekatse,$8
59fb487bbe77065f5800afc3,Azur Games,60debe42a58bf7e599fbf86f,Craftheim,$8
60240068eca1f300150d7e56,BoomHits Sp. z o.o.,60bf51c526a76b827b9e4fce,Shoe Race,$8
561e8d936b8d90f61a00136a,MWM,5e09d40c5e0fe700184fe987,Beat Jumpy,$8
5c657afed9e6e60012bab5d9,gamestudiopsv@gmail.com,678f7dbdf372f630d3b73763,com.softcraft.swahilibible,$8
65e71ba517069f0011a36cfa,Rounds,67e6b3c938034057941638d6,Remote Music Player,$8
5c657afed9e6e60012bab5d9,gamestudiopsv@gmail.com,69f0d67a0215adba9907a8e3,com.sobuj.bmicalculator,$8
6297c4bc012073001b3df035,Yandex Inc.,67fcfc85daf407a7dc824ca0,birds-avs_Pool Game Billiard,$8
5c657afed9e6e60012bab5d9,gamestudiopsv@gmail.com,69d75e0baa2957ce6f408ef4,enytech.live.footballtv.hdstreaming.soccer,$8
65e71ba517069f0011a36cfa,Rounds,69ce5561715ad1f70d6b6719,Funny Emoji,$8
561e8d946b8d90f61a001509,Outfit7,6863c03649eda4e9cecb0583,One Helsing - Android,$8
59fb487bbe77065f5800afc3,Azur Games,648852141975be3942b5b2de,Zombie Master,$8
5c657afed9e6e60012bab5d9,gamestudiopsv@gmail.com,6318748f578f5271f8952392,Vulgarity test,$8
5c657afed9e6e60012bab5d9,gamestudiopsv@gmail.com,666fdc10d0040dae935438af,1524142399,$8
617916e8f3ef190017a83854,Digitalchemy,67b89e47614e4f5986be3b67,PDF Scanner Plus: Scan & Edit iOS,$8
63d229657d9fc60014b1afdf,Paxie Games,69a8383ac3ba7f749f871b1f,Connect Tower,$8
5c657afed9e6e60012bab5d9,gamestudiopsv@gmail.com,69f3024d4fd8c501ef1770e4,com.matchstars.picpixjourney,$8
5c657afed9e6e60012bab5d9,gamestudiopsv@gmail.com,67f8edd2e05c76a13b4f3ad7,com.iden.yandere.anime.girl.horror,$8
59fb487bbe77065f5800afc3,Azur Games,60abb251cf4957c21093df42,Magnetico: Bomb Master 3D iOS,$8
65e71ba517069f0011a36cfa,Rounds,682340dfa288cde6eec34401,Altimeter GPS,$8
606b29ab14eb890015bd2f01,WeeWoo Mobile,62de99c30292f74d5c091a87,GPS047-01 - Army Warzone Action 3D Games,$8
5c657afed9e6e60012bab5d9,gamestudiopsv@gmail.com,668f9e5ce60afe21c3f83b9c,com.mansionmakeover,$8
561e8d956b8d90f61a003219,"Appodeal, Inc.",650d3de8b30c764e0a12026f,developers.nicotom.nt24/750638,$7
5c657afed9e6e60012bab5d9,gamestudiopsv@gmail.com,64b017026e62b478fe548b79,com.nohack.formobile,$7
561e8d956b8d90f61a002a2f,BoomBit Games Ltd,6571d6d1205bbdf6b2deaeac,Hunter's Origin,$7
65e71ba517069f0011a36cfa,Rounds,6814a2cce2a5963c5d518293,House Design Plan,$7
5c657afed9e6e60012bab5d9,gamestudiopsv@gmail.com,696e3d959557abdc3c8d2fc1,com.smartbvideo.doorbell.app,$7
59fb487bbe77065f5800afc3,Azur Games,6551e925cf969be4de4d983d,Metro Connect - Train Control,$7
627b73f7023d420018e2f038,Chardonnay Partners LLC,64afd303f5edf073b3bd24a7,MergeBlocks Android,$7
577a61dcda179a9c3f000089,Kolibri Games (fka Fluffy Fairy),5f292f22a408f10001c72f6a,Idle Farm Tycoon,$7
577a61dcda179a9c3f000089,Kolibri Games (fka Fluffy Fairy),5f5b2d02f19a330001ecc164,Idle Farm Tycoon,$7
65e71ba517069f0011a36cfa,Rounds,67a0b980c1d0e427bfd0221d,Yoga Workout,$7
56d55c72562b9c353800000d,Voodoo,63eb540f8d87db83a23ec494,Shopping Quest IOS,$7
63d229657d9fc60014b1afdf,Paxie Games,69baa40a2d168ce5ce98d403,Plug the Path,$7
561e8d936b8d90f61a00146c,TabTale Ltd.,5900a3c9b716af7066000fd0,Care Bears Music Band iOS_TT,$7
65e71ba517069f0011a36cfa,Rounds,68ba945b7cdd31226589ac48,Tiffany Code Scanner,$7
5c657afed9e6e60012bab5d9,gamestudiopsv@gmail.com,6734758e3d9729c67682dd0d,1382655034,$7
5c657afed9e6e60012bab5d9,gamestudiopsv@gmail.com,6409c34a7175976e265c77f7,com.xigmaGames.thebonfire2,$7
65e71ba517069f0011a36cfa,Rounds,6863f034a844a45e9b6a6e1c,Sound Booster,$7
5e3692d21cd3cb0018dd4329,SuperSonic Studios,62a99ecd004b03bb60426af5,Air Support!,$7
65e71ba517069f0011a36cfa,Rounds,67a0c5faac670fb86b0871e6,Icall2,$7
5c657afed9e6e60012bab5d9,gamestudiopsv@gmail.com,630c6b3e012ff9557822b927,com.CDMApps.ETHCloudMining,$7
561e8d956b8d90f61a003219,"Appodeal, Inc.",69f94bbe650039032ad4790b,com.cuevana.androuiad.vana/778983,$7
561e8d936b8d90f61a00146c,TabTale Ltd.,5846c696d30228ab2b0005ca,Candy Maker (Fyber) iOS_SS,$7
64075f57d6da1900141e5aba,Code Dish GmbH,6435768b8cbfdaf80ef2abf6,Wordwise Android,$7
617916e8f3ef190017a83854,Digitalchemy,63b597a0e677328ac73251e7,Egg Timer,$7
5cda78f561a35300113a86ab,Moonee,64de43de1acd31e87b5c7f70,Energy Fight,$7
65e71ba517069f0011a36cfa,Rounds,69f9eaab41d4695486a1b189,Thumbnail Maker,$7
65e71ba517069f0011a36cfa,Rounds,678517d2d7a0b145879b1946,Good Morning Quotes,$7
56d55c72562b9c353800000d,Voodoo,627a36398e9a403c334236a0,Draw & Break It! ANDROID,$7
561e8d936b8d90f61a001096,MyGames MENA FZ LLC,6894dbff78af03b20debea7f,Zombie Harbor,$7
6297c4bc012073001b3df035,Yandex Inc.,66952452d8791ab136945579,qruqrugames_viselicabalda,$7
65e71ba517069f0011a36cfa,Rounds,691a52ab7c0c59c137792a9a,Block Out (Brickshooter),$7
6297c4bc012073001b3df035,Yandex Inc.,664cc26d244eef0e9a4fba6b,termit88dev_com.banderlogiapps.hd,$7
5c657afed9e6e60012bab5d9,gamestudiopsv@gmail.com,62838fee401d44bb4c7e3a6e,Bitcoin Cloud Mining & Ad Earn,$7
65e71ba517069f0011a36cfa,Rounds,67bc449fd85e20dacde189fe,Picturize It,$7
6297c4bc012073001b3df035,Yandex Inc.,689082735f7b35e31f06bcea,snake-1s_com.mygifs.meteorrainapp,$7
561e8d956b8d90f61a003219,"Appodeal, Inc.",6a1d64940ff4002d78b97281,com.kisskhtv.dramakoreananshow/780164,$7
561e8d936b8d90f61a001096,MyGames MENA FZ LLC,5cb5ec622dd2f50012dfd11f,Evolution: Battle for Utopia iOS,$7
5c657afed9e6e60012bab5d9,gamestudiopsv@gmail.com,6565ecbd9c6fbb20cf6fcff8,6450622838,$7
5cda78f561a35300113a86ab,Moonee,641b41e189f0c3f10938a972,Mutant Master iOS,$7
65e71ba517069f0011a36cfa,Rounds,67c07a13fb32c9bf51ceffb0,Black And White Photo,$7
561e8d976b8d90f61a003e29,Vizor Apps Ltd,698f3bdf845abf6efec0c0a8,Tap Away Decor,$7
561e8d956b8d90f61a003219,"Appodeal, Inc.",66f41ce0e46ccf8835ad0ca0,com.simplicitygames.brainshowmobile/762646,$7
561e8d936b8d90f61a00146c,TabTale Ltd.,5759682d1c7b92224b000037,High School Crush iOS_TT,$7
5c3c9ba19f3cbd45d7dae29c,TapNation,5df67b3fa49858001840a3f2,Bubble sort,$7
59fb487bbe77065f5800afc3,Azur Games,62344744060a2998fea705c0,Ragdoll Weapon Master,$7
5ab5070d69e58f7fca39bfe6,Green Panda Games,5d67bfa7ffce5100182d06c1,Idle Aqua Park Android,$7
561e8d956b8d90f61a003219,"Appodeal, Inc.",63cd53bcbd8436fd7947d484,com.playbench.cuphead/741938,$7
5a53889945eaab512501251e,AddApptr GmbH,66715aeec454e70b945298d3,LiteGames_Farkle_iOS,$7
5c657afed9e6e60012bab5d9,gamestudiopsv@gmail.com,695b8d9296e85e768a5695b7,com.carconnect.n3.app.newapp,$7
65e71ba517069f0011a36cfa,Rounds,6867813d8c52c84a9ce07a61,Gold Hunt,$7
5c657afed9e6e60012bab5d9,gamestudiopsv@gmail.com,6992f741ec24d3c731fe14eb,com.huaweariban9d.watchpp,$7
561e8d966b8d90f61a00392d,WISE WAVE CORPORATION LIMITED,65b6584daad06991469bdd6b,Blackjack 21: Blackjackist Galaxy,$7
65e71ba517069f0011a36cfa,Rounds,68809838eb91ef8f5fcc1a79,Graffiti Logo GP,$7
5c657afed9e6e60012bab5d9,gamestudiopsv@gmail.com,69a01dad3630b752386b8600,com.hadieditz.ninja.TV.pk,$7
5c657afed9e6e60012bab5d9,gamestudiopsv@gmail.com,660ac8865b2dea6d39baf127,1671118457,$7
6297c4bc012073001b3df035,Yandex Inc.,66a8ff13787c69775be14ccd,hsmedia2019_ru.rugion.android.news.r74,$7
561e8d956b8d90f61a0030cf,Ketchapp,62f27c37017c949a78d626fc,Crazy Tire,$7
561e8d936b8d90f61a001260,MAG Interactive,65e607237855ae2db3527d3b,WordWhizzle Themes,$7
5a53889945eaab512501251e,AddApptr GmbH,65fad0bfd68917830d40a69c,wheemedia_CanastaFREE_iOS,$7
627b73f7023d420018e2f038,Chardonnay Partners LLC,65252b860e8e377c60312592,Just Blocks Android,$7
65e71ba517069f0011a36cfa,Rounds,68c2cb3a4b9f993905baac41,Ants Battle,$7
5bec0018c9af0a7962a96f4a,Rollic Games,600686fa186cc49b613cf836,High Heels,$7
5c657afed9e6e60012bab5d9,gamestudiopsv@gmail.com,64b6a206c380eb976b11f31e,com.tanks.battlewars,$7
65e71ba517069f0011a36cfa,Rounds,694e4c00ef46c85a1b2e1d06,Signal Finder iOS,$7
6297c4bc012073001b3df035,Yandex Inc.,6a0b5256ea1371b7b7d2c113,asotnichenko_rustore_com-alexso-internetradio,$7
5bec0018c9af0a7962a96f4a,Rollic Games,5ec7f8a468a0950001a9a235,Tangle Master 3D,$7
64a6b4fdcca9af0011fc86b7,Vira Games Inc,659527529f7b51b659802386,Lifting Hero: More Strong,$7
63d229657d9fc60014b1afdf,Paxie Games,66fe7ed6cde9700bb6f043c7,Mahjong Infinity: Tile Match,$7
561e8d946b8d90f61a001509,Outfit7,6a142d16506d51d291ff30ee,Talking Tom: Epic Ride - appstore,$7
5c657afed9e6e60012bab5d9,gamestudiopsv@gmail.com,69c6b0470858269bd1000237,com.zombieidledefensechair.rs,$7
5c657afed9e6e60012bab5d9,gamestudiopsv@gmail.com,67dd30d89323fd56d149a039,com.onecmobile.solitaireenchanteddeck.google,$7
561e8d956b8d90f61a002a2f,BoomBit Games Ltd,5e96fc883943590001100c3d,Guns Master ANDROID,$7
5c657afed9e6e60012bab5d9,gamestudiopsv@gmail.com,650d65c3b30c764e0a120323,com.psv.simulator.drone_fpv_drs,$7
6297c4bc012073001b3df035,Yandex Inc.,6936c9cd8be4840cda9a6e72,kidsgamesllc_rustore_obby-world,$7
561e8d956b8d90f61a003219,"Appodeal, Inc.",6914b9315ad14aa021f55ba2,com.ingamedev.desertcar/774091,$7
5ef9d5fbf52f8e001b9caba9,BoomBooks Sp. z o.o.,6245a39f483cd0722fb8fbf3,Mining Fever,$7
561e8d956b8d90f61a003219,"Appodeal, Inc.",688f80b5b474a91081b2508e,com.hattorigame.Hattori/770313,$7
5c657afed9e6e60012bab5d9,gamestudiopsv@gmail.com,69df6969b6a93be17be95a7f,com.fitproapp.nepkgnamlastrd,$7
65e71ba517069f0011a36cfa,Rounds,69d3629a9d2d32b0f0568cf0,Alarm Clock Max,$7
5c657afed9e6e60012bab5d9,gamestudiopsv@gmail.com,698051a2e6f73fe2b583bf6a,com.carconnect.n7.neaapp,$7
6297c4bc012073001b3df035,Yandex Inc.,662a5aef0e0761ce8e0a143f,birds-avs_Spider,$7
5c657afed9e6e60012bab5d9,gamestudiopsv@gmail.com,66a204386ec8a1171865bbef,com.textures.shaders.addons.modsformcpe,$7
6297c4bc012073001b3df035,Yandex Inc.,67da8a78420a7a0a7da79b19,birds-avs_solitaire_appgallery,$7
5bec0018c9af0a7962a96f4a,Rollic Games,65573f10a74dd488186a3485,UnscrewPuzzle,$7
61e93624cf7a710017932586,"Appgeneration, Lda",62695038a7899c17f545a0ef,Solitaire 2,$7
59e4bb543f0fa9a20900afa3,TabTale LTD,648980302a2e454c7c0abad3,Drone Attack 3D: Sea Warfare iOS_CL,$7
5c05196699e4374b87bda3b9,Tripledot Studios,684812ed1c6cdeb759d2423c,Tidal Tile,$7
60abbe0138d6920017b43190,Newry Global Media sl,60c9cc445471ae81853ac424,GPS060-01 - Miami Rope Hero Spider Games,$7
5c657afed9e6e60012bab5d9,gamestudiopsv@gmail.com,63cfe1e116ca21b3fc14822b,com.minecraft_mc_addon_space.rocket_mod,$7
65e71ba517069f0011a36cfa,Rounds,6842de664a92261d65bcc6b5,Antenna Map,$7
5c657afed9e6e60012bab5d9,gamestudiopsv@gmail.com,68ad6089b74927f2ab2d57b6,com.electricfoal.photocrafter,$7
5cda78f561a35300113a86ab,Moonee,5d346bf1fae06f0018934b10,Square Bird,$7
61e93624cf7a710017932586,"Appgeneration, Lda",67fe1e36cad65030e350e7d9,AI Transcribe,$7
59fb487bbe77065f5800afc3,Azur Games,5f50bed4a4beda00019a80ba,Tile Connect,$7
5c657afed9e6e60012bab5d9,gamestudiopsv@gmail.com,69f48ca0650039032ad42dfd,com.inside.towelie,$7
561e8d956b8d90f61a003219,"Appodeal, Inc.",69a668c2a554139454515a35,momo.horror.challenge/775865,$7
65e71ba517069f0011a36cfa,Rounds,66684eaf9e6078cbc4eb763d,Enhance It IOS,$7
561e8d976b8d90f61a004288,Panteon Software,5e5f5b4d49b0b60017019a70,Home Restoration,$7
5c657afed9e6e60012bab5d9,gamestudiopsv@gmail.com,66c48d276bdfe2cbb4e5fe91,1638938302,$7
5fc618102e8dd2001579b65d,App Central ltd,6141f8c9646a75dcf790ee38,Zorbing Run,$7
6666afb99ec3300011cdf91d,Appvestor ApS,69c5222d85c4a1c04384061c,NeonA_com.system.messages.textsms_Messages,$7
56d55c72562b9c353800000d,Voodoo,61ae29a0a837f36b52ff6e24,Move House 3D,$7
5e3692d21cd3cb0018dd4329,SuperSonic Studios,63760d5a74b3e203dfb80c11,Hyper Hostess,$7
5e3692d21cd3cb0018dd4329,SuperSonic Studios,643e50ca1715525207ae26a7,Assemble Car Racing,$7
6666afb99ec3300011cdf91d,Appvestor ApS,69de310319e095d4fb93cb2b,todo.list.scheduleplanner.dailyplanner.tasks.reminders,$7
5c657afed9e6e60012bab5d9,gamestudiopsv@gmail.com,6273cef1e524e821ff7573d1,Height Meter iOS,$7
5c657afed9e6e60012bab5d9,gamestudiopsv@gmail.com,668d3e574d6765df32fec452,tA.stAeel.lionWalls,$7
5c657afed9e6e60012bab5d9,gamestudiopsv@gmail.com,66596988a97dd8c75e58f39f,1572616704,$7
5c05196699e4374b87bda3b9,Tripledot Studios,67f62de327032a53848ba556,Aqua Sort: Ocean Tile Match,$7
59e4bb543f0fa9a20900afa3,TabTale LTD,6666e6a188cc429f2d8015b2,Van - Idle Vlogger,$7
59fb487bbe77065f5800afc3,Azur Games,61b083f091b4e235118e2082,Dino Runner 3D,$7
65e71ba517069f0011a36cfa,Rounds,687e32365283df928d631d0f,Photo Lab GP,$7