market_id,ad_format,exchange,revenue
281940292,interstitial,VERVE,454999.5241620048
295646461,interstitial,APPODEAL,378609.93043900514
com.xiaomi.mipicks,native,VUNGLE,315666.63964199694
319881193,interstitial,APPODEAL,292903.68708099663
6504849169,interstitial,VUNGLE,290504.1400479952
com.xiaomi.mipicks,native,XIAOMI,190994.39352200046
com.samsung.android.game.gamehome,native,SAMSUNG,186188.34681299725
com.ecffri.arrows,interstitial,VUNGLE,143704.65995499885
6751056652,interstitial,VUNGLE,115658.11366800043
6751056652,interstitial,APPODEAL,114941.9043920013
com.particlenews.newsbreak,interstitial,DOUBLECLICK,113024.71426999777
com.sec.android.app.samsungapps,interstitial,SAMSUNG,107837.78585500192
com.lemon.lvoverseas,interstitial,VUNGLE,105733.21550899828
395979574,interstitial,VUNGLE,99494.317650001
319881193,interstitial,VUNGLE,93412.62004099943
319881193,interstitial,VERVE,88835.56956300134
319881193,interstitial,UNITY,86432.67017799921
com.xiaomi.mipicks,native,MINTEGRAL,80773.79668300063
com.miui.global.packageinstaller,interstitial,XIAOMI,78674.97488000155
1544750895,interstitial,KONTEXT,76881.80666000012
com.playit.videoplayer,interstitial,VERVE,76115.89669900137
6747875092,interstitial,VUNGLE,75878.38886000037
1407852246,interstitial,VUNGLE,74833.45414199901
281940292,native,VERVE,70461.17191100068
6759763476,interstitial,VUNGLE,65796.97392399942
395979574,interstitial,APPODEAL,64852.475319999285
1544750895,interstitial,VUNGLE,64188.71923899946
com.netshort.abroad,interstitial,INNERACTIVE_DIRECT,60789.26567999984
com.playit.videoplayer,interstitial,VUNGLE,60478.55003300031
295646461,interstitial,VERVE,60378.08012200097
281940292,native,VUNGLE,57488.802222999526
com.weaver.app.prod,interstitial,INNERACTIVE_DIRECT,56176.7344740002
6444946155,interstitial,VUNGLE,54608.704071001215
com.storymatrix.drama,interstitial,APPODEAL,54247.39755999947
com.hotmini.drama.hot,interstitial,VUNGLE,54190.64260499979
com.samsung.android.game.gamehome,native,VUNGLE,54130.603210999594
com.ecffri.arrows,interstitial,APPODEAL,50286.380931000676
281940292,banner,NIMBUS,48502.656412000826
com.Gamnest.CandyRace,interstitial,VUNGLE,48206.149113000305
6751056652,interstitial,INMOBI,47964.42627499973
com.storymatrix.drama,interstitial,VUNGLE,47792.20836499969
videoplayer.videodownloader.downloader,interstitial,VUNGLE,47198.81296700048
com.miui.msa.global,native,XIAOMI,46450.76762200063
319881193,native,VERVE,45615.51805499911
6759763476,interstitial,APPODEAL,42496.05427899955
com.miui.global.packageinstaller,native,XIAOMI,42191.02657899974
319881193,native,INMOBI,41089.192676000835
com.truecaller,mrec,A9TAM,39638.889341999835
319881193,interstitial,INMOBI,39636.05685999931
com.aws.android,interstitial,VERVE,39617.09393100013
1459645446,native,VERVE,39339.54075499971
com.easybrain.sudoku.android,interstitial,VUNGLE,37942.55758099982
6754384144,interstitial,VUNGLE,37888.27221600014
com.miui.player,interstitial,XIAOMI,37698.86085100022
com.pixel.art.coloring.color.number,interstitial,INNERACTIVE_DIRECT,37188.57048699993
com.dubox.drive,interstitial,VUNGLE,36513.10018000018
921765888,interstitial,UNITY,36149.163836999884
jp.naver.linemanga.android,interstitial,APPODEAL,35341.97762099965
com.miniclip.carrom,interstitial,VUNGLE,35129.67657599968
6755183085,interstitial,VUNGLE,34489.723369999694
921765888,interstitial,VUNGLE,34464.93544199991
319881193,native,VUNGLE,33653.26413499965
com.netshort.abroad,interstitial,APPODEAL,33089.5158689998
1544750895,interstitial,INNERACTIVE_DIRECT,33029.20210099976
6754384144,interstitial,APPODEAL,32603.77884800021
com.truecaller,mrec,INMOBI,31708.931618000486
6465991018,interstitial,VUNGLE,31481.570442000208
6444946155,interstitial,APPODEAL,31132.289603999783
com.loomgames.pixelflow,interstitial,APPODEAL,30957.9537239997
com.Gamnest.CandyRace,interstitial,INNERACTIVE_DIRECT,30808.889591000447
6755183085,interstitial,APPODEAL,30478.131254000113
319881193,banner,UNITY,30118.494166000237
921765888,interstitial,INMOBI,30035.460368000295
free.vpn.unblock.proxy.turbovpn,interstitial,INMOBI,29389.87134500013
921765888,interstitial,MINTEGRAL,28822.70768700014
921765888,interstitial,NIMBUS,28596.373919999984
6754558455,interstitial,VUNGLE,28305.241338000033
video.downloader.videodownloader,interstitial,INMOBI,27698.244448999983
1544750895,native,INMOBI,27101.22129600016
498477945,interstitial,VUNGLE,26759.933189000167
295646461,banner,APPODEAL,26758.795476000294
6754558455,interstitial,APPODEAL,26436.237658999915
319881193,native,MINTEGRAL,26365.12707800008
com.vincentb.MobControl,interstitial,APPODEAL,26332.41973400011
com.pixel.art.coloring.color.number,interstitial,VUNGLE,25876.568755999793
1498889847,interstitial,VUNGLE,25370.20685000007
1407852246,native,VERVE,25283.974136999364
921765888,interstitial,INNERACTIVE_DIRECT,25265.950580999965
com.truecaller,interstitial,VERVE,24723.424850000072
1544750895,banner,APPODEAL,24678.57829399974
com.ecffri.arrows,interstitial,INMOBI,24431.73633400002
512939461,interstitial,VUNGLE,24179.05596300011
com.pixel.art.coloring.color.number,interstitial,APPODEAL,24017.09582199986
1589762792,interstitial,VUNGLE,23468.051831000404
281940292,banner,VUNGLE,23270.2090060002
1544750895,interstitial,IRONSOURCE,22667.309045999984
1445472541,interstitial,VUNGLE,22442.23119699985
1509453185,banner,INMOBI,22127.753904999678
1407852246,interstitial,APPODEAL,21840.26828099996
1509453185,native,INMOBI,21598.323526000193
com.miui.global.packageinstaller,banner,VUNGLE,21538.534129000214
com.loomgames.pixelflow,interstitial,VUNGLE,21510.942959000124
com.huub.tiger,native,DOUBLECLICK,20833.64106400004
solitaire.patience.card.games.klondike.free,interstitial,VUNGLE,20758.454364000398
com.fc.goods.sort.matching.puzzle.triplemaster,interstitial,VUNGLE,20661.706694000004
1073936461,interstitial,VUNGLE,20551.681010000317
1589762792,interstitial,VERVE,20498.285504000312
ball.sort.puzzle.color.sorting.bubble.games,interstitial,VUNGLE,20432.143920999963
free.vpn.unblock.proxy.turbovpn,interstitial,DOUBLECLICK,20153.19144000026
295646461,banner,DOUBLECLICK,20150.929967000066
com.domobile.applockwatcher,interstitial,VUNGLE,20124.213051999952
498477945,interstitial,INNERACTIVE_DIRECT,20098.380059000196
6471572249,interstitial,VUNGLE,20061.79466299968
com.ecffri.arrows,interstitial,INNERACTIVE_DIRECT,19967.05424599997
1562817072,interstitial,APPODEAL,19966.363818999795
com.Gamnest.CandyRace,interstitial,MINTEGRAL,19494.4061450002
ball.sort.puzzle.color.sorting.bubble.games,interstitial,MINTEGRAL,19455.58981099993
com.Gamnest.CandyRace,interstitial,INMOBI,19276.081837000213
1073936461,interstitial,INNERACTIVE_DIRECT,19270.43672100038
com.Hadiz.Holeucaneat,interstitial,VUNGLE,19036.012856999638
com.weaver.app.prod,interstitial,VUNGLE,18820.21082600015
com.michatapp.im,interstitial,INNERACTIVE_DIRECT,18583.82812600015
video.downloader.videodownloader,interstitial,VUNGLE,18363.137214000097
1584596271,interstitial,IRONSOURCE,18325.591886999864
com.UCMobile.intl,interstitial,VUNGLE,18309.28670099999
1624606445,interstitial,VUNGLE,18265.42144599995
1459645446,native,INMOBI,18092.84412099976
6759763476,interstitial,INMOBI,18086.848891000125
jigsaw.puzzle.game.banana,interstitial,APPODEAL,18084.75069400012
319881193,interstitial,MINTEGRAL,17799.137040000067
1073936461,interstitial,DOUBLECLICK,17422.990649999934
com.loomgames.pixelflow,interstitial,INNERACTIVE_DIRECT,17343.75820799991
com.michatapp.im,interstitial,VUNGLE,17261.780533999838
6755183085,interstitial,UNITY,17041.53992100011
com.mobilityware.spider,interstitial,VUNGLE,16935.710646999934
1357464684,interstitial,APPODEAL,16922.736897999985
319881193,banner,VERVE,16845.916688999703
1073936461,interstitial,UNITY,16646.559366999885
6742221896,interstitial,IRONSOURCE,16510.53462900042
com.studio27.MelonPlayground,interstitial,APPODEAL,16293.61921100004
295646461,mrec,VUNGLE,16259.803433999978
319881193,banner,MINTEGRAL,16225.1362369999
597088068,interstitial,APPODEAL,16066.457498000049
com.netshort.abroad,interstitial,INMOBI,15814.986056000158
1562817072,interstitial,VUNGLE,15682.537417999936
1459645446,mrec,VUNGLE,15665.32456300002
1509453185,interstitial,VUNGLE,15635.645898999945
1407852246,banner,APPODEAL,15618.839471999949
295646461,mrec,DOUBLECLICK,15590.482437999894
ball.sort.puzzle.color.sorting.bubble.games,interstitial,INNERACTIVE_DIRECT,15566.430039999881
6451208928,interstitial,UNITY,15486.45226400005
com.fc.goods.sort.matching.puzzle.triplemaster,interstitial,APPODEAL,15466.89390400022
jigsaw.puzzle.game.banana,interstitial,VUNGLE,15329.157621999926
6755183085,interstitial,INMOBI,15315.01285199996
1073936461,interstitial,APPLOVIN,15082.577450999765
6759763476,interstitial,UNITY,15038.862166999908
1584596271,interstitial,VERVE,14979.413753000114
com.vincentb.MobControl,interstitial,INNERACTIVE_DIRECT,14881.052326999898
com.netshort.abroad,interstitial,VUNGLE,14856.377472000106
com.ludo.king,interstitial,INNERACTIVE_DIRECT,14828.332978000111
6742221896,interstitial,MINTEGRAL,14764.378325000025
com.sled.surfers.game,interstitial,VUNGLE,14669.5550390002
com.callapp.contacts,interstitial,INMOBI,14611.312631000192
295646461,banner,VUNGLE,14458.307885999855
kjv.bible.kingjamesbible,interstitial,INNERACTIVE_DIRECT,14436.27917999975
319881193,banner,APPODEAL,14332.689309000167
319881193,interstitial,INNERACTIVE_DIRECT,14046.538534000121
com.lemon.lvoverseas,interstitial,DOUBLECLICK,13946.443006000092
kjv.bible.kingjamesbible,interstitial,INMOBI,13934.148105000182
6504849169,interstitial,APPODEAL,13886.85612099997
319881193,interstitial,IRONSOURCE,13815.172588999792
com.miui.global.packageinstaller,native,VUNGLE,13692.993818999983
6751056652,interstitial,UNITY,13640.131985999997
com.xiaomi.mipicks,interstitial,XIAOMI,13572.338950999922
com.truecaller,banner,A9TAM,13482.87442299996
6451208928,interstitial,VUNGLE,13430.598821999969
com.vincentb.MobControl,interstitial,VUNGLE,13401.297121000007
com.mobilityware.spider,interstitial,APPODEAL,13308.941796000052
651510680,interstitial,VUNGLE,13279.329850999888
com.callapp.contacts,interstitial,MINTEGRAL,13265.487736999765
com.domobile.applockwatcher,interstitial,INMOBI,13176.815422000029
6446005634,interstitial,BIGO,13099.29904400001
com.UCMobile.intl,interstitial,BIGO,13037.150809999974
1080465358,interstitial,APPLOVIN,12999.222285000193
water.sort.puzzle.game.color.sorting.free,interstitial,VUNGLE,12919.948651000139
com.particlenews.newsbreak,interstitial,VUNGLE,12851.561938000032
com.goldendragon.luckyblessing,native,BIGO,12819.586703999781
6451208928,interstitial,INNERACTIVE_DIRECT,12703.529046999889
com.studio27.MelonPlayground,interstitial,INNERACTIVE_DIRECT,12676.686679999784
com.Gamnest.CandyRace,interstitial,APPODEAL,12606.958622999973
1357464684,interstitial,VUNGLE,12401.151340000095
1459645446,mrec,VERVE,12312.24849100016
com.dubox.drive,interstitial,INMOBI,12243.215724999955
1445472541,interstitial,APPODEAL,12124.109599000025
com.dubox.drive,interstitial,ZMATICOO,12096.377379000101
com.fc.goods.sort.matching.puzzle.triplemaster,interstitial,INNERACTIVE_DIRECT,12034.407527999992
1407852246,native,INMOBI,12015.441950000057
com.dubox.drive,banner,ZMATICOO,11914.192999000263
319881193,native,INNERACTIVE_DIRECT,11881.435304999948
com.aws.android,native,VERVE,11841.478237999856
com.studio27.MelonPlayground,interstitial,VUNGLE,11801.328371999927
6446005634,interstitial,VUNGLE,11779.278621000087
6747875092,native,INMOBI,11652.598461000005
puzzle.yarn.fever.unravel.puzzle,interstitial,VUNGLE,11648.468322000035
1544750895,native,KONTEXT,11406.678996000011
1502447854,interstitial,VUNGLE,11318.398904000058
com.miui.msa.global,native,VUNGLE,11308.276841999997
com.truecaller,native,VERVE,11306.276272000097
com.dubox.drive,native,INMOBI,11266.865567999836
319881193,native,APPODEAL,11263.040586999929
com.goldendragon.luckyblessing,interstitial,VUNGLE,11249.716869000036
6747875092,interstitial,APPODEAL,11230.971496999882
295646461,interstitial,VUNGLE,11084.576754000309
6451208928,interstitial,APPODEAL,11018.176126000011
solitaire.patience.card.games.klondike.free,interstitial,INNERACTIVE_DIRECT,11015.90837900012
com.ecffri.arrows,interstitial,MINTEGRAL,11010.371787000022
6747875092,native,VERVE,10871.614056000204
com.sled.surfers.game,interstitial,INNERACTIVE_DIRECT,10861.889397000159
1445472541,interstitial,IRONSOURCE,10844.786113000051
com.michatapp.im,interstitial,INMOBI,10813.800010000099
com.studio27.MelonPlayground,interstitial,BIGO,10797.516484000207
com.truecaller,interstitial,INNERACTIVE_DIRECT,10775.065730000173
sorting.games.goods.sort.triple.match3d.puzzle.stuff,interstitial,VUNGLE,10741.965553999858
6451208928,native,VUNGLE,10712.752648000063
com.samsung.android.game.gamehome,native,DOUBLECLICK,10654.445318000136
840919914,native,CHARTBOOST,10630.689974999887
kjv.bible.kingjamesbible,interstitial,VUNGLE,10559.774036000006
free.vpn.unblock.proxy.turbovpn,interstitial,VUNGLE,10533.523053000014
6759763476,interstitial,DOUBLECLICK,10484.015145999645
com.dubox.drive,mrec,ZMATICOO,10310.313554999817
com.naver.linewebtoon,interstitial,APPODEAL,10280.615623000012
6747875092,banner,APPODEAL,10241.562254000033
com.mobilityware.spider,interstitial,INNERACTIVE_DIRECT,10190.38308600001
com.lemon.lvoverseas,native,DOUBLECLICK,10140.243878999974
1544750895,banner,UNITY,10084.57251200007
com.truecaller,native,INNERACTIVE_DIRECT,9896.289042999955
com.miui.player,native,XIAOMI,9754.939407999915
651510680,interstitial,APPODEAL,9748.793256000099
1407852246,banner,APPLOVIN,9736.847514999996
921765888,native,VUNGLE,9655.721837000034
videoplayer.videodownloader.downloader,native,BIGO,9649.174526999876
993090598,interstitial,INNERACTIVE_DIRECT,9604.68442299989
295646461,native,VUNGLE,9565.129822999848
com.huub.tiger,banner,DOUBLECLICK,9536.578483999949
395979574,interstitial,CHARTBOOST,9499.728005999956
com.playit.videoplayer,interstitial,INNERACTIVE_DIRECT,9470.245099000002
1544750895,interstitial,APPODEAL,9394.562888999955
com.miui.msa.global,native,MINTEGRAL,9325.222602999995
1407852246,native,INNERACTIVE_DIRECT,9314.433407999964
com.particlenews.newsbreak,native,DOUBLECLICK,9296.432202999971
1420058690,interstitial,VUNGLE,9063.117486000092
1407852246,banner,MINTEGRAL,8999.304360999855
1080465358,mrec,VUNGLE,8977.740371999913
1407852246,interstitial,UNITY,8958.08516200004
com.Hadiz.Holeucaneat,interstitial,INNERACTIVE_DIRECT,8922.278128999917
com.naver.linewebtoon,interstitial,CRITEO,8835.495552999928
921765888,native,INNERACTIVE_DIRECT,8770.208052000073
1407852246,banner,VERVE,8636.471179999971
com.ludo.king,interstitial,VUNGLE,8599.958928999953
com.loomgames.pixelflow,interstitial,MINTEGRAL,8550.561937000002
512939461,interstitial,INMOBI,8351.612106999888
6751056652,interstitial,INNERACTIVE_DIRECT,8120.852577999901
6754384144,interstitial,UNITY,8072.1650000000045
ball.sort.puzzle.color.sorting.bubble.games,interstitial,APPODEAL,7926.224873999999
512939461,interstitial,IRONSOURCE,7677.700506000049
ball.sort.puzzle.color.sorting.bubble.games,interstitial,INMOBI,7662.316636000074
com.netshort.abroad,interstitial,PANGLE,7600.9579880000065
1544750895,native,INNERACTIVE_DIRECT,7563.317861999976
6754558455,interstitial,INMOBI,7531.428385000008
1589762792,interstitial,INMOBI,7492.077523999959
com.miui.player,interstitial,VUNGLE,7447.7249839999995
6465991018,native,DOUBLECLICK,7446.723813000107
498477945,banner,DOUBLECLICK,7404.957140000125
1080465358,native,VUNGLE,7252.672623999923
1498889847,interstitial,INMOBI,7168.076759999947
com.hotmini.drama.hot,interstitial,APPODEAL,7064.62435800012
395979574,interstitial,MOBILITYWARE,7048.2579160000805
com.pixel.art.coloring.color.number,interstitial,INMOBI,7027.449781999985
com.huub.tiger,banner,NIMBUS,7027.186058000468
6444946155,interstitial,UNITY,7010.526995000005
com.domobile.applockwatcher,interstitial,MINTEGRAL,7010.292618000023
512939461,interstitial,UNITY,6969.155317999991
319881193,mrec,VERVE,6907.921005000003
6471572249,interstitial,APPODEAL,6888.672647000024
com.Gamnest.CandyRace,native,BIGO,6884.855266999975
com.playit.videoplayer,mrec,VERVE,6862.62267599994
840919914,interstitial,VUNGLE,6786.9573039999295
1459645446,native,BIGO,6785.93147899986
com.goldendragon.luckyblessing,interstitial,APPODEAL,6742.212241999985
1544750895,interstitial,UNITY,6701.646601000008
921765888,banner,UNITY,6654.615844000118
319881193,banner,VUNGLE,6610.7480680000235
1584596271,interstitial,VUNGLE,6578.55291600001
com.loomgames.pixelflow,interstitial,INMOBI,6520.378775999997
com.truecaller,interstitial,INMOBI,6513.516955000023
com.vincentb.MobControl,interstitial,MINTEGRAL,6485.384929000106
puzzle.yarn.fever.unravel.puzzle,interstitial,INNERACTIVE_DIRECT,6454.169266000052
1445472541,interstitial,UNITY,6433.175662999906
1407852246,interstitial,INNERACTIVE_DIRECT,6345.208825000039
com.pixel.art.coloring.color.number,interstitial,MINTEGRAL,6339.369952000037
6478063606,interstitial,VUNGLE,6329.377835999989
597088068,interstitial,VUNGLE,6314.262606000033
1459645446,native,APPLOVIN,6306.155713000008
993090598,interstitial,INMOBI,6293.91858299988
sorting.games.goods.sort.triple.match3d.puzzle.stuff,interstitial,INMOBI,6217.017567000064
water.sort.puzzle.game.color.sorting.free,interstitial,INNERACTIVE_DIRECT,6196.858509000055
1407852246,banner,A9TAM,6177.07882299998
6747875092,native,INNERACTIVE_DIRECT,6071.420270999963
1509453185,interstitial,INMOBI,6046.196464999943
com.sec.android.app.samsungapps,interstitial,VUNGLE,5988.709986000036
1459645446,mrec,APPLOVIN,5960.697954000019
6504849169,interstitial,UNITY,5938.4608620000645
1544750895,interstitial,INMOBI,5880.750170000054
498477945,native,INNERACTIVE_DIRECT,5877.577727999956
com.easybrain.sudoku.android,interstitial,INNERACTIVE_DIRECT,5847.906520999942
1342112505,interstitial,VUNGLE,5807.757128000003
1407852246,banner,IRONSOURCE,5801.137975999937
com.Hadiz.Holeucaneat,interstitial,MINTEGRAL,5793.068015999995
6747875092,banner,UNITY,5678.878766000093
1498889847,native,INNERACTIVE_DIRECT,5628.89840500006
512939461,banner,APPLOVIN,5598.441043999982
com.lemon.lvoverseas,interstitial,PANGLE,5573.944666999973
6451208928,interstitial,IRONSOURCE,5570.986772000048
319881193,banner,INNERACTIVE_DIRECT,5541.203075000122
com.callapp.contacts,interstitial,VUNGLE,5506.899362000015
6478063606,interstitial,APPODEAL,5482.036258999986
com.studio27.MelonPlayground,interstitial,MINTEGRAL,5467.218683999925
1509453185,native,APPLOVIN,5456.998225000123
1080465358,interstitial,MINTEGRAL,5448.013767999925
com.naver.linewebtoon,native,INMOBI,5396.403830000078
6747875092,native,MINTEGRAL,5298.662787000041
597088068,interstitial,INNERACTIVE_DIRECT,5258.096590000051
1544750895,banner,IRONSOURCE,5234.788432999926
6754558455,interstitial,UNITY,5188.7186390000115
319881193,banner,INMOBI,5132.300320999944
ball.sort.puzzle.color.sorting.bubble.games,native,INMOBI,5098.974152999986
sorting.games.goods.sort.triple.match3d.puzzle.stuff,interstitial,INNERACTIVE_DIRECT,4990.610276999993
6747875092,banner,APPLOVIN,4963.670926000025
993090598,interstitial,VUNGLE,4930.094707000028
921765888,interstitial,DOUBLECLICK,4928.72765599997
498477945,mrec,DOUBLECLICK,4867.925121000009
6754558455,banner,APPLOVIN,4846.000020000086
1445472541,interstitial,INMOBI,4772.415936999954
com.hotmini.drama.hot,interstitial,INNERACTIVE_DIRECT,4742.089387999921
6471572249,banner,APPODEAL,4597.990610000017
1589762792,native,INMOBI,4590.676904000002
395979574,interstitial,INNERACTIVE_DIRECT,4570.984321999977
1080465358,interstitial,VUNGLE,4551.784149000038
840919914,interstitial,APPODEAL,4549.957898999999
com.studio27.MelonPlayground,interstitial,INMOBI,4541.464848999965
com.callapp.contacts,native,VERVE,4525.792289000005
6747875092,interstitial,VERVE,4507.7144800000515
com.Hadiz.Holeucaneat,interstitial,APPODEAL,4450.305500000016
6504849169,interstitial,INMOBI,4414.2587149999745
1509453185,native,DOUBLECLICK,4401.345929000001
6747875092,interstitial,INMOBI,4394.25111799999
921765888,banner,INNERACTIVE_DIRECT,4389.504206999999
921765888,banner,VUNGLE,4388.3211790000005
com.netshort.abroad,interstitial,MINTEGRAL,4384.125024999958
840919914,interstitial,IRONSOURCE,4380.853219999938
1589762792,interstitial,APPODEAL,4366.19795700001
com.sec.android.app.samsungapps,interstitial,DOUBLECLICK,4357.451877000027
1407852246,banner,INMOBI,4354.7732379999525
1544750895,banner,INMOBI,4339.190796999995
1407852246,interstitial,IRONSOURCE,4330.586589000064
com.truecaller,native,ZMATICOO,4280.387922999706
com.ecffri.arrows,interstitial,APPLOVIN,4273.661883000025
6747875092,banner,INMOBI,4253.828791999909
498477945,interstitial,DOUBLECLICK,4251.831578000013
1498889847,native,INMOBI,4225.742352000019
921765888,banner,DOUBLECLICK,4151.694499999958
com.ludo.king,interstitial,MINTEGRAL,4146.119534000008
com.truecaller,banner,INNERACTIVE_DIRECT,4145.853316000009
com.dubox.drive,banner,INMOBI,4033.2704059999874
com.miniclip.carrom,banner,MINTEGRAL,3995.2754300000042
com.Hadiz.Holeucaneat,interstitial,INMOBI,3981.625812999986
840919914,banner,CHARTBOOST,3957.8512369999976
1407852246,interstitial,CHARTBOOST,3953.352749000094
1212951043,interstitial,VUNGLE,3949.4650710000415
com.dubox.drive,mrec,INMOBI,3917.6697469999635
1407852246,banner,INNERACTIVE_DIRECT,3890.624152000009
video.downloader.videodownloader,interstitial,BIGO,3889.8117069999685
498477945,mrec,VUNGLE,3830.4756559999864
com.callapp.contacts,native,INMOBI,3825.8322390000394
1589762792,native,VERVE,3823.6617910000277
295646461,native,DOUBLECLICK,3822.47459999998
498477945,banner,VUNGLE,3804.251443999984
1624606445,native,INMOBI,3797.946754999975
com.playit.videoplayer,interstitial,MINTEGRAL,3729.3061420000063
395979574,banner,APPODEAL,3707.126435000025
com.storymatrix.drama,interstitial,IRONSOURCE,3699.3875090000342
921765888,native,INMOBI,3677.8574169999615
6504849169,interstitial,INNERACTIVE_DIRECT,3652.4307940000176
281940292,mrec,VUNGLE,3651.967746999998
com.truecaller,banner,VERVE,3586.120344999988
solitaire.patience.card.games.klondike.free,interstitial,INMOBI,3579.1119030000036
993090598,interstitial,APPLOVIN,3531.670813999835
6747875092,interstitial,INNERACTIVE_DIRECT,3529.296719000011
com.sled.surfers.game,interstitial,INMOBI,3503.734558999975
319881193,mrec,UNITY,3499.1550199999874
1080465358,interstitial,VERVE,3432.7841529999855
1544750895,interstitial,APPLOVIN,3404.181061999994
com.truecaller,banner,INMOBI,3403.7232829999975
281940292,banner,VERVE,3395.628658999988
1502447854,interstitial,A9TAM,3381.924616000052
com.sled.surfers.game,interstitial,MINTEGRAL,3380.2694249999504
6759763476,banner,APPODEAL,3363.402810999967
com.lemon.lvoverseas,interstitial,MINTEGRAL,3345.1737229999753
1624606445,interstitial,INMOBI,3307.90457399999
com.michatapp.im,interstitial,PANGLE,3301.2247810000563
1407852246,interstitial,BIGO,3287.3419989999966
video.downloader.videodownloader,interstitial,MINTEGRAL,3246.2820949999773
6742221896,interstitial,INNERACTIVE_DIRECT,3233.0583699999916
6759763476,interstitial,INNERACTIVE_DIRECT,3216.3829939999086
com.hotmini.drama.hot,interstitial,TOPON,3165.6000819999963
1498889847,banner,INNERACTIVE_DIRECT,3159.8753719999513
6747875092,banner,A9TAM,3155.746039
1624606445,banner,UNITY,3140.3588470000304
1420058690,interstitial,APPODEAL,3138.929865999966
com.weaver.app.prod,interstitial,BIGO,3133.146384999981
com.naver.linewebtoon,interstitial,VUNGLE,3124.1365260000102
com.easybrain.sudoku.android,interstitial,APPODEAL,3070.4133010000282
6478063606,interstitial,INMOBI,3068.4874420000147
com.Gamnest.CandyRace,interstitial,BIGO,3034.3632619999757
water.sort.puzzle.game.color.sorting.free,interstitial,MINTEGRAL,3034.2579669999923
6471572249,native,INMOBI,2991.428770999982
993090598,banner,APPLOVIN,2981.524299000023
6465991018,native,MINTEGRAL,2977.4871889999927
6444946155,interstitial,INMOBI,2975.322620999995
jp.naver.linemanga.android,interstitial,VUNGLE,2964.065368
1407852246,interstitial,INMOBI,2958.1189659999955
1073936461,interstitial,IRONSOURCE,2957.630243999985
6471572249,interstitial,INNERACTIVE_DIRECT,2948.907990999983
6471572249,native,INNERACTIVE_DIRECT,2931.986834000023
6444946155,interstitial,INNERACTIVE_DIRECT,2914.013121000005
com.callapp.contacts,interstitial,APPODEAL,2891.676289000065
840919914,interstitial,INMOBI,2886.860852999996
6504849169,interstitial,DOUBLECLICK,2866.585333000072
1624606445,interstitial,UNITY,2822.177829999981
com.truecaller,mrec,ZMATICOO,2803.677650999873
com.callapp.contacts,banner,A9TAM,2802.338993999981
puzzle.yarn.fever.unravel.puzzle,interstitial,APPODEAL,2781.721333999991
295646461,interstitial,DOUBLECLICK,2763.676411999978
com.aws.android,native,VUNGLE,2735.0691039999965
com.weaver.app.prod,interstitial,INMOBI,2717.6549189999764
com.dubox.drive,interstitial,BIGO,2708.606606000004
com.particlenews.newsbreak,banner,DOUBLECLICK,2700.327140000024
6754384144,interstitial,IRONSOURCE,2697.7271379999484
6465991018,native,INMOBI,2696.5024840000015
498477945,native,VUNGLE,2694.161398000074
319881193,mrec,VUNGLE,2670.7662619999874
281940292,banner,DOUBLECLICK,2666.416367000003
840919914,banner,UNITY,2659.7532240000232
videoplayer.videodownloader.downloader,interstitial,APPLOVIN,2658.1653530000126
solitaire.patience.card.games.klondike.free,interstitial,MINTEGRAL,2643.5870430000064
6471572249,banner,APPLOVIN,2642.905661000048
com.pixel.art.coloring.color.number,interstitial,PANGLE,2634.6957619999966
com.domobile.applockwatcher,native,INMOBI,2631.7668540000222
1562817072,interstitial,UNITY,2621.601750999977
1212951043,interstitial,APPODEAL,2621.2913980000008
com.studio27.MelonPlayground,native,BIGO,2588.7392629999913
solitaire.patience.card.games.klondike.free,interstitial,APPODEAL,2581.051987000008
1212951043,native,CHARTBOOST,2565.6070769999815
6451208928,banner,APPODEAL,2563.225143999974
498477945,banner,INNERACTIVE_DIRECT,2554.751129000033
1544750895,banner,INNERACTIVE_DIRECT,2522.754769999982
1498889847,interstitial,INNERACTIVE_DIRECT,2519.8706569999904
651510680,native,CHARTBOOST,2501.5606300000004
6747875092,banner,INNERACTIVE_DIRECT,2498.646363000011
6471572249,banner,UNITY,2476.308377999981
com.ecffri.arrows,interstitial,UNITY,2466.9021000000093
com.pixel.art.coloring.color.number,banner,APPODEAL,2460.644122000041
6747875092,banner,MINTEGRAL,2459.891611999993
com.miniclip.carrom,interstitial,DOUBLECLICK,2454.8354399999957
498477945,mrec,INNERACTIVE_DIRECT,2445.899213000011
sorting.games.goods.sort.triple.match3d.puzzle.stuff,native,INMOBI,2443.7018460000254
com.pixel.art.coloring.color.number,banner,A9TAM,2437.305938999973
com.truecaller,native,INMOBI,2426.7493310000227
1589762792,interstitial,BIGO,2421.4682819999975
com.netshort.abroad,interstitial,APPLOVIN,2409.930847999958
840919914,banner,APPODEAL,2396.5401639999905
1080465358,banner,VUNGLE,2393.4988870000093
com.callapp.contacts,native,VUNGLE,2393.280061000004
com.michatapp.im,interstitial,MINTEGRAL,2389.914060000019
com.netshort.abroad,interstitial,DOUBLECLICK,2388.2492179999967
com.UCMobile.intl,interstitial,UNITY,2383.1775739999835
395979574,interstitial,UNITY,2363.981840999983
6471572249,banner,MINTEGRAL,2357.385808999996
com.dubox.drive,interstitial,MINTEGRAL,2348.017109999979
319881193,mrec,APPODEAL,2347.7231039999974
651510680,interstitial,INMOBI,2340.790203999986
com.Hadiz.Holeucaneat,native,BIGO,2326.5383200000506
1584596271,interstitial,APPODEAL,2290.3706360000033
993090598,native,INNERACTIVE_DIRECT,2270.9477169999486
6471572249,interstitial,INMOBI,2265.0398379999874
6742221896,banner,APPLOVIN,2253.5795240000216
6742221896,native,INNERACTIVE_DIRECT,2252.5029419999996
video.downloader.videodownloader,interstitial,PANGLE,2249.9146760000235
1624606445,banner,IRONSOURCE,2234.860271999997
com.storymatrix.drama,interstitial,MINTEGRAL,2234.157456000001
6504849169,banner,UNITY,2208.4359539999996
com.dubox.drive,interstitial,PANGLE,2198.254890999988
water.sort.puzzle.game.color.sorting.free,interstitial,INMOBI,2181.9239089999724
1589762792,banner,ZMATICOO,2176.987984000022
6471572249,native,BIGO,2176.3257559999984
319881193,mrec,INNERACTIVE_DIRECT,2166.528637999997
com.truecaller,mrec,VERVE,2165.865557999995
com.miniclip.carrom,native,INMOBI,2163.790635999965
6471572249,banner,ZMATICOO,2160.0570150000385
512939461,native,INMOBI,2152.5706519999876
6465991018,interstitial,UNITY,2151.1103400000006
993090598,native,INMOBI,2150.476200000029
6759763476,banner,UNITY,2149.349579000018
395979574,native,INNERACTIVE_DIRECT,2144.6135790000103
6465991018,interstitial,APPODEAL,2089.590925999993
512939461,banner,IRONSOURCE,2075.9317429999746
kjv.bible.kingjamesbible,interstitial,MINTEGRAL,2074.1547099999957
6478063606,native,INNERACTIVE_DIRECT,2069.980268000023
6478063606,interstitial,UNITY,2068.2496579999975
com.UCMobile.intl,interstitial,MINTEGRAL,2068.1977770000067
651510680,interstitial,INNERACTIVE_DIRECT,2066.881183999996
1212951043,banner,APPODEAL,2066.779369000032
com.playit.videoplayer,mrec,DOUBLECLICK,2056.9236049999913
1420058690,interstitial,UNITY,2028.8570770000094
1357464684,interstitial,UNITY,2025.4222210000066
6471572249,interstitial,UNITY,1994.6579140000006
6451208928,banner,VUNGLE,1993.9859289999906
651510680,native,INMOBI,1972.6182169999656
1420058690,native,INMOBI,1967.7345299999865
com.pixel.art.coloring.color.number,native,INNERACTIVE_DIRECT,1965.04689100004
com.netshort.abroad,interstitial,UNITY,1963.5890180000292
6747875092,interstitial,UNITY,1950.9001730000148
1584596271,native,VUNGLE,1947.511566999983
6504849169,native,INMOBI,1942.026230999984
395979574,banner,DOUBLECLICK,1940.8734579999968
1589762792,native,INNERACTIVE_DIRECT,1922.9037359999977
video.downloader.videodownloader,native,INMOBI,1914.5097590000337
1212951043,banner,UNITY,1906.4064339999995
com.michatapp.im,native,INMOBI,1898.5270840000162
com.miui.global.packageinstaller,mrec,XIAOMI,1898.022047000003
1498889847,native,VUNGLE,1891.936340000001
651510680,native,VUNGLE,1890.5009390000164
840919914,native,INMOBI,1888.615929000002
993090598,banner,INNERACTIVE_DIRECT,1886.1369579999823
6478063606,native,INMOBI,1872.6735389999915
1544750895,interstitial,DOUBLECLICK,1870.3410560000386
com.truecaller,banner,ZMATICOO,1869.6708299998925
com.easybrain.sudoku.android,interstitial,INMOBI,1866.8433580000046
512939461,interstitial,APPODEAL,1866.499972999994
com.domobile.applockwatcher,mrec,VUNGLE,1866.0109400000258
com.aws.android,banner,VUNGLE,1853.720887999984
com.vincentb.MobControl,interstitial,INMOBI,1853.3495359999988
com.miniclip.carrom,interstitial,INMOBI,1848.0115270000156
1212951043,native,INMOBI,1829.4697850000086
840919914,banner,DOUBLECLICK,1827.7282450000032
6751056652,interstitial,MINTEGRAL,1811.7973710000028
319881193,mrec,MINTEGRAL,1806.1131140000011
1589762792,interstitial,APPLOVIN,1802.8025580000026
1584596271,native,INMOBI,1800.5286649999962
1584596271,interstitial,INMOBI,1799.2854339999928
512939461,native,IRONSOURCE,1788.7962370000253
com.playit.videoplayer,native,VUNGLE,1788.315767000018
com.vincentb.MobControl,interstitial,PANGLE,1786.514549000006
6754384144,interstitial,INNERACTIVE_DIRECT,1785.380268999999
1420058690,interstitial,IRONSOURCE,1782.1582800000242
com.pixel.art.coloring.color.number,native,INMOBI,1780.4143300000385
921765888,interstitial,IRONSOURCE,1766.0428390000031
videoplayer.videodownloader.downloader,interstitial,BIGO,1764.5125709999982
6465991018,native,VUNGLE,1755.2574600000169
1212951043,native,INNERACTIVE_DIRECT,1751.1359749999983
1420058690,banner,APPODEAL,1750.4876540000066
water.sort.puzzle.game.color.sorting.free,native,INMOBI,1748.554438000054
1544750895,interstitial,MINTEGRAL,1748.0234369999873
com.callapp.contacts,banner,MINTEGRAL,1743.4521670000056
com.hotmini.drama.hot,interstitial,TAURUSX,1740.467748000009
1509453185,interstitial,DOUBLECLICK,1736.2018379999924
6751056652,interstitial,IRONSOURCE,1726.3732810000045
com.xiaomi.mipicks,mrec,XIAOMI,1724.3515820000289
6471572249,banner,DOUBLECLICK,1724.1293349999771
com.fc.goods.sort.matching.puzzle.triplemaster,interstitial,INMOBI,1708.2515840000099
com.callapp.contacts,interstitial,BIGO,1698.7492839999893
com.hotmini.drama.hot,native,TOPON,1674.0851570000123
1502447854,interstitial,VERVE,1672.636632000006
com.goldendragon.luckyblessing,interstitial,MINTEGRAL,1668.6870409999894
jigsaw.puzzle.game.banana,interstitial,MINTEGRAL,1664.964493
com.naver.linewebtoon,banner,CRITEO,1657.8571839999863
840919914,interstitial,APPLOVIN,1651.4726880000321
com.weaver.app.prod,interstitial,MINTEGRAL,1644.45986900004
com.goldendragon.luckyblessing,interstitial,BIGO,1643.1525299999967
1584596271,interstitial,UNITY,1625.7260539999977
1080465358,banner,MINTEGRAL,1619.6900129999935
com.domobile.applockwatcher,native,VERVE,1617.5430360000041
com.ecffri.arrows,interstitial,DOUBLECLICK,1593.943377000024
1357464684,interstitial,INNERACTIVE_DIRECT,1593.9217430000003
6747875092,interstitial,IRONSOURCE,1588.8583690000066
com.pixel.art.coloring.color.number,native,VERVE,1586.5373800000295
1342112505,interstitial,UNITY,1572.0476319999725
1420058690,interstitial,VERVE,1570.0526670000083
com.callapp.contacts,mrec,A9TAM,1557.0502390000315
com.sled.surfers.game,interstitial,APPLOVIN,1552.466648999995
com.storymatrix.drama,interstitial,PANGLE,1550.2170779999672
kjv.bible.kingjamesbible,interstitial,PANGLE,1537.5082870000074
840919914,interstitial,UNITY,1531.179561999988
com.ludo.king,interstitial,INMOBI,1527.6240470000087
1342112505,interstitial,INMOBI,1520.783428000013
1589762792,banner,VERVE,1514.5941540000088
512939461,interstitial,INNERACTIVE_DIRECT,1512.2407040000203
921765888,banner,MINTEGRAL,1503.4202709999934
1589762792,interstitial,MINTEGRAL,1490.2307900000037
com.UCMobile.intl,interstitial,APPLOVIN,1486.6630339999813
com.playit.videoplayer,mrec,VUNGLE,1483.6717400000239
6742221896,banner,MINTEGRAL,1480.9743549999957
com.weaver.app.prod,native,BIGO,1478.4315519999934
1624606445,interstitial,MINTEGRAL,1473.6219979999987
com.miniclip.carrom,interstitial,MINTEGRAL,1461.6662380000168
solitaire.patience.card.games.klondike.free,native,INMOBI,1460.2959689999889
6444946155,interstitial,IRONSOURCE,1456.5932329999903
jigsaw.puzzle.game.banana,interstitial,APPLOVIN,1425.3966020000357
com.naver.linewebtoon,interstitial,INMOBI,1420.2762910000065
puzzle.yarn.fever.unravel.puzzle,interstitial,PANGLE,1417.1267410000055
com.dubox.drive,interstitial,APPLOVIN,1408.8645349999902
6451208928,interstitial,APPLOVIN,1408.3021280000137
6759763476,native,INNERACTIVE_DIRECT,1393.21630500002
com.storymatrix.drama,interstitial,UNITY,1391.2292739999925
1073936461,banner,DOUBLECLICK,1391.1824649999965
1212951043,interstitial,UNITY,1384.7694120000017
840919914,banner,MINTEGRAL,1376.9569550000087
1624606445,banner,MINTEGRAL,1374.5944010000194
921765888,banner,INMOBI,1367.971074000018
solitaire.patience.card.games.klondike.free,native,INNERACTIVE_DIRECT,1367.1253410000256
6471572249,interstitial,IRONSOURCE,1364.0788639999782
993090598,banner,INMOBI,1362.8191170000052
395979574,interstitial,IRONSOURCE,1355.267716000002
com.playit.videoplayer,banner,DOUBLECLICK,1353.2673430000116
1584596271,interstitial,DOUBLECLICK,1350.4760310000015
com.netshort.abroad,native,INMOBI,1344.3714640000217
6747875092,banner,VERVE,1333.9607489999948
com.domobile.applockwatcher,interstitial,APPODEAL,1324.348476999986
1509453185,native,MINTEGRAL,1321.954260999995
1589762792,banner,INMOBI,1321.2110070000062
sorting.games.goods.sort.triple.match3d.puzzle.stuff,interstitial,MINTEGRAL,1306.1867990000112
solitaire.patience.card.games.klondike.free,native,VERVE,1287.8684240000089
com.UCMobile.intl,interstitial,PANGLE,1286.5281699999757
1080465358,mrec,MINTEGRAL,1280.8123239999973
281940292,mrec,NIMBUS,1275.8132650000034
921765888,mrec,DOUBLECLICK,1262.478230999999
jigsaw.puzzle.game.banana,interstitial,BIGO,1261.561993999999
com.miui.player,native,MINTEGRAL,1251.1406389999888
1589762792,banner,APPODEAL,1250.4408160000155
6759763476,interstitial,IRONSOURCE,1241.4391359999968
1509453185,native,VERVE,1238.8071839999993
1342112505,interstitial,APPLOVIN,1237.0970479999974
com.truecaller,mrec,CRITEO,1228.050700999947
6451208928,native,INNERACTIVE_DIRECT,1211.2948140000096
6478063606,banner,INNERACTIVE_DIRECT,1209.720405999998
395979574,banner,INNERACTIVE_DIRECT,1204.8936270000258
1357464684,interstitial,APPLOVIN,1201.9401319999981
com.weaver.app.prod,interstitial,APPODEAL,1199.4656429999927
1420058690,interstitial,INNERACTIVE_DIRECT,1198.7217829999947
com.playit.videoplayer,interstitial,DOUBLECLICK,1197.1541049999864
puzzle.yarn.fever.unravel.puzzle,interstitial,ZMATICOO,1196.1764059999539
651510680,banner,CHARTBOOST,1173.815244999992
6478063606,native,VUNGLE,1171.382693999999
1342112505,interstitial,APPODEAL,1168.9376340000001
1212951043,interstitial,INMOBI,1153.7922530000046
sorting.games.goods.sort.triple.match3d.puzzle.stuff,interstitial,UNITY,1153.135352999993
6759763476,interstitial,MINTEGRAL,1151.951803999996
6759763476,banner,APPLOVIN,1150.354283999997
1212951043,interstitial,VERVE,1146.5386789999948
1589762792,banner,MINTEGRAL,1145.8646419999989
videoplayer.videodownloader.downloader,interstitial,PANGLE,1144.4673050000092
com.vincentb.MobControl,interstitial,UNITY,1138.5364500000014
6747875092,interstitial,A9TAM,1136.8159660000028
6451208928,interstitial,MINTEGRAL,1129.3580089999978
6742221896,interstitial,DOUBLECLICK,1127.521254000043
com.ludo.king,interstitial,APPLOVIN,1127.2688970000127
1407852246,interstitial,MINTEGRAL,1125.4339420000026
videoplayer.videodownloader.downloader,native,DOUBLECLICK,1125.2798449999923
com.storymatrix.drama,interstitial,DOUBLECLICK,1123.9834210000301
com.fc.goods.sort.matching.puzzle.triplemaster,interstitial,MINTEGRAL,1105.5848140000037
com.naver.linewebtoon,native,VUNGLE,1104.0369060000105
1357464684,interstitial,INMOBI,1094.5632389999935
com.miniclip.carrom,interstitial,APPODEAL,1088.9495370000066
com.easybrain.sudoku.android,native,INNERACTIVE_DIRECT,1088.001613000002
com.huub.tiger,interstitial,NIMBUS,1080.9369050000007
1544750895,native,VUNGLE,1078.5608670000001
com.Gamnest.CandyRace,interstitial,UNITY,1068.8049060000124
1498889847,banner,APPLOVIN,1068.714834999992
1509453185,interstitial,APPLOVIN,1062.1528530000119
6742221896,banner,INNERACTIVE_DIRECT,1058.2571810000031
1212951043,banner,CHARTBOOST,1058.23209999999
com.Hadiz.Holeucaneat,interstitial,BIGO,1054.6014460000047
com.miui.player,interstitial,PANGLE,1051.6842549999947
6444946155,interstitial,MINTEGRAL,1049.709703999996
com.easybrain.sudoku.android,interstitial,VERVE,1043.5900419999966
1589762792,interstitial,IRONSOURCE,1035.4223389999995
1589762792,banner,INNERACTIVE_DIRECT,1034.9915350000063
kjv.bible.kingjamesbible,interstitial,APPLOVIN,1032.7922310000024
1624606445,interstitial,INNERACTIVE_DIRECT,1032.7291020000114
ball.sort.puzzle.color.sorting.bubble.games,interstitial,PANGLE,1029.6773450000076
6742221896,banner,IRONSOURCE,1014.3264560000024
1420058690,native,INNERACTIVE_DIRECT,1008.0967589999839
921765888,mrec,NIMBUS,1006.3829769999959
solitaire.patience.card.games.klondike.free,interstitial,PANGLE,999.8736220000148
6471572249,banner,INMOBI,999.775537999996
com.fc.goods.sort.matching.puzzle.triplemaster,interstitial,BIGO,996.9492050000042
1498889847,banner,VUNGLE,995.5630060000095
6451208928,banner,MINTEGRAL,986.4432009999837
com.goldendragon.luckyblessing,interstitial,INNERACTIVE_DIRECT,978.4034909999978
921765888,mrec,VUNGLE,967.934202000003
512939461,interstitial,APPLOVIN,960.7908240000123
6465991018,interstitial,INMOBI,957.3162699999992
com.ludo.king,banner,UNITY,951.8419360000139
ball.sort.puzzle.color.sorting.bubble.games,native,INNERACTIVE_DIRECT,949.5418300000124
1342112505,native,INMOBI,946.197786999999
6471572249,banner,A9TAM,942.3465770000081
1498889847,banner,INMOBI,938.1080109999873
1502447854,interstitial,INMOBI,933.5993559999963
6754384144,interstitial,MINTEGRAL,932.043150000004
651510680,banner,APPODEAL,928.3860599999737
com.easybrain.sudoku.android,banner,A9TAM,927.6386789999926
6754558455,interstitial,IRONSOURCE,921.9299710000118
com.naver.linewebtoon,native,INNERACTIVE_DIRECT,917.112396999998
com.naver.linewebtoon,native,DOUBLECLICK,916.531223000022
com.easybrain.sudoku.android,native,VUNGLE,916.2994240000078
com.ecffri.arrows,interstitial,IRONSOURCE,914.5205850000025
com.dubox.drive,native,DOUBLECLICK,909.3667849999769
6471572249,banner,INNERACTIVE_DIRECT,907.1128959999926
com.vincentb.MobControl,interstitial,APPLOVIN,905.5034889999965
com.easybrain.sudoku.android,interstitial,BIGO,901.2148790000074
com.ludo.king,interstitial,UNITY,899.1251910000088
1589762792,interstitial,DOUBLECLICK,896.6440219999748
1498889847,interstitial,DOUBLECLICK,882.1623200000053
1212951043,banner,A9TAM,881.8210290000127
com.storymatrix.drama,interstitial,APPLOVIN,876.6973180000066
840919914,native,INNERACTIVE_DIRECT,875.2737050000081
1584596271,banner,ZMATICOO,873.5673449999903
651510680,interstitial,DOUBLECLICK,871.3179769999934
puzzle.yarn.fever.unravel.puzzle,interstitial,MINTEGRAL,869.9014260000046
512939461,banner,INMOBI,865.7567120000033
ball.sort.puzzle.color.sorting.bubble.games,native,VERVE,850.7529560000157
1584596271,banner,VUNGLE,849.7724710000023
puzzle.yarn.fever.unravel.puzzle,interstitial,INMOBI,848.6275869999989
1624606445,banner,INMOBI,842.3316170000018
com.ludo.king,banner,MINTEGRAL,838.3701370000073
6747875092,banner,BIGO,837.5351660000134
6742221896,interstitial,APPLOVIN,834.0330160000013
ball.sort.puzzle.color.sorting.bubble.games,banner,MINTEGRAL,830.998562000013
6478063606,interstitial,INNERACTIVE_DIRECT,829.6617289999942
1502447854,interstitial,MINTEGRAL,822.3079480000027
6444946155,interstitial,APPLOVIN,816.9690509999992
1502447854,banner,MINTEGRAL,810.9928420000073
videoplayer.videodownloader.downloader,banner,DOUBLECLICK,807.2408790000001
1073936461,interstitial,MINTEGRAL,802.9879480000026
jigsaw.puzzle.game.banana,native,INMOBI,800.4936070000034
651510680,interstitial,IRONSOURCE,788.7987459999939
1357464684,interstitial,VERVE,787.2959489999978
6504849169,interstitial,CHARTBOOST,786.9869459999919
1420058690,native,CHARTBOOST,785.7620280000052
1420058690,native,VUNGLE,781.718234999996
281940292,native,INMOBI,780.9214360000002
512939461,banner,UNITY,777.2226140000117
solitaire.patience.card.games.klondike.free,interstitial,BIGO,775.7601749999956
1212951043,interstitial,INNERACTIVE_DIRECT,773.5789180000014
6451208928,banner,APPLOVIN,773.0248459999965
6478063606,interstitial,DOUBLECLICK,772.4549999999888
6451208928,banner,INNERACTIVE_DIRECT,771.1765370000164
512939461,native,VUNGLE,770.6897060000066
jigsaw.puzzle.game.banana,banner,MINTEGRAL,769.0853460000039
com.miniclip.carrom,interstitial,INNERACTIVE_DIRECT,759.8365150000006
1502447854,native,INMOBI,755.2307859999968
1420058690,banner,INMOBI,750.8520760000049
6754384144,interstitial,APPLOVIN,743.2320269999909
com.fc.goods.sort.matching.puzzle.triplemaster,native,INMOBI,742.1066440000002
kjv.bible.kingjamesbible,interstitial,APPODEAL,739.2941109999994
1420058690,interstitial,INMOBI,736.9648470000063
com.loomgames.pixelflow,interstitial,UNITY,736.1580030000022
1502447854,banner,APPLOVIN,732.6837589999815
993090598,banner,DOUBLECLICK,731.7575919999989
com.callapp.contacts,native,BIGO,730.500834999989
651510680,banner,VUNGLE,729.8562609999974
993090598,interstitial,DOUBLECLICK,723.9786000000003
com.callapp.contacts,banner,INMOBI,717.9365899999978
1584596271,banner,DOUBLECLICK,715.6953220000108
com.fc.goods.sort.matching.puzzle.triplemaster,interstitial,PANGLE,713.6558679999952
com.playit.videoplayer,native,DOUBLECLICK,712.6085080000204
6755183085,interstitial,MINTEGRAL,710.0269979999962
com.naver.linewebtoon,interstitial,INNERACTIVE_DIRECT,708.5661980000109
1502447854,interstitial,UNITY,708.1201560000023
1584596271,native,VERVE,707.99569899999
1584596271,interstitial,INNERACTIVE_DIRECT,706.6278710000008
solitaire.patience.card.games.klondike.free,banner,MINTEGRAL,706.5398860000118
com.truecaller,mrec,INNERACTIVE_DIRECT,702.5578459999962
jigsaw.puzzle.game.banana,interstitial,PANGLE,699.2574290000027
com.aws.android,banner,NIMBUS,699.1495019999942
1562817072,interstitial,IRONSOURCE,698.4511140000005
com.playit.videoplayer,native,VERVE,697.6344350000315
1589762792,native,BIGO,694.3792429999962
1589762792,interstitial,INNERACTIVE_DIRECT,693.7777559999993
com.truecaller,banner,CRITEO,691.8873210000105
6755183085,interstitial,APPLOVIN,689.7823220000004
1342112505,interstitial,IRONSOURCE,687.8045889999959
6471572249,interstitial,APPLOVIN,685.434259000004
921765888,interstitial,APPODEAL,680.4009049999988
free.vpn.unblock.proxy.turbovpn,native,DOUBLECLICK,679.9908970000031
295646461,native,VERVE,672.5773190000075
1589762792,banner,BIGO,672.2115510000189
com.michatapp.im,mrec,DOUBLECLICK,671.2190779999934
com.miniclip.carrom,banner,INNERACTIVE_DIRECT,668.802900999994
6465991018,native,BIGO,666.5509779999986
1502447854,native,INNERACTIVE_DIRECT,666.0978470000051
6742221896,native,MINTEGRAL,665.3770689999984
840919914,banner,INMOBI,664.670148000001
jigsaw.puzzle.game.banana,native,VERVE,663.5582789999987
651510680,interstitial,APPLOVIN,661.3032969999981
com.sled.surfers.game,interstitial,PANGLE,660.1912310000029
597088068,native,INMOBI,656.9935200000082
1420058690,banner,UNITY,652.2065430000005
com.particlenews.newsbreak,native,INMOBI,650.7851229999948
993090598,interstitial,MINTEGRAL,649.2385789999989
com.domobile.applockwatcher,mrec,A9TAM,646.9263160000082
sorting.games.goods.sort.triple.match3d.puzzle.stuff,interstitial,PANGLE,644.4529469999999
319881193,mrec,INMOBI,630.1005060000134
sorting.games.goods.sort.triple.match3d.puzzle.stuff,native,INNERACTIVE_DIRECT,620.932379999999
com.naver.linewebtoon,interstitial,CHARTBOOST,620.6799429999926
com.easybrain.sudoku.android,native,INMOBI,620.4474360000044
com.ludo.king,native,VUNGLE,617.2618999999929
1407852246,native,VUNGLE,616.7880980000033
1502447854,native,VUNGLE,613.2297179999989
1357464684,native,INMOBI,612.6590730000022
597088068,interstitial,APPLOVIN,610.9371470000009
com.mobilityware.spider,interstitial,MOBILITYWARE,607.4939079999931
ball.sort.puzzle.color.sorting.bubble.games,interstitial,DOUBLECLICK,606.1074350000022
6446005634,interstitial,INNERACTIVE_DIRECT,602.211731
1212951043,banner,INNERACTIVE_DIRECT,597.6924109999935
6504849169,banner,DOUBLECLICK,595.8271909999929
6446005634,interstitial,DOUBLECLICK,593.922097000003
solitaire.patience.card.games.klondike.free,native,BIGO,590.7057430000008
com.Gamnest.CandyRace,interstitial,PANGLE,589.210665000011
1509453185,banner,VERVE,587.6722870000018
video.downloader.videodownloader,native,VUNGLE,583.9440079999817
6471572249,interstitial,A9TAM,580.4259109999955
6504849169,interstitial,MINTEGRAL,578.9452950000017
6478063606,banner,VUNGLE,575.6392979999971
sorting.games.goods.sort.triple.match3d.puzzle.stuff,native,VERVE,574.7804620000055
com.easybrain.sudoku.android,interstitial,MINTEGRAL,574.1916280000038
com.Gamnest.CandyRace,interstitial,IRONSOURCE,573.9181090000089
840919914,interstitial,CHARTBOOST,571.3720360000029
video.downloader.videodownloader,interstitial,APPLOVIN,569.0463279999991
com.miniclip.carrom,native,INNERACTIVE_DIRECT,565.1500929999937
6465991018,interstitial,MINTEGRAL,564.6038339999994
1624606445,native,INNERACTIVE_DIRECT,559.7411219999952
840919914,interstitial,DOUBLECLICK,557.6779529999944
com.domobile.applockwatcher,mrec,VERVE,556.8891840000001
6754558455,interstitial,MINTEGRAL,556.8296929999972
com.easybrain.sudoku.android,native,VERVE,555.3589560000022
1420058690,banner,MINTEGRAL,555.1124750000009
993090598,native,VUNGLE,554.9579150000058
6504849169,interstitial,APPLOVIN,554.2705449999979
1342112505,native,VERVE,554.2208679999982
1420058690,banner,A9TAM,552.9475940000032
video.downloader.videodownloader,interstitial,UNITY,547.7376429999988
6759763476,banner,INNERACTIVE_DIRECT,542.3217440000059
1498889847,native,DOUBLECLICK,541.3222529999967
com.ludo.king,native,INMOBI,539.5705480000031
com.pixel.art.coloring.color.number,banner,INNERACTIVE_DIRECT,535.9835100000031
com.hotmini.drama.hot,interstitial,BIGO,535.8775519999991
com.huub.tiger,interstitial,DOUBLECLICK,529.2884610000065
com.miniclip.carrom,native,VUNGLE,528.3585639999947
1212951043,banner,INMOBI,528.256026
1544750895,banner,APPLOVIN,526.8690549999906
6747875092,interstitial,MINTEGRAL,526.4798219999977
jigsaw.puzzle.game.banana,interstitial,INMOBI,518.1063770000039
com.ludo.king,banner,APPLOVIN,517.0200720000017
com.lemon.lvoverseas,banner,MINTEGRAL,513.7062610000013
6478063606,banner,INMOBI,512.8142260000037
com.netshort.abroad,native,APPODEAL,508.0106840000043
6471572249,interstitial,ZMATICOO,507.1237279999987
1502447854,interstitial,IRONSOURCE,504.5363910000002
com.fc.goods.sort.matching.puzzle.triplemaster,native,INNERACTIVE_DIRECT,502.5723419999968
597088068,mrec,CRITEO,501.3805609999922
1420058690,banner,ZMATICOO,501.1506430000033
com.UCMobile.intl,interstitial,DOUBLECLICK,500.3283110000051
com.michatapp.im,interstitial,DOUBLECLICK,500.0797670000043
6504849169,native,VUNGLE,498.8308380000053
512939461,interstitial,DOUBLECLICK,498.80980599999987
1498889847,banner,DOUBLECLICK,498.4338139999946
1420058690,native,VERVE,496.45427799999953
1502447854,banner,IRONSOURCE,496.39361200000775
6478063606,banner,UNITY,495.05353300000405
com.michatapp.im,mrec,INMOBI,494.0945140000012
6504849169,banner,APPODEAL,493.1520690000009
com.callapp.contacts,native,MINTEGRAL,486.2655580000073
com.particlenews.newsbreak,mrec,DOUBLECLICK,482.88012699999587
jp.naver.linemanga.android,interstitial,INNERACTIVE_DIRECT,480.9519659999993
1420058690,banner,INNERACTIVE_DIRECT,478.93513700000125
com.easybrain.sudoku.android,native,BIGO,478.57524100000205
1407852246,interstitial,APPLOVIN,477.4515919999973
com.callapp.contacts,interstitial,A9TAM,473.83919499999786
6471572249,interstitial,MINTEGRAL,473.12181799999723
6754558455,interstitial,INNERACTIVE_DIRECT,471.34839599999856
water.sort.puzzle.game.color.sorting.free,native,INNERACTIVE_DIRECT,470.0844679999929
6471572249,native,VERVE,469.5307550000028
jigsaw.puzzle.game.banana,native,VUNGLE,468.22528999999463
1342112505,interstitial,MINTEGRAL,464.67456400000054
1445472541,interstitial,MINTEGRAL,463.91496999999816
com.callapp.contacts,mrec,MINTEGRAL,463.7763779999996
com.weaver.app.prod,interstitial,DOUBLECLICK,463.5776250000037
com.netshort.abroad,native,CHARTBOOST,463.4647949999924
1498889847,banner,MINTEGRAL,462.07855299999915
6747875092,interstitial,BIGO,461.6044450000016
1584596271,interstitial,MINTEGRAL,460.7853090000009
6471572249,interstitial,DOUBLECLICK,460.4194020000065
651510680,interstitial,UNITY,454.20802900000325
solitaire.patience.card.games.klondike.free,banner,INNERACTIVE_DIRECT,451.31872100000226
1589762792,banner,A9TAM,448.51573800000693
jigsaw.puzzle.game.banana,banner,APPODEAL,444.27587099999664
solitaire.patience.card.games.klondike.free,banner,A9TAM,443.2327950000038
com.naver.linewebtoon,banner,DOUBLECLICK,442.7750210000115
com.naver.linewebtoon,interstitial,NIMBUS,442.44242099999616
com.loomgames.pixelflow,interstitial,PANGLE,436.8919380000007
6451208928,banner,UNITY,432.2883410000057
com.fc.goods.sort.matching.puzzle.triplemaster,native,VERVE,430.8998550000097
6478063606,banner,APPODEAL,425.6411519999932
com.ecffri.arrows,interstitial,PANGLE,418.0383789999983
com.aws.android,banner,DOUBLECLICK,417.5638400000011
512939461,banner,VUNGLE,415.2516529999984
com.hotmini.drama.hot,native,TAURUSX,414.00709600000073
com.goldendragon.luckyblessing,interstitial,UNITY,412.1691120000011
6504849169,banner,INMOBI,411.67803199999236
1342112505,interstitial,DOUBLECLICK,411.62270499999886
com.weaver.app.prod,interstitial,UNITY,409.1603860000035
1342112505,native,INNERACTIVE_DIRECT,408.7840740000071
1498889847,interstitial,APPLOVIN,407.458083999997
6446005634,interstitial,APPODEAL,406.8855049999997
jigsaw.puzzle.game.banana,banner,A9TAM,404.58646700000435
jigsaw.puzzle.game.banana,native,BIGO,402.7321809999956
com.domobile.applockwatcher,native,VUNGLE,400.769312999991
com.naver.linewebtoon,interstitial,UNITY,399.9006950000006
1080465358,banner,VERVE,399.26346800000596
com.miniclip.carrom,interstitial,PANGLE,392.4170609999941
puzzle.yarn.fever.unravel.puzzle,native,INNERACTIVE_DIRECT,392.36620000000215
1420058690,banner,CHARTBOOST,389.64703200000247
puzzle.yarn.fever.unravel.puzzle,native,INMOBI,387.3846680000206
1584596271,native,INNERACTIVE_DIRECT,387.078636999993
6471572249,banner,BIGO,385.11303999999967
6451208928,native,INMOBI,385.10340500001035
1342112505,interstitial,INNERACTIVE_DIRECT,378.7366310000021
1342112505,banner,INMOBI,376.88919000001584
1502447854,banner,UNITY,375.2198150000022
1080465358,native,VERVE,374.9669300000008
1589762792,interstitial,A9TAM,371.8954420000002
water.sort.puzzle.game.color.sorting.free,native,VERVE,371.14874899999904
video.downloader.videodownloader,native,BIGO,370.55946299999397
com.UCMobile.intl,native,BIGO,368.0730279999952
com.michatapp.im,mrec,VUNGLE,365.5125520000041
1212951043,banner,APPLOVIN,364.04934199999565
1562817072,interstitial,INNERACTIVE_DIRECT,360.754072999999
com.fc.goods.sort.matching.puzzle.triplemaster,banner,A9TAM,360.39894300000697
com.storymatrix.drama,interstitial,INNERACTIVE_DIRECT,360.0611049999996
1212951043,interstitial,A9TAM,356.92156599999953
com.netshort.abroad,banner,DOUBLECLICK,355.717602000004
video.downloader.videodownloader,banner,INMOBI,351.7202499999977
1420058690,banner,DOUBLECLICK,351.3622259999955
com.fc.goods.sort.matching.puzzle.triplemaster,banner,APPODEAL,349.95651400000065
sorting.games.goods.sort.triple.match3d.puzzle.stuff,banner,A9TAM,349.48185300000216
com.aws.android,native,INMOBI,348.7508639999994
1502447854,interstitial,CHARTBOOST,347.5122939999989
com.domobile.applockwatcher,interstitial,VERVE,347.27779800000496
6478063606,banner,DOUBLECLICK,345.33275099999446
com.fc.goods.sort.matching.puzzle.triplemaster,interstitial,UNITY,342.1775650000006
com.callapp.contacts,banner,VUNGLE,341.7590020000073
1420058690,interstitial,APPLOVIN,338.89148100000176
com.sled.surfers.game,interstitial,BIGO,333.68298600000344
sorting.games.goods.sort.triple.match3d.puzzle.stuff,interstitial,APPODEAL,333.44158299999975
1502447854,interstitial,INNERACTIVE_DIRECT,333.2541660000007
6444946155,interstitial,BIGO,332.75845400000077
com.naver.linewebtoon,interstitial,IRONSOURCE,331.35826700000047
651510680,interstitial,MINTEGRAL,330.0852339999992
6478063606,banner,MINTEGRAL,326.61716100000433
com.particlenews.newsbreak,mrec,VUNGLE,325.85424699999754
1420058690,native,BIGO,323.6148069999949
com.easybrain.sudoku.android,banner,BIGO,323.25898999999424
com.miniclip.carrom,banner,INMOBI,322.0168890000214
651510680,interstitial,CHARTBOOST,321.550475999998
1584596271,banner,UNITY,320.68385300000597
ball.sort.puzzle.color.sorting.bubble.games,banner,INMOBI,319.15188599999215
1420058690,interstitial,MINTEGRAL,314.81280800000104
com.callapp.contacts,interstitial,VERVE,313.5104769999944
6504849169,interstitial,IRONSOURCE,313.33991999999876
ball.sort.puzzle.color.sorting.bubble.games,interstitial,UNITY,312.6431740000016
com.Hadiz.Holeucaneat,interstitial,UNITY,312.1263819999973
1589762792,native,MINTEGRAL,310.07291300000355
1502447854,banner,A9TAM,305.58759800000524
com.easybrain.sudoku.android,banner,VUNGLE,304.80700899999755
1502447854,mrec,A9TAM,304.6973970000007
com.easybrain.sudoku.android,banner,APPODEAL,303.9979510000037
6465991018,interstitial,DOUBLECLICK,303.9269339999999
840919914,banner,INNERACTIVE_DIRECT,302.0334429999979
1420058690,banner,IRONSOURCE,300.033916000008
com.fc.goods.sort.matching.puzzle.triplemaster,native,BIGO,299.41853399999957
6446005634,interstitial,UNITY,297.03354
1584596271,banner,MINTEGRAL,295.4820250000025
1584596271,banner,INMOBI,292.8801570000012
com.pixel.art.coloring.color.number,banner,INMOBI,291.9407859999971
651510680,banner,MINTEGRAL,291.31769299999496
395979574,banner,IRONSOURCE,291.22432199999844
512939461,banner,APPODEAL,287.8194420000029
com.ludo.king,banner,VUNGLE,284.4033000000001
solitaire.patience.card.games.klondike.free,interstitial,DOUBLECLICK,282.3896909999982
1584596271,banner,APPLOVIN,281.0934599999922
651510680,banner,INMOBI,278.60699600000527
com.particlenews.newsbreak,native,VUNGLE,278.48841099999976
6465991018,interstitial,CHARTBOOST,278.3503790000001
1407852246,banner,VUNGLE,275.6259489999922
ball.sort.puzzle.color.sorting.bubble.games,banner,APPODEAL,273.5105189999993
com.ecffri.arrows,banner,UNITY,272.86620999999747
com.naver.linewebtoon,banner,VUNGLE,272.47131100000223
ball.sort.puzzle.color.sorting.bubble.games,banner,A9TAM,272.3431850000057
993090598,banner,VUNGLE,271.6527179999989
com.naver.linewebtoon,mrec,VUNGLE,271.12502299999875
com.fc.goods.sort.matching.puzzle.triplemaster,banner,IRONSOURCE,271.0533850000005
com.callapp.contacts,interstitial,PANGLE,269.45546999999436
solitaire.patience.card.games.klondike.free,banner,DOUBLECLICK,268.75256700000915
com.miniclip.carrom,interstitial,IRONSOURCE,267.31577399999793
6504849169,banner,MINTEGRAL,267.0622140000059
com.miniclip.carrom,banner,APPODEAL,265.23058599999973
com.dubox.drive,native,APPLOVIN,262.8135699999986
1407852246,native,BIGO,262.21463000000006
water.sort.puzzle.game.color.sorting.free,interstitial,APPODEAL,261.69851199999954
com.ludo.king,banner,INNERACTIVE_DIRECT,261.2755520000038
puzzle.yarn.fever.unravel.puzzle,native,VERVE,260.46583700000383
1562817072,interstitial,APPLOVIN,259.85650600000145
6465991018,interstitial,INNERACTIVE_DIRECT,259.3403989999995
com.lemon.lvoverseas,native,MINTEGRAL,259.0693280000005
1212951043,banner,BIGO,257.6461089999976
1080465358,mrec,VERVE,256.92207399999796
water.sort.puzzle.game.color.sorting.free,interstitial,PANGLE,255.45233300000027
ball.sort.puzzle.color.sorting.bubble.games,banner,APPLOVIN,251.3674310000044
1502447854,banner,INMOBI,249.92595900000092
sorting.games.goods.sort.triple.match3d.puzzle.stuff,banner,MINTEGRAL,248.001653000002
com.easybrain.sudoku.android,banner,INNERACTIVE_DIRECT,247.78968800000408
com.fc.goods.sort.matching.puzzle.triplemaster,banner,UNITY,247.4347910000004
com.studio27.MelonPlayground,interstitial,APPLOVIN,246.98480999999774
kjv.bible.kingjamesbible,native,INMOBI,246.95480300000514
1342112505,banner,MINTEGRAL,246.71844200000223
1562817072,interstitial,INMOBI,245.87924300000128
1342112505,banner,VERVE,245.41281299999963
com.naver.linewebtoon,interstitial,APPLOVIN,244.4073289999975
com.netshort.abroad,banner,INNERACTIVE_DIRECT,243.64911899999765
water.sort.puzzle.game.color.sorting.free,interstitial,APPLOVIN,241.25655799999825
com.pixel.art.coloring.color.number,banner,VERVE,241.19308899999882
jigsaw.puzzle.game.banana,interstitial,ZMATICOO,239.2602590000025
6759763476,interstitial,APPLOVIN,235.00876899999972
1420058690,banner,VUNGLE,233.53356000000093
com.hotmini.drama.hot,native,BIGO,232.6529129999993
1509453185,mrec,INMOBI,232.39981000000162
1589762792,interstitial,CHARTBOOST,228.97287200000045
6465991018,interstitial,APPLOVIN,227.3307219999999
6504849169,native,DOUBLECLICK,227.27323000000032
com.naver.linewebtoon,mrec,INMOBI,227.16259900000645
395979574,native,VERVE,225.6237680000011
sorting.games.goods.sort.triple.match3d.puzzle.stuff,banner,INMOBI,225.47331000000258
solitaire.patience.card.games.klondike.free,banner,VERVE,225.24985299999943
solitaire.patience.card.games.klondike.free,banner,INMOBI,224.54477100000292
840919914,interstitial,MINTEGRAL,223.7826520000001
1342112505,banner,INNERACTIVE_DIRECT,222.64886500000014
jigsaw.puzzle.game.banana,banner,BIGO,220.93305999999922
puzzle.yarn.fever.unravel.puzzle,interstitial,VERVE,220.29778399999964
puzzle.yarn.fever.unravel.puzzle,interstitial,BIGO,219.42087799999987
video.downloader.videodownloader,banner,BIGO,219.388992000003
com.goldendragon.luckyblessing,interstitial,APPLOVIN,217.32397299999946
solitaire.patience.card.games.klondike.free,banner,APPLOVIN,216.84404599999863
1502447854,banner,INNERACTIVE_DIRECT,216.09963299999984
651510680,banner,APPLOVIN,216.04121399999573
6759763476,banner,IRONSOURCE,215.86989500000067
1342112505,interstitial,CHARTBOOST,214.94981900000028
1357464684,mrec,APPODEAL,213.97605600000063
jigsaw.puzzle.game.banana,interstitial,IRONSOURCE,211.20762400000112
1420058690,native,DOUBLECLICK,210.66646399999897
com.naver.linewebtoon,mrec,INNERACTIVE_DIRECT,208.63744799999964
com.callapp.contacts,banner,APPODEAL,207.95766399999758
840919914,banner,APPLOVIN,207.0380309999739
840919914,interstitial,INNERACTIVE_DIRECT,206.41279499999968
com.naver.linewebtoon,banner,NIMBUS,205.21567599999668
solitaire.patience.card.games.klondike.free,interstitial,APPLOVIN,203.95440300000047
993090598,banner,MINTEGRAL,203.9120090000003
1357464684,interstitial,DOUBLECLICK,203.71087299999954
com.dubox.drive,native,MINTEGRAL,203.57705300000575
water.sort.puzzle.game.color.sorting.free,banner,MINTEGRAL,203.26376999999803
6504849169,native,APPODEAL,202.96193599999845
puzzle.yarn.fever.unravel.puzzle,banner,BIGO,199.63499000000178
1584596271,banner,IRONSOURCE,199.16255200000168
com.miniclip.carrom,banner,VUNGLE,198.42846499999038
com.mobilityware.spider,native,INNERACTIVE_DIRECT,197.78978699999567
com.ludo.king,banner,A9TAM,197.74241000000114
1407852246,banner,BIGO,196.3024940000007
com.ludo.king,banner,IRONSOURCE,195.39801000000247
com.domobile.applockwatcher,mrec,INMOBI,193.2806290000015
1589762792,native,CHARTBOOST,191.48817099999943
videoplayer.videodownloader.downloader,interstitial,DOUBLECLICK,191.16269100000187
651510680,native,INNERACTIVE_DIRECT,190.6866919999992
1502447854,banner,VUNGLE,188.03085999999942
com.naver.linewebtoon,banner,INNERACTIVE_DIRECT,185.8743969999989
1584596271,native,MINTEGRAL,184.6976999999995
com.ludo.king,banner,INMOBI,183.6527630000024
com.naver.linewebtoon,mrec,CRITEO,183.30876599999556
water.sort.puzzle.game.color.sorting.free,interstitial,DOUBLECLICK,182.9326379999967
1584596271,banner,VERVE,181.35153499999743
1420058690,banner,VERVE,180.45347000000072
1357464684,interstitial,MINTEGRAL,179.9474000000001
jigsaw.puzzle.game.banana,banner,APPLOVIN,179.4934789999982
video.downloader.videodownloader,banner,APPLOVIN,179.3433059999974
com.callapp.contacts,banner,BIGO,177.23782699999958
1584596271,interstitial,ZMATICOO,177.02347900000015
ball.sort.puzzle.color.sorting.bubble.games,banner,UNITY,175.20442799999978
com.playit.videoplayer,banner,VERVE,175.12714999998744
395979574,native,VUNGLE,175.0800540000029
com.easybrain.sudoku.android,banner,INMOBI,173.90045100000017
com.netshort.abroad,banner,UNITY,172.7130270000027
com.loomgames.pixelflow,interstitial,APPLOVIN,172.6359040000006
puzzle.yarn.fever.unravel.puzzle,banner,A9TAM,172.40756899999928
com.aws.android,banner,VERVE,172.1865830000004
com.naver.linewebtoon,native,CHARTBOOST,171.10858100000402
6504849169,banner,IRONSOURCE,170.0305240000019
1584596271,banner,INNERACTIVE_DIRECT,168.53592599999737
6465991018,native,APPODEAL,168.33077000000023
jigsaw.puzzle.game.banana,banner,VERVE,167.73186100000171
com.hotmini.drama.hot,interstitial,DOUBLECLICK,167.46383800000075
com.Hadiz.Holeucaneat,interstitial,IRONSOURCE,166.89530799999844
1342112505,native,VUNGLE,165.64107199999904
512939461,banner,DOUBLECLICK,165.33417999998267
com.particlenews.newsbreak,interstitial,INMOBI,160.91091999999986
1420058690,interstitial,CHARTBOOST,160.817362
com.fc.goods.sort.matching.puzzle.triplemaster,banner,BIGO,159.91308699999823
sorting.games.goods.sort.triple.match3d.puzzle.stuff,banner,INNERACTIVE_DIRECT,158.73837200000514
com.callapp.contacts,banner,VERVE,157.37841200000054
video.downloader.videodownloader,banner,VUNGLE,156.8110059999995
jigsaw.puzzle.game.banana,banner,DOUBLECLICK,156.67066999999864
com.naver.linewebtoon,banner,CHARTBOOST,156.53949500000417
ball.sort.puzzle.color.sorting.bubble.games,banner,INNERACTIVE_DIRECT,156.1985140000038
6478063606,interstitial,MINTEGRAL,155.7204640000002
water.sort.puzzle.game.color.sorting.free,interstitial,UNITY,155.57232799999974
6471572249,banner,VERVE,155.4143169999992
com.naver.linewebtoon,interstitial,PANGLE,153.8580940000004
com.studio27.MelonPlayground,interstitial,PANGLE,153.5469050000002
1342112505,banner,IRONSOURCE,151.860497000002
1212951043,interstitial,CHARTBOOST,151.0629519999996
6747875092,interstitial,APPLOVIN,150.32323100000002
com.aws.android,banner,APPODEAL,149.7073499999997
993090598,interstitial,IRONSOURCE,147.74020900000232
com.callapp.contacts,mrec,INMOBI,146.24717699999957
com.huub.tiger,native,VUNGLE,146.22293799999946
ball.sort.puzzle.color.sorting.bubble.games,banner,DOUBLECLICK,146.11498000000674
1584596271,banner,APPODEAL,145.69539599999953
com.weaver.app.prod,interstitial,PANGLE,145.1706680000008
sorting.games.goods.sort.triple.match3d.puzzle.stuff,banner,DOUBLECLICK,144.789703000007
1420058690,native,MINTEGRAL,143.56550200000396
1502447854,interstitial,APPLOVIN,141.60692199999997
puzzle.yarn.fever.unravel.puzzle,banner,APPODEAL,139.9916639999999
512939461,native,INNERACTIVE_DIRECT,139.79996500000252
1357464684,mrec,APPLOVIN,139.09505599999707
sorting.games.goods.sort.triple.match3d.puzzle.stuff,banner,UNITY,137.6922330000004
water.sort.puzzle.game.color.sorting.free,banner,A9TAM,135.58041200000173
com.sled.surfers.game,interstitial,UNITY,135.10153099999985
com.fc.goods.sort.matching.puzzle.triplemaster,banner,INNERACTIVE_DIRECT,134.55569200000357
1357464684,mrec,UNITY,133.1871839999992
6451208928,banner,INMOBI,132.87533800000242
sorting.games.goods.sort.triple.match3d.puzzle.stuff,banner,APPLOVIN,132.15439700000147
921765888,banner,IRONSOURCE,131.348218999998
com.goldendragon.luckyblessing,interstitial,PANGLE,130.32958499999998
993090598,interstitial,UNITY,129.12255099999962
com.mobilityware.spider,native,VUNGLE,128.3722819999999
6478063606,interstitial,CHARTBOOST,128.05876799999916
com.Hadiz.Holeucaneat,interstitial,PANGLE,127.77671299999984
water.sort.puzzle.game.color.sorting.free,banner,APPLOVIN,127.09050500000248
1420058690,interstitial,DOUBLECLICK,125.89129399999992
com.pixel.art.coloring.color.number,interstitial,IRONSOURCE,125.74694300000016
com.fc.goods.sort.matching.puzzle.triplemaster,banner,INMOBI,125.45606099999918
com.mobilityware.spider,mrec,MOBILITYWARE,125.2921669999929
jigsaw.puzzle.game.banana,interstitial,DOUBLECLICK,124.96408599999977
6754558455,interstitial,APPLOVIN,123.62420799999974
puzzle.yarn.fever.unravel.puzzle,banner,MINTEGRAL,122.73141100000132
1357464684,mrec,MINTEGRAL,122.54966000000124
jigsaw.puzzle.game.banana,interstitial,VERVE,122.51106100000007
com.huub.tiger,mrec,NIMBUS,120.10577099998474
puzzle.yarn.fever.unravel.puzzle,banner,INNERACTIVE_DIRECT,119.99572800000352
water.sort.puzzle.game.color.sorting.free,banner,INMOBI,119.8495110000006
651510680,banner,IRONSOURCE,119.05965400000453
6742221896,interstitial,UNITY,118.27806299999995
com.easybrain.sudoku.android,native,MINTEGRAL,118.0754100000005
puzzle.yarn.fever.unravel.puzzle,interstitial,APPLOVIN,117.66132999999994
kjv.bible.kingjamesbible,mrec,A9TAM,117.33949600000524
com.easybrain.sudoku.android,banner,IRONSOURCE,117.23294899999952
1212951043,interstitial,MINTEGRAL,116.09772899999997
1420058690,banner,APPLOVIN,115.86048000000044
com.dubox.drive,interstitial,TAURUSX,115.72993500000018
com.fc.goods.sort.matching.puzzle.triplemaster,banner,MINTEGRAL,115.53490700000022
1212951043,interstitial,IRONSOURCE,115.20703900000008
com.goldendragon.luckyblessing,interstitial,IRONSOURCE,114.38295899999999
com.easybrain.sudoku.android,banner,VERVE,113.80845900000301
com.easybrain.sudoku.android,interstitial,UNITY,112.78273599999993
com.miui.player,banner,DOUBLECLICK,111.97541999999775
ball.sort.puzzle.color.sorting.bubble.games,interstitial,APPLOVIN,111.78704200000064
sorting.games.goods.sort.triple.match3d.puzzle.stuff,interstitial,APPLOVIN,110.27210699999927
1212951043,banner,PANGLE,110.18779399999987
1342112505,native,CHARTBOOST,109.87879500000216
com.mobilityware.spider,banner,INNERACTIVE_DIRECT,109.80662900000034
com.studio27.MelonPlayground,interstitial,IRONSOURCE,109.64812000000018
6446005634,interstitial,MINTEGRAL,109.45552499999968
com.easybrain.sudoku.android,interstitial,IRONSOURCE,108.32923699999976
1080465358,mrec,A9TAM,107.24385399999952
1342112505,banner,A9TAM,106.38384400000054
com.domobile.applockwatcher,mrec,MINTEGRAL,106.27448200000222
1589762792,banner,APPLOVIN,105.81036799999842
com.playit.videoplayer,banner,VUNGLE,105.5266690000004
com.vincentb.MobControl,banner,APPLOVIN,105.41719699999761
com.vincentb.MobControl,interstitial,IRONSOURCE,105.17079399999974
com.netshort.abroad,banner,INMOBI,104.98559399999898
com.weaver.app.prod,interstitial,ZMATICOO,104.0250259999998
921765888,banner,APPODEAL,103.24463800000116
1502447854,native,VERVE,99.41789399999945
com.ecffri.arrows,banner,APPLOVIN,99.20724300000042
com.domobile.applockwatcher,native,MINTEGRAL,98.756455000002
com.netshort.abroad,banner,CHARTBOOST,97.12496299999756
com.fc.goods.sort.matching.puzzle.triplemaster,interstitial,APPLOVIN,96.81343100000004
com.domobile.applockwatcher,interstitial,PANGLE,95.70195499999976
jigsaw.puzzle.game.banana,banner,VUNGLE,95.20802499999876
1342112505,banner,APPODEAL,94.41143200000013
1445472541,interstitial,CHARTBOOST,94.21062099999966
videoplayer.videodownloader.downloader,native,APPLOVIN,92.95629599999201
puzzle.yarn.fever.unravel.puzzle,banner,APPLOVIN,92.43341299999895
kjv.bible.kingjamesbible,interstitial,DOUBLECLICK,92.3172959999993
com.fc.goods.sort.matching.puzzle.triplemaster,banner,APPLOVIN,92.00987500000147
1342112505,banner,APPLOVIN,91.20523400000052
com.easybrain.sudoku.android,interstitial,APPLOVIN,90.85095000000028
com.naver.linewebtoon,interstitial,DOUBLECLICK,90.83194100000013
1544750895,banner,VUNGLE,90.67947999999959
puzzle.yarn.fever.unravel.puzzle,banner,IRONSOURCE,89.7299599999997
com.mobilityware.spider,interstitial,TAURUSX,88.27844199999983
1420058690,banner,BIGO,87.45634200000114
1407852246,interstitial,ZMATICOO,86.52578999999936
921765888,native,IRONSOURCE,85.503050999995
videoplayer.videodownloader.downloader,native,VUNGLE,84.81495599999764
solitaire.patience.card.games.klondike.free,banner,PANGLE,83.91407900000088
993090598,mrec,INNERACTIVE_DIRECT,82.49222399999928
com.naver.linewebtoon,interstitial,VERVE,80.92252399999987
solitaire.patience.card.games.klondike.free,banner,APPODEAL,80.84620500000051
1544750895,mrec,KONTEXT,80.71320599999898
com.netshort.abroad,banner,MINTEGRAL,80.69433400000123
video.downloader.videodownloader,banner,MINTEGRAL,79.15585200000038
com.netshort.abroad,interstitial,BIGO,79.03416300000006
1357464684,mrec,INMOBI,77.7641910000003
395979574,banner,VERVE,77.71928700000015
puzzle.yarn.fever.unravel.puzzle,banner,UNITY,76.93481800000048
395979574,banner,VUNGLE,76.4316409999985
video.downloader.videodownloader,banner,PANGLE,75.71529299999933
6446005634,interstitial,IRONSOURCE,75.33402000000005
com.naver.linewebtoon,mrec,DOUBLECLICK,74.97658199999721
com.storymatrix.drama,native,DOUBLECLICK,74.7348210000002
com.netshort.abroad,interstitial,CHARTBOOST,73.85339000000224
1624606445,mrec,MINTEGRAL,73.49189600000015
com.loomgames.pixelflow,interstitial,IRONSOURCE,73.09313499999955
com.fc.goods.sort.matching.puzzle.triplemaster,interstitial,IRONSOURCE,72.9663729999995
1589762792,banner,DOUBLECLICK,72.86391800000038
1073936461,mrec,DOUBLECLICK,72.74896899999985
water.sort.puzzle.game.color.sorting.free,banner,INNERACTIVE_DIRECT,70.82570900000132
sorting.games.goods.sort.triple.match3d.puzzle.stuff,banner,VERVE,70.54494500000135
512939461,banner,INNERACTIVE_DIRECT,70.34431300000088
com.particlenews.newsbreak,mrec,INMOBI,70.29681000000001
com.naver.linewebtoon,mrec,NIMBUS,70.00787900000029
com.domobile.applockwatcher,interstitial,A9TAM,69.83880799999974
sorting.games.goods.sort.triple.match3d.puzzle.stuff,interstitial,CHARTBOOST,69.11165900000007
puzzle.yarn.fever.unravel.puzzle,interstitial,UNITY,68.2001989999999
840919914,banner,PANGLE,67.23547599999965
jigsaw.puzzle.game.banana,native,DOUBLECLICK,67.03131900000207
com.easybrain.sudoku.android,interstitial,A9TAM,66.18628500000047
video.downloader.videodownloader,banner,UNITY,65.01056500000175
1624606445,banner,INNERACTIVE_DIRECT,64.23822200000198
1342112505,banner,DOUBLECLICK,63.76087000000181
water.sort.puzzle.game.color.sorting.free,banner,UNITY,62.12578500000293
com.playit.videoplayer,banner,INNERACTIVE_DIRECT,62.08207099999987
com.netshort.abroad,interstitial,IRONSOURCE,61.093134000000234
6742221896,native,VUNGLE,59.62069899999794
kjv.bible.kingjamesbible,mrec,VUNGLE,59.42838800000277
puzzle.yarn.fever.unravel.puzzle,interstitial,IRONSOURCE,58.72219699999988
com.mobilityware.spider,banner,APPODEAL,58.63173800000027
com.aws.android,mrec,NIMBUS,58.24466999999985
jigsaw.puzzle.game.banana,banner,INMOBI,58.06259099999828
com.ludo.king,native,INNERACTIVE_DIRECT,57.77111600000119
com.netshort.abroad,native,DOUBLECLICK,56.704109000001495
1509453185,interstitial,MINTEGRAL,56.16005000000035
com.ludo.king,interstitial,IRONSOURCE,55.86630200000068
6478063606,native,DOUBLECLICK,55.376263999998756
6478063606,banner,APPLOVIN,54.46304899999843
1342112505,banner,CHARTBOOST,54.25048900000047
kjv.bible.kingjamesbible,native,INNERACTIVE_DIRECT,51.68061300000083
ball.sort.puzzle.color.sorting.bubble.games,banner,VERVE,51.54114900000125
1562817072,interstitial,PANGLE,50.90888700000014
1342112505,banner,VUNGLE,50.585736999999725
free.vpn.unblock.proxy.turbovpn,interstitial,TAURUSX,50.557324000000065
6504849169,native,MINTEGRAL,50.22640600000019
395979574,banner,CHARTBOOST,50.202930000000826
com.mobilityware.spider,banner,VUNGLE,49.96305199999663
1212951043,interstitial,APPLOVIN,49.563108999999876
jp.naver.linemanga.android,mrec,INMOBI,49.09186500000073
281940292,mrec,VERVE,48.568864999999946
com.easybrain.sudoku.android,banner,UNITY,47.76593800000127
com.playit.videoplayer,native,INNERACTIVE_DIRECT,47.61503700000038
1624606445,mrec,INNERACTIVE_DIRECT,47.59103300000079
com.fc.goods.sort.matching.puzzle.triplemaster,banner,VERVE,47.182107000000464
651510680,banner,INNERACTIVE_DIRECT,47.00750300000049
1342112505,interstitial,BIGO,45.87355999999993
6754558455,interstitial,PANGLE,44.99332099999984
kjv.bible.kingjamesbible,mrec,APPLOVIN,44.90635200000095
1502447854,banner,VERVE,44.595965000000795
water.sort.puzzle.game.color.sorting.free,banner,DOUBLECLICK,43.52000200000372
1589762792,native,DOUBLECLICK,43.0250909999996
puzzle.yarn.fever.unravel.puzzle,banner,INMOBI,42.947435000002145
com.aws.android,mrec,VUNGLE,42.721937999999966
com.netshort.abroad,banner,APPODEAL,42.632941000000436
com.callapp.contacts,mrec,BIGO,42.512542999999475
6504849169,interstitial,BIGO,42.42622199999989
921765888,interstitial,APPLOVIN,42.31230000000003
com.domobile.applockwatcher,mrec,APPODEAL,41.942124999999905
1584596271,interstitial,APPLOVIN,41.429961999999975
1212951043,native,VUNGLE,40.27106699999974
com.aws.android,interstitial,DOUBLECLICK,39.26213399999987
water.sort.puzzle.game.color.sorting.free,banner,VERVE,38.451678000000435
ball.sort.puzzle.color.sorting.bubble.games,interstitial,TAURUSX,37.89242399999992
puzzle.yarn.fever.unravel.puzzle,banner,VERVE,37.41212499999989
281940292,interstitial,DOUBLECLICK,37.264978999999926
395979574,native,CHARTBOOST,36.827467000000766
com.weaver.app.prod,interstitial,APPLOVIN,36.81251399999992
com.netshort.abroad,banner,IRONSOURCE,36.40576899999946
6451208928,banner,IRONSOURCE,36.30593299999973
com.easybrain.sudoku.android,banner,MINTEGRAL,36.29506000000018
sorting.games.goods.sort.triple.match3d.puzzle.stuff,interstitial,IRONSOURCE,35.66238399999994
com.naver.linewebtoon,mrec,CHARTBOOST,35.238930000002625
1589762792,banner,CHARTBOOST,35.06984800000139
kjv.bible.kingjamesbible,interstitial,UNITY,34.93861999999996
512939461,banner,MINTEGRAL,34.89523199999943
jp.naver.linemanga.android,native,INMOBI,34.37950900000067
com.hotmini.drama.hot,interstitial,UNITY,34.309636999999974
kjv.bible.kingjamesbible,interstitial,BIGO,34.01241199999972
ball.sort.puzzle.color.sorting.bubble.games,interstitial,IRONSOURCE,33.32952799999998
com.naver.linewebtoon,banner,INMOBI,33.147317999999125
com.UCMobile.intl,interstitial,TAURUSX,33.08070399999991
1589762792,banner,PANGLE,33.03179600000021
kjv.bible.kingjamesbible,mrec,MINTEGRAL,32.84785299999955
com.ludo.king,native,MINTEGRAL,32.10297700000002
395979574,interstitial,APPLOVIN,31.979355000000005
6478063606,interstitial,APPLOVIN,31.582323000000027
com.easybrain.sudoku.android,banner,APPLOVIN,31.031071000001205
com.huub.tiger,banner,VUNGLE,30.993216000000082
1357464684,mrec,INNERACTIVE_DIRECT,30.394117000000005
com.pixel.art.coloring.color.number,banner,PANGLE,29.139393999999353
com.michatapp.im,interstitial,APPLOVIN,28.93100799999975
com.miui.player,banner,PANGLE,28.525155000000275
com.ludo.king,mrec,INNERACTIVE_DIRECT,28.309959000000287
1624606445,mrec,DOUBLECLICK,28.065059000000154
kjv.bible.kingjamesbible,mrec,INNERACTIVE_DIRECT,28.020392000000367
1080465358,banner,A9TAM,27.76960499999997
kjv.bible.kingjamesbible,interstitial,ZMATICOO,27.258032000000114
com.netshort.abroad,native,INNERACTIVE_DIRECT,27.24806700000001
1624606445,mrec,INMOBI,27.042509000000152
com.studio27.MelonPlayground,interstitial,TAURUSX,26.879721999999926
512939461,interstitial,MINTEGRAL,25.627224000000073
1342112505,native,BIGO,24.9599190000001
ball.sort.puzzle.color.sorting.bubble.games,banner,PANGLE,23.407031999999578
jp.naver.linemanga.android,mrec,CRITEO,23.346421000000017
com.lemon.lvoverseas,interstitial,APPLOVIN,23.014486000000208
1357464684,native,INNERACTIVE_DIRECT,22.885281000000003
com.mobilityware.spider,native,CHARTBOOST,22.50538300000051
kjv.bible.kingjamesbible,mrec,INMOBI,22.393410000000653
1498889847,banner,PANGLE,22.32937000000018
1498889847,interstitial,MINTEGRAL,22.28413
com.mobilityware.spider,banner,CHARTBOOST,22.228130000001087
com.mobilityware.spider,interstitial,CHARTBOOST,21.92335200000003
1509453185,interstitial,TAURUSX,21.59097300000001
1584596271,interstitial,CHARTBOOST,21.229228000000003
1212951043,interstitial,DOUBLECLICK,21.192498999999916
com.vincentb.MobControl,native,VUNGLE,20.659999999999666
com.lemon.lvoverseas,native,VUNGLE,20.57518000000048
1342112505,banner,UNITY,20.319534999999966
com.dubox.drive,mrec,TAURUSX,20.245960000000064
com.callapp.contacts,native,APPODEAL,19.439639999999947
6742221896,banner,UNITY,19.22789299999974
sorting.games.goods.sort.triple.match3d.puzzle.stuff,interstitial,DOUBLECLICK,18.981684000000005
1624606445,interstitial,APPLOVIN,18.043073
kjv.bible.kingjamesbible,native,BIGO,17.959893999999963
1212951043,banner,VUNGLE,17.878482000000076
com.lemon.lvoverseas,native,APPLOVIN,17.398862999999615
1584596271,banner,PANGLE,17.341874000000068
com.weaver.app.prod,native,MINTEGRAL,17.296091000000107
com.playit.videoplayer,mrec,INNERACTIVE_DIRECT,16.766095999999944
1342112505,native,DOUBLECLICK,16.455577999999978
sorting.games.goods.sort.triple.match3d.puzzle.stuff,banner,PANGLE,16.138013999999835
com.vincentb.MobControl,banner,VUNGLE,15.909084999999441
videoplayer.videodownloader.downloader,interstitial,IRONSOURCE,15.836389000000052
281940292,banner,APPODEAL,15.396926999999954
com.hotmini.drama.hot,native,DOUBLECLICK,15.124708000000048
993090598,banner,IRONSOURCE,14.83736199999925
sorting.games.goods.sort.triple.match3d.puzzle.stuff,interstitial,A9TAM,14.378690000000015
1509453185,interstitial,ZMATICOO,14.369867999999995
6742221896,banner,VUNGLE,14.097417000000037
kjv.bible.kingjamesbible,native,DOUBLECLICK,14.064540999999673
com.sled.surfers.game,interstitial,IRONSOURCE,13.020650999999981
ball.sort.puzzle.color.sorting.bubble.games,interstitial,A9TAM,12.250727000000031
com.vincentb.MobControl,banner,MINTEGRAL,11.872952000000133
sorting.games.goods.sort.triple.match3d.puzzle.stuff,banner,APPODEAL,11.855338000000033
com.callapp.contacts,banner,PANGLE,11.848386999999892
water.sort.puzzle.game.color.sorting.free,banner,PANGLE,11.795710999999967
water.sort.puzzle.game.color.sorting.free,interstitial,CHARTBOOST,11.763110000000019
1459645446,native,VUNGLE,11.552837000000032
1357464684,native,DOUBLECLICK,11.323527999999998
kjv.bible.kingjamesbible,mrec,DOUBLECLICK,11.268722999999277
com.vincentb.MobControl,native,INNERACTIVE_DIRECT,11.20780199999939
com.particlenews.newsbreak,banner,INMOBI,10.687123999999988
com.fc.goods.sort.matching.puzzle.triplemaster,interstitial,DOUBLECLICK,10.630039
1212951043,banner,MINTEGRAL,10.602719000000048
1357464684,mrec,PANGLE,10.422943000000028
puzzle.yarn.fever.unravel.puzzle,interstitial,A9TAM,10.343654
1624606445,native,MINTEGRAL,10.288594000000046
com.miui.player,banner,XIAOMI,10.235617000000133
com.callapp.contacts,mrec,APPODEAL,10.017433000000002
com.weaver.app.prod,native,VUNGLE,10.009639000000009
6471572249,interstitial,BIGO,9.821804999999992
6465991018,banner,APPLOVIN,9.295856000000006
395979574,banner,APPLOVIN,9.069790999999977
video.downloader.videodownloader,native,MINTEGRAL,8.798208000000102
jigsaw.puzzle.game.banana,interstitial,A9TAM,8.634208000000008
1342112505,native,MINTEGRAL,8.570090000000096
water.sort.puzzle.game.color.sorting.free,banner,APPODEAL,8.361226000000013
com.ludo.king,mrec,MINTEGRAL,8.206246999999994
1342112505,banner,BIGO,8.204355999999997
com.callapp.contacts,mrec,VERVE,7.838557999999738
6465991018,native,INNERACTIVE_DIRECT,7.716116999999986
com.sec.android.app.samsungapps,mrec,DOUBLECLICK,7.696304999999999
1509453185,mrec,VERVE,7.656278
com.miui.player,mrec,PANGLE,7.522138999999954
com.fc.goods.sort.matching.puzzle.triplemaster,banner,PANGLE,7.431932000000029
com.ecffri.arrows,native,VUNGLE,7.420199000000073
com.miui.player,mrec,DOUBLECLICK,7.390146000000041
6465991018,banner,MINTEGRAL,7.351620999999991
6465991018,native,CHARTBOOST,7.3493080000000015
993090598,mrec,DOUBLECLICK,7.318525999999677
com.miui.global.packageinstaller,native,DOUBLECLICK,7.182532999999996
com.michatapp.im,banner,DOUBLECLICK,7.055011000000063
com.UCMobile.intl,native,MINTEGRAL,6.908894000000014
com.miniclip.carrom,banner,PANGLE,6.785728000000042
1502447854,interstitial,APPODEAL,6.732354000000004
com.aws.android,mrec,APPODEAL,6.705256999999993
kjv.bible.kingjamesbible,interstitial,A9TAM,6.663069000000002
com.playit.videoplayer,native,MINTEGRAL,6.633738000000002
6471572249,banner,PANGLE,6.570927000000022
com.netshort.abroad,native,VUNGLE,6.548176000000172
993090598,mrec,INMOBI,6.363995999999913
1589762792,interstitial,PANGLE,6.290856000000007
com.playit.videoplayer,interstitial,UNITY,6.290831999999998
281940292,mrec,DOUBLECLICK,6.240394999999965
1584596271,interstitial,PANGLE,6.161148
1357464684,mrec,DOUBLECLICK,6.0979610000000015
com.ludo.king,interstitial,A9TAM,6.024038000000002
1584596271,native,BIGO,5.933823000000015
1407852246,banner,PANGLE,5.23928700000007
com.UCMobile.intl,banner,PANGLE,4.99389199999999
com.ludo.king,mrec,VUNGLE,4.951353999999971
jigsaw.puzzle.game.banana,banner,PANGLE,4.885248000000052
651510680,banner,UNITY,4.5932379999999835
com.vincentb.MobControl,native,INMOBI,4.56170299999991
com.lemon.lvoverseas,banner,DOUBLECLICK,4.406120000000017
com.vincentb.MobControl,banner,INNERACTIVE_DIRECT,4.385355999999995
solitaire.patience.card.games.klondike.free,interstitial,IRONSOURCE,4.3225059999999935
1212951043,interstitial,BIGO,4.257963999999999
1407852246,interstitial,VERVE,4.231462000000002
com.weaver.app.prod,interstitial,IRONSOURCE,4.153712999999999
com.michatapp.im,banner,INMOBI,4.130202000000003
1584596271,banner,BIGO,3.951869999999995
1080465358,banner,DOUBLECLICK,3.9195049999999907
6465991018,banner,INNERACTIVE_DIRECT,3.734207999999998
videoplayer.videodownloader.downloader,interstitial,UNITY,3.6924240000000084
com.miui.player,interstitial,DOUBLECLICK,3.6377089999999956
1212951043,banner,DOUBLECLICK,3.626338000000028
1498889847,interstitial,PANGLE,3.589235
water.sort.puzzle.game.color.sorting.free,interstitial,A9TAM,3.5365179999999987
com.ludo.king,mrec,INMOBI,3.532619000000088
com.naver.linewebtoon,interstitial,MINTEGRAL,3.413023000000003
com.weaver.app.prod,native,DOUBLECLICK,3.3056250000000658
com.miui.global.packageinstaller,native,MINTEGRAL,3.2471129999999957
com.netshort.abroad,native,MINTEGRAL,3.2029230000000344
6465991018,banner,VUNGLE,3.135251999999998
free.vpn.unblock.proxy.turbovpn,interstitial,CHARTBOOST,3.099696000000001
com.domobile.applockwatcher,mrec,PANGLE,3.0215559999999977
com.ecffri.arrows,banner,IRONSOURCE,2.9366790000000864
com.dubox.drive,banner,TAURUSX,2.8122819999999975
com.UCMobile.intl,mrec,PANGLE,2.7647200000000094
6465991018,banner,INMOBI,2.6716509999999993
com.vincentb.MobControl,banner,INMOBI,2.657922999999967
jp.naver.linemanga.android,interstitial,APPLOVIN,2.624663
com.miniclip.carrom,banner,APPLOVIN,2.6065540000000054
6446005634,native,BIGO,2.5778919999999994
water.sort.puzzle.game.color.sorting.free,native,DOUBLECLICK,2.5477320000000083
com.miui.player,mrec,XIAOMI,2.451777999999963
1357464684,interstitial,PANGLE,2.3509400000000005
1212951043,interstitial,PANGLE,2.2739470000000006
com.ecffri.arrows,native,INNERACTIVE_DIRECT,2.2443869999999637
6742221896,mrec,APPLOVIN,2.224419999999912
1502447854,banner,PANGLE,2.151779000000004
com.UCMobile.intl,native,DOUBLECLICK,2.0662369999999983
993090598,banner,UNITY,2.0423669999999907
com.pixel.art.coloring.color.number,banner,APPLOVIN,1.9604920000000021
1509453185,interstitial,VERVE,1.8783219999999985
281940292,mrec,APPODEAL,1.8601649999999994
1502447854,banner,APPODEAL,1.843150999999987
com.playit.videoplayer,interstitial,PANGLE,1.8085720000000032
6747875092,interstitial,ZMATICOO,1.7397
com.ecffri.arrows,banner,VUNGLE,1.6837740000000083
video.downloader.videodownloader,native,APPLOVIN,1.6670239999992815
kjv.bible.kingjamesbible,native,MINTEGRAL,1.6028490000000024
com.michatapp.im,banner,VUNGLE,1.5926760000000042
840919914,interstitial,PANGLE,1.585822
com.miniclip.carrom,interstitial,APPLOVIN,1.5791079999999973
com.fc.goods.sort.matching.puzzle.triplemaster,banner,DOUBLECLICK,1.547077
com.ecffri.arrows,native,INMOBI,1.4932330000000174
com.UCMobile.intl,banner,APPLOVIN,1.452021999999997
kjv.bible.kingjamesbible,mrec,PANGLE,1.4162949999999983
com.vincentb.MobControl,banner,APPODEAL,1.377919999999966
6465991018,interstitial,BIGO,1.3707440000000002
1589762792,native,VUNGLE,1.3558999999999968
com.dubox.drive,native,BIGO,1.3546439999999997
1584596271,interstitial,BIGO,1.2955890000000003
1445472541,interstitial,PANGLE,1.25855
1080465358,interstitial,DOUBLECLICK,1.24678
993090598,mrec,MINTEGRAL,1.241157999999996
295646461,native,APPODEAL,1.222441
water.sort.puzzle.game.color.sorting.free,interstitial,VERVE,1.213651
videoplayer.videodownloader.downloader,interstitial,INMOBI,1.19145
1502447854,banner,BIGO,1.1622829999999968
1420058690,interstitial,BIGO,1.1559979999999999
com.miui.player,mrec,APPLOVIN,1.1322169999999356
com.easybrain.sudoku.android,banner,DOUBLECLICK,1.1260140000000014
free.vpn.unblock.proxy.turbovpn,mrec,DOUBLECLICK,1.1007619999999991
com.huub.tiger,mrec,DOUBLECLICK,1.0372810000000001
6747875092,banner,ZMATICOO,1.0220130000000014
651510680,banner,DOUBLECLICK,1.0092940000000044
com.aws.android,mrec,VERVE,0.998371
6751056652,interstitial,APPLOVIN,0.9724470000000001
1624606445,banner,APPLOVIN,0.9358419999999976
solitaire.patience.card.games.klondike.free,interstitial,A9TAM,0.9329939999999994
com.UCMobile.intl,mrec,DOUBLECLICK,0.9305869999999872
921765888,banner,APPLOVIN,0.9067469999996906
840919914,banner,A9TAM,0.884954000000001
com.domobile.applockwatcher,native,APPODEAL,0.8826789999999985
com.ludo.king,native,IRONSOURCE,0.8707639999997733
com.callapp.contacts,interstitial,TAURUSX,0.847047000000002
1509453185,mrec,ZMATICOO,0.8387319999999987
651510680,banner,PANGLE,0.8359969999999989
1509453185,banner,TAURUSX,0.8093989999999993
com.miui.player,interstitial,APPLOVIN,0.8026299999999995
1420058690,interstitial,PANGLE,0.7976380000000002
com.netshort.abroad,banner,PANGLE,0.7728939999999994
com.ecffri.arrows,banner,MINTEGRAL,0.7640259999999999
com.UCMobile.intl,banner,DOUBLECLICK,0.7485689999999997
com.sled.surfers.game,native,BIGO,0.7388860000000002
com.aws.android,mrec,DOUBLECLICK,0.7387280000000015
free.vpn.unblock.proxy.turbovpn,banner,DOUBLECLICK,0.7384889999999996
com.weaver.app.prod,native,INMOBI,0.7273799999999999
6754558455,mrec,APPLOVIN,0.7095630000000004
1502447854,interstitial,PANGLE,0.7037840000000003
sorting.games.goods.sort.triple.match3d.puzzle.stuff,interstitial,VERVE,0.7017680000000001
1589762792,banner,VUNGLE,0.6975450000000004
com.domobile.applockwatcher,native,APPLOVIN,0.6749480000000008
com.ecffri.arrows,banner,INNERACTIVE_DIRECT,0.651538999999999
com.mobilityware.spider,interstitial,DOUBLECLICK,0.6308139999999998
6754558455,native,APPLOVIN,0.6262929999999995
com.easybrain.sudoku.android,interstitial,DOUBLECLICK,0.61598
com.domobile.applockwatcher,interstitial,APPLOVIN,0.5689749999999999
6504849169,native,BIGO,0.5568379999999999
395979574,interstitial,DOUBLECLICK,0.5178429999999999
com.pixel.art.coloring.color.number,interstitial,APPLOVIN,0.5110259999999999
com.miui.player,banner,APPLOVIN,0.4906509999999906
1407852246,interstitial,PANGLE,0.4881329999999999
solitaire.patience.card.games.klondike.free,interstitial,VERVE,0.477335
6471572249,interstitial,PANGLE,0.4683270000000001
295646461,mrec,VERVE,0.4163870000000001
6444946155,native,BIGO,0.401914
video.downloader.videodownloader,interstitial,DOUBLECLICK,0.3913800000000002
6471572249,interstitial,VERVE,0.3898509999999999
free.vpn.unblock.proxy.turbovpn,native,INMOBI,0.38000300000000053
com.domobile.applockwatcher,mrec,APPLOVIN,0.3596769999999999
com.naver.linewebtoon,interstitial,TAURUSX,0.35607799999999995
1562817072,mrec,APPLOVIN,0.35237499999999966
1562817072,banner,APPLOVIN,0.325102
ball.sort.puzzle.color.sorting.bubble.games,interstitial,VERVE,0.32062100000000004
com.fc.goods.sort.matching.puzzle.triplemaster,native,VUNGLE,0.31947200000000003
1357464684,native,CHARTBOOST,0.29677699999999996
921765888,interstitial,CHARTBOOST,0.27805
6478063606,banner,PANGLE,0.270108
com.playit.videoplayer,banner,PANGLE,0.2674140000000006
1509453185,interstitial,PANGLE,0.26248699999999997
6465991018,banner,CHARTBOOST,0.25442899999999996
281940292,interstitial,INMOBI,0.24668799999999994
com.ecffri.arrows,native,MINTEGRAL,0.23675399999999477
com.miui.global.packageinstaller,mrec,DOUBLECLICK,0.23604899999999995
video.downloader.videodownloader,native,DOUBLECLICK,0.22760299999999828
1459645446,native,APPODEAL,0.21632600000000005
com.netshort.abroad,banner,VUNGLE,0.2055829999999999
921765888,native,DOUBLECLICK,0.1945669999999999
com.fc.goods.sort.matching.puzzle.triplemaster,banner,VUNGLE,0.1863569999999999
com.ecffri.arrows,banner,APPODEAL,0.1802830000000024
com.miui.player,interstitial,UNITY,0.174775
video.downloader.videodownloader,banner,DOUBLECLICK,0.1475209999999995
com.weaver.app.prod,native,APPODEAL,0.1338419999999999
free.vpn.unblock.proxy.turbovpn,native,CHARTBOOST,0.129388
videoplayer.videodownloader.downloader,banner,UNITY,0.12935499999999997
com.fc.goods.sort.matching.puzzle.triplemaster,native,IRONSOURCE,0.12615400000001223
1357464684,mrec,CHARTBOOST,0.115766
kjv.bible.kingjamesbible,native,VERVE,0.11180799999999999
kjv.bible.kingjamesbible,mrec,APPODEAL,0.10111600000000001
water.sort.puzzle.game.color.sorting.free,mrec,TAURUSX,0.10000999999999999
com.playit.videoplayer,interstitial,INMOBI,0.09982399999999998
free.vpn.unblock.proxy.turbovpn,banner,INMOBI,0.093361
6504849169,interstitial,PANGLE,0.09244
1562817072,banner,APPODEAL,0.08924900000000002
com.callapp.contacts,mrec,PANGLE,0.08786600000000006
1562817072,native,VUNGLE,0.07856099999999995
com.playit.videoplayer,native,INMOBI,0.07353000000000004
6446005634,interstitial,APPLOVIN,0.071197
com.truecaller,banner,TAURUSX,0.071152
295646461,banner,VERVE,0.07050899999999999
com.goldendragon.luckyblessing,mrec,MINTEGRAL,0.06664600000000001
1624606445,mrec,APPLOVIN,0.06637100000000035
com.ecffri.arrows,banner,INMOBI,0.06263800000000022
1562817072,native,INNERACTIVE_DIRECT,0.061675000000000015
com.ecffri.arrows,mrec,DOUBLECLICK,0.059616
com.truecaller,mrec,TAURUSX,0.05919100000000001
com.huub.tiger,native,VERVE,0.058641
6478063606,interstitial,PANGLE,0.055203000000000016
6747875092,interstitial,PANGLE,0.05365599999999999
videoplayer.videodownloader.downloader,banner,APPLOVIN,0.051977000000005096
840919914,native,VUNGLE,0.04859500000000001
1562817072,banner,VUNGLE,0.04656799999999998
1562817072,banner,INNERACTIVE_DIRECT,0.045783
1624606445,interstitial,PANGLE,0.04533299999999999
videoplayer.videodownloader.downloader,banner,VUNGLE,0.04482199999999999
com.weaver.app.prod,banner,MINTEGRAL,0.03957400000000001
1502447854,interstitial,BIGO,0.039394
6742221896,banner,PANGLE,0.03663499999999999
jigsaw.puzzle.game.banana,banner,ZMATICOO,0.03585599999999999
com.mobilityware.spider,banner,DOUBLECLICK,0.033909
395979574,interstitial,INMOBI,0.033841
free.vpn.unblock.proxy.turbovpn,interstitial,ZMATICOO,0.033399
com.netshort.abroad,mrec,DOUBLECLICK,0.032817
water.sort.puzzle.game.color.sorting.free,banner,TAURUSX,0.03136200000000001
com.storymatrix.drama,mrec,DOUBLECLICK,0.030518000000000003
921765888,mrec,APPLOVIN,0.0276859999999999
kjv.bible.kingjamesbible,mrec,VERVE,0.027146
840919914,banner,VUNGLE,0.024765
com.miui.player,banner,MINTEGRAL,0.022880000000000022
840919914,native,VERVE,0.022823999999999997
ball.sort.puzzle.color.sorting.bubble.games,mrec,DOUBLECLICK,0.022538
video.downloader.videodownloader,mrec,INMOBI,0.020690999999999998
com.weaver.app.prod,mrec,MINTEGRAL,0.019194000000000003
com.miui.global.packageinstaller,banner,PANGLE,0.017518
com.truecaller,interstitial,TAURUSX,0.017164
651510680,interstitial,PANGLE,0.016832
921765888,banner,PANGLE,0.015448
free.vpn.unblock.proxy.turbovpn,banner,CHARTBOOST,0.014764
com.storymatrix.drama,banner,APPLOVIN,0.012990999999999999
free.vpn.unblock.proxy.turbovpn,native,VUNGLE,0.012376
com.truecaller,mrec,VUNGLE,0.012237999999999999
com.easybrain.sudoku.android,interstitial,TAURUSX,0.011848
com.lemon.lvoverseas,banner,TAURUSX,0.011352000000000001
com.ecffri.arrows,banner,PANGLE,0.010563000000000003
281940292,banner,INMOBI,0.010102
com.miui.player,native,DOUBLECLICK,0.010060000000000012
com.naver.linewebtoon,banner,TAURUSX,0.009537
com.vincentb.MobControl,banner,PANGLE,0.009521
com.naver.linewebtoon,mrec,TAURUSX,0.009371
videoplayer.videodownloader.downloader,banner,PANGLE,0.007954000000000001
1357464684,native,VERVE,0.007671
com.truecaller,mrec,MINTEGRAL,0.007633000000000001
com.truecaller,native,VUNGLE,0.007397
com.studio27.MelonPlayground,native,INMOBI,0.007207
com.particlenews.newsbreak,banner,APPLOVIN,0.007194
512939461,native,DOUBLECLICK,0.0066110000000000006
com.studio27.MelonPlayground,interstitial,UNITY,0.005757
1544750895,banner,TAURUSX,0.005723
com.miniclip.carrom,interstitial,TAURUSX,0.005526
com.lemon.lvoverseas,interstitial,UNITY,0.005212999999999989
1407852246,banner,TAURUSX,0.004878
1073936461,interstitial,TAURUSX,0.004745
com.loomgames.pixelflow,interstitial,TAURUSX,0.004724
840919914,banner,TAURUSX,0.004597
water.sort.puzzle.game.color.sorting.free,mrec,DOUBLECLICK,0.00437
free.vpn.unblock.proxy.turbovpn,mrec,INMOBI,0.004364
1562817072,native,INMOBI,0.004178
com.callapp.contacts,mrec,TAURUSX,0.003907
free.vpn.unblock.proxy.turbovpn,banner,VUNGLE,0.0034429999999999994
com.UCMobile.intl,interstitial,INMOBI,0.003372
1407852246,banner,CHARTBOOST,0.003052
512939461,native,MINTEGRAL,0.003033000000000001
1407852246,mrec,VERVE,0.002993
com.michatapp.im,native,DOUBLECLICK,0.00294
6504849169,native,CHARTBOOST,0.002552
com.miniclip.carrom,native,DOUBLECLICK,0.002539
com.miniclip.carrom,mrec,DOUBLECLICK,0.002459
videoplayer.videodownloader.downloader,native,INMOBI,0.0024129999999999998
com.truecaller,interstitial,MINTEGRAL,0.002251
1562817072,banner,INMOBI,0.002204
com.truecaller,banner,VUNGLE,0.002151
com.playit.videoplayer,banner,INMOBI,0.002087
free.vpn.unblock.proxy.turbovpn,interstitial,XIAOMI,0.002077
com.truecaller,interstitial,UNITY,0.0020690000000000005
com.pixel.art.coloring.color.number,banner,ZMATICOO,0.0020299999999999997
com.callapp.contacts,banner,TAURUSX,0.001879
6504849169,native,INNERACTIVE_DIRECT,0.0018449999999999999
video.downloader.videodownloader,banner,TAURUSX,0.001767
com.pixel.art.coloring.color.number,interstitial,TAURUSX,0.0017409999999999997
com.playit.videoplayer,mrec,INMOBI,0.001735
com.michatapp.im,interstitial,UNITY,0.0014269999999999997
6504849169,banner,VUNGLE,0.001317
1357464684,mrec,VERVE,0.001211
6504849169,banner,CHARTBOOST,0.001152
com.weaver.app.prod,mrec,DOUBLECLICK,0.000994
com.pixel.art.coloring.color.number,mrec,TAURUSX,0.000932
840919914,banner,VERVE,0.000902
1509453185,banner,DOUBLECLICK,0.000823
1407852246,native,CHARTBOOST,0.00081
com.particlenews.newsbreak,interstitial,UNITY,0.000719
com.playit.videoplayer,banner,MINTEGRAL,0.0006370000000000001
com.naver.linewebtoon,mrec,UNITY,0.0005430000000000001
com.lemon.lvoverseas,mrec,MINTEGRAL,0.000543
1624606445,native,APPLOVIN,0.0005390000000000001
1498889847,mrec,APPLOVIN,0.0005329999999999999
videoplayer.videodownloader.downloader,mrec,DOUBLECLICK,0.000528
free.vpn.unblock.proxy.turbovpn,interstitial,IRONSOURCE,0.00047700000000000005
1407852246,interstitial,A9TAM,0.000464
6759763476,native,INMOBI,0.000429
921765888,banner,CHARTBOOST,0.00042899999999999997
com.naver.linewebtoon,banner,UNITY,0.000425
6465991018,banner,APPODEAL,0.000423
1459645446,interstitial,APPLOVIN,0.000419
com.callapp.contacts,interstitial,UNITY,0.00036799999999999995
1407852246,mrec,APPLOVIN,0.0003400000000000001
com.playit.videoplayer,mrec,PANGLE,0.000314
921765888,native,CHARTBOOST,0.000298
6504849169,banner,APPLOVIN,0.000265
6478063606,mrec,APPLOVIN,0.000257
com.michatapp.im,banner,APPLOVIN,0.000241
com.Gamnest.CandyRace,native,INMOBI,0.00022
6742221896,mrec,MINTEGRAL,0.000199
puzzle.yarn.fever.unravel.puzzle,native,BIGO,0.000198
6747875092,native,BIGO,0.00016199999999999998
6504849169,mrec,APPLOVIN,0.000156
com.dubox.drive,interstitial,UNITY,0.000137
1624606445,banner,PANGLE,0.000134
free.vpn.unblock.proxy.turbovpn,mrec,ZMATICOO,0.00011399999999999999
com.playit.videoplayer,mrec,MINTEGRAL,0.000109
com.michatapp.im,mrec,APPLOVIN,0.000106
993090598,mrec,APPLOVIN,9.3e-05
6747875092,banner,TAURUSX,8.9e-05
512939461,mrec,APPLOVIN,5.2000000000000004e-05
com.lemon.lvoverseas,mrec,DOUBLECLICK,4.4e-05
1073936461,banner,APPLOVIN,4.1e-05
com.UCMobile.intl,mrec,APPLOVIN,3.9e-05
com.miniclip.carrom,interstitial,UNITY,3.6e-05
1544750895,mrec,APPLOVIN,3.3e-05
com.aws.android,interstitial,UNITY,2.8e-05
com.sled.surfers.game,mrec,APPLOVIN,2.1000000000000002e-05
com.sled.surfers.game,banner,APPLOVIN,1.7999999999999997e-05
puzzle.yarn.fever.unravel.puzzle,banner,TAURUSX,1.2e-05
1509453185,banner,APPLOVIN,1e-05
com.fc.goods.sort.matching.puzzle.triplemaster,banner,TAURUSX,9.999999999999999e-06
jp.naver.linemanga.android,banner,APPLOVIN,7e-06
kjv.bible.kingjamesbible,banner,APPLOVIN,7e-06
com.playit.videoplayer,banner,APPLOVIN,6.999999999999999e-06
6465991018,mrec,APPLOVIN,5e-06
com.storymatrix.drama,mrec,APPLOVIN,4.9999999999999996e-06
com.vincentb.MobControl,mrec,APPLOVIN,4e-06
com.lemon.lvoverseas,mrec,APPLOVIN,3e-06
com.domobile.applockwatcher,banner,APPLOVIN,3e-06
1357464684,banner,APPLOVIN,3e-06
6451208928,mrec,APPLOVIN,3e-06
com.ludo.king,mrec,APPLOVIN,3e-06
651510680,mrec,APPLOVIN,2e-06
1212951043,mrec,APPLOVIN,1e-06
1420058690,mrec,APPLOVIN,1e-06
com.studio27.MelonPlayground,banner,APPLOVIN,1e-06
com.storymatrix.drama,interstitial,VERVE,0.0
840919914,interstitial,PUBMATIC,0.0
319881193,banner,SMAATO,0.0
281940292,mrec,SMAATO,0.0
com.callapp.contacts,interstitial,DOUBLECLICK,0.0
jigsaw.puzzle.game.banana,mrec,ZMATICOO,0.0
651510680,interstitial,ADVLION,0.0
281940292,banner,MOBILEFUSE,0.0
1407852246,interstitial,CRITEO,0.0
com.UCMobile.intl,mrec,SMAATO,0.0
com.dubox.drive,interstitial,CRITEO,0.0
319881193,banner,DOUBLECLICK,0.0
com.sec.android.app.samsungapps,interstitial,MINTEGRAL,0.0
498477945,native,DOUBLECLICK,0.0
puzzle.yarn.fever.unravel.puzzle,mrec,INMOBI,0.0
921765888,banner,MOBILEFUSE,0.0
com.callapp.contacts,banner,RHEBUS,0.0
com.pixel.art.coloring.color.number,banner,VUNGLE,0.0
6471572249,native,SMAATO,0.0
319881193,banner,APPNEXUS,0.0
com.mobilityware.spider,interstitial,CRITEO,0.0
ball.sort.puzzle.color.sorting.bubble.games,native,DOUBLECLICK,0.0
com.particlenews.newsbreak,interstitial,PUBMATIC,0.0
1080465358,native,OPERA,0.0
com.pixel.art.coloring.color.number,interstitial,TAPJOY,0.0
jp.naver.linemanga.android,interstitial,DOUBLECLICK,0.0
1080465358,interstitial,CRITEO,0.0
1080465358,banner,SMAATO,0.0
com.truecaller,mrec,PUBMATIC,0.0
281940292,banner,APPNEXUS,0.0
com.loomgames.pixelflow,interstitial,VERVE,0.0
1589762792,banner,MOBILEFUSE,0.0
jp.naver.linemanga.android,interstitial,BIGO,0.0
1459645446,native,MINTEGRAL,0.0
com.samsung.android.game.gamehome,native,APPODEAL,0.0
1407852246,banner,INDEX,0.0
281940292,mrec,TAPPX,0.0
6742221896,mrec,APPODEAL,0.0
6478063606,banner,SMAATO,0.0
com.easybrain.sudoku.android,banner,TRIPLELIFT,0.0
295646461,mrec,APPNEXUS,0.0
395979574,banner,UNITY,0.0
1589762792,native,APPODEAL,0.0
com.storymatrix.drama,native,APPLOVIN,0.0
6471572249,banner,MOBILEFUSE,0.0
295646461,banner,MOBFOX,0.0
395979574,interstitial,RUBICON,0.0
319881193,mrec,MOPUB,0.0
295646461,interstitial,INDEX,0.0
com.samsung.android.game.gamehome,mrec,SAMSUNG,0.0
com.callapp.contacts,interstitial,CRITEO,0.0
1562817072,native,LINE,0.0
921765888,banner,ACUITYADS,0.0
com.pixel.art.coloring.color.number,interstitial,CRITEO,0.0
6451208928,banner,CRITEO,0.0
com.truecaller,mrec,DOUBLECLICK,0.0
1584596271,interstitial,SMAATO,0.0
com.vincentb.MobControl,interstitial,TAURUSX,0.0
com.huub.tiger,native,SMAATO,0.0
921765888,interstitial,ADCOLONY,0.0
1342112505,interstitial,PANGLE,0.0
6747875092,banner,CRITEO,0.0
com.xiaomi.mipicks,native,VERVE,0.0
com.pixel.art.coloring.color.number,interstitial,DOUBLECLICK,0.0
com.mobilityware.spider,banner,SMAATO,0.0
295646461,banner,RUBICON,0.0
com.sec.android.app.samsungapps,interstitial,RUBICON,0.0
1589762792,banner,CRITEO,0.0
6478063606,native,SMAATO,0.0
com.weaver.app.prod,mrec,BIGO,0.0
1459645446,banner,APPLOVIN,0.0
video.downloader.videodownloader,interstitial,VERVE,0.0
395979574,interstitial,OPENX,0.0
com.pixel.art.coloring.color.number,native,BIGO,0.0
com.mobilityware.spider,interstitial,MOPUB,0.0
921765888,native,MOPUB,0.0
921765888,interstitial,VERVE,0.0
1509453185,interstitial,BIGO,0.0
com.sec.android.app.samsungapps,interstitial,MOBFOX,0.0
com.truecaller,banner,DOUBLECLICK,0.0
com.dubox.drive,banner,DOUBLECLICK,0.0
com.aws.android,mrec,RHEBUS,0.0
jp.naver.linemanga.android,interstitial,MINTEGRAL,0.0
651510680,banner,PUBMATIC,0.0
281940292,mrec,RHEBUS,0.0
319881193,banner,MOPUB,0.0
jigsaw.puzzle.game.banana,mrec,BIGO,0.0
1420058690,native,APPODEAL,0.0
com.miui.global.packageinstaller,mrec,INMOBI,0.0
com.xiaomi.mipicks,native,BIGO,0.0
1407852246,banner,SMAATO,0.0
com.mobilityware.spider,native,MOPUB,0.0
993090598,banner,OPENX,0.0
1589762792,mrec,BIGO,0.0
com.easybrain.sudoku.android,banner,RHEBUS,0.0
com.naver.linewebtoon,mrec,TRIPLELIFT,0.0
com.miniclip.carrom,interstitial,MOPUB,0.0
com.hotmini.drama.hot,mrec,DOUBLECLICK,0.0
puzzle.yarn.fever.unravel.puzzle,native,DOUBLECLICK,0.0
com.mobilityware.spider,native,MOBILITYWARE,0.0
com.callapp.contacts,mrec,OPENX,0.0
com.miui.player,banner,BIGO,0.0
395979574,interstitial,AOLONE,0.0
6759763476,banner,TAURUSX,0.0
1459645446,interstitial,VERVE,0.0
6478063606,banner,MOBILEFUSE,0.0
com.playit.videoplayer,interstitial,TAURUSX,0.0
water.sort.puzzle.game.color.sorting.free,mrec,INMOBI,0.0
com.particlenews.newsbreak,banner,TRIPLELIFT,0.0
921765888,interstitial,PUBMATIC,0.0
com.netshort.abroad,native,BIGO,0.0
com.aws.android,mrec,INNERACTIVE_DIRECT,0.0
651510680,banner,ADVLION,0.0
com.dubox.drive,mrec,SMAATO,0.0
281940292,mrec,TRIPLELIFT,0.0
1407852246,banner,RUBICON,0.0
295646461,mrec,ADVLION,0.0
com.naver.linewebtoon,banner,MOBILEFUSE,0.0
1624606445,native,LINE,0.0
com.vincentb.MobControl,banner,ADCOLONY,0.0
com.vincentb.MobControl,banner,DOUBLECLICK,0.0
281940292,banner,A9TAM,0.0
281940292,banner,ADCOLONY,0.0
com.storymatrix.drama,interstitial,TAURUSX,0.0
com.miui.player,interstitial,ZMATICOO,0.0
1544750895,native,DOUBLECLICK,0.0
water.sort.puzzle.game.color.sorting.free,native,SMAATO,0.0
1080465358,banner,INMOBI,0.0
1624606445,interstitial,IRONSOURCE,0.0
com.naver.linewebtoon,mrec,ACUITYADS,0.0
com.ecffri.arrows,native,DOUBLECLICK,0.0
com.miui.player,interstitial,SMAATO,0.0
921765888,mrec,ACUITYADS,0.0
1212951043,interstitial,SMAATO,0.0
com.ludo.king,banner,TRIPLELIFT,0.0
com.dubox.drive,mrec,LOOPME,0.0
498477945,banner,IRONSOURCE,0.0
295646461,interstitial,A9TAM,0.0
1080465358,mrec,MOPUB,0.0
281940292,mrec,PUBMATIC,0.0
6742221896,native,BIGO,0.0
395979574,interstitial,MOBILEFUSE,0.0
com.mobilityware.spider,interstitial,APPNEXUS,0.0
1624606445,interstitial,TAPJOY,0.0
6754384144,interstitial,INMOBI,0.0
com.samsung.android.game.gamehome,interstitial,SAMSUNG,0.0
com.domobile.applockwatcher,native,SMAATO,0.0
1420058690,banner,MOPUB,0.0
com.fc.goods.sort.matching.puzzle.triplemaster,mrec,BIGO,0.0
651510680,banner,SMAATO,0.0
com.pixel.art.coloring.color.number,banner,CHARTBOOST,0.0
com.samsung.android.game.gamehome,mrec,DOUBLECLICK,0.0
1212951043,native,APPODEAL,0.0
1589762792,banner,UNITY,0.0
com.truecaller,native,SMAATO,0.0
com.vincentb.MobControl,interstitial,MOBILEFUSE,0.0
1407852246,banner,ADVLION,0.0
com.easybrain.sudoku.android,interstitial,TRIPLELIFT,0.0
com.vincentb.MobControl,banner,MOBILEFUSE,0.0
993090598,interstitial,PUBMATIC,0.0
1562817072,interstitial,CHARTBOOST,0.0
solitaire.patience.card.games.klondike.free,interstitial,TAURUSX,0.0
com.fc.goods.sort.matching.puzzle.triplemaster,mrec,DOUBLECLICK,0.0
395979574,native,INMOBI,0.0
1502447854,mrec,VERVE,0.0
com.dubox.drive,interstitial,VERVE,0.0
com.easybrain.sudoku.android,banner,OPENX,0.0
com.aws.android,banner,OPENX,0.0
ball.sort.puzzle.color.sorting.bubble.games,interstitial,SMAATO,0.0
6451208928,native,VERVE,0.0
1212951043,banner,CRITEO,0.0
com.truecaller,native,DISPLAYIO,0.0
295646461,native,SMAATO,0.0
com.miui.player,native,SMAATO,0.0
com.xiaomi.mipicks,interstitial,PANGLE,0.0
395979574,interstitial,MINTEGRAL,0.0
1420058690,interstitial,A9TAM,0.0
com.vincentb.MobControl,banner,VERVE,0.0
921765888,interstitial,A9TAM,0.0
solitaire.patience.card.games.klondike.free,mrec,BIGO,0.0
com.miui.player,interstitial,BIGO,0.0
com.miui.player,mrec,PUBMATIC,0.0
6451208928,interstitial,DOUBLECLICK,0.0
com.naver.linewebtoon,interstitial,SMAATO,0.0
1624606445,mrec,A9TAM,0.0
1562817072,banner,MOPUB,0.0
jp.naver.linemanga.android,interstitial,RUBICON,0.0
solitaire.patience.card.games.klondike.free,mrec,DOUBLECLICK,0.0
jigsaw.puzzle.game.banana,native,SMAATO,0.0
com.UCMobile.intl,mrec,ADVLION,0.0
com.UCMobile.intl,banner,ADVLION,0.0
com.particlenews.newsbreak,banner,A9TAM,0.0
com.dubox.drive,banner,CRITEO,0.0
1584596271,interstitial,MOPUB,0.0
com.UCMobile.intl,mrec,ACUITYADS,0.0
512939461,interstitial,MOBFOX,0.0
com.vincentb.MobControl,interstitial,SMAATO,0.0
com.naver.linewebtoon,native,SMAATO,0.0
com.naver.linewebtoon,mrec,MOBILEFUSE,0.0
com.mobilityware.spider,interstitial,AOLONE,0.0
solitaire.patience.card.games.klondike.free,banner,MOPUB,0.0
1357464684,interstitial,IRONSOURCE,0.0
jigsaw.puzzle.game.banana,banner,SMAATO,0.0
993090598,mrec,VUNGLE,0.0
6465991018,interstitial,PANGLE,0.0
1624606445,banner,A9TAM,0.0
1544750895,native,VERVE,0.0
1212951043,banner,ADCOLONY,0.0
com.miui.global.packageinstaller,interstitial,CRITEO,0.0
295646461,mrec,RHEBUS,0.0
com.netshort.abroad,interstitial,TAURUSX,0.0
solitaire.patience.card.games.klondike.free,interstitial,SMAATO,0.0
281940292,native,RHEBUS,0.0
921765888,banner,AOLONE,0.0
puzzle.yarn.fever.unravel.puzzle,native,VUNGLE,0.0
1407852246,banner,UNITY,0.0
com.naver.linewebtoon,banner,APPLOVIN,0.0
com.fc.goods.sort.matching.puzzle.triplemaster,interstitial,TAURUSX,0.0
651510680,interstitial,RUBICON,0.0
295646461,native,INMOBI,0.0
651510680,interstitial,SMAATO,0.0
jp.naver.linemanga.android,interstitial,UNITY,0.0
1624606445,interstitial,CRITEO,0.0
com.pixel.art.coloring.color.number,banner,BIGO,0.0
1212951043,banner,RHEBUS,0.0
395979574,mrec,CHARTBOOST,0.0
1502447854,native,BIGO,0.0
295646461,mrec,INDEX,0.0
com.naver.linewebtoon,mrec,VERVE,0.0
6465991018,interstitial,IRONSOURCE,0.0
281940292,banner,ADVLION,0.0
1080465358,banner,CRITEO,0.0
6451208928,interstitial,BIGO,0.0
993090598,interstitial,SMAATO,0.0
com.particlenews.newsbreak,native,VERVE,0.0
free.vpn.unblock.proxy.turbovpn,interstitial,UNITY,0.0
1342112505,native,APPODEAL,0.0
1624606445,mrec,VUNGLE,0.0
com.dubox.drive,interstitial,DOUBLECLICK,0.0
1562817072,interstitial,TAPJOY,0.0
597088068,interstitial,IRONSOURCE,0.0
solitaire.patience.card.games.klondike.free,banner,MOBILEFUSE,0.0
com.storymatrix.drama,banner,MINTEGRAL,0.0
com.michatapp.im,interstitial,IRONSOURCE,0.0
com.domobile.applockwatcher,interstitial,BIGO,0.0
1459645446,mrec,MOBILEFUSE,0.0
6446005634,interstitial,CHARTBOOST,0.0
1407852246,interstitial,OPERA,0.0
319881193,mrec,MOBFOX,0.0
6742221896,interstitial,APPODEAL,0.0
jigsaw.puzzle.game.banana,mrec,APPLOVIN,0.0
com.naver.linewebtoon,mrec,MOBFOX,0.0
597088068,interstitial,ADCOLONY,0.0
com.truecaller,banner,BIGO,0.0
295646461,mrec,APPODEAL,0.0
1212951043,mrec,BIGO,0.0
com.easybrain.sudoku.android,interstitial,PANGLE,0.0
498477945,banner,ACUITYADS,0.0
com.easybrain.sudoku.android,native,SMAATO,0.0
395979574,interstitial,VERVE,0.0
1080465358,interstitial,PUBMATIC,0.0
com.easybrain.sudoku.android,interstitial,MOPUB,0.0
6742221896,native,VERVE,0.0
6478063606,interstitial,SMAATO,0.0
com.miui.player,interstitial,VERVE,0.0
281940292,mrec,RUBICON,0.0
1080465358,mrec,SMAATO,0.0
1407852246,interstitial,OPENX,0.0
6471572249,interstitial,MOBILEFUSE,0.0
1562817072,interstitial,RHEBUS,0.0
6471572249,native,VUNGLE,0.0
com.mobilityware.spider,interstitial,OPENX,0.0
com.vincentb.MobControl,interstitial,ADCOLONY,0.0
com.UCMobile.intl,banner,OPERA,0.0
com.naver.linewebtoon,interstitial,OPENX,0.0
1562817072,interstitial,PUBMATIC,0.0
1502447854,interstitial,SMAATO,0.0
1498889847,interstitial,MOPUB,0.0
com.domobile.applockwatcher,interstitial,UNITY,0.0
1407852246,banner,DOUBLECLICK,0.0
319881193,mrec,OPENX,0.0
com.ecffri.arrows,mrec,PANGLE,0.0
1357464684,interstitial,OPENX,0.0
6742221896,banner,DOUBLECLICK,0.0
jigsaw.puzzle.game.banana,mrec,INMOBI,0.0
1342112505,banner,PUBMATIC,0.0
1562817072,interstitial,OPERA,0.0
6471572249,interstitial,TAURUSX,0.0
281940292,banner,RUBICON,0.0
com.domobile.applockwatcher,mrec,ADCOLONY,0.0
1080465358,interstitial,TAPPX,0.0
com.easybrain.sudoku.android,interstitial,SMAATO,0.0
1357464684,interstitial,SMAATO,0.0
295646461,banner,TRIPLELIFT,0.0
video.downloader.videodownloader,banner,VERVE,0.0
1502447854,banner,PUBMATIC,0.0
jigsaw.puzzle.game.banana,interstitial,UNITY,0.0
1212951043,interstitial,PUBMATIC,0.0
com.ludo.king,banner,OPENX,0.0
com.miui.player,native,VUNGLE,0.0
319881193,interstitial,CRITEO,0.0
solitaire.patience.card.games.klondike.free,native,DOUBLECLICK,0.0
jp.naver.linemanga.android,interstitial,PANGLE,0.0
319881193,interstitial,OPENX,0.0
com.netshort.abroad,banner,APPLOVIN,0.0
319881193,mrec,DOUBLECLICK,0.0
com.naver.linewebtoon,native,TRIPLELIFT,0.0
281940292,native,SMAATO,0.0
com.naver.linewebtoon,banner,A9TAM,0.0
com.aws.android,interstitial,ACUITYADS,0.0
com.naver.linewebtoon,mrec,RUBICON,0.0
jigsaw.puzzle.game.banana,native,APPODEAL,0.0
295646461,native,TRIPLELIFT,0.0
com.callapp.contacts,banner,TRIPLELIFT,0.0
295646461,interstitial,CRITEO,0.0
295646461,interstitial,SMAATO,0.0
6747875092,interstitial,SMAATO,0.0
com.storymatrix.drama,banner,UNITY,0.0
295646461,banner,RHEBUS,0.0
com.callapp.contacts,native,RUBICON,0.0
com.truecaller,interstitial,ZMATICOO,0.0
com.miui.player,banner,PUBMATIC,0.0
281940292,banner,SMAATO,0.0
com.sled.surfers.game,interstitial,DOUBLECLICK,0.0
com.vincentb.MobControl,interstitial,RHEBUS,0.0
sorting.games.goods.sort.triple.match3d.puzzle.stuff,mrec,DOUBLECLICK,0.0
com.ludo.king,interstitial,MOBFOX,0.0
1502447854,banner,DOUBLECLICK,0.0
com.aws.android,mrec,TAURUSX,0.0
295646461,mrec,ADCOLONY,0.0
free.vpn.unblock.proxy.turbovpn,mrec,TAURUSX,0.0
com.easybrain.sudoku.android,banner,SMAATO,0.0
295646461,interstitial,INMOBI,0.0
1584596271,banner,CHARTBOOST,0.0
651510680,native,SMAATO,0.0
395979574,native,APPODEAL,0.0
651510680,banner,RUBICON,0.0
6451208928,banner,VERVE,0.0
jp.naver.linemanga.android,interstitial,ADCOLONY,0.0
597088068,interstitial,TAPJOY,0.0
com.Hadiz.Holeucaneat,interstitial,APPLOVIN,0.0
com.pixel.art.coloring.color.number,interstitial,SMAATO,0.0
com.pixel.art.coloring.color.number,interstitial,A9TAM,0.0
com.particlenews.newsbreak,banner,INDEX,0.0
395979574,interstitial,MOBFOX,0.0
sorting.games.goods.sort.triple.match3d.puzzle.stuff,native,SMAATO,0.0
319881193,mrec,PUBMATIC,0.0
1459645446,banner,INMOBI,0.0
1080465358,interstitial,OPENX,0.0
com.pixel.art.coloring.color.number,banner,UNITY,0.0
1544750895,interstitial,VERVE,0.0
651510680,interstitial,TAPJOY,0.0
com.truecaller,banner,PUBMATIC,0.0
com.ludo.king,interstitial,TAURUSX,0.0
sorting.games.goods.sort.triple.match3d.puzzle.stuff,native,DOUBLECLICK,0.0
993090598,banner,INDEX,0.0
com.domobile.applockwatcher,mrec,SMAATO,0.0
com.storymatrix.drama,interstitial,RHEBUS,0.0
com.callapp.contacts,native,APPLOVIN,0.0
6759763476,banner,VUNGLE,0.0
com.callapp.contacts,mrec,VUNGLE,0.0
com.easybrain.sudoku.android,native,DOUBLECLICK,0.0
com.callapp.contacts,interstitial,APPLOVIN,0.0
319881193,banner,TAURUSX,0.0
ball.sort.puzzle.color.sorting.bubble.games,mrec,VERVE,0.0
com.xiaomi.mipicks,native,SMAATO,0.0
com.fc.goods.sort.matching.puzzle.triplemaster,mrec,INMOBI,0.0
295646461,banner,ADVLION,0.0
com.truecaller,mrec,DISPLAYIO,0.0
com.lemon.lvoverseas,interstitial,TAURUSX,0.0
651510680,banner,BIGO,0.0
com.mobilityware.spider,interstitial,RHEBUS,0.0
1080465358,banner,MOPUB,0.0
sorting.games.goods.sort.triple.match3d.puzzle.stuff,banner,SMAATO,0.0
840919914,banner,CRITEO,0.0
6471572249,native,MINTEGRAL,0.0
6471572249,banner,SMAATO,0.0
jp.naver.linemanga.android,native,VERVE,0.0
1357464684,native,MOPUB,0.0
281940292,banner,INNERACTIVE_DIRECT,0.0
1407852246,banner,OPENX,0.0
com.vincentb.MobControl,native,SMAATO,0.0
993090598,interstitial,INDEX,0.0
921765888,interstitial,OPENX,0.0
com.miui.global.packageinstaller,mrec,BIGO,0.0
1342112505,native,SMAATO,0.0
com.truecaller,banner,SMAATO,0.0
921765888,interstitial,CRITEO,0.0
921765888,banner,PUBMATIC,0.0
com.naver.linewebtoon,mrec,SMAATO,0.0
6759763476,banner,DOUBLECLICK,0.0
1502447854,banner,OPENX,0.0
993090598,interstitial,TAURUSX,0.0
jigsaw.puzzle.game.banana,banner,ACUITYADS,0.0
com.miui.player,banner,ADVLION,0.0
319881193,interstitial,PUBMATIC,0.0
1080465358,mrec,OPENX,0.0
319881193,banner,IRONSOURCE,0.0
com.michatapp.im,mrec,PANGLE,0.0
com.pixel.art.coloring.color.number,native,SMAATO,0.0
com.playit.videoplayer,native,SMAATO,0.0
281940292,mrec,ADVLION,0.0
com.domobile.applockwatcher,interstitial,SMAATO,0.0
1073936461,interstitial,PUBMATIC,0.0
1502447854,interstitial,MOBFOX,0.0
6471572249,banner,IRONSOURCE,0.0
1562817072,native,SMAATO,0.0
1407852246,interstitial,MOPUB,0.0
1080465358,mrec,CRITEO,0.0
com.aws.android,banner,ADCOLONY,0.0
com.easybrain.sudoku.android,interstitial,RHEBUS,0.0
1212951043,banner,PUBMATIC,0.0
sorting.games.goods.sort.triple.match3d.puzzle.stuff,banner,MOBILEFUSE,0.0
1562817072,interstitial,MOPUB,0.0
1502447854,native,SMAATO,0.0
6759763476,banner,MINTEGRAL,0.0
jigsaw.puzzle.game.banana,interstitial,INNERACTIVE_DIRECT,0.0
com.aws.android,interstitial,INMOBI,0.0
651510680,interstitial,MOBFOX,0.0
com.callapp.contacts,mrec,MOPUB,0.0
com.sled.surfers.game,native,INMOBI,0.0
com.UCMobile.intl,native,VERVE,0.0
com.miui.player,interstitial,TAPPX,0.0
281940292,interstitial,OPENX,0.0
921765888,banner,CRITEO,0.0
597088068,interstitial,RUBICON,0.0
651510680,banner,MOPUB,0.0
1624606445,banner,VUNGLE,0.0
jigsaw.puzzle.game.banana,banner,MOBILEFUSE,0.0
295646461,interstitial,PUBMATIC,0.0
1445472541,banner,DOUBLECLICK,0.0
com.miui.player,native,PUBMATIC,0.0
6747875092,banner,VUNGLE,0.0
921765888,banner,OPENX,0.0
921765888,banner,LIFTOFF,0.0
com.pixel.art.coloring.color.number,banner,MINTEGRAL,0.0
498477945,interstitial,UNITY,0.0
295646461,mrec,MOBILEFUSE,0.0
solitaire.patience.card.games.klondike.free,banner,RHEBUS,0.0
319881193,native,MOBFOX,0.0
651510680,interstitial,ACUITYADS,0.0
com.Hadiz.Holeucaneat,mrec,INMOBI,0.0
com.truecaller,banner,IRONSOURCE,0.0
1562817072,banner,MINTEGRAL,0.0
ball.sort.puzzle.color.sorting.bubble.games,banner,RHEBUS,0.0
kjv.bible.kingjamesbible,native,CHARTBOOST,0.0
jigsaw.puzzle.game.banana,banner,RUBICON,0.0
com.particlenews.newsbreak,native,APPLOVIN,0.0
com.ludo.king,banner,PUBMATIC,0.0
1420058690,interstitial,PUBMATIC,0.0
ball.sort.puzzle.color.sorting.bubble.games,mrec,INMOBI,0.0
com.truecaller,native,BIGO,0.0
840919914,banner,ADCOLONY,0.0
com.naver.linewebtoon,mrec,PUBMATIC,0.0
com.sec.android.app.samsungapps,interstitial,INMOBI,0.0
1445472541,native,SMAATO,0.0
1562817072,banner,UNITY,0.0
319881193,native,SMAATO,0.0
com.goldendragon.luckyblessing,interstitial,TAURUSX,0.0
1357464684,interstitial,PUBMATIC,0.0
395979574,interstitial,APPNEXUS,0.0
512939461,interstitial,ADCOLONY,0.0
295646461,banner,INMOBI,0.0
com.callapp.contacts,mrec,ADCOLONY,0.0
921765888,mrec,BIGO,0.0
com.xiaomi.mipicks,mrec,BIGO,0.0
319881193,interstitial,MAX,0.0
com.dubox.drive,mrec,DISPLAYIO,0.0
6747875092,banner,SMAATO,0.0
6471572249,banner,VUNGLE,0.0
com.dubox.drive,mrec,DOUBLECLICK,0.0
com.truecaller,interstitial,DISPLAYIO,0.0
com.miui.global.packageinstaller,mrec,CRITEO,0.0
1562817072,interstitial,MINTEGRAL,0.0
com.mobilityware.spider,interstitial,PANGLE,0.0
com.pixel.art.coloring.color.number,interstitial,MAILRU,0.0
295646461,mrec,MOPUB,0.0
1589762792,banner,RHEBUS,0.0
6747875092,native,APPODEAL,0.0
1502447854,banner,MOBILEFUSE,0.0
597088068,native,VERVE,0.0
1589762792,interstitial,CRITEO,0.0
com.naver.linewebtoon,mrec,A9TAM,0.0
651510680,interstitial,BIGO,0.0
1498889847,native,MOPUB,0.0
1080465358,interstitial,ADCOLONY,0.0
com.callapp.contacts,banner,ACUITYADS,0.0
281940292,banner,OPENX,0.0
com.naver.linewebtoon,banner,APPODEAL,0.0
512939461,interstitial,CRITEO,0.0
com.miui.msa.global,native,ZMATICOO,0.0
com.storymatrix.drama,interstitial,BIGO,0.0
281940292,banner,CRITEO,0.0
1407852246,interstitial,ADCOLONY,0.0
com.dubox.drive,banner,VERVE,0.0
597088068,interstitial,LINE,0.0
com.lemon.lvoverseas,mrec,TAURUSX,0.0
solitaire.patience.card.games.klondike.free,interstitial,CRITEO,0.0
1407852246,mrec,A9TAM,0.0
6747875092,mrec,TAURUSX,0.0
921765888,mrec,SMAATO,0.0
com.michatapp.im,interstitial,ADCOLONY,0.0
6742221896,interstitial,SMAATO,0.0
993090598,interstitial,ADCOLONY,0.0
395979574,native,MOBILITYWARE,0.0
com.truecaller,interstitial,DOUBLECLICK,0.0
1544750895,mrec,INMOBI,0.0
921765888,mrec,INMOBI,0.0
kjv.bible.kingjamesbible,interstitial,SMAATO,0.0
com.callapp.contacts,native,DOUBLECLICK,0.0
651510680,interstitial,CRITEO,0.0
1420058690,banner,ACUITYADS,0.0
com.naver.linewebtoon,mrec,PANGLE,0.0
com.xiaomi.mipicks,mrec,PANGLE,0.0
com.truecaller,mrec,INDEX,0.0
com.domobile.applockwatcher,interstitial,RHEBUS,0.0
295646461,banner,MOPUB,0.0
com.pixel.art.coloring.color.number,interstitial,ADVLION,0.0
com.particlenews.newsbreak,banner,MOBILEFUSE,0.0
281940292,mrec,ADCOLONY,0.0
com.domobile.applockwatcher,interstitial,DOUBLECLICK,0.0
com.callapp.contacts,interstitial,MOBILEFUSE,0.0
com.particlenews.newsbreak,banner,SMAATO,0.0
ball.sort.puzzle.color.sorting.bubble.games,interstitial,TAPJOY,0.0
water.sort.puzzle.game.color.sorting.free,interstitial,SMAATO,0.0
921765888,mrec,CRITEO,0.0
com.miniclip.carrom,native,IRONSOURCE,0.0
1562817072,interstitial,TAURUSX,0.0
319881193,mrec,ADVLION,0.0
com.dubox.drive,interstitial,DISPLAYIO,0.0
com.callapp.contacts,banner,MOPUB,0.0
6451208928,interstitial,VERVE,0.0
1342112505,banner,MOBILEFUSE,0.0
1407852246,banner,MOBFOX,0.0
1502447854,interstitial,CRITEO,0.0
281940292,mrec,A9TAM,0.0
840919914,banner,SMAATO,0.0
jp.naver.linemanga.android,native,LINE,0.0
com.aws.android,mrec,SMAATO,0.0
840919914,interstitial,CRITEO,0.0
281940292,mrec,AOLONE,0.0
com.netshort.abroad,mrec,PANGLE,0.0
6759763476,banner,INMOBI,0.0
com.pixel.art.coloring.color.number,mrec,INMOBI,0.0
840919914,interstitial,ADCOLONY,0.0
1080465358,native,APPODEAL,0.0
com.naver.linewebtoon,banner,RUBICON,0.0
com.Hadiz.Holeucaneat,interstitial,TAURUSX,0.0
1407852246,banner,CRITEO,0.0
6747875092,native,SMAATO,0.0
319881193,banner,AOLONE,0.0
1407852246,banner,MOBILEFUSE,0.0
com.pixel.art.coloring.color.number,interstitial,MOPUB,0.0
597088068,interstitial,INMOBI,0.0
395979574,mrec,DOUBLECLICK,0.0
1562817072,interstitial,ADCOLONY,0.0
com.pixel.art.coloring.color.number,interstitial,RHEBUS,0.0
1459645446,banner,VUNGLE,0.0
com.callapp.contacts,banner,PUBMATIC,0.0
921765888,mrec,MOPUB,0.0
com.particlenews.newsbreak,mrec,A9TAM,0.0
puzzle.yarn.fever.unravel.puzzle,native,MINTEGRAL,0.0
puzzle.yarn.fever.unravel.puzzle,interstitial,DOUBLECLICK,0.0
com.aws.android,banner,SMAATO,0.0
6471572249,native,DOUBLECLICK,0.0
651510680,interstitial,MOPUB,0.0
1407852246,banner,AOLONE,0.0
921765888,mrec,MINTEGRAL,0.0
921765888,interstitial,TAPJOY,0.0
com.truecaller,interstitial,IRONSOURCE,0.0
com.naver.linewebtoon,banner,SMAATO,0.0
ball.sort.puzzle.color.sorting.bubble.games,banner,MOBILEFUSE,0.0
com.pixel.art.coloring.color.number,interstitial,PUBMATIC,0.0
solitaire.patience.card.games.klondike.free,banner,SMAATO,0.0
com.aws.android,mrec,RUBICON,0.0
1502447854,native,CHARTBOOST,0.0
com.miniclip.carrom,native,MINTEGRAL,0.0
com.miniclip.carrom,native,APPODEAL,0.0
com.truecaller,interstitial,SMAATO,0.0
com.dubox.drive,mrec,BIGO,0.0
993090598,native,IRONSOURCE,0.0
water.sort.puzzle.game.color.sorting.free,interstitial,RHEBUS,0.0
com.easybrain.sudoku.android,banner,ACUITYADS,0.0
com.studio27.MelonPlayground,interstitial,DOUBLECLICK,0.0
com.miui.player,mrec,VERVE,0.0
319881193,mrec,ACUITYADS,0.0
com.easybrain.sudoku.android,banner,MOPUB,0.0
com.miniclip.carrom,interstitial,ADCOLONY,0.0
com.naver.linewebtoon,mrec,MOPUB,0.0
com.aws.android,interstitial,CRITEO,0.0
395979574,banner,MOBILEFUSE,0.0
com.miui.global.packageinstaller,native,BIGO,0.0
281940292,interstitial,RHEBUS,0.0
com.truecaller,banner,DISPLAYIO,0.0
281940292,mrec,INMOBI,0.0
com.callapp.contacts,interstitial,SMAATO,0.0
1407852246,native,TRIPLELIFT,0.0
jigsaw.puzzle.game.banana,banner,TAURUSX,0.0
6742221896,mrec,VERVE,0.0
com.michatapp.im,interstitial,TAURUSX,0.0
1407852246,mrec,MOBFOX,0.0
com.xiaomi.mipicks,mrec,VUNGLE,0.0
com.aws.android,banner,MOBILEFUSE,0.0
com.aws.android,mrec,INMOBI,0.0
com.callapp.contacts,banner,INDEX,0.0
840919914,banner,PUBMATIC,0.0
com.particlenews.newsbreak,mrec,PUBMATIC,0.0
com.callapp.contacts,mrec,CHARTBOOST,0.0
com.naver.linewebtoon,interstitial,BIGO,0.0
com.miui.global.packageinstaller,banner,BIGO,0.0
com.sled.surfers.game,native,DOUBLECLICK,0.0
1420058690,native,SMAATO,0.0
com.samsung.android.game.gamehome,native,INMOBI,0.0
com.dubox.drive,native,VUNGLE,0.0
1420058690,banner,OPENX,0.0
com.pixel.art.coloring.color.number,interstitial,VERVE,0.0
com.particlenews.newsbreak,banner,ACUITYADS,0.0
1502447854,interstitial,MOBILEFUSE,0.0
295646461,interstitial,ACUITYADS,0.0
com.samsung.android.game.gamehome,mrec,VUNGLE,0.0
6747875092,native,VUNGLE,0.0
1407852246,native,SMAATO,0.0
6471572249,interstitial,CRITEO,0.0
water.sort.puzzle.game.color.sorting.free,interstitial,MOPUB,0.0
1407852246,banner,RHEBUS,0.0
solitaire.patience.card.games.klondike.free,banner,ADVLION,0.0
com.hotmini.drama.hot,interstitial,MINTEGRAL,0.0
com.samsung.android.game.gamehome,native,VERVE,0.0
com.ludo.king,interstitial,DOUBLECLICK,0.0
651510680,interstitial,TRIPLELIFT,0.0
com.miui.player,native,MOBFOX,0.0
395979574,interstitial,ADVLION,0.0
kjv.bible.kingjamesbible,mrec,SMAATO,0.0
com.playit.videoplayer,mrec,SMAATO,0.0
com.fc.goods.sort.matching.puzzle.triplemaster,banner,SMAATO,0.0
295646461,banner,MOBILEFUSE,0.0
1502447854,mrec,SMAATO,0.0
1080465358,mrec,APPLOVIN,0.0
com.naver.linewebtoon,native,VERVE,0.0
sorting.games.goods.sort.triple.match3d.puzzle.stuff,interstitial,SMAATO,0.0
com.miui.player,mrec,INMOBI,0.0
com.aws.android,banner,INMOBI,0.0
kjv.bible.kingjamesbible,mrec,CHARTBOOST,0.0
1502447854,interstitial,PUBMATIC,0.0
319881193,banner,OPENX,0.0
com.hotmini.drama.hot,interstitial,PANGLE,0.0
651510680,interstitial,OPENX,0.0
6742221896,banner,BIGO,0.0
6451208928,interstitial,SMAATO,0.0
319881193,interstitial,MOBFOX,0.0
com.miniclip.carrom,banner,TAURUSX,0.0
498477945,banner,UNITY,0.0
com.particlenews.newsbreak,banner,ADCOLONY,0.0
498477945,native,VERVE,0.0
1562817072,interstitial,SMAATO,0.0
com.storymatrix.drama,banner,VUNGLE,0.0
6747875092,native,DOUBLECLICK,0.0
com.loomgames.pixelflow,interstitial,DOUBLECLICK,0.0
1407852246,mrec,ZMATICOO,0.0
921765888,banner,RUBICON,0.0
jigsaw.puzzle.game.banana,interstitial,CRITEO,0.0
1420058690,interstitial,SMAATO,0.0
512939461,interstitial,RUBICON,0.0
6478063606,interstitial,VERVE,0.0
319881193,interstitial,SMAATO,0.0
1459645446,native,LINE,0.0
com.goldendragon.luckyblessing,interstitial,INMOBI,0.0
com.dubox.drive,banner,ADVLION,0.0
921765888,banner,TRIPLELIFT,0.0
1080465358,banner,OPENX,0.0
jigsaw.puzzle.game.banana,banner,INNERACTIVE_DIRECT,0.0
com.pixel.art.coloring.color.number,banner,ACUITYADS,0.0
651510680,native,VERVE,0.0
com.particlenews.newsbreak,native,SMAATO,0.0
295646461,mrec,TRIPLELIFT,0.0
puzzle.yarn.fever.unravel.puzzle,interstitial,TAURUSX,0.0
com.dubox.drive,banner,APPLOVIN,0.0
com.naver.linewebtoon,banner,OPENX,0.0
com.callapp.contacts,banner,RUBICON,0.0
com.vincentb.MobControl,native,DOUBLECLICK,0.0
651510680,banner,VERVE,0.0
6504849169,interstitial,TAURUSX,0.0
com.pixel.art.coloring.color.number,interstitial,TRIPLELIFT,0.0
1509453185,interstitial,SMAATO,0.0
com.aws.android,banner,MOBFOX,0.0
1624606445,interstitial,DOUBLECLICK,0.0
921765888,banner,SMAATO,0.0
921765888,native,SMAATO,0.0
1080465358,interstitial,INMOBI,0.0
com.aws.android,native,RHEBUS,0.0
com.xiaomi.mipicks,interstitial,BIGO,0.0
com.pixel.art.coloring.color.number,interstitial,BIGO,0.0
1584596271,banner,CRITEO,0.0
com.easybrain.sudoku.android,banner,PUBMATIC,0.0
1445472541,banner,SMAATO,0.0
com.particlenews.newsbreak,native,MOPUB,0.0
1212951043,banner,RUBICON,0.0
1073936461,banner,UNITY,0.0
com.domobile.applockwatcher,mrec,ACUITYADS,0.0
com.vincentb.MobControl,native,VERVE,0.0
com.truecaller,interstitial,PANGLE,0.0
1073936461,interstitial,OPENX,0.0
1459645446,mrec,APPODEAL,0.0
840919914,native,ADMIXER,0.0
1562817072,interstitial,LINE,0.0
295646461,banner,ACUITYADS,0.0
295646461,banner,ADCOLONY,0.0
com.dubox.drive,native,VERVE,0.0
1212951043,banner,SMAATO,0.0
com.miui.msa.global,native,BIGO,0.0
921765888,interstitial,MOPUB,0.0
993090598,interstitial,TRIPLELIFT,0.0
319881193,banner,ACUITYADS,0.0
1080465358,native,SMAATO,0.0
com.particlenews.newsbreak,mrec,VERVE,0.0
kjv.bible.kingjamesbible,native,APPODEAL,0.0
1624606445,interstitial,A9TAM,0.0
281940292,native,TRIPLELIFT,0.0
319881193,interstitial,AOLONE,0.0
com.miui.player,interstitial,CRITEO,0.0
1509453185,native,ZMATICOO,0.0
com.miui.global.packageinstaller,interstitial,BIGO,0.0
921765888,mrec,ADCOLONY,0.0
com.miui.player,mrec,BIGO,0.0
com.easybrain.sudoku.android,mrec,SMAATO,0.0
jigsaw.puzzle.game.banana,interstitial,TAURUSX,0.0
com.UCMobile.intl,banner,TRIPLELIFT,0.0
com.ludo.king,mrec,TAURUSX,0.0
295646461,banner,A9TAM,0.0
com.easybrain.sudoku.android,banner,ADCOLONY,0.0
1080465358,mrec,DOUBLECLICK,0.0
921765888,native,VERVE,0.0
1498889847,banner,TAURUSX,0.0
com.fc.goods.sort.matching.puzzle.triplemaster,interstitial,CRITEO,0.0
281940292,native,RUBICON,0.0
com.naver.linewebtoon,banner,DISPLAYIO,0.0
6759763476,native,VUNGLE,0.0
com.truecaller,interstitial,BIGO,0.0
1562817072,interstitial,MOBILEFUSE,0.0
281940292,mrec,MOBILEFUSE,0.0
395979574,banner,SMAATO,0.0
1407852246,interstitial,DOUBLECLICK,0.0
512939461,interstitial,OPERA,0.0
jp.naver.linemanga.android,interstitial,INMOBI,0.0
com.dubox.drive,mrec,PUBMATIC,0.0
com.aws.android,mrec,MOBILEFUSE,0.0
com.aws.android,banner,CHARTBOOST,0.0
com.ecffri.arrows,mrec,INMOBI,0.0
921765888,mrec,OPENX,0.0
1420058690,interstitial,ADVLION,0.0
281940292,banner,CHARTBOOST,0.0
1589762792,banner,ACUITYADS,0.0
6742221896,interstitial,INMOBI,0.0
921765888,mrec,MOBILEFUSE,0.0
1342112505,interstitial,PUBMATIC,0.0
com.callapp.contacts,mrec,PUBMATIC,0.0
sorting.games.goods.sort.triple.match3d.puzzle.stuff,mrec,INMOBI,0.0
puzzle.yarn.fever.unravel.puzzle,interstitial,SMAATO,0.0
com.pixel.art.coloring.color.number,banner,MAILRU,0.0
com.easybrain.sudoku.android,mrec,INMOBI,0.0
921765888,banner,A9TAM,0.0
com.miui.player,native,VERVE,0.0
1562817072,mrec,MINTEGRAL,0.0
295646461,mrec,MOBFOX,0.0
1420058690,interstitial,OPENX,0.0
com.mobilityware.spider,mrec,CHARTBOOST,0.0
com.callapp.contacts,banner,MOBFOX,0.0
com.callapp.contacts,banner,DOUBLECLICK,0.0
com.pixel.art.coloring.color.number,interstitial,OPENX,0.0
319881193,banner,MAX,0.0
6747875092,banner,DOUBLECLICK,0.0
com.naver.linewebtoon,native,DISPLAYIO,0.0
1212951043,native,BIGO,0.0
com.pixel.art.coloring.color.number,banner,DOUBLECLICK,0.0
puzzle.yarn.fever.unravel.puzzle,mrec,ZMATICOO,0.0
com.weaver.app.prod,banner,DOUBLECLICK,0.0
6742221896,native,DOUBLECLICK,0.0
com.ecffri.arrows,interstitial,TAURUSX,0.0
com.dubox.drive,native,DISPLAYIO,0.0
840919914,native,DOUBLECLICK,0.0
com.samsung.android.game.gamehome,interstitial,VERVE,0.0
water.sort.puzzle.game.color.sorting.free,banner,SMAATO,0.0
com.miui.player,mrec,SMAATO,0.0
com.callapp.contacts,native,MOPUB,0.0
com.naver.linewebtoon,banner,PUBMATIC,0.0
jigsaw.puzzle.game.banana,mrec,DOUBLECLICK,0.0
1080465358,banner,APPLOVIN,0.0
com.easybrain.sudoku.android,banner,MOBILEFUSE,0.0
sorting.games.goods.sort.triple.match3d.puzzle.stuff,interstitial,TAURUSX,0.0
1407852246,native,PUBMATIC,0.0
1624606445,banner,DOUBLECLICK,0.0
6451208928,interstitial,CRITEO,0.0
1562817072,interstitial,A9TAM,0.0
295646461,banner,CRITEO,0.0
6465991018,banner,BIGO,0.0
840919914,native,IRONSOURCE,0.0
com.vincentb.MobControl,interstitial,DOUBLECLICK,0.0
921765888,interstitial,SMAATO,0.0
water.sort.puzzle.game.color.sorting.free,banner,MOBILEFUSE,0.0
com.truecaller,banner,MINTEGRAL,0.0
651510680,native,TRIPLELIFT,0.0
com.weaver.app.prod,mrec,INMOBI,0.0
com.callapp.contacts,mrec,APPLOVIN,0.0
1502447854,interstitial,TAPJOY,0.0
com.easybrain.sudoku.android,banner,PANGLE,0.0
1080465358,mrec,PUBMATIC,0.0
com.miui.global.packageinstaller,mrec,VUNGLE,0.0
solitaire.patience.card.games.klondike.free,interstitial,CHARTBOOST,0.0
1420058690,banner,TRIPLELIFT,0.0
com.pixel.art.coloring.color.number,interstitial,CHARTBOOST,0.0
281940292,banner,TRIPLELIFT,0.0
1584596271,banner,SMAATO,0.0
6451208928,banner,A9TAM,0.0
6742221896,interstitial,VUNGLE,0.0
512939461,interstitial,OPENX,0.0
921765888,interstitial,RUBICON,0.0
1509453185,banner,DISPLAYIO,0.0
840919914,interstitial,ADVLION,0.0
1212951043,banner,MOBILEFUSE,0.0
597088068,interstitial,DOUBLECLICK,0.0
1080465358,banner,ADVLION,0.0
651510680,banner,A9TAM,0.0
1502447854,mrec,MOBFOX,0.0
1407852246,interstitial,INDEX,0.0
video.downloader.videodownloader,interstitial,SMAATO,0.0
com.miui.global.packageinstaller,mrec,ZMATICOO,0.0
video.downloader.videodownloader,interstitial,TAURUSX,0.0
com.dubox.drive,mrec,CRITEO,0.0
295646461,banner,OPENX,0.0
com.callapp.contacts,mrec,MOBILEFUSE,0.0
295646461,interstitial,ADVLION,0.0
com.miui.player,native,OPERA,0.0
281940292,banner,MOBFOX,0.0
solitaire.patience.card.games.klondike.free,banner,OPENX,0.0
840919914,native,APPODEAL,0.0
com.netshort.abroad,banner,BIGO,0.0
solitaire.patience.card.games.klondike.free,banner,RUBICON,0.0
com.dubox.drive,banner,BIGO,0.0
1212951043,interstitial,CRITEO,0.0
com.easybrain.sudoku.android,banner,INDEX,0.0
com.pixel.art.coloring.color.number,interstitial,UNITY,0.0
com.dubox.drive,mrec,VERVE,0.0
com.netshort.abroad,mrec,TAURUSX,0.0
com.naver.linewebtoon,mrec,DISPLAYIO,0.0
295646461,interstitial,RHEBUS,0.0
1445472541,interstitial,APPLOVIN,0.0
1498889847,banner,MOPUB,0.0
com.pixel.art.coloring.color.number,native,CHARTBOOST,0.0
1407852246,banner,TRIPLELIFT,0.0
395979574,interstitial,SMAATO,0.0
ball.sort.puzzle.color.sorting.bubble.games,interstitial,RHEBUS,0.0
com.mobilityware.spider,interstitial,PUBMATIC,0.0
1212951043,interstitial,OPENX,0.0
1407852246,interstitial,TAURUSX,0.0
com.UCMobile.intl,native,SMAATO,0.0
840919914,banner,IRONSOURCE,0.0
com.callapp.contacts,mrec,TRIPLELIFT,0.0
com.vincentb.MobControl,native,LINE,0.0
651510680,banner,MOBFOX,0.0
com.aws.android,interstitial,SMAATO,0.0
1445472541,interstitial,MOBFOX,0.0
jigsaw.puzzle.game.banana,interstitial,DISPLAYIO,0.0
281940292,interstitial,OPERA,0.0
921765888,mrec,INNERACTIVE_DIRECT,0.0
com.samsung.android.game.gamehome,interstitial,APPODEAL,0.0
395979574,interstitial,PANGLE,0.0
6451208928,banner,DOUBLECLICK,0.0
com.aws.android,banner,A9TAM,0.0
ball.sort.puzzle.color.sorting.bubble.games,native,SMAATO,0.0
840919914,banner,ADVLION,0.0
1509453185,mrec,DOUBLECLICK,0.0
6451208928,interstitial,INMOBI,0.0
281940292,interstitial,RUBICON,0.0
com.storymatrix.drama,interstitial,CHARTBOOST,0.0
651510680,native,APPODEAL,0.0
993090598,banner,SMAATO,0.0
1589762792,native,SMAATO,0.0
651510680,mrec,MOBFOX,0.0
597088068,native,LINE,0.0
6451208928,mrec,SMAATO,0.0
1420058690,mrec,BIGO,0.0
1080465358,mrec,INMOBI,0.0
651510680,native,MOPUB,0.0
com.studio27.MelonPlayground,interstitial,XIAOMI,0.0
com.lemon.lvoverseas,interstitial,BIGO,0.0
395979574,interstitial,MOPUB,0.0
ball.sort.puzzle.color.sorting.bubble.games,banner,SMAATO,0.0
395979574,banner,MOPUB,0.0
921765888,banner,VERVE,0.0
1420058690,banner,SMAATO,0.0
com.miui.player,mrec,OPERA,0.0
395979574,native,SMAATO,0.0
jp.naver.linemanga.android,interstitial,VERVE,0.0
651510680,interstitial,A9TAM,0.0
kjv.bible.kingjamesbible,native,SMAATO,0.0
6742221896,interstitial,TAURUSX,0.0
com.miui.global.packageinstaller,native,SMAATO,0.0
jp.naver.linemanga.android,interstitial,OPERA,0.0
1509453185,interstitial,CRITEO,0.0
1624606445,mrec,PANGLE,0.0
1342112505,interstitial,SMAATO,0.0
651510680,banner,OPENX,0.0
1342112505,banner,SMAATO,0.0
1407852246,banner,MOPUB,0.0
com.truecaller,native,MOPUB,0.0
kjv.bible.kingjamesbible,mrec,ZMATICOO,0.0
com.UCMobile.intl,interstitial,RUBICON,0.0
com.easybrain.sudoku.android,mrec,DOUBLECLICK,0.0
6471572249,interstitial,SMAATO,0.0
1589762792,banner,SMAATO,0.0
com.aws.android,native,ACUITYADS,0.0
1420058690,banner,RUBICON,0.0
6751056652,interstitial,DOUBLECLICK,0.0
1407852246,banner,ACUITYADS,0.0
1589762792,interstitial,SMAATO,0.0
com.mobilityware.spider,interstitial,DISPLAYIO,0.0
6742221896,interstitial,BIGO,0.0
395979574,mrec,INMOBI,0.0
com.aws.android,banner,RUBICON,0.0
1498889847,native,MINTEGRAL,0.0
840919914,banner,RHEBUS,0.0
395979574,interstitial,PUBMATIC,0.0
com.easybrain.sudoku.android,interstitial,RUBICON,0.0
295646461,mrec,A9TAM,0.0
6451208928,native,APPODEAL,0.0
1509453185,banner,SMAATO,0.0
281940292,interstitial,SMAATO,0.0
com.miui.player,native,INMOBI,0.0
6471572249,mrec,BIGO,0.0
com.easybrain.sudoku.android,banner,RUBICON,0.0
com.naver.linewebtoon,mrec,APPLOVIN,0.0
6742221896,banner,APPODEAL,0.0
com.truecaller,native,IRONSOURCE,0.0
295646461,banner,APPNEXUS,0.0
1502447854,interstitial,DOUBLECLICK,0.0
6471572249,mrec,DOUBLECLICK,0.0
295646461,mrec,OPENX,0.0
solitaire.patience.card.games.klondike.free,banner,LOOPME,0.0
395979574,interstitial,CRITEO,0.0
295646461,mrec,PUBMATIC,0.0
1589762792,interstitial,UNITY,0.0
com.callapp.contacts,banner,OPENX,0.0
com.particlenews.newsbreak,mrec,MOBILEFUSE,0.0
1544750895,interstitial,TAURUSX,0.0
com.mobilityware.spider,native,SMAATO,0.0
1080465358,mrec,ADVLION,0.0
1357464684,interstitial,A9TAM,0.0
921765888,banner,INDEX,0.0
com.vincentb.MobControl,banner,A9TAM,0.0
com.dubox.drive,banner,PUBMATIC,0.0
com.callapp.contacts,mrec,SMAATO,0.0
281940292,banner,AOLONE,0.0
com.UCMobile.intl,native,INMOBI,0.0
1459645446,native,DOUBLECLICK,0.0
1544750895,banner,MINTEGRAL,0.0
1562817072,banner,ADCOLONY,0.0
1502447854,interstitial,ADVLION,0.0
com.pixel.art.coloring.color.number,banner,RHEBUS,0.0
com.naver.linewebtoon,banner,MOPUB,0.0
com.easybrain.sudoku.android,mrec,PANGLE,0.0
1509453185,mrec,DISPLAYIO,0.0
1445472541,banner,IRONSOURCE,0.0
840919914,interstitial,SMAATO,0.0
com.callapp.contacts,native,SMAATO,0.0
395979574,mrec,SMAATO,0.0
1420058690,banner,MOBILEFUSE,0.0
1407852246,banner,PUBMATIC,0.0
com.pixel.art.coloring.color.number,banner,SMAATO,0.0
com.callapp.contacts,banner,APPLOVIN,0.0
com.dubox.drive,native,SMAATO,0.0
video.downloader.videodownloader,native,SMAATO,0.0
651510680,interstitial,ADCOLONY,0.0
1502447854,banner,ACUITYADS,0.0
395979574,native,MOPUB,0.0
1502447854,banner,INDEX,0.0
water.sort.puzzle.game.color.sorting.free,banner,CHARTBOOST,0.0
com.aws.android,banner,PUBMATIC,0.0
651510680,banner,MOBILEFUSE,0.0
com.ludo.king,native,DOUBLECLICK,0.0
com.ludo.king,banner,TAURUSX,0.0
6742221896,banner,MOBILEFUSE,0.0
1080465358,banner,APPODEAL,0.0
993090598,interstitial,MOBFOX,0.0
6451208928,banner,MOBILEFUSE,0.0
com.pixel.art.coloring.color.number,interstitial,ACUITYADS,0.0
1357464684,interstitial,CHARTBOOST,0.0
com.miui.player,interstitial,TAURUSX,0.0
com.fc.goods.sort.matching.puzzle.triplemaster,native,SMAATO,0.0
921765888,interstitial,INDEX,0.0
1357464684,native,APPLOVIN,0.0
319881193,interstitial,DOUBLECLICK,0.0
com.playit.videoplayer,native,MOBFOX,0.0
kjv.bible.kingjamesbible,interstitial,TAURUSX,0.0
840919914,interstitial,A9TAM,0.0
6759763476,interstitial,TAURUSX,0.0
com.ludo.king,banner,INDEX,0.0
sorting.games.goods.sort.triple.match3d.puzzle.stuff,banner,RHEBUS,0.0
1080465358,interstitial,MOPUB,0.0
com.playit.videoplayer,banner,SMAATO,0.0
com.particlenews.newsbreak,mrec,SMAATO,0.0
281940292,banner,INDEX,0.0
com.callapp.contacts,banner,SMAATO,0.0
1459645446,interstitial,BIGO,0.0
water.sort.puzzle.game.color.sorting.free,interstitial,MOBILEFUSE,0.0
993090598,banner,TAURUSX,0.0
jigsaw.puzzle.game.banana,banner,PUBMATIC,0.0
com.miniclip.carrom,banner,IRONSOURCE,0.0
1562817072,interstitial,ADVLION,0.0
6465991018,mrec,DOUBLECLICK,0.0
295646461,interstitial,TRIPLELIFT,0.0
puzzle.yarn.fever.unravel.puzzle,banner,ZMATICOO,0.0
com.UCMobile.intl,mrec,INMOBI,0.0
1584596271,native,SMAATO,0.0
com.mobilityware.spider,banner,MOPUB,0.0
597088068,interstitial,UNITY,0.0
295646461,interstitial,MOBILEFUSE,0.0
281940292,mrec,CRITEO,0.0
com.vincentb.MobControl,interstitial,VERVE,0.0
puzzle.yarn.fever.unravel.puzzle,banner,VUNGLE,0.0
295646461,mrec,CRITEO,0.0
1073936461,interstitial,SMAATO,0.0
281940292,interstitial,ADVLION,0.0
295646461,interstitial,RUBICON,0.0
com.vincentb.MobControl,banner,UNITY,0.0
651510680,banner,ACUITYADS,0.0
jigsaw.puzzle.game.banana,native,APPLOVIN,0.0
6465991018,native,APPLOVIN,0.0
com.aws.android,banner,RHEBUS,0.0
jp.naver.linemanga.android,interstitial,TAPJOY,0.0
jigsaw.puzzle.game.banana,native,INNERACTIVE_DIRECT,0.0
com.miniclip.carrom,mrec,INMOBI,0.0
com.vincentb.MobControl,banner,SMAATO,0.0
512939461,interstitial,TAPJOY,0.0
651510680,interstitial,PUBMATIC,0.0
6471572249,native,APPODEAL,0.0
com.dubox.drive,banner,SMAATO,0.0
ball.sort.puzzle.color.sorting.bubble.games,mrec,BIGO,0.0
com.ludo.king,banner,DOUBLECLICK,0.0
6742221896,native,INMOBI,0.0
1080465358,native,INMOBI,0.0
1357464684,interstitial,MOPUB,0.0
921765888,native,APPODEAL,0.0
com.sec.android.app.samsungapps,interstitial,APPODEAL,0.0
1080465358,banner,OPERA,0.0
319881193,interstitial,MOPUB,0.0
1502447854,banner,CHARTBOOST,0.0
com.miui.global.packageinstaller,mrec,SMAATO,0.0
6742221896,mrec,VUNGLE,0.0
1080465358,interstitial,SMAATO,0.0
1073936461,mrec,VUNGLE,0.0
1212951043,banner,ACUITYADS,0.0
1080465358,mrec,OPERA,0.0
1509453185,banner,ZMATICOO,0.0
com.sled.surfers.game,native,APPLOVIN,0.0
1080465358,interstitial,OPERA,0.0
com.miui.player,mrec,ADVLION,0.0
1212951043,banner,OPENX,0.0
281940292,mrec,OPENX,0.0
com.callapp.contacts,banner,NIMBUS,0.0
com.truecaller,mrec,IRONSOURCE,0.0
281940292,native,APPODEAL,0.0
com.miui.global.packageinstaller,interstitial,ZMATICOO,0.0
921765888,banner,ADCOLONY,0.0
281940292,interstitial,ACUITYADS,0.0
993090598,banner,TRIPLELIFT,0.0
1407852246,native,APPODEAL,0.0
1212951043,native,SMAATO,0.0
com.naver.linewebtoon,native,MOPUB,0.0
com.vincentb.MobControl,banner,MOPUB,0.0
com.lemon.lvoverseas,banner,UNITY,0.0
com.pixel.art.coloring.color.number,mrec,SMAATO,0.0
solitaire.patience.card.games.klondike.free,native,SMAATO,0.0
840919914,interstitial,VERVE,0.0
com.aws.android,native,SMAATO,0.0
com.hotmini.drama.hot,native,MINTEGRAL,0.0
solitaire.patience.card.games.klondike.free,interstitial,MOPUB,0.0
6742221896,banner,INMOBI,0.0
1502447854,mrec,BIGO,0.0
com.playit.videoplayer,mrec,TAURUSX,0.0
1080465358,banner,UNITY,0.0
319881193,banner,RHEBUS,0.0
295646461,native,RHEBUS,0.0
com.aws.android,interstitial,RHEBUS,0.0
1420058690,banner,PUBMATIC,0.0
295646461,mrec,AOLONE,0.0
com.sec.android.app.samsungapps,interstitial,VERVE,0.0
512939461,interstitial,PUBMATIC,0.0
319881193,interstitial,ADVLION,0.0
com.pixel.art.coloring.color.number,banner,PUBMATIC,0.0
597088068,interstitial,MINTEGRAL,0.0
1502447854,interstitial,ACUITYADS,0.0
water.sort.puzzle.game.color.sorting.free,interstitial,BIGO,0.0
512939461,interstitial,APPNEXUS,0.0
com.pixel.art.coloring.color.number,mrec,ACUITYADS,0.0
1212951043,banner,TRIPLELIFT,0.0
1357464684,banner,DOUBLECLICK,0.0
1589762792,interstitial,MOBILEFUSE,0.0
6742221896,interstitial,VERVE,0.0
1502447854,mrec,NIMBUS,0.0
319881193,interstitial,TAURUSX,0.0
1080465358,banner,TAPPX,0.0
jigsaw.puzzle.game.banana,interstitial,SMAATO,0.0
1407852246,banner,ZMATICOO,0.0
com.truecaller,mrec,BIGO,0.0
com.sec.android.app.samsungapps,interstitial,TRIPLELIFT,0.0
com.ludo.king,interstitial,SMAATO,0.0
solitaire.patience.card.games.klondike.free,banner,UNITY,0.0
6478063606,banner,A9TAM,0.0
1589762792,mrec,CRITEO,0.0
295646461,banner,AOLONE,0.0
395979574,mrec,VERVE,0.0
281940292,mrec,MOBFOX,0.0
295646461,banner,PUBMATIC,0.0
1073936461,native,DOUBLECLICK,0.0
com.particlenews.newsbreak,banner,PUBMATIC,0.0
1509453185,native,SMAATO,0.0
com.easybrain.sudoku.android,banner,CRITEO,0.0
1584596271,native,CHARTBOOST,0.0
video.downloader.videodownloader,mrec,DOUBLECLICK,0.0
com.pixel.art.coloring.color.number,native,APPODEAL,0.0
1212951043,interstitial,ADCOLONY,0.0
com.naver.linewebtoon,mrec,OPENX,0.0
295646461,mrec,RUBICON,0.0
com.pixel.art.coloring.color.number,banner,OPERA,0.0
com.mobilityware.spider,interstitial,BIGO,0.0
com.playit.videoplayer,native,RUBICON,0.0
1073936461,banner,VUNGLE,0.0
295646461,interstitial,UNITY,0.0
com.UCMobile.intl,banner,OPENX,0.0
1420058690,interstitial,CRITEO,0.0
1407852246,interstitial,SMAATO,0.0
com.easybrain.sudoku.android,interstitial,CHARTBOOST,0.0
ball.sort.puzzle.color.sorting.bubble.games,interstitial,CHARTBOOST,0.0
com.xiaomi.mipicks,interstitial,VERVE,0.0
6478063606,native,VERVE,0.0
281940292,interstitial,PUBMATIC,0.0
water.sort.puzzle.game.color.sorting.free,banner,RHEBUS,0.0
com.miui.player,native,BIGO,0.0
6451208928,interstitial,A9TAM,0.0
512939461,interstitial,ACUITYADS,0.0
1407852246,interstitial,PUBMATIC,0.0
1080465358,interstitial,UNITY,0.0
1407852246,banner,SUPERSHIP,0.0
com.Gamnest.CandyRace,interstitial,TAURUSX,0.0
6478063606,banner,VERVE,0.0
281940292,mrec,CHARTBOOST,0.0
281940292,mrec,APPNEXUS,0.0
1342112505,interstitial,VERVE,0.0
com.ludo.king,interstitial,ADCOLONY,0.0
840919914,banner,ACUITYADS,0.0
com.particlenews.newsbreak,interstitial,SMAATO,0.0
solitaire.patience.card.games.klondike.free,mrec,SMAATO,0.0
com.pixel.art.coloring.color.number,banner,TAURUSX,0.0
com.miui.global.packageinstaller,native,ZMATICOO,0.0
295646461,mrec,INMOBI,0.0
1420058690,banner,CRITEO,0.0
com.sled.surfers.game,mrec,DOUBLECLICK,0.0
512939461,interstitial,CHARTBOOST,0.0
1407852246,banner,LIFTOFF,0.0
com.ludo.king,mrec,DOUBLECLICK,0.0
1080465358,mrec,APPODEAL,0.0
com.particlenews.newsbreak,native,TRIPLELIFT,0.0
295646461,mrec,SMAATO,0.0
281940292,mrec,INNERACTIVE_DIRECT,0.0
com.callapp.contacts,mrec,RHEBUS,0.0
com.aws.android,mrec,PUBMATIC,0.0
jp.naver.linemanga.android,interstitial,LINE,0.0
295646461,banner,SMAATO,0.0
498477945,interstitial,IRONSOURCE,0.0
com.pixel.art.coloring.color.number,banner,TRIPLELIFT,0.0
com.playit.videoplayer,native,APPLOVIN,0.0
jp.naver.linemanga.android,interstitial,IRONSOURCE,0.0
com.miui.player,native,ZMATICOO,0.0
com.pixel.art.coloring.color.number,banner,INDEX,0.0
1502447854,interstitial,NIMBUS,0.0
1459645446,banner,VERVE,0.0
597088068,interstitial,PANGLE,0.0
840919914,native,SMAATO,0.0
com.samsung.android.game.gamehome,native,RUBICON,0.0
com.miniclip.carrom,banner,DOUBLECLICK,0.0
281940292,native,ACUITYADS,0.0
ball.sort.puzzle.color.sorting.bubble.games,mrec,SMAATO,0.0
295646461,interstitial,OPENX,0.0
solitaire.patience.card.games.klondike.free,banner,BIGO,0.0
com.playit.videoplayer,interstitial,APPLOVIN,0.0
com.pixel.art.coloring.color.number,banner,MOBILEFUSE,0.0
puzzle.yarn.fever.unravel.puzzle,interstitial,CRITEO,0.0
921765888,mrec,LIFTOFF,0.0
1080465358,interstitial,A9TAM,0.0
com.dubox.drive,banner,DISPLAYIO,0.0
com.callapp.contacts,interstitial,RHEBUS,0.0
6747875092,interstitial,DOUBLECLICK,0.0
1502447854,banner,RUBICON,0.0
com.UCMobile.intl,mrec,MOBFOX,0.0
921765888,interstitial,LIFTOFF,0.0
com.miui.global.packageinstaller,mrec,PANGLE,0.0
kjv.bible.kingjamesbible,native,APPLOVIN,0.0
com.naver.linewebtoon,banner,PANGLE,0.0
651510680,interstitial,MOBILEFUSE,0.0
com.loomgames.pixelflow,native,INMOBI,0.0
921765888,mrec,A9TAM,0.0
com.fc.goods.sort.matching.puzzle.triplemaster,native,APPODEAL,0.0
com.naver.linewebtoon,mrec,APPODEAL,0.0
1407852246,interstitial,TRIPLELIFT,0.0
1589762792,interstitial,ADVLION,0.0
com.dubox.drive,interstitial,SMAATO,0.0
512939461,interstitial,SMAATO,0.0
6451208928,native,BIGO,0.0
6751056652,interstitial,VERVE,0.0
com.pixel.art.coloring.color.number,banner,APPNEXUS,0.0
com.miui.player,banner,OPERA,0.0
com.netshort.abroad,mrec,INMOBI,0.0
com.aws.android,banner,INNERACTIVE_DIRECT,0.0
319881193,banner,ADVLION,0.0
com.pixel.art.coloring.color.number,banner,MOBFOX,0.0
921765888,banner,RHEBUS,0.0
1562817072,interstitial,DOUBLECLICK,0.0
com.weaver.app.prod,interstitial,SMAATO,0.0
1080465358,interstitial,IRONSOURCE,0.0
com.truecaller,native,DOUBLECLICK,0.0
com.vincentb.MobControl,interstitial,BIGO,0.0
com.callapp.contacts,banner,MOBILEFUSE,0.0
com.miniclip.carrom,banner,UNITY,0.0
com.domobile.applockwatcher,native,BIGO,0.0
com.UCMobile.intl,banner,ACUITYADS,0.0
com.particlenews.newsbreak,mrec,TRIPLELIFT,0.0
1212951043,banner,IRONSOURCE,0.0
1407852246,banner,APPNEXUS,0.0
com.callapp.contacts,mrec,MOBFOX,0.0
512939461,interstitial,ADVLION,0.0
281940292,banner,PUBMATIC,0.0
puzzle.yarn.fever.unravel.puzzle,banner,DOUBLECLICK,0.0
com.easybrain.sudoku.android,native,RUBICON,0.0
com.easybrain.sudoku.android,native,APPODEAL,0.0
1502447854,banner,SMAATO,0.0
295646461,banner,INDEX,0.0
com.pixel.art.coloring.color.number,banner,MOPUB,0.0
921765888,banner,MOPUB,0.0
com.callapp.contacts,mrec,NIMBUS,0.0
319881193,banner,PUBMATIC,0.0
com.mobilityware.spider,interstitial,INMOBI,0.0
6742221896,banner,CRITEO,0.0
kjv.bible.kingjamesbible,interstitial,VERVE,0.0
com.storymatrix.drama,banner,IRONSOURCE,0.0
com.mobilityware.spider,interstitial,SMAATO,0.0
395979574,interstitial,DISPLAYIO,0.0
319881193,mrec,SMAATO,0.0
ball.sort.puzzle.color.sorting.bubble.games,interstitial,BIGO,0.0
1502447854,interstitial,RUBICON,0.0
com.lemon.lvoverseas,native,BIGO,0.0
com.pixel.art.coloring.color.number,banner,OPENX,0.0
