market_id,exchange,revenue
1617391485,VUNGLE,2133968.4780818406
com.block.juggle,VUNGLE,712956.751619251
359917414,VUNGLE,557543.4274749212
570060128,VUNGLE,510067.9164830174
6748950306,VUNGLE,506963.81968095
281940292,VERVE,483767.3672660075
com.snaptube.premium,VUNGLE,468884.4246796136
468996152,VUNGLE,460224.0116749862
591560124,VUNGLE,409731.5090162247
com.eyecon.global,VUNGLE,407744.47370851296
com.dywx.larkplayer,VUNGLE,393149.6400561904
1617391485,INMOBI,387922.1918792967
com.block.juggle,INNERACTIVE_DIRECT,386690.5239245833
766443283,VUNGLE,379934.2701955094
632064380,VUNGLE,374150.05336504756
1617391485,INNERACTIVE_DIRECT,345753.4716314509
com.xiaomi.mipicks,VUNGLE,332883.181642239
571801488,VUNGLE,330734.6591469488
553834731,VUNGLE,329516.2197539499
319881193,APPODEAL,312293.79165000014
com.vitastudio.mahjong,VUNGLE,300640.1860540167
6468921495,VUNGLE,300448.8969840185
com.metropcs.metrozone,VUNGLE,298680.1704950768
1598997500,VUNGLE,279143.2150509706
382233851,VUNGLE,271630.0253200695
6504849169,VUNGLE,266629.9623199963
6468921495,APPODEAL,262287.9925230718
295646461,APPODEAL,257214.2666739991
1636235979,VUNGLE,242926.68630198436
1207472156,VUNGLE,242727.42121499518
1370293473,VUNGLE,236406.35422703112
1617391485,BIGO,234136.88880497965
1496354836,VUNGLE,232654.3399720098
com.eyecon.global,INMOBI,231459.76998301598
net.zedge.android,VUNGLE,228947.83044497238
1196764367,VUNGLE,225295.37691999978
Vidmate,VUNGLE,220256.262087741
6449206831,VUNGLE,216568.49624198093
com.enflick.android.TextNow,VUNGLE,216255.5125279992
6744975195,VUNGLE,213348.89713300188
399355755,VUNGLE,199514.84382901664
359917414,APPODEAL,197078.21766299658
com.duolingo,VUNGLE,196916.59595798588
com.newleaf.app.android.victor,VUNGLE,187698.07138898913
569077959,NIMBUS,187111.41518200294
319881193,VERVE,183161.7888699901
305343404,VUNGLE,181896.94508495647
1638139403,VUNGLE,179461.77122299722
com.xiaomi.mipicks,XIAOMI,177177.08974113048
416048305,VUNGLE,172688.12375195502
1617391485,IRONSOURCE,165977.98808199962
382233851,INMOBI,160030.00034491526
6747492600,VUNGLE,157575.59302399823
314716233,NIMBUS,155155.29745298484
1600525061,VUNGLE,155044.5470799816
591560124,INMOBI,154368.6335698715
6449190344,VUNGLE,152417.35333999706
com.freereels.app,VUNGLE,152035.40905898786
com.samsung.android.game.gamehome,SAMSUNG,149969.69180499166
6743385713,VUNGLE,149761.74734393597
6468921495,VERVE,149590.30903598946
314716233,VUNGLE,149027.3647569884
com.firsttouchgames.dls7,VUNGLE,148448.60395301288
6464002625,VUNGLE,147908.395518998
1130153523,VUNGLE,146120.01714199604
6499209744,VUNGLE,144369.26586399993
319881193,VUNGLE,143767.81122388883
com.enflick.android.TextNow,INMOBI,140709.99013400052
305343404,NIMBUS,138081.8791619874
com.particlenews.newsbreak,DOUBLECLICK,137897.14293200165
com.worldance.drama,VUNGLE,137675.97333099833
1671705818,VUNGLE,135515.1517360391
6758184735,VUNGLE,134510.70459200357
6498883328,VUNGLE,133380.2461929298
6748397500,VUNGLE,133221.437567992
1193508329,VUNGLE,132819.62947192078
1600525061,NIMBUS,132415.718587004
1423046460,VUNGLE,130217.99895995708
632064380,APPLOVIN,129287.34260734462
553834731,A9TAM,126891.71762100881
6482849843,VUNGLE,126169.42242992866
com.vitastudio.mahjong,APPODEAL,126122.09313008032
395979574,VUNGLE,125690.02121499558
com.intsig.camscanner,VUNGLE,125287.24025901202
com.dream11.fantasy.cricket.football.kabaddi,VUNGLE,124947.71475999628
6504324020,VUNGLE,124722.818293895
1462911602,VUNGLE,124510.73071001604
1617391485,UNITY,123850.65178794751
6751056652,APPODEAL,123249.6015399996
com.tripledot.solitaire,VUNGLE,122693.44927098829
591560124,INNERACTIVE_DIRECT,120837.88644001435
329218549,VUNGLE,118261.25252800007
766443283,INNERACTIVE_DIRECT,117182.32974778063
351331194,VUNGLE,116830.50360698855
com.vitastudio.mahjong,INNERACTIVE_DIRECT,115785.26211299715
1103438575,VUNGLE,113906.90010199926
1176147574,VUNGLE,113496.63783194733
academy.gocrypto.trading,VUNGLE,112838.74623399695
com.samsung.android.app.spage,VUNGLE,112585.29465700085
1487882541,VUNGLE,112441.30485299621
6740043080,VUNGLE,112074.80208083548
428312806,VUNGLE,111801.48843499763
6751056652,VUNGLE,111657.63291199994
319881193,UNITY,111654.84111697343
579581125,VUNGLE,109376.49628700902
com.miui.global.packageinstaller,XIAOMI,109354.59199001714
com.king.candycrushsaga,VUNGLE,108520.29132900808
698255242,APPODEAL,108497.11473500232
com.nebula.mahjongtile,VUNGLE,107074.9910349964
506627515,VUNGLE,106889.53265199556
6468921495,INMOBI,105813.72041598726
1215933788,VUNGLE,102723.33046496697
6468921495,UNITY,100811.51543499928
com.grindrapp.android,VUNGLE,100513.50358797408
com.ecffri.arrows,VUNGLE,99815.03481100358
com.oakever.tiletrip,VUNGLE,99048.6173830085
306310789,VUNGLE,98565.83695886946
com.lemon.lvoverseas,VUNGLE,98380.05346499874
1472419762,VUNGLE,98048.35002700028
fr.vinted,VUNGLE,97748.71971698306
com.resultadosfutbol.mobile,VUNGLE,95436.61771095895
880047117,VUNGLE,94335.4553280049
com.metropcs.metrozone,DOUBLECLICK,94228.26541200512
com.block.juggle,BIGO,93834.5438889838
591560124,APPODEAL,92614.01103106825
1636235979,MINTEGRAL,92576.28293500176
com.vitastudio.mahjong,INMOBI,92002.91322400159
com.macrovideo.v380pro,VUNGLE,91346.90590298109
1388988209,VUNGLE,91255.76425299613
6754243057,VUNGLE,91125.0089989651
6475168012,VUNGLE,90976.45477100565
com.sec.android.app.samsungapps,SAMSUNG,90741.34130599666
698255242,VUNGLE,90451.33647598657
281940292,VUNGLE,90237.11373499972
com.mxtech.videoplayer.ad,VUNGLE,89383.18760400226
com.playit.videoplayer,VERVE,89336.85859398889
eu.livesport.FlashScore_com,VUNGLE,88232.43161294512
com.metro.minus1,VUNGLE,87441.00484099957
1660171117,VUNGLE,87311.05047995606
319881193,INMOBI,86949.29358898799
com.microsoft.microsoftsolitairecollection,VUNGLE,85357.84706400009
com.xiaomi.mipicks,MINTEGRAL,84568.16306500258
314716233,INMOBI,83683.52318800012
com.enflick.android.TextNow,INNERACTIVE_DIRECT,83348.7245030006
388627783,VUNGLE,83172.66540500283
517539894,NIMBUS,82162.8481220031
553834731,DOUBLECLICK,81897.51646200052
1544750895,KONTEXT,81550.31971300712
850417475,VUNGLE,81521.46038500358
com.xm.csee,VUNGLE,80952.73714199442
com.block.juggle,INMOBI,80502.5267650125
com.metropcs.metrozone,INMOBI,80460.09194199939
com.sofascore.results,VUNGLE,80269.44362498331
com.tripledot.woodoku,VUNGLE,80061.34586799968
com.lenovo.anyshare.gps,VUNGLE,79122.96668198712
1619030760,VUNGLE,77807.51533396934
com.imo.android.imoim,VUNGLE,77713.59591699806
com.badoo.mobile,VUNGLE,77548.15861600934
6608975929,VUNGLE,77254.42732297341
1344700142,VUNGLE,76282.56981600572
6445905219,VUNGLE,75529.48242000108
com.grindrapp.android,INMOBI,75180.85204800942
1487882541,APPODEAL,74732.37268999981
com.flightradar24free,VUNGLE,74694.55074098754
com.miniclip.eightballpool,VUNGLE,74585.65195199939
com.imo.android.imoim,PANGLE,73888.33189800307
com.weather.Weather,INMOBI,72990.47344099988
382617920,VUNGLE,72517.72420192191
1644847077,VUNGLE,72300.78959997618
ai.character.app,VUNGLE,72207.01223498947
382617920,DOUBLECLICK,71823.93498890048
6502341730,BIGO,71708.44728599959
395979574,APPODEAL,71706.36926299638
1667538256,VUNGLE,71545.95231399708
605569663,VUNGLE,71435.65961100545
com.instabridge.android,VUNGLE,71413.06262702575
com.wood.block.sudoku.puzzle.bm,VUNGLE,71404.51057798981
6748950306,APPODEAL,71392.67869426576
319881193,MINTEGRAL,71216.77977496458
6502341730,VUNGLE,70688.12262599645
587366035,VUNGLE,70624.41109693212
1617391485,VERVE,68662.62868266169
6499306806,VUNGLE,68410.93109398849
1355464544,VUNGLE,68180.35252997931
336435697,VUNGLE,67931.09173702885
com.easybrain.crossword.puzzles,VUNGLE,67810.54820499083
295646461,VERVE,66470.98239400006
6499293031,VUNGLE,66273.84609600155
359917414,MOBILITYWARE,65386.27449000041
com.Beauchamp.Messenger.external,INNERACTIVE_DIRECT,65360.369424996214
1544750895,VUNGLE,65179.96953799666
6468921495,INNERACTIVE_DIRECT,64524.755780961976
com.blockchainvault,VUNGLE,64344.923748999885
550928207,VUNGLE,63833.971623954625
301987699,VUNGLE,62808.087146998005
1545567989,VUNGLE,62588.96628895634
295646461,VUNGLE,62074.43202599672
1250312807,VUNGLE,61942.92520300332
1025707485,VUNGLE,61575.194609016435
com.freereels.app,APPODEAL,61489.16524399933
1459645446,VERVE,60909.94902699808
1491074310,VUNGLE,60044.242503976304
1407852246,VUNGLE,60035.39115899892
1521236603,VUNGLE,59677.557191999695
com.playit.videoplayer,VUNGLE,59605.80153800895
579581125,NIMBUS,59527.10680000145
com.bigwinepot.nwdn.international,VUNGLE,59353.40771899963
592331499,VUNGLE,59080.70682999354
com.robtopx.geometryjumplite,VUNGLE,58886.76420498716
6747875092,VUNGLE,58775.36362500006
com.handmark.expressweather,VUNGLE,57942.40905399993
921765888,UNITY,56365.00543998777
com.enzo.paulo,VUNGLE,55908.822008001654
997362197,VUNGLE,55796.79011597644
net.zedge.android,INNERACTIVE_DIRECT,55659.67049500016
6590876141,VUNGLE,55534.33448598821
com.fugo.wow,VUNGLE,55492.33923398473
com.oakever.tiletrip,INNERACTIVE_DIRECT,55365.82432299662
1369521645,VUNGLE,55084.83183094972
com.miui.home,VUNGLE,54422.859741142674
6741408932,VUNGLE,54402.901846975
1463509237,VUNGLE,54258.994056000076
premium.gotube.adblock.utube,VUNGLE,54225.93564900352
6547858927,VUNGLE,53987.47456496919
1176027022,VUNGLE,53967.58073400042
com.kiloo.subwaysurf,VUNGLE,53948.63672799823
488575683,INMOBI,53868.8513019701
1444990764,VUNGLE,53862.75644999959
6748950306,INMOBI,53527.85521503129
336435697,UNITY,53361.92536000136
6755425214,VUNGLE,53344.90733497434
com.netshort.abroad,INNERACTIVE_DIRECT,53233.20715299767
com.truecaller,A9TAM,52929.98354100178
com.enflick.android.TextNow,NIMBUS,52831.92413200067
com.dubox.drive,ZMATICOO,52743.58618997794
6755183085,APPODEAL,52635.62961899992
1509453185,INMOBI,52491.46188499515
6463127238,VUNGLE,52473.888275972764
1095569891,VUNGLE,52430.70470398825
com.aws.android,VERVE,52372.09476999992
295646461,DOUBLECLICK,52308.04653100087
1500855883,VUNGLE,52235.80586099266
com.Gamnest.CandyRace,VUNGLE,51835.60366899942
1317978215,VUNGLE,51779.84624498
1602508478,VUNGLE,51254.89843597518
6444946155,VUNGLE,51114.1529670001
6754668686,VUNGLE,50954.39266300019
553834731,APPLOVIN,50617.245429000184
com.storymatrix.drama,APPODEAL,50454.618469999936
6758326278,VUNGLE,50386.1969739977
com.truecaller,INMOBI,50258.17630100138
1557392270,VUNGLE,50094.016478977705
com.hotmini.drama.hot,VUNGLE,49858.67003599988
6748397500,APPODEAL,49367.466764999874
543186831,VUNGLE,49141.86715099981
579581125,DOUBLECLICK,49013.74180700272
com.vitastudio.mahjong,BIGO,48835.17899099054
921765888,VUNGLE,48741.1747869813
6670430706,VUNGLE,48701.02675499842
6505095234,VUNGLE,48647.36100098619
com.gogo.launcher,VUNGLE,48638.14735517656
356928178,VUNGLE,48606.38268496684
1153883316,VUNGLE,48401.580010999816
591560124,UNITY,48367.63253698175
com.arrow.out,VUNGLE,48319.82855299256
6449190344,UNITY,47871.719467
6748950306,VERVE,47647.56442497219
921765888,INNERACTIVE_DIRECT,47478.28134600645
one.cryptoguru.cryptotradingacademy,VUNGLE,47459.35227999923
6754384144,VUNGLE,47293.35777599976
com.justplay.app,VUNGLE,46913.94713699996
6444407009,VUNGLE,46772.08197899929
1579356887,VUNGLE,46744.868309981466
1503251395,VUNGLE,46439.63501500384
com.offerup,VUNGLE,46410.94183200028
6504279468,VUNGLE,46407.61874198968
com.camerasideas.instashot,VUNGLE,46163.97121799094
1544750895,INNERACTIVE_DIRECT,45785.71644297578
6444946155,APPODEAL,45772.51823100012
com.truecaller,VERVE,45264.98367397736
6754384144,APPODEAL,45079.467283999955
free.tube.premium.advanced.tuber,VUNGLE,44859.49714399771
live.shorttv.apps,VUNGLE,44671.868566
399355755,DOUBLECLICK,44531.46252700008
io.randomco.travel,VUNGLE,44215.26401299993
429610587,VUNGLE,44208.05566299457
com.gamovation.tileclub,VUNGLE,43878.89563499774
com.miui.msa.global,XIAOMI,43797.14690037845
com.supercell.hayday,VUNGLE,43772.389023004915
6739069151,VUNGLE,43770.47407698873
6751225067,VUNGLE,43633.81069899974
com.soccer.score.star,VUNGLE,43536.812202002315
com.oakever.tiletrip,APPODEAL,43451.341157024915
1191435163,VUNGLE,43338.571770998205
6759763476,VUNGLE,43261.55001100051
314716233,INNERACTIVE_DIRECT,43248.4896289917
com.truecaller,INNERACTIVE_DIRECT,43221.27165500169
videoplayer.videodownloader.downloader,VUNGLE,43197.403206002935
6755815731,VUNGLE,42924.3587719916
com.samsung.android.game.gamehome,VUNGLE,42737.44948999989
com.applabstudios.ai.mail.homescreen.inbox,APPODEAL,42498.20030899995
6449486871,VUNGLE,42478.61235800086
6751222488,VUNGLE,42123.85182799208
1463509237,APPODEAL,41843.92678500001
1454213029,VUNGLE,41765.92018100001
com.android.thememanager,XIAOMI,41753.41448202192
1407852246,VERVE,41731.47756397719
com.billiardsgame.ballking,VUNGLE,41698.45761599991
6446197181,VUNGLE,41653.4973080001
com.applabstudios.ai.mail.homescreen.inbox,VUNGLE,41554.49760000007
6746465127,VUNGLE,41430.154300000686
com.freereels.app,INNERACTIVE_DIRECT,41205.7400649999
com.weather.Weather,VUNGLE,40837.020487999616
com.football.soccer.league,VUNGLE,40795.20544100136
com.vivo.appstore,VUNGLE,40775.171916022555
1660171117,APPODEAL,40675.01124804795
321916506,VUNGLE,40314.03388499807
6748397500,UNITY,40120.35828600015
1452992954,VUNGLE,39924.31400898801
6448104157,VUNGLE,39857.187633980255
com.miui.global.packageinstaller,VUNGLE,39704.2261070001
488575683,NIMBUS,39531.544799001975
479280326,VUNGLE,39441.453763996054
632064380,INNERACTIVE_DIRECT,39393.671801985074
com.storymatrix.drama,VUNGLE,39308.58793400135
com.miui.cleaner,XIAOMI,39217.680797008536
com.dubox.drive,VUNGLE,39172.740733000435
com.superking.parchisi.star,VUNGLE,39171.070202996845
com.gamma.scan,VUNGLE,39016.14964199796
884006786,VUNGLE,39001.32598400499
357218860,VUNGLE,38859.8782420028
1671705818,APPLOVIN,38839.03341019117
com.free.vpn.super.hotspot.open,VUNGLE,38824.51298800034
6749456493,VUNGLE,38573.19403898732
com.oakever.tiletrip,INMOBI,38520.7512939958
1443446174,VUNGLE,38455.802096
1500855883,DOUBLECLICK,38425.219827002365
com.miui.player,XIAOMI,38401.966864077345
1452227871,VUNGLE,38229.093700992766
com.ecffri.arrows,INNERACTIVE_DIRECT,38101.3489360001
com.zynga.words3,VUNGLE,37976.96261300048
1324604053,VUNGLE,37952.48204499569
1207472156,APPODEAL,37923.73370702654
6756913359,VUNGLE,37890.547428987076
1197354394,VUNGLE,37884.33675899874
500962489,APPODEAL,37813.97871100411
com.miui.videoplayer,XIAOMI,37787.26399104509
com.flow.mobile,VUNGLE,37667.979485001044
com.aura.news.hashtag.news,VUNGLE,37522.042706999884
498477945,VUNGLE,37509.617838007085
6504332779,VUNGLE,37404.299300988605
com.viber.voip,VUNGLE,37350.38734700305
6744317674,VUNGLE,37349.59621599711
6445905219,APPODEAL,37340.09293700012
393048976,VUNGLE,37255.598849000206
6737022506,VUNGLE,37246.34087199788
306310789,APPODEAL,37014.61800308473
6642698438,VUNGLE,36953.75299999325
com.mobilityware.Spades,VUNGLE,36886.381251999745
6450958246,VUNGLE,36839.100942999954
1589762792,VERVE,36772.43980199684
921765888,INMOBI,36737.59732100246
1486214495,VUNGLE,36658.430922998494
com.gimica.treasuremaster,VUNGLE,36622.101989999916
com.grindrapp.android,INNERACTIVE_DIRECT,36526.853325999306
591560124,VERVE,36492.61336599857
1538433480,VUNGLE,36390.36243099893
com.mxtech.videoplayer.ad,DOUBLECLICK,36312.784478965
359917414,CHARTBOOST,36247.761059998025
399355755,INMOBI,36240.95634499954
890378044,VUNGLE,35950.78526099987
319881193,INNERACTIVE_DIRECT,35919.12667397673
1492722342,VUNGLE,35826.07284900011
com.huub.tiger,DOUBLECLICK,35813.74003999907
com.easybrain.sudoku.android,VUNGLE,35747.32527300072
1671705818,DOUBLECLICK,35688.2618239907
com.herofightinggames.duck.blast,VUNGLE,35650.767053000585
6738771575,VUNGLE,35568.21739899418
6751270213,VUNGLE,35497.41650400085
921765888,MINTEGRAL,35406.1645700029
com.scores365,VUNGLE,35396.989152000366
jp.naver.linemanga.android,APPODEAL,35367.89794800005
1617391485,APPLOVIN,35334.06077973731
6480174499,VUNGLE,35318.41132499893
com.oakever.arrows,VUNGLE,35300.12647499916
398157427,DOUBLECLICK,35130.25807899913
1484468651,VUNGLE,34963.726317000095
com.freereels.app,TAURUSX,34897.59125099945
1500855883,MINTEGRAL,34692.02719799605
6759763476,APPODEAL,34665.54577900307
366247306,VUNGLE,34648.431959996386
301987699,APPODEAL,34621.51215399963
1410235921,VUNGLE,34608.21375300211
356928178,INNERACTIVE_DIRECT,34559.50140300538
6752973567,VUNGLE,34523.19039400002
1366502697,VUNGLE,34521.24113700112
314716233,DOUBLECLICK,34345.802151000025
1660171117,VERVE,34266.453737995704
6751533084,VUNGLE,34137.36655899996
com.pixel.art.coloring.color.number,INNERACTIVE_DIRECT,34074.101268001126
com.ecffri.arrows,APPODEAL,33935.48672600017
com.litatom.app,VUNGLE,33853.9807590017
1163786766,VUNGLE,33831.12241000757
com.community.oneroom,VUNGLE,33804.953141007325
com.king.candycrushsodasaga,VUNGLE,33473.64449200209
6465991018,VUNGLE,33059.822907999696
1550945606,VUNGLE,32969.48567699368
1407852246,APPODEAL,32957.22991000128
com.robtopx.geometryjumplite,INNERACTIVE_DIRECT,32827.83614299839
net.supertreat.solitaire,VUNGLE,32726.89356000005
1600871388,VUNGLE,32681.026267000023
com.mi.globalbrowser,XIAOMI,32672.034050057555
com.peoplefun.wordcross,VUNGLE,32550.18379099989
6499209744,INMOBI,32375.087677999993
com.dubox.drive,INMOBI,32337.396607029685
com.tmobile.m1,DOUBLECLICK,32226.046262998494
com.audiomack,VUNGLE,32127.876130987737
com.free.vpn.super.hotspot.open,INNERACTIVE_DIRECT,31798.402985000037
io.voodoo.paper2,VUNGLE,31792.309347997274
1420294918,VUNGLE,31591.780373999703
1487882541,MOBILITYWARE,31548.110479000097
com.handmark.expressweather,INMOBI,31368.56286800001
382617920,INMOBI,31344.10047900966
1132762804,VUNGLE,31222.84261300004
com.loomgames.pixelflow,APPODEAL,31157.532836000035
com.pinger.textfree,VUNGLE,31153.807171000277
com.niam.smartswitch.phonecloneapp.easytransfer,VUNGLE,31070.39599999999
com.easybrain.number.puzzle.game,VUNGLE,31069.730007003058
com.oakever.arrows,INNERACTIVE_DIRECT,30969.103101999837
6448392144,VUNGLE,30915.457627998516
6754862574,VUNGLE,30747.482729000818
com.king.farmheroessaga,VUNGLE,30612.44285799883
1635760774,VUNGLE,30557.494763998664
com.pieyel.scrabble,VUNGLE,30540.020947001496
6745003362,VUNGLE,30523.07126100132
517539894,VUNGLE,30512.852622999922
com.newreading.goodreels,VUNGLE,30416.279447999954
6449190344,BIGO,30391.530829000043
1442749804,VUNGLE,30270.732112999514
553834731,IRONSOURCE,30251.135036000127
6448176203,VUNGLE,30246.853625999884
498477945,INNERACTIVE_DIRECT,30114.150374003795
469463298,VUNGLE,29956.17539200098
6737874398,VUNGLE,29937.7596470005
6754900673,VUNGLE,29893.908178999354
com.fxroyale.app,VUNGLE,29858.46290999994
1667538616,VUNGLE,29761.160893000586
1521236603,APPLOVIN,29723.782351000013
6449190344,APPODEAL,29633.442719000104
1146465836,VUNGLE,29515.547983000433
6448104157,APPODEAL,29369.697896043857
6479238647,VUNGLE,29253.890835998973
1498889847,VUNGLE,29179.01307300141
video.downloader.videodownloader,INMOBI,29171.252270997673
1466346433,VUNGLE,29153.734152999983
1191435163,APPODEAL,29137.521278003034
608206510,VUNGLE,29064.921690003164
847492141,VUNGLE,29059.655883999585
570060128,UNITY,28939.451114000025
com.miniclip.carrom,VUNGLE,28800.851064996437
com.weaver.app.prod,INNERACTIVE_DIRECT,28769.22922199942
6747875092,VERVE,28738.64563999606
1089225191,VUNGLE,28629.665036000024
382617920,ZMATICOO,28594.519340002087
com.miniclip.cricketleague,VUNGLE,28562.87185000073
1584596271,APPODEAL,28551.98643700003
6758326278,APPODEAL,28466.207385003105
easy.launcher,DOUBLECLICK,28451.132928997966
894546091,VUNGLE,28284.734907000853
6474133872,VUNGLE,28072.52467900129
1502193377,INMOBI,28038.411487000412
382002079,INNERACTIVE_DIRECT,27986.13837700757
com.Beauchamp.Messenger.external,VUNGLE,27984.85979499976
6502597181,VUNGLE,27955.637388999527
1543351744,VUNGLE,27954.384164999996
6748950306,UNITY,27857.06128797058
1623318294,VUNGLE,27741.797652999972
570060128,DOUBLECLICK,27703.29607700043
6498883328,APPODEAL,27696.672436042325
com.hitappsgames.wordsolitaire,APPODEAL,27626.785260008768
1390423469,VUNGLE,27564.81517000096
1538433480,APPODEAL,27559.45336800005
1389111413,VUNGLE,27508.810122997736
free.vpn.unblock.proxy.vpnmaster,VUNGLE,27487.466036000667
com.grindrapp.android,MINTEGRAL,27469.580141999308
1502193377,VUNGLE,27458.419119002785
416048305,INMOBI,27456.347399992454
6748950306,INNERACTIVE_DIRECT,27450.63928997152
6473000893,VUNGLE,27425.492034001567
com.samsung.android.app.spage,SAMSUNG,27362.376952000224
512939461,VUNGLE,27228.117990999435
569077959,VUNGLE,27226.749992999965
6452119853,VUNGLE,27183.596165000632
1671315416,VUNGLE,27178.410558001826
6741703805,VUNGLE,27134.409903999327
1207472156,INNERACTIVE_DIRECT,27086.056699990484
1193508329,INMOBI,27068.4067690195
1466297045,VUNGLE,26990.844740000295
1423046460,APPODEAL,26927.991515034024
1207472156,INMOBI,26847.892547995223
281940292,NIMBUS,26842.85824200019
6752376239,VUNGLE,26796.531823000045
com.metropcs.metrozone,MINTEGRAL,26794.098703000014
1163786766,INMOBI,26708.0287990173
com.king.candycrushsaga,UNITY,26685.028355000206
6451208928,VUNGLE,26633.820355003234
6742812903,VUNGLE,26541.13704200223
com.radio.pocketfm,VUNGLE,26535.155539999545
com.easybrain.arrow.puzzle.game,VUNGLE,26483.30404200149
6754558455,VUNGLE,26464.769021000073
297368629,VUNGLE,26459.019265999308
445338486,VUNGLE,26443.171181002417
com.kiloo.subwaysurf,INMOBI,26434.89667700968
6749456493,APPODEAL,26402.4140330356
wool.match.color.sort.jam.puzzle,VUNGLE,26364.236725
1369521645,APPODEAL,26325.830036025825
514485964,VUNGLE,26279.606011000375
1633296501,VUNGLE,26114.674030999926
1028294311,VUNGLE,26004.363230000894
1544750895,APPODEAL,25908.341096008135
1658958534,VUNGLE,25832.016515000658
319881193,IRONSOURCE,25487.959922999056
6740043080,APPODEAL,25454.841619045237
com.mobilityware.solitaire,VUNGLE,25446.194456000067
com.Cash.Drama,VUNGLE,25432.014715999834
com.netshort.abroad,APPODEAL,25391.87662100024
359917414,INNERACTIVE_DIRECT,25340.481447998405
1595314851,VUNGLE,25302.9593930002
1502193377,UNITY,25229.79914900068
6751056652,INMOBI,25223.95866099999
com.domobile.applockwatcher,VUNGLE,25190.98903600764
com.dramawave.app,VUNGLE,25142.692082000707
6755183085,VUNGLE,25080.465021000033
com.easybrain.block.puzzle.games,VUNGLE,24933.044085000063
1086101495,VUNGLE,24908.491355999828
6482849843,APPODEAL,24907.078817015372
1572661625,VUNGLE,24906.538539003683
com.audiomack,INMOBI,24896.366317005395
1423046460,INMOBI,24796.361776961494
jp.gocro.smartnews.android,VUNGLE,24779.72729700013
1370293473,DOUBLECLICK,24767.003975000636
com.tranzmate,VUNGLE,24713.19521500019
1382466301,VUNGLE,24640.621474000673
469463298,INMOBI,24482.8160180007
1374403536,INNERACTIVE_DIRECT,24479.953319997247
1643509748,VUNGLE,24461.52240899994
com.superplaystudios.dicedreams,VUNGLE,24456.102102999932
488575683,VUNGLE,24450.228114002377
net.zedge.android,APPODEAL,24312.723321000005
1598997500,INNERACTIVE_DIRECT,24201.64527099983
com.rovio.baba,VUNGLE,24190.82924000044
1470373330,VUNGLE,24160.82083700036
6504324020,APPODEAL,24042.49661301783
com.easybrain.art.puzzle,VUNGLE,24036.670877999455
979101825,VUNGLE,24017.510721000188
526641427,VUNGLE,23944.678579999363
com.viber.voip,DOUBLECLICK,23943.164082997755
1569776448,VUNGLE,23904.191754004005
6449190344,MINTEGRAL,23883.420996000077
1572726361,VUNGLE,23815.005407000055
com.nebula.mahjongtile,BIGO,23785.667514000343
1633296501,INMOBI,23762.23670200001
com.Hadiz.Yogaflex,VUNGLE,23760.465877999533
com.ezt.pdfreader.pdfviewer,VUNGLE,23706.67759099947
com.bigwinepot.nwdn.international,APPODEAL,23674.06998000031
com.oakever.tiletrip,MINTEGRAL,23661.40847300275
com.Gamnest.CandyRace,INNERACTIVE_DIRECT,23627.62928699991
6449243946,VUNGLE,23546.098594000992
6443760593,VUNGLE,23439.91327900024
550928207,INNERACTIVE_DIRECT,23338.46788300194
6747875092,INMOBI,23240.49957397174
6498883328,UNITY,23192.138052991326
1584596271,VERVE,23188.108710000128
com.Hadiz.Holeucaneat,VUNGLE,23179.009982000214
1589762792,VUNGLE,23166.21471999998
834185106,VUNGLE,23125.134473000027
com.mi.globalbrowser,VUNGLE,23096.54052103104
1073936461,VUNGLE,23079.18731300003
1423046460,IRONSOURCE,23026.62218414014
com.puzzlegames.puzzlebrickslegend,VUNGLE,22981.720472995705
1193508329,INNERACTIVE_DIRECT,22950.98902800253
com.king.candycrushsaga,A9TAM,22944.094194998437
1196764367,INMOBI,22883.415311007786
501306812,VUNGLE,22865.938542999505
1496354836,INMOBI,22848.609646967325
1250312807,DOUBLECLICK,22845.607704999857
921765888,NIMBUS,22840.84062600022
com.hitappsgames.wordsolitaire,VUNGLE,22756.257155999487
6479528256,VUNGLE,22752.559384000022
6636495643,VUNGLE,22732.13237600006
1644099880,VUNGLE,22726.497040004742
6523424272,VUNGLE,22692.593144001843
com.pixel.art.coloring.color.number,VUNGLE,22670.13643800024
com.tranzmate,INNERACTIVE_DIRECT,22574.800239999142
6754558455,APPODEAL,22560.891962999976
kidultlovin.word.zen,APPODEAL,22550.84994000197
6742221896,IRONSOURCE,22530.845549973295
com.block.juggle,VERVE,22486.542609001874
eu.livesport.FlashScore_com,INNERACTIVE_DIRECT,22463.42471699911
6498883328,INMOBI,22445.465060978146
6740326134,VUNGLE,22378.29114399981
com.vincentb.MobControl,APPODEAL,22355.219882000903
6451208928,UNITY,22333.028225999555
kr.co.psynet,VUNGLE,22310.499429000312
6743091090,VUNGLE,22271.8696320009
6754098532,VUNGLE,22195.06780100152
523001403,VUNGLE,22139.723882000235
6504332779,INMOBI,22121.62347195113
642831690,VUNGLE,22098.214526004074
at.ner.SolitaireKlondike,VUNGLE,22049.87506399956
714796093,VUNGLE,21967.21201100031
1465731199,VUNGLE,21878.356772000734
1445472541,VUNGLE,21747.158711999986
1531594277,VUNGLE,21731.286253000086
1404165333,VUNGLE,21663.94620500001
1374403536,VUNGLE,21603.116374001525
727296976,VUNGLE,21527.040019999993
1664415775,VUNGLE,21472.625800000074
6474685600,VUNGLE,21448.785835004524
1641107226,VUNGLE,21302.35684100026
543186831,APPODEAL,21157.268959999965
6446890186,VUNGLE,21093.39558800091
6471265311,VUNGLE,20993.54762600045
com.Gamnest.BarberSalon,VUNGLE,20954.07743200123
468996152,NIMBUS,20927.894186999907
1514542157,VUNGLE,20914.508248005324
6444837964,VUNGLE,20894.61180600196
1331794412,VUNGLE,20880.82655200398
com.loomgames.pixelflow,VUNGLE,20761.335821999935
com.fc.goods.sort.matching.puzzle.triplemaster,VUNGLE,20741.00693800014
com.ea.gp.fifamobile,VUNGLE,20698.55774500002
com.picsart.studio,VUNGLE,20686.485711003923
6633425539,VUNGLE,20681.6657820035
com.grindrapp.android,APPODEAL,20639.60865900044
com.audiomack,MINTEGRAL,20523.765052003353
1073936461,INNERACTIVE_DIRECT,20326.97836099992
1132762804,INMOBI,20301.95175600011
1207472156,UNITY,20286.754091990588
6751056652,UNITY,20150.965113000035
605569663,INNERACTIVE_DIRECT,20142.143393000577
com.ig.screwdom,VUNGLE,20102.90978800152
com.app.cricketapp,VUNGLE,20040.67595899746
393048976,DOUBLECLICK,19979.601378999814
solitaire.patience.card.games.klondike.free,VUNGLE,19967.056574999777
1011626777,VUNGLE,19923.743833000775
1073936461,DOUBLECLICK,19868.175911987906
6504122823,VUNGLE,19778.062257000012
1197961218,VUNGLE,19679.96701900156
6692629257,VUNGLE,19672.233960003043
1163786766,DOUBLECLICK,19627.203262887713
1250312807,INMOBI,19600.866847000016
com.michatapp.im,INNERACTIVE_DIRECT,19594.74938700008
1407852246,INNERACTIVE_DIRECT,19511.54499403676
6448104157,INMOBI,19337.86482699008
1564391515,VUNGLE,19320.302529002485
6446891679,VUNGLE,19308.138392000787
6733244789,VUNGLE,19296.683103002735
jigsaw.puzzle.game.banana,APPODEAL,19294.552214996438
com.bitsmedia.android.muslimpro,VUNGLE,19285.704866999633
com.grandgames.magicsort,VUNGLE,19227.928960000085
1519174001,VUNGLE,19115.68448500211
ball.sort.puzzle.color.sorting.bubble.games,INNERACTIVE_DIRECT,19108.47547200118
com.goldendragon.luckyblessing,BIGO,19049.682036000082
1214223596,VUNGLE,18991.59272100146
1196764367,CHARTBOOST,18991.28206799577
6471572249,VUNGLE,18965.91096800002
6754363534,VUNGLE,18947.883922999983
571801488,INNERACTIVE_DIRECT,18941.864804001234
1080465358,VUNGLE,18923.182872998033
free.vpn.unblock.proxy.turbovpn,INMOBI,18892.353354000683
880178264,VUNGLE,18845.051641002927
1610874732,VUNGLE,18833.597997000037
840919914,CHARTBOOST,18773.33952501846
6503060634,VUNGLE,18763.88589600516
io.voodoo.paper2,INMOBI,18740.695860998498
724594093,VUNGLE,18715.496805999992
6747875092,APPODEAL,18706.128223972006
6740510106,VUNGLE,18672.186327006104
6504421808,VUNGLE,18625.596362
com.netshort.abroad,VUNGLE,18621.231655000458
com.lemon.lvoverseas,DOUBLECLICK,18586.66275700294
com.gamebrain.hexasort,VUNGLE,18526.95238000103
6451208928,INNERACTIVE_DIRECT,18479.101355006445
com.ecffri.arrows,INMOBI,18453.023766000006
kjv.bible.kingjamesbible,INMOBI,18436.229007999897
6742221896,MINTEGRAL,18418.87138900292
ball.sort.puzzle.color.sorting.bubble.games,MINTEGRAL,18418.232689003544
651510680,VUNGLE,18385.627780999894
6702018773,VUNGLE,18369.373099000233
356928178,DOUBLECLICK,18310.268891977015
1538912205,VUNGLE,18295.76349200097
1235581326,VUNGLE,18294.503113002098
500962489,VUNGLE,18241.59834200526
kjv.bible.kingjamesbible,INNERACTIVE_DIRECT,18196.338152000026
com.peoplefun.wordcross,INNERACTIVE_DIRECT,18173.635540002306
com.mxtech.videoplayer.ad,INNERACTIVE_DIRECT,18115.708916999956
571801488,DOUBLECLICK,18108.279740001042
1562817072,APPODEAL,18106.478233000023
com.mobilityware.solitaire,INNERACTIVE_DIRECT,17988.23841000006
6746331323,VUNGLE,17975.96695500255
com.amelosinteractive.snake,VUNGLE,17905.665114999916
com.oakever.tiletrip,BIGO,17856.41131801089
kjv.bible.kingjamesbible,VUNGLE,17854.310418000077
com.nebula.mahjongtile,INNERACTIVE_DIRECT,17845.770686000196
6749132002,VUNGLE,17818.243215004426
com.loomgames.pixelflow,INNERACTIVE_DIRECT,17803.501963000024
6547835725,VUNGLE,17749.048875002183
1206967173,VUNGLE,17731.34800500003
com.fingersoft.hcr2,VUNGLE,17707.586969998476
6499209500,VUNGLE,17696.046011000548
1624606445,VUNGLE,17671.671804000023
kidultlovin.word.zen,VUNGLE,17607.520052001
com.bstar.intl,VUNGLE,17562.517934006082
1357464684,APPODEAL,17528.046230000018
1618041797,VUNGLE,17484.485394003754
1502193377,DOUBLECLICK,17480.921104999783
com.pixel.art.coloring.color.number,APPODEAL,17424.51736900228
1073936461,APPLOVIN,17410.900839999955
6547858927,BIGO,17405.26189301306
6482849843,INMOBI,17393.128577973363
1598997500,DOUBLECLICK,17325.007852997507
6446354191,VUNGLE,17308.963624999556
1404165333,CHARTBOOST,17198.95762400002
1503128132,VUNGLE,17198.612463002457
6451208928,APPODEAL,17196.735192990127
6743385713,INMOBI,17119.64779096241
com.Gamnest.CandyRace,MINTEGRAL,17112.772178000116
1545567989,BIGO,17027.885187012453
488575683,INNERACTIVE_DIRECT,17019.805719997556
com.gogo.launcher,XIAOMI,16897.447540049736
372648912,VUNGLE,16877.84577600235
1407852246,INMOBI,16860.651953023502
com.snaptube.premium,PANGLE,16855.202792000444
358899126,VUNGLE,16851.94663800182
com.awesome.puzzlehexasort,VUNGLE,16774.425400000935
1509453185,VUNGLE,16751.935344000078
com.pocket.sort.coin.puzzle.game,VUNGLE,16726.12165400142
net.zedge.android,UNITY,16684.80225400001
1466197423,VUNGLE,16645.53192200281
com.audiomack,INNERACTIVE_DIRECT,16639.775561999948
1545567989,INMOBI,16632.449887015344
6744547461,VUNGLE,16608.94447800347
com.fugo.wow,APPODEAL,16577.202254997344
1383187127,VUNGLE,16523.875613003875
1625097467,VUNGLE,16485.573918003043
com.goldendragon.luckyblessing,VUNGLE,16428.977456999994
free.vpn.unblock.proxy.turbovpn,DOUBLECLICK,16427.629411998954
com.block.juggle,ZMATICOO,16413.23344500004
com.michatapp.im,INMOBI,16357.143807000182
1215933788,INMOBI,16355.931716995601
com.hwqgrhhjfd.idlefastfood,VUNGLE,16355.257642999995
1578681725,VUNGLE,16338.169265001354
1584596271,VUNGLE,16334.41980700014
com.UCMobile.intl,VUNGLE,16306.768940999382
6748397500,INMOBI,16279.14574100003
1193508329,BIGO,16274.371159998262
com.oakever.arrows,INMOBI,16266.27147799848
6448104157,IRONSOURCE,16260.30852697706
520502858,VUNGLE,16245.696649000696
1196764367,UNITY,16238.871689001633
com.vitastudio.mahjong,PANGLE,16225.709922999857
444741112,VUNGLE,16198.996992000502
com.tripledot.solitaire,APPODEAL,16189.258720999096
993090598,INNERACTIVE_DIRECT,16181.098796001083
com.android.thememanager,VUNGLE,16175.264443992253
com.mobilefootie.wc2010,DOUBLECLICK,16066.03579999114
698255242,INNERACTIVE_DIRECT,16064.757216001723
com.michatapp.im,VUNGLE,16059.95072599993
1562817072,VUNGLE,16043.03896700004
com.matteljv.uno,VUNGLE,15988.795253000057
6446005634,BIGO,15916.032264000032
1660171117,INMOBI,15902.311235991832
io.voodoo.paper2,APPODEAL,15847.573287997817
6743441683,VUNGLE,15832.67490800305
6740326134,INNERACTIVE_DIRECT,15787.75768000003
6754243057,APPODEAL,15763.60521298943
1542776143,VUNGLE,15755.086475000036
com.JindoBlu.OfflineGames,VUNGLE,15745.72410300086
892521917,VUNGLE,15708.468642000247
1671991909,VUNGLE,15696.27690400429
1544750895,INMOBI,15693.839239991004
ball.sort.puzzle.color.sorting.bubble.games,VUNGLE,15682.325195999947
1544750895,IRONSOURCE,15663.345990989375
912390687,VUNGLE,15642.424459000333
com.netshort.abroad,INMOBI,15628.75762000407
easy.launcher,VUNGLE,15624.002908000093
1104692136,VUNGLE,15545.438983000113
382002079,VUNGLE,15494.412920001296
1602508478,VERVE,15472.690772002054
easy.sudoku.puzzle.solver.free,VUNGLE,15471.356467999076
com.enflick.android.TextNow,VERVE,15464.952769000027
com.truecaller,ZMATICOO,15363.30096199884
1482887935,VUNGLE,15354.441273001607
com.pocket.sort.coin.puzzle.game,INNERACTIVE_DIRECT,15328.528314003479
com.Gamnest.CandyRace,INMOBI,15303.311890000074
6446890132,VUNGLE,15298.680269000466
997362197,UNITY,15288.484218994594
6737214802,VUNGLE,15236.352840000878
1193508329,APPODEAL,15178.803932988998
1635289326,VUNGLE,15175.973665003803
512939461,INMOBI,15125.713611008952
jigsaw.puzzle.game.banana,VUNGLE,15113.36285400083
com.king.candycrushsaga,DOUBLECLICK,15101.94365400021
6754900673,VERVE,15049.468639000805
com.sled.surfers.game,VUNGLE,15014.541973000196
6444837964,VERVE,14908.561551999901
com.metro.minus1,VERVE,14888.391937000004
6689516283,VUNGLE,14796.380234008639
1608987929,VUNGLE,14787.871083000002
1288430163,VUNGLE,14719.949363002408
1452227871,INMOBI,14711.055367012668
429610587,NIMBUS,14677.101889999569
850417475,DOUBLECLICK,14671.38966700017
418987775,VUNGLE,14580.057139001749
1452227871,BIGO,14568.843369993516
417571834,VUNGLE,14559.110963002779
1229618961,VUNGLE,14535.92204200529
6514312894,VUNGLE,14493.799207999975
6743385713,APPODEAL,14464.39792293347
512939461,IRONSOURCE,14444.48351499991
1459645446,INMOBI,14374.077230995803
com.gimica.ballbounce,VUNGLE,14346.398450000048
479280326,APPODEAL,14338.635786993436
6479727880,UNITY,14331.153549000077
com.fc.goods.sort.matching.puzzle.triplemaster,APPODEAL,14327.246418987928
1636235979,UNITY,14302.420737999964
com.lenovo.anyshare.gps,BIGO,14284.530420000832
1459645446,APPLOVIN,14272.721919999452
6444946155,UNITY,14254.965454000027
com.callapp.contacts,MINTEGRAL,14254.58873201595
1176147574,MINTEGRAL,14202.43506300639
com.mxtech.videoplayer.ad,INMOBI,14195.149604002454
6446005634,VUNGLE,14171.280687999997
1073936461,UNITY,14169.060588000022
1190849728,VUNGLE,14145.39798200164
com.screw3d.match.nuts.bolts.pin.jam.away.puzzle,VUNGLE,14111.914589000271
587366035,INMOBI,14007.86843898102
com.block.juggle,A9TAM,13995.12413797236
6754243057,INMOBI,13976.347428989231
com.wood.block.sudoku.puzzle.bm,INNERACTIVE_DIRECT,13972.062165001129
6755183085,UNITY,13968.617364999995
1407852246,BIGO,13966.540541004555
553834731,VERVE,13966.282914000038
6547858927,INMOBI,13956.807073013002
6471572249,APPODEAL,13943.182457992747
com.fxroyale.app,DOUBLECLICK,13915.480282000039
defense.roguelike.cell.shoot.survivor,VUNGLE,13815.448631000012
1196764367,IRONSOURCE,13814.766508996576
6504849169,APPODEAL,13777.307553000104
com.yolo.hiddenobjects,VUNGLE,13764.821624000146
6747875092,INNERACTIVE_DIRECT,13753.976928039678
6504332779,APPODEAL,13741.090738981313
6444056676,VUNGLE,13709.808187999963
6755183085,INMOBI,13675.414730999988
wool.match.color.sort.jam.puzzle,INNERACTIVE_DIRECT,13647.640484001033
6474133872,APPODEAL,13639.64161098878
com.Gamnest.CandyRace,BIGO,13627.107650000053
grill.sort.food.games.match.puzzle,VUNGLE,13619.293421000342
6739069151,VERVE,13602.193134017714
com.mobilityware.spider,VUNGLE,13575.248525000517
605569663,INMOBI,13564.963023011089
550928207,VERVE,13561.80203900101
1589762792,INMOBI,13536.257720991245
com.nebula.mahjongtile,INMOBI,13529.51223499919
1344700142,APPODEAL,13525.762734999973
1318181304,INMOBI,13510.516341999548
6446891577,VUNGLE,13501.682576000374
1423046460,APPLOVIN,13499.180014001988
com.yolo.hiddenobjects,INNERACTIVE_DIRECT,13427.413183004426
6482849843,INNERACTIVE_DIRECT,13402.713121069533
597088068,APPODEAL,13387.630207000026
6747875092,MINTEGRAL,13329.787426003442
com.ludo.king,INNERACTIVE_DIRECT,13321.02225799734
io.supercent.linkedcubic,VUNGLE,13307.443815002296
553834731,UNITY,13293.403947000024
428312806,INNERACTIVE_DIRECT,13292.523324000409
com.youmusic.magictiles,INNERACTIVE_DIRECT,13192.825985000609
com.worldance.drama,APPLOVIN,13086.22989600039
1357464684,VUNGLE,13074.949568000022
6754243057,VERVE,13062.933326006954
979101825,DOUBLECLICK,13053.595519000097
1580601028,VUNGLE,13053.098834003446
solitaire.patience.card.games.klondike.free,INNERACTIVE_DIRECT,12985.90395900508
468996152,DOUBLECLICK,12974.771116000094
6689516283,MINTEGRAL,12964.047064004144
com.callapp.contacts,INMOBI,12961.281209003011
1344700142,INMOBI,12957.348448000042
games.vaveda.militaryoverturn,VUNGLE,12908.956979001341
1445472541,APPODEAL,12841.769332999998
puzzle.yarn.fever.unravel.puzzle,VUNGLE,12833.338814999961
6740043080,UNITY,12829.029386978033
1671315416,INMOBI,12817.300602003195
com.justplay.app,INMOBI,12762.568545000002
1193508329,A9TAM,12760.745666008937
com.blockchainvault,INMOBI,12739.792805999994
1207472156,IRONSOURCE,12722.532458986938
398157427,VUNGLE,12719.418925000879
1389111413,APPODEAL,12683.156757979508
com.mobilefootie.wc2010,VUNGLE,12679.870497998148
498477945,DOUBLECLICK,12647.13469899403
1557392270,VERVE,12632.822776003464
com.dywx.larkplayer,PANGLE,12607.65760699985
com.mobilityware.Spades,APPODEAL,12570.35323000002
in.playsimple.wordsearch,VUNGLE,12515.734188000857
1176147574,NIMBUS,12487.697823022167
com.enzo.paulo,PANGLE,12467.921043000088
642831690,INMOBI,12465.679658003752
6448104157,UNITY,12425.58026599376
com.miui.videoplayer,VUNGLE,12421.375005000427
6739069151,INMOBI,12415.973491999144
6446669987,VERVE,12403.871612001061
6453522960,VUNGLE,12397.591936001567
com.ig.screwdom,APPODEAL,12351.240838986289
1502447854,VUNGLE,12332.6405490003
6468921495,MINTEGRAL,12328.725877000477
ball.sort.puzzle.color.sorting.bubble.games,INMOBI,12327.17403800539
6482849843,VERVE,12316.489664998284
1193508329,UNITY,12315.6987650018
1584596271,IRONSOURCE,12291.58639899998
1274972321,VUNGLE,12283.524188002702
894546091,CRITEO,12278.040526000304
net.zedge.android,INMOBI,12261.960503001375
com.picsart.studio,INNERACTIVE_DIRECT,12244.719396002703
1498889847,INMOBI,12184.899805000177
com.hitappsgames.wordsolitaire,INNERACTIVE_DIRECT,12162.731413005497
com.UCMobile.intl,BIGO,12120.502951000048
6511238101,VUNGLE,12119.745892004139
kidultlovin.word.zen,INNERACTIVE_DIRECT,12119.430957002365
1472419762,APPODEAL,12112.503267999997
com.lenovo.anyshare.gps,ZMATICOO,12101.406522998217
6467129396,VUNGLE,12089.729260001643
com.vincentb.MobControl,INNERACTIVE_DIRECT,12089.043590002315
1445472541,IRONSOURCE,12088.21072999998
514485964,VERVE,12016.171716999987
sorting.games.goods.sort.triple.match3d.puzzle.stuff,VUNGLE,12013.614796999926
com.ibragunduz.applockpro,VUNGLE,11963.512999002627
6451208928,IRONSOURCE,11948.593802999387
easy.sudoku.puzzle.solver.free,INNERACTIVE_DIRECT,11921.94066700015
1452526406,APPODEAL,11919.898800996998
1374403536,CHARTBOOST,11902.139570996469
1498889847,INNERACTIVE_DIRECT,11897.652154999432
1269540854,VUNGLE,11891.221689001968
306310789,INNERACTIVE_DIRECT,11877.722131033082
com.studio27.MelonPlayground,APPODEAL,11855.66777900001
1667538256,APPODEAL,11828.968033999769
com.vitastudio.mahjong,APPLOVIN,11815.213267962745
com.youmusic.magictiles,VUNGLE,11796.757538001344
com.miui.cleaner,VUNGLE,11796.726601998102
com.hotmini.drama.hot,TOPON,11782.962820999983
com.bigwinepot.nwdn.international,INMOBI,11733.300746000152
com.domobile.applockwatcher,INMOBI,11718.675451998211
1550945606,APPODEAL,11693.121333988527
6743385713,ZMATICOO,11685.915312999823
6747492600,UNITY,11677.362248999789
com.firsttouchgames.dls7,MINTEGRAL,11646.362358000632
1466346433,APPODEAL,11632.497724000004
com.puzzlegames.puzzlebrickslegend,MINTEGRAL,11630.666614001133
wp.wattpad,VUNGLE,11621.779605002062
1638139403,IRONSOURCE,11610.02796799999
1521236603,UNITY,11588.545097000004
1207472156,APPLOVIN,11584.419772958272
1445472541,INMOBI,11558.099731000002
651510680,APPODEAL,11550.475200999022
com.dream11.fantasy.cricket.football.kabaddi,DOUBLECLICK,11544.035129996397
1557392270,INMOBI,11543.282634995763
6498883328,INNERACTIVE_DIRECT,11530.011768021275
water.sort.puzzle.game.color.sorting.free,VUNGLE,11500.761420999921
com.sled.surfers.game,INNERACTIVE_DIRECT,11476.01331899999
wp.wattpad,INNERACTIVE_DIRECT,11460.192962003008
com.vincentb.MobControl,VUNGLE,11439.489408000269
com.vitastudio.mahjong,UNITY,11437.479264999065
6499209744,IRONSOURCE,11418.843196999986
1454213029,INNERACTIVE_DIRECT,11415.86750900001
com.miui.msa.global,VUNGLE,11411.076667000078
com.billiardsgame.ballking,APPODEAL,11393.062403999995
921765888,DOUBLECLICK,11338.637836991289
1638253339,VUNGLE,11323.917303002774
com.king.candycrushsaga,APPLOVIN,11296.005871999936
1569776448,INMOBI,11274.123620001608
com.ea.gp.fifamobile,INNERACTIVE_DIRECT,11266.56901600004
1545567989,UNITY,11156.540250001402
com.weaver.app.prod,VUNGLE,11130.496693997997
6446669987,VUNGLE,11102.795150001015
com.fc.goods.sort.matching.puzzle.triplemaster,INNERACTIVE_DIRECT,11097.327913004001
1080465358,APPLOVIN,11091.255978000123
1442749804,VERVE,11087.351933002197
6450917563,VUNGLE,11086.360910001576
com.fugo.wow,INNERACTIVE_DIRECT,11061.92237500169
com.naver.linewebtoon,APPODEAL,11008.333013999973
1600871388,UNITY,10999.908976999985
526641427,APPODEAL,10973.0119979973
com.mobilityware.spider,APPODEAL,10970.456654000118
1389111413,INMOBI,10963.43980899506
514485964,APPODEAL,10952.032433999992
698255242,IRONSOURCE,10951.91886099982
1638253339,APPODEAL,10920.64355899998
1191435163,INMOBI,10895.768855999379
1643481036,VUNGLE,10868.0028850019
net.zedge.android,VERVE,10812.478575
1215933788,CHARTBOOST,10802.82886099445
6478063606,VUNGLE,10784.671664000978
com.intsig.camscanner,PANGLE,10779.844599000007
com.radio.pocketfm,APPODEAL,10765.617923000085
6754900673,INMOBI,10761.82614299809
418987775,INMOBI,10752.538769999392
com.GybeGames.ColorBlockJam,VUNGLE,10749.750513000461
com.gamincat.jigsolitaire,VUNGLE,10749.59395800104
6636495643,APPODEAL,10725.505495999996
597088068,INNERACTIVE_DIRECT,10707.750575000005
1577533842,VUNGLE,10701.557378002006
6741408932,INMOBI,10696.217788996022
com.app.cricketapp,INNERACTIVE_DIRECT,10684.792020997587
1407852246,IRONSOURCE,10667.595897991961
com.wood.block.sudoku.puzzle.bm,INMOBI,10641.881457999325
1602508478,MINTEGRAL,10635.487754001935
com.metropcs.metrozone,APPLOVIN,10596.317114999987
1229618961,APPODEAL,10566.468225989684
395979574,CHARTBOOST,10554.842203999906
6444407009,APPODEAL,10551.688899999675
com.nebula.mahjongtile,MINTEGRAL,10547.852722000505
com.inmobi.weather,INMOBI,10541.97284400005
6739069151,APPODEAL,10516.9937139827
1318181304,VUNGLE,10484.293683000093
6743441683,VERVE,10479.616783000765
free.tube.premium.advanced.tuber,DOUBLECLICK,10467.30020999929
com.hitappsgames.wordsolitaire,INMOBI,10463.730703999623
1545567989,INNERACTIVE_DIRECT,10442.318193024266
1196764367,INNERACTIVE_DIRECT,10441.138300004424
1624606445,APPLOVIN,10434.146246996546
6754900673,APPODEAL,10427.660430982796
1595314851,BIGO,10419.584154999999
1660171117,CHARTBOOST,10375.450073997765
6743385713,INNERACTIVE_DIRECT,10358.151656013633
1407852246,APPLOVIN,10259.609867989255
1389111413,IRONSOURCE,10213.416750983832
video.downloader.videodownloader,VUNGLE,10174.308532999794
io.supercent.pizzaidle,VUNGLE,10161.091858001648
514485964,INMOBI,10157.670651999973
com.yolo.hiddenobjects,APPODEAL,10147.087882996217
com.newreading.goodreels,APPODEAL,10131.474656000028
6748397500,INNERACTIVE_DIRECT,10127.759820000005
1176147574,UNITY,10109.081416004165
1369521645,INMOBI,10106.610398997653
io.voodoo.holeio,VUNGLE,10104.114890000965
1420058690,VUNGLE,10090.03488100002
1324604053,INMOBI,10085.391263003641
1197354394,VERVE,10032.913559002734
632064380,UNITY,10013.236631000034
6467129657,VUNGLE,10008.888896000446
997362197,INNERACTIVE_DIRECT,10001.04104400327
com.freereels.app,INMOBI,9979.568424000028
6759763476,INMOBI,9978.045653000008
6747492600,BIGO,9962.597063000057
1638139403,UNITY,9955.19831499958
com.miui.msa.global,MINTEGRAL,9948.85418000001
6748397500,IRONSOURCE,9900.254651
912390687,NIMBUS,9899.551373000102
com.samsung.android.game.gamehome,DOUBLECLICK,9883.456267000476
6759763476,UNITY,9864.960939999823
com.oakever.jigsawcard,INNERACTIVE_DIRECT,9859.422105001546
com.litatom.app,INMOBI,9858.117887999904
1572726361,APPODEAL,9825.68405800002
1445472541,UNITY,9800.791120000018
1407852246,A9TAM,9777.21989600149
1619030760,INNERACTIVE_DIRECT,9763.764702009186
defense.roguelike.cell.shoot.survivor,APPODEAL,9750.427660000018
6482849843,IRONSOURCE,9742.132571997683
1619030760,IRONSOURCE,9720.427702002962
fr.vinted,APPLOVIN,9711.71877399318
1499081620,APPODEAL,9692.657552997887
6444312211,UNITY,9666.641598000011
com.app.cricketapp,DOUBLECLICK,9641.240341999419
1459645446,BIGO,9616.006606000125
850417475,A9TAM,9607.691967999886
com.pixel.art.coloring.color.number,INMOBI,9598.694986001363
6547858927,INNERACTIVE_DIRECT,9568.470911015243
1580601028,INMOBI,9556.991883000652
1193508329,VERVE,9538.183475001682
games.vaveda.militaryoverturn,INNERACTIVE_DIRECT,9533.217578001584
1452992954,INMOBI,9528.400397002857
506627515,APPLOVIN,9514.661147000028
1317978215,INNERACTIVE_DIRECT,9463.007514002009
6749456493,INMOBI,9462.371842002174
6743441683,INMOBI,9449.558620000065
com.Gamnest.CandyRace,APPODEAL,9440.213614000008
com.awesome.puzzlehexasort,INNERACTIVE_DIRECT,9413.496616000428
com.metro.minus1,DOUBLECLICK,9379.038512999998
com.oakever.arrows,MINTEGRAL,9346.034345000638
com.newleaf.app.android.victor,MINTEGRAL,9315.496146999918
1215933788,APPODEAL,9303.694583986136
com.huub.tiger,NIMBUS,9282.391041998058
6474685600,CHARTBOOST,9281.916425925778
com.ecffri.arrows,MINTEGRAL,9273.319771000013
6504849169,UNITY,9250.676704000196
premium.gotube.adblock.utube,MINTEGRAL,9231.694688000995
1578681725,APPODEAL,9222.060897998173
6446891679,APPODEAL,9198.857021999027
1600871388,APPODEAL,9196.412288000012
6748950306,IRONSOURCE,9165.845699008818
com.Hadiz.Yogaflex,INNERACTIVE_DIRECT,9128.618448999996
com.grandgames.magicsort,INNERACTIVE_DIRECT,9124.774430000009
1550945606,INNERACTIVE_DIRECT,9118.063256005851
ball.sort.puzzle.color.sorting.bubble.games,APPODEAL,9090.910547000018
6504324020,INNERACTIVE_DIRECT,9021.80552002768
6465991018,DOUBLECLICK,9011.539165000175
1602508478,CHARTBOOST,9008.959047994977
1407852246,MINTEGRAL,9002.224548001624
sorting.games.goods.sort.triple.match3d.puzzle.stuff,INMOBI,8988.233270000232
1499081620,VUNGLE,8980.2201410006
com.domobile.applockwatcher,MINTEGRAL,8974.301650000167
1466197423,APPODEAL,8965.842451986211
1538433480,INMOBI,8965.713522999817
6499209744,INNERACTIVE_DIRECT,8956.156443999986
6504122823,APPODEAL,8955.318105999973
com.dywx.larkplayer,DOUBLECLICK,8934.280075001974
6758326278,INMOBI,8932.959471000757
399355755,INNERACTIVE_DIRECT,8928.048523999814
993090598,INMOBI,8922.558047999724
com.gogo.launcher,MINTEGRAL,8914.394321999769
com.block.juggle,UNITY,8895.482487002068
1214223596,INMOBI,8893.894475000357
free.vpn.unblock.proxy.turbovpn,VUNGLE,8882.464469998571
com.netshort.abroad,PANGLE,8838.703110999999
1550945606,UNITY,8805.147539001464
358899126,INMOBI,8803.925217000535
6482849843,APPLOVIN,8796.96928490957
1080465358,MINTEGRAL,8748.290578997161
com.lenovo.anyshare.gps,PANGLE,8741.873909000007
1028294311,BIGO,8741.056837000428
6754384144,UNITY,8738.989037999967
6449486871,INNERACTIVE_DIRECT,8715.718826999982
com.pieyel.scrabble,INNERACTIVE_DIRECT,8711.63020900055
6751056652,IRONSOURCE,8707.544090000003
6590876141,IRONSOURCE,8707.243198000542
6747875092,UNITY,8693.540001009886
520502858,INMOBI,8679.651946000038
1423046460,UNITY,8679.622286004105
6740043080,MINTEGRAL,8671.658825006161
com.freereels.app,DOUBLECLICK,8644.894495001065
1443446174,INNERACTIVE_DIRECT,8625.133197000005
359917414,IRONSOURCE,8605.007624000033
357218860,INMOBI,8577.337837000345
com.puzzlegames.puzzlebrickslegend,INMOBI,8536.661845999111
com.outfit7.mytalkingtom2,INMOBI,8524.458075999992
306310789,UNITY,8524.089956007523
6740043080,IRONSOURCE,8521.187676006692
com.firsttouchgames.dls7,APPLOVIN,8518.408960999586
6608975929,APPODEAL,8495.708065990058
videoplayer.videodownloader.downloader,BIGO,8465.097592999988
6756913359,INMOBI,8452.853948000553
com.peoplefun.wordcross,INMOBI,8448.159118000092
488575683,DOUBLECLICK,8446.55050200339
6471572249,INNERACTIVE_DIRECT,8427.365941005133
com.freereels.app,PANGLE,8385.124896000141
1578681725,VERVE,8367.61703500008
6754243057,UNITY,8349.584296000294
6498883328,CHARTBOOST,8348.548538026304
1602508478,INMOBI,8341.808742999416
1496354836,APPODEAL,8330.683219968318
358899126,VERVE,8312.002473000348
1660171117,UNITY,8310.096061000633
com.mobilityware.spider,INNERACTIVE_DIRECT,8300.54358000016
com.tripledot.solitaire,INNERACTIVE_DIRECT,8294.714293999992
1466297045,APPODEAL,8293.101383999992
1557392270,APPLOVIN,8287.308758952975
com.easybrain.crossword.puzzles,INNERACTIVE_DIRECT,8258.419863002104
1569776448,APPODEAL,8258.11048099888
com.kiloo.subwaysurf,INNERACTIVE_DIRECT,8257.931876000028
6739069151,INNERACTIVE_DIRECT,8242.273472007402
com.ludo.king,VUNGLE,8229.654773000384
com.sec.android.app.samsungapps,VUNGLE,8213.069051999992
com.easybrain.number.puzzle.game,APPODEAL,8211.614972000687
1509453185,APPLOVIN,8170.452010970721
1465731199,IRONSOURCE,8155.2699630001225
6702018773,MINTEGRAL,8152.496286999999
372648912,INMOBI,8151.964805002088
6747492600,IRONSOURCE,8144.118402000479
1466197423,VERVE,8124.778885003126
6749456493,INNERACTIVE_DIRECT,8091.721929020754
6444946155,IRONSOURCE,8075.78031399999
6751056652,INNERACTIVE_DIRECT,8072.201583000001
512939461,UNITY,8069.618628000078
1374403536,APPODEAL,8066.540817999979
6758326278,DOUBLECLICK,8058.30959399985
6478063606,INNERACTIVE_DIRECT,8051.307419000379
com.blockchainvault,MINTEGRAL,8037.681908000015
1564391515,APPODEAL,8030.705863996682
366247306,APPODEAL,8006.464367993592
1196764367,A9TAM,7991.458712001577
6444312211,VUNGLE,7982.781206000116
com.oakever.jigsawcard,VUNGLE,7972.390244000527
com.playit.videoplayer,INNERACTIVE_DIRECT,7967.08823499996
com.outfit7.mytalkingtom2,VUNGLE,7926.84808999992
com.tripledot.woodoku,INNERACTIVE_DIRECT,7924.738657000032
894546091,INMOBI,7922.501852000212
6446669987,APPODEAL,7917.744421997954
479280326,INMOBI,7898.166939000077
com.gamincat.jigsolitaire,APPODEAL,7888.109652997168
1595314851,APPODEAL,7865.192701999993
1176027022,INNERACTIVE_DIRECT,7864.992827999994
1466197423,INMOBI,7863.931482000901
395979574,MOBILITYWARE,7859.726777999977
6523424272,APPODEAL,7842.2142619971255
6743091090,UNITY,7825.151205000009
6463127238,INMOBI,7822.401019005907
6747875092,A9TAM,7820.999567014957
com.Hadiz.Holeucaneat,INNERACTIVE_DIRECT,7795.437255000001
1502193377,INNERACTIVE_DIRECT,7778.969775000114
6504849169,INMOBI,7757.257690999974
1442749804,INMOBI,7754.070980004816
6479727880,VUNGLE,7750.938055999995
597088068,VUNGLE,7732.8204719999985
1442749804,APPODEAL,7723.572754980847
com.naver.linewebtoon,CRITEO,7720.733207999788
306310789,APPLOVIN,7700.290278946979
6751270213,APPODEAL,7689.2521579931645
6503060634,INMOBI,7688.154575002751
1514542157,APPODEAL,7669.3717299900345
997362197,DOUBLECLICK,7665.96252301294
6474133872,INMOBI,7647.266523004776
com.screw3d.match.nuts.bolts.pin.jam.away.puzzle,INNERACTIVE_DIRECT,7639.480108999985
com.herofightinggames.duck.blast,MINTEGRAL,7631.22848999999
1550945606,IRONSOURCE,7618.194585980536
1197354394,APPODEAL,7600.093041996765
1496354836,CHARTBOOST,7599.473395020759
6748950306,MINTEGRAL,7593.884598001905
1459645446,VUNGLE,7566.543899999995
1288430163,INNERACTIVE_DIRECT,7548.758101002053
6747492600,INMOBI,7539.528071000717
com.radio.pocketfm,INNERACTIVE_DIRECT,7534.443142999928
6754384144,IRONSOURCE,7533.059319999986
com.duolingo,DOUBLECLICK,7528.959909001083
1636235979,DOUBLECLICK,7523.199716999985
com.ibragunduz.applockpro,INMOBI,7512.725054003066
6482849843,UNITY,7501.936370009578
6448104157,APPLOVIN,7481.3287279708
1452992954,BIGO,7457.600803000989
1342112505,VUNGLE,7457.067660000064
1602508478,APPODEAL,7443.945571983376
1496354836,INNERACTIVE_DIRECT,7423.214947009592
6742221896,INNERACTIVE_DIRECT,7416.9872650048255
6748397500,MINTEGRAL,7403.082160999992
6743385713,UNITY,7350.60901300815
1454213029,INMOBI,7346.254831000002
506627515,IRONSOURCE,7338.864599999995
com.studio27.MelonPlayground,INNERACTIVE_DIRECT,7331.2844339999865
543186831,APPLOVIN,7329.636220000011
395979574,INNERACTIVE_DIRECT,7319.041031000847
wool.match.color.sort.jam.puzzle,APPODEAL,7305.870930994905
6444837964,INMOBI,7280.137402000528
com.gimica.treasuremaster,APPODEAL,7267.451960999742
com.Hadiz.Holeucaneat,MINTEGRAL,7261.66237000001
1163786766,A9TAM,7249.083254001106
281940292,DOUBLECLICK,7245.963739999874
fr.vinted,INNERACTIVE_DIRECT,7222.326954000144
6504849169,INNERACTIVE_DIRECT,7219.66231500001
1580601028,UNITY,7217.908240002824
com.herofightinggames.duck.blast,INMOBI,7212.470035000029
com.king.candycrushsaga,IRONSOURCE,7173.741846999936
com.enflick.android.TextNow,DOUBLECLICK,7171.745476999987
1193508329,IRONSOURCE,7165.689340008299
1610874732,APPODEAL,7152.405614000003
com.easybrain.number.puzzle.game,INNERACTIVE_DIRECT,7148.970189998483
6444946155,INMOBI,7128.584369000004
1193508329,MINTEGRAL,7117.695696001942
1624606445,INMOBI,7111.958110000484
1452526406,VUNGLE,7107.959206000076
1369521645,UNITY,7093.372158011549
1207472156,A9TAM,7082.783544009126
1486214495,INNERACTIVE_DIRECT,7072.612027000747
993090598,APPLOVIN,7002.867259999613
1589762792,APPODEAL,6988.758275989299
com.amelosinteractive.snake,INNERACTIVE_DIRECT,6984.525309999991
1215933788,INNERACTIVE_DIRECT,6980.618636005326
com.easybrain.arrow.puzzle.game,INNERACTIVE_DIRECT,6978.784951999269
1383187127,APPODEAL,6977.061539996748
com.easybrain.crossword.puzzles,APPODEAL,6950.434546999906
water.sort.puzzle.game.color.sorting.free,INNERACTIVE_DIRECT,6941.444711000014
850417475,APPLOVIN,6933.384777999996
1644099880,APPODEAL,6930.9298729925595
com.arrow.out,INMOBI,6924.304694005289
com.studio27.MelonPlayground,VUNGLE,6915.5590569999895
1374403536,APPLOVIN,6905.478549999898
1509453185,DOUBLECLICK,6895.301700999786
6759763476,DOUBLECLICK,6892.527225999965
com.oakever.tiletrip,PANGLE,6877.015355999987
6747875092,APPLOVIN,6867.832065947152
6741408932,APPODEAL,6845.927713995669
1176027022,UNITY,6840.242888000001
wp.wattpad,APPODEAL,6835.019069998184
1443446174,APPLOVIN,6833.777672999965
1420294918,CHARTBOOST,6827.377835003404
6737022506,CHARTBOOST,6807.688768999935
850417475,UNITY,6782.041743999999
io.supercent.linkedcubic,APPODEAL,6764.099933999744
1324604053,INNERACTIVE_DIRECT,6749.82907100393
com.imo.android.imoim,BIGO,6732.272780000707
1317978215,APPODEAL,6684.088417992475
com.justplay.app,MINTEGRAL,6674.912889000004
kjv.bible.kingjamesbible,APPODEAL,6637.138151999999
6741703805,VERVE,6625.955470999915
in.playsimple.wordsearch,INNERACTIVE_DIRECT,6610.9937649997855
382233851,DOUBLECLICK,6601.441296008007
6444056676,INMOBI,6595.630714999989
1544750895,UNITY,6592.597985002887
com.naver.linewebtoon,VUNGLE,6591.783956000011
1482887935,APPODEAL,6579.298298997637
com.block.juggle,APPLOVIN,6576.8144929823775
6444312211,VERVE,6576.196769000015
1638139403,APPODEAL,6572.229425993633
1095569891,VERVE,6557.636469001389
6478063606,APPODEAL,6533.856273999328
6758326278,VERVE,6513.0932360002635
1580601028,INNERACTIVE_DIRECT,6509.513602003495
6498883328,A9TAM,6499.019729007442
6467129657,INMOBI,6485.380360000603
com.easybrain.sudoku.android,INNERACTIVE_DIRECT,6475.324902999458
1619030760,UNITY,6469.401698001089
com.camerasideas.instashot,INNERACTIVE_DIRECT,6461.018310000808
puzzle.yarn.fever.unravel.puzzle,INNERACTIVE_DIRECT,6442.959174999696
com.easybrain.arrow.puzzle.game,VERVE,6421.520514000227
1374403536,UNITY,6420.70468099961
1545567989,A9TAM,6410.906606000404
1623318294,UNITY,6410.784503999993
1443446174,IRONSOURCE,6409.44433599999
1509453185,VERVE,6395.032342000004
com.mobilityware.solitaire,APPODEAL,6394.023180000022
com.newleaf.app.android.victor,APPLOVIN,6392.308943000055
6755425214,INNERACTIVE_DIRECT,6354.713377007117
6746465127,INMOBI,6354.707210999972
306310789,IRONSOURCE,6342.910402007325
1617391485,TAURUSX,6318.546484999999
1638139403,INMOBI,6316.895457002153
6748950306,APPLOVIN,6315.270638937668
6499306806,INMOBI,6307.840227005479
com.pinger.textfree,INNERACTIVE_DIRECT,6307.109441999986
io.voodoo.holeio,INNERACTIVE_DIRECT,6305.732219999176
6467129396,VERVE,6300.710515000058
6499306806,APPODEAL,6297.552993987043
1324604053,APPODEAL,6286.848968999662
com.callapp.contacts,VUNGLE,6265.2513830001335
com.picsart.studio,INMOBI,6253.227229003825
com.blockchainvault,APPODEAL,6248.586664999985
1577533842,APPODEAL,6241.459845995592
one.cryptoguru.cryptotradingacademy,INMOBI,6239.00415099997
840919914,APPODEAL,6227.591858990757
6445905219,DOUBLECLICK,6223.287417000118
6502341730,INMOBI,6213.91865500003
1452227871,UNITY,6210.357257999908
444741112,INMOBI,6191.742519999956
com.herofightinggames.duck.blast,INNERACTIVE_DIRECT,6186.524650999987
1519174001,INMOBI,6173.405844000368
1484468651,INMOBI,6167.042424999993
io.supercent.pizzaidle,APPODEAL,6166.53036099896
1602508478,BIGO,6151.528410001376
1443446174,INMOBI,6145.469896000008
6642698438,INMOBI,6139.002392005304
1191435163,VERVE,6115.842209000271
6590876141,INMOBI,6111.663669003311
com.ludo.king,MINTEGRAL,6092.497301999822
6758326278,UNITY,6018.301797000317
com.Hadiz.Holeucaneat,BIGO,6016.229596999995
1324604053,VERVE,5995.266852000143
1196764367,APPLOVIN,5994.158946000424
6737022506,INMOBI,5987.39815200096
6499209500,APPODEAL,5984.968728999554
6463127238,APPODEAL,5983.383127995839
1442749804,UNITY,5963.903344001947
com.hwqgrhhjfd.idlefastfood,APPODEAL,5963.8453549999995
698255242,APPLOVIN,5959.5604979980235
398157427,IRONSOURCE,5955.834516000102
500962489,INNERACTIVE_DIRECT,5955.781812005506
1491074310,INMOBI,5955.242929003018
6754668686,BIGO,5953.414128999985
com.viber.voip,ZMATICOO,5951.195847000089
com.oakever.jigsawcard,INMOBI,5936.835539001441
395979574,APPLOVIN,5929.851594000042
6755425214,APPODEAL,5897.4940959899495
372648912,IRONSOURCE,5892.151069000001
6449190344,DOUBLECLICK,5891.760830999958
6642698438,APPODEAL,5875.251818993054
com.oakever.tiletrip,ZMATICOO,5862.630495999969
com.outfit7.mytalkingangela2,VUNGLE,5851.345822999862
com.hotmini.drama.hot,APPODEAL,5830.784807000008
6739069151,MINTEGRAL,5816.577673001105
6749132002,APPODEAL,5813.7958259943025
6745003362,APPODEAL,5812.6664479990395
1538433480,DOUBLECLICK,5806.499955000835
com.miniclip.eightballpool,PANGLE,5804.231678000004
1542776143,APPODEAL,5790.985878
easy.sudoku.puzzle.solver.free,APPODEAL,5770.769816994714
1465731199,APPODEAL,5770.391278997143
6754900673,INNERACTIVE_DIRECT,5767.335674002601
6448392144,APPODEAL,5755.499225995484
com.playit.videoplayer,DOUBLECLICK,5751.447752000246
com.loomgames.pixelflow,INMOBI,5737.343420999994
6743385713,IRONSOURCE,5720.768198014191
1538433480,IRONSOURCE,5715.283648993102
1544750895,APPLOVIN,5711.019943980738
1636235979,APPLOVIN,5684.188793999936
6744547461,INMOBI,5677.42954400341
sorting.games.goods.sort.triple.match3d.puzzle.stuff,INNERACTIVE_DIRECT,5668.89246099978
840919914,VUNGLE,5667.3624899999995
com.miui.player,VUNGLE,5660.768135999882
6590876141,INNERACTIVE_DIRECT,5649.2603400016005
6756913359,BIGO,5648.949357999266
com.wood.block.sudoku.puzzle.bm,MINTEGRAL,5641.353033999759
com.matteljv.uno,INMOBI,5615.512234999997
6504122823,UNITY,5611.544449000007
1579356887,INMOBI,5599.941274003801
io.supercent.linkedcubic,INNERACTIVE_DIRECT,5580.393418000274
6754558455,INMOBI,5549.348510999991
417571834,INNERACTIVE_DIRECT,5545.882529000474
6448104157,INNERACTIVE_DIRECT,5542.891243005358
com.oakever.tiletrip,APPLOVIN,5540.135971987131
6738771575,INMOBI,5538.284684003791
1619030760,MINTEGRAL,5535.234053000722
6478063606,INMOBI,5532.48728800243
com.naver.linewebtoon,INMOBI,5530.092162999987
6504332779,INNERACTIVE_DIRECT,5513.9574290021965
com.grandgames.magicsort,INMOBI,5498.194453
6445905219,UNITY,5485.300682999999
6633425539,APPODEAL,5478.627867996681
1318181304,INNERACTIVE_DIRECT,5474.069790000166
6749456493,VERVE,5467.396675006821
1025707485,DOUBLECLICK,5462.1971129999965
com.oakever.jigsawcard,APPODEAL,5436.560121994635
6689516283,UNITY,5420.477840004531
com.handmark.expressweather,DOUBLECLICK,5411.865446000273
429610587,APPLOVIN,5399.011943000903
com.dream11.fantasy.cricket.football.kabaddi,UNITY,5391.257851000077
6446669987,INMOBI,5391.142228001059
com.handmark.expressweather,VERVE,5376.313350999996
6590876141,APPODEAL,5376.040660995018
6463127238,VERVE,5374.088414001255
6502341730,VERVE,5366.351709000035
6504279468,INMOBI,5351.4801760033915
com.GybeGames.ColorBlockJam,INNERACTIVE_DIRECT,5351.405638999816
359917414,UNITY,5338.69162
com.gimica.ballbounce,VERVE,5327.81332100002
388627783,DOUBLECLICK,5325.017884002149
1324604053,BIGO,5319.9749699996355
6468921495,BIGO,5319.680121999695
io.supercent.pizzaidle,INNERACTIVE_DIRECT,5317.194144000199
1465731199,INMOBI,5316.678488000541
1617391485,ZMATICOO,5307.140695000016
553834731,INNERACTIVE_DIRECT,5300.268394000001
1212951043,APPODEAL,5297.2532339959735
1370293473,CHARTBOOST,5296.387215999927
6449243946,INNERACTIVE_DIRECT,5294.027425000875
6471572249,INMOBI,5289.46489600208
6754558455,APPLOVIN,5284.956455995585
1643509748,UNITY,5275.470459000004
512939461,APPLOVIN,5272.489865000017
1190849728,INMOBI,5264.84348599928
591560124,MINTEGRAL,5255.99914199909
1519174001,BIGO,5247.594328000098
1550945606,APPLOVIN,5246.849057999558
1390423469,UNITY,5227.867070000001
6702018773,BIGO,5211.253322999994
solitaire.patience.card.games.klondike.free,INMOBI,5199.901094002039
com.grindrapp.android,VERVE,5198.021595999988
366247306,INMOBI,5183.4070810014455
6755425214,INMOBI,5178.222280004598
1602508478,INNERACTIVE_DIRECT,5173.168233006274
com.screw3d.match.nuts.bolts.pin.jam.away.puzzle,APPODEAL,5167.078432997896
6547858927,APPODEAL,5157.071380003864
587366035,INNERACTIVE_DIRECT,5140.609905001548
com.goldendragon.luckyblessing,APPODEAL,5120.0628639999995
1452227871,APPODEAL,5103.781927001407
puzzle.yarn.fever.unravel.puzzle,APPODEAL,5095.596617999377
com.flow.mobile,MINTEGRAL,5092.793875000004
1407852246,UNITY,5090.491172000001
com.king.candycrushsodasaga,UNITY,5088.255495999999
com.oakever.tiletrip,UNITY,5085.976797001528
520502858,INNERACTIVE_DIRECT,5082.80686600048
1545567989,APPODEAL,5079.285394003195
6744975195,INMOBI,5077.040846999982
com.oakever.arrows,APPLOVIN,5076.487311980339
6502341730,APPODEAL,5068.59899399992
1503128132,APPODEAL,5055.239563997485
6747492600,INNERACTIVE_DIRECT,5052.486771000306
1197354394,MINTEGRAL,5040.741930000383
321916506,APPLOVIN,5032.154442000238
io.voodoo.holeio,INMOBI,5030.21096200154
543186831,INMOBI,5027.324536999996
com.wood.block.sudoku.puzzle.bm,BIGO,5025.790848999816
com.sofascore.results,NIMBUS,5021.500338000521
1452992954,INNERACTIVE_DIRECT,4995.848543002259
com.dream11.fantasy.cricket.football.kabaddi,APPLOVIN,4962.878202999972
1443446174,UNITY,4956.851490999995
com.playit.videoplayer,MINTEGRAL,4949.798745000058
6448392144,INMOBI,4947.306465002357
com.eyecon.global,DOUBLECLICK,4945.666538000325
com.pinger.textfree,INMOBI,4938.9193860000005
6751270213,INMOBI,4938.549070002371
6448104157,VERVE,4938.4087970013525
6755815731,APPODEAL,4929.774581996957
6738771575,APPODEAL,4929.517116992331
1366502697,UNITY,4924.859946000001
1420058690,APPODEAL,4918.542145995457
com.herofightinggames.duck.blast,BIGO,4915.843589999981
com.particlenews.newsbreak,VUNGLE,4915.294848999992
1635760774,INNERACTIVE_DIRECT,4911.138258001455
1104692136,APPODEAL,4908.621035999996
1176147574,INMOBI,4894.715850999331
com.bstar.intl,TAURUSX,4883.7701480004425
com.camerasideas.instashot,DOUBLECLICK,4875.536365003147
6749456493,A9TAM,4870.185579013671
592331499,INMOBI,4856.7777980003975
com.Hadiz.Yogaflex,MINTEGRAL,4817.0523069999945
1331794412,CHARTBOOST,4808.477300003185
1579356887,INNERACTIVE_DIRECT,4803.888010001757
651510680,INMOBI,4800.91609200027
com.ecffri.arrows,APPLOVIN,4796.68282399111
1623318294,INNERACTIVE_DIRECT,4783.548951999999
1502447854,A9TAM,4763.048448001508
6741703805,INMOBI,4762.407237000278
357218860,UNITY,4760.571728000088
com.litatom.app,DOUBLECLICK,4752.150997000644
1499081620,INNERACTIVE_DIRECT,4751.587357000163
com.easybrain.art.puzzle,INNERACTIVE_DIRECT,4741.982813999991
com.arrow.out,VERVE,4738.963735999809
6754243057,INNERACTIVE_DIRECT,4736.248166002807
6547858927,VERVE,4735.555718000167
com.Cash.Drama,APPODEAL,4733.87387100001
6482849843,MINTEGRAL,4732.881060000568
1389111413,UNITY,4727.760393000997
1643481036,INMOBI,4726.296440001654
com.offerup,A9TAM,4723.2526710000075
1212951043,CHARTBOOST,4714.2068670026765
1317978215,VERVE,4713.772844000538
com.aura.news.hashtag.news,DOUBLECLICK,4695.367928000063
6744547461,APPODEAL,4693.247143998059
1577533842,INMOBI,4692.175390001191
1618041797,APPODEAL,4691.270848996742
1658958534,INMOBI,4679.1019060016115
com.studio27.MelonPlayground,BIGO,4675.089832999997
1624606445,UNITY,4674.438688000793
444741112,DOUBLECLICK,4671.953125999956
1462911602,APPLOVIN,4670.477039000209
587366035,APPLOVIN,4669.647908982343
1130153523,BIGO,4651.349128999884
1207472156,VERVE,4633.989989000096
1557392270,INNERACTIVE_DIRECT,4623.813742002659
6504324020,MINTEGRAL,4610.069030001103
1442749804,INNERACTIVE_DIRECT,4579.958727001666
1667538256,INMOBI,4574.348868000088
1538433480,UNITY,4570.010037000428
com.miui.cleaner,PANGLE,4569.184924999995
6471572249,APPLOVIN,4562.682394988176
com.tmobile.m1,VUNGLE,4561.83964099999
com.puzzlegames.puzzlebrickslegend,APPODEAL,4550.2427679981665
357218860,INNERACTIVE_DIRECT,4545.885538999963
1269540854,APPODEAL,4539.918845998426
1197354394,INMOBI,4539.386038000331
com.vincentb.MobControl,MINTEGRAL,4535.422273000058
1206967173,INMOBI,4528.2242620000015
com.Hadiz.Yogaflex,INMOBI,4527.966148000003
6743385713,BIGO,4526.89788399979
1557392270,APPODEAL,4521.879222994766
com.lemon.lvoverseas,PANGLE,4510.196719999999
1580601028,APPODEAL,4506.768693998405
6467129396,INMOBI,4504.512061001364
6474685600,IRONSOURCE,4501.80785699555
com.bigwinepot.nwdn.international,INNERACTIVE_DIRECT,4501.21465399999
336435697,PANGLE,4500.243330000119
1420294918,APPODEAL,4482.3008879996705
6504122823,INMOBI,4479.89856400008
6479528256,INMOBI,4473.722667000004
com.lenovo.anyshare.gps,MINTEGRAL,4471.434321999928
6498883328,VERVE,4458.354522000443
1579356887,APPODEAL,4449.7674799970255
com.Gamnest.BarberSalon,INNERACTIVE_DIRECT,4444.1889890000075
com.miniclip.carrom,MINTEGRAL,4443.875428000028
1644099880,INMOBI,4436.263298001811
com.freereels.app,UNITY,4435.619510999988
6752376239,IRONSOURCE,4425.118515999997
6746331323,APPODEAL,4423.388719998174
com.sec.android.app.samsungapps,DOUBLECLICK,4412.003189999986
1470373330,UNITY,4401.130993999996
6755425214,UNITY,4389.9726480019035
com.aws.android,VUNGLE,4388.970947000009
6759763476,INNERACTIVE_DIRECT,4380.004061000334
com.mobilefootie.wc2010,INNERACTIVE_DIRECT,4376.410547001714
com.Gamnest.BarberSalon,INMOBI,4375.282501999993
6504279468,VERVE,4370.538266000178
1618041797,INMOBI,4369.6778130027305
com.callapp.contacts,A9TAM,4369.599834013349
6499306806,VERVE,4365.823988000401
1486214495,VERVE,4358.144472000016
1389111413,APPLOVIN,4340.1753510000435
1196764367,APPODEAL,4328.129624999949
com.callapp.contacts,VERVE,4325.587417000716
com.miniclip.carrom,INMOBI,4315.671218002985
6444837964,INNERACTIVE_DIRECT,4314.0833680003725
com.hitappsgames.wordsolitaire,VERVE,4304.667075000018
com.Hadiz.Yogaflex,BIGO,4300.887602000004
372648912,VERVE,4285.623670000097
6449243946,APPODEAL,4281.6375539991595
com.loomgames.pixelflow,MINTEGRAL,4277.168256000004
com.studio27.MelonPlayground,INMOBI,4273.360143000004
6754363534,UNITY,4252.239688999996
com.tripledot.solitaire,MINTEGRAL,4251.665887999997
6692629257,VERVE,4244.9484090009455
1382466301,APPODEAL,4230.943735999993
at.ner.SolitaireKlondike,INNERACTIVE_DIRECT,4221.451123000007
1331794412,APPODEAL,4208.250480998232
840919914,INMOBI,4202.163744000481
1235581326,APPODEAL,4201.734305999514
com.Gamnest.BarberSalon,BIGO,4199.3682129999925
6547858927,UNITY,4194.787092999934
6504421808,UNITY,4188.920320000001
6754243057,A9TAM,4186.453687005312
698255242,MINTEGRAL,4183.938640999989
1442749804,CHARTBOOST,4182.312326005754
1176147574,DOUBLECLICK,4171.212513999712
1454213029,UNITY,4166.669323999996
1589762792,INNERACTIVE_DIRECT,4165.664370000001
894546091,DOUBLECLICK,4152.506166000033
6449190344,KONTEXT,4144.483020999877
1466197423,UNITY,4132.32724600125
com.audiomack,DOUBLECLICK,4124.450959002404
6758326278,APPLOVIN,4120.119095997585
301987699,APPLOVIN,4109.061228000021
6758326278,IRONSOURCE,4098.59482200015
1579356887,UNITY,4098.291354001606
301987699,INNERACTIVE_DIRECT,4093.7586699998765
com.pixel.art.coloring.color.number,MINTEGRAL,4092.532048000004
com.storymatrix.drama,MINTEGRAL,4092.3040499999966
6746465127,APPODEAL,4076.159556000002
1420058690,INMOBI,4073.2168300013946
com.peoplefun.wordcross,A9TAM,4064.1966580003477
1324604053,UNITY,4058.9879869999663
com.fingersoft.hcr2,INNERACTIVE_DIRECT,4058.775933999998
1444990764,DOUBLECLICK,4057.549105000002
1197354394,CHARTBOOST,4047.786923000933
1369521645,INNERACTIVE_DIRECT,4046.3448250010374
892521917,INMOBI,4039.217386000031
1671991909,INMOBI,4038.7742570017926
com.GybeGames.ColorBlockJam,INMOBI,4029.829908001338
6754900673,IRONSOURCE,4021.8634060014515
com.lemon.lvoverseas,MINTEGRAL,4019.02953999998
850417475,IRONSOURCE,4018.2134379999898
com.oakever.arrows,UNITY,4015.1297270003743
6739069151,CHARTBOOST,4014.3518340035216
com.xm.csee,MINTEGRAL,4005.6011739999935
com.callapp.contacts,APPODEAL,4001.7150989999736
1369521645,A9TAM,3997.009588006708
com.newleaf.app.android.victor,DOUBLECLICK,3994.103499000002
in.playsimple.wordsearch,INMOBI,3980.2868680002816
com.tripledot.solitaire,CHARTBOOST,3979.020340000004
6446890186,VERVE,3976.5011680000143
6739069151,APPLOVIN,3973.3401879887488
1671705818,UNITY,3970.7083689999977
kidultlovin.word.zen,INMOBI,3968.7687940007195
1357464684,APPLOVIN,3966.6127139990726
com.inmobi.weather,VUNGLE,3948.3604649999897
6754384144,INNERACTIVE_DIRECT,3948.2138849999983
6755425214,IRONSOURCE,3943.347288002411
com.fingersoft.hcr2,MINTEGRAL,3941.9396700000034
6746465127,IRONSOURCE,3932.7496519999854
479280326,UNITY,3921.460542000467
1660171117,A9TAM,3915.018313002178
com.fugo.wow,INMOBI,3911.188986001158
com.puzzlegames.puzzlebrickslegend,INNERACTIVE_DIRECT,3910.169584000048
com.pocket.sort.coin.puzzle.game,MINTEGRAL,3910.157555999941
1442749804,IRONSOURCE,3910.0837140007757
6692629257,INMOBI,3909.90774900213
1500855883,PANGLE,3901.950364999993
587366035,IRONSOURCE,3901.4316720011093
356928178,NIMBUS,3895.7198790004772
359917414,APPLOVIN,3890.201524
6504332779,MINTEGRAL,3887.0169530005714
366247306,APPLOVIN,3882.2176579885877
6547858927,A9TAM,3865.7067970017606
1638253339,INMOBI,3851.758008000034
1011626777,BIGO,3849.078405000005
1462911602,MINTEGRAL,3846.689629999917
com.vitastudio.mahjong,DOUBLECLICK,3846.4948060003776
1011626777,APPLOVIN,3844.890057988402
com.sofascore.results,INMOBI,3832.7044619998455
6741703805,APPODEAL,3832.526593999702
video.downloader.videodownloader,BIGO,3830.529497000485
6670430706,UNITY,3828.619003999997
1545567989,IRONSOURCE,3820.14605400109
io.supercent.linkedcubic,INMOBI,3817.950988000779
com.hitappsgames.wordsolitaire,MINTEGRAL,3806.682750000132
com.outfit7.mytalkingtom2,TAURUSX,3795.294106000045
6444946155,INNERACTIVE_DIRECT,3794.6706039999995
1514542157,INMOBI,3793.1961850013345
1176027022,MINTEGRAL,3786.102410999997
com.bigwinepot.nwdn.international,UNITY,3785.922434
1452526406,INMOBI,3781.4880150004255
1176027022,IRONSOURCE,3772.8003790000025
com.yolo.hiddenobjects,INMOBI,3772.608530000577
io.voodoo.paper2,MINTEGRAL,3768.1639480000053
1383187127,UNITY,3765.5666610002245
6452119853,INMOBI,3760.5096560001903
water.sort.puzzle.game.color.sorting.free,INMOBI,3753.8489999997832
com.freereels.app,BIGO,3752.471912999974
6505095234,CHARTBOOST,3742.8550750000873
6444837964,UNITY,3734.2671140002913
6463127238,UNITY,3725.3622100000853
1589762792,IRONSOURCE,3720.5555780000013
games.vaveda.militaryoverturn,APPODEAL,3719.80257699972
1317978215,INMOBI,3719.567416004907
kidultlovin.word.zen,MINTEGRAL,3715.0167890001894
com.Hadiz.Holeucaneat,INMOBI,3707.4664429999943
1660171117,MINTEGRAL,3707.2160020003967
6504324020,IRONSOURCE,3706.7445210000906
6471572249,UNITY,3702.2825300010554
6743385713,DOUBLECLICK,3702.150837999958
com.gamma.scan,DOUBLECLICK,3693.2426860005476
grill.sort.food.games.match.puzzle,APPODEAL,3683.431707997065
6444946155,APPLOVIN,3675.3515779999993
com.blockchainvault,CHARTBOOST,3671.3363839999847
com.snaptube.premium,ZMATICOO,3665.4324620012394
1357464684,VERVE,3662.1268519999967
com.JindoBlu.OfflineGames,INMOBI,3659.607606000719
com.weaver.app.prod,BIGO,3657.733192000011
1584596271,INMOBI,3656.248496000065
6511238101,UNITY,3649.389840000767
6504849169,DOUBLECLICK,3647.67062400006
com.miniclip.eightballpool,INMOBI,3643.8499949999923
com.radio.pocketfm,INMOBI,3636.695724000031
301987699,MOBILITYWARE,3635.796771999975
1197961218,INMOBI,3625.9706940002866
com.aura.news.hashtag.news,MINTEGRAL,3623.294311999996
921765888,IRONSOURCE,3611.5437859999292
1212951043,INNERACTIVE_DIRECT,3608.8877050001624
com.screw3d.match.nuts.bolts.pin.jam.away.puzzle,INMOBI,3608.1592030006655
6741408932,INNERACTIVE_DIRECT,3604.027377000852
com.gimica.ballbounce,APPODEAL,3603.400440999786
com.hotmini.drama.hot,INNERACTIVE_DIRECT,3598.4790250000046
6453522960,INMOBI,3594.681480000439
com.scores365,INNERACTIVE_DIRECT,3590.35651099999
6468921495,CHARTBOOST,3587.026102005007
398157427,APPLOVIN,3574.1821929999533
6465991018,MINTEGRAL,3572.3538479999966
6758326278,INNERACTIVE_DIRECT,3571.296142999998
651510680,CHARTBOOST,3568.0281119999336
1589762792,BIGO,3559.0936379997866
6499306806,UNITY,3555.5594229999992
880047117,UNITY,3554.380191000001
6670430706,INMOBI,3547.223317999997
1452992954,UNITY,3545.0571609999756
1086101495,INMOBI,3543.3988440000207
com.bstar.intl,INMOBI,3537.0386340002856
6505095234,APPODEAL,3531.816855999627
6741703805,ZMATICOO,3526.415948999794
6504324020,APPLOVIN,3520.487245980586
591560124,APPLOVIN,3517.1341599780617
com.outfit7.mytalkingangela2,INMOBI,3514.485361000008
6741408932,UNITY,3510.5201470002885
1635760774,IRONSOURCE,3509.5472749990026
6751270213,UNITY,3504.5043639999667
6754900673,APPLOVIN,3499.272962994224
com.Hadiz.Holeucaneat,APPODEAL,3497.063143
1288430163,DOUBLECLICK,3492.862239000572
488575683,VERVE,3491.4171519999272
1369521645,IRONSOURCE,3487.1012710011296
1190849728,APPODEAL,3479.839890000014
6743091090,INNERACTIVE_DIRECT,3472.474937000008
6503060634,APPODEAL,3471.139758999751
429610587,INNERACTIVE_DIRECT,3468.966073999682
1274972321,BIGO,3468.5710240004396
1545567989,VERVE,3464.80159200002
com.outfit7.mytalkingangela2,INNERACTIVE_DIRECT,3454.565632999981
com.easybrain.arrow.puzzle.game,INMOBI,3441.6777129998636
6468921495,A9TAM,3441.0471020027117
com.miniclip.eightballpool,APPODEAL,3439.732219
wool.match.color.sort.jam.puzzle,MINTEGRAL,3437.6876309992513
com.outfit7.mytalkingtom2,APPODEAL,3434.4560290000063
6471572249,MINTEGRAL,3432.131328000201
1496354836,VERVE,3429.471277999991
one.cryptoguru.cryptotradingacademy,APPODEAL,3419.519415000001
642831690,INNERACTIVE_DIRECT,3411.192272000608
1366502697,APPODEAL,3404.820029000007
366247306,INNERACTIVE_DIRECT,3392.068780001252
6608975929,UNITY,3381.6774620004703
6465991018,INMOBI,3378.8063340000194
com.ibragunduz.applockpro,INNERACTIVE_DIRECT,3377.668354000026
6499306806,INNERACTIVE_DIRECT,3349.9455500009426
wool.match.color.sort.jam.puzzle,INMOBI,3346.4321530004395
com.gimica.ballbounce,INMOBI,3341.876220000094
water.sort.puzzle.game.color.sorting.free,MINTEGRAL,3341.786928000035
6754900673,UNITY,3341.707156000003
543186831,MINTEGRAL,3339.782257000002
one.cryptoguru.cryptotradingacademy,DOUBLECLICK,3337.5878460000094
1499081620,INMOBI,3336.309399000734
6449190344,IRONSOURCE,3334.9498969999977
418987775,INNERACTIVE_DIRECT,3329.870225999677
1466197423,INNERACTIVE_DIRECT,3317.976664000783
1545567989,MINTEGRAL,3316.677412001409
solitaire.patience.card.games.klondike.free,MINTEGRAL,3315.5994870002
6756913359,INNERACTIVE_DIRECT,3315.092309001497
306310789,INMOBI,3311.863340001061
6499293031,IRONSOURCE,3310.620749999972
6504279468,APPODEAL,3310.105247999987
6741703805,DOUBLECLICK,3310.056000000811
6742221896,APPLOVIN,3297.7276619866857
com.michatapp.im,PANGLE,3288.787938000003
6754900673,DOUBLECLICK,3283.519125999781
com.easybrain.crossword.puzzles,INMOBI,3282.54818299989
com.free.vpn.super.hotspot.open,DOUBLECLICK,3280.62101
6742812903,APPODEAL,3279.7573169986467
6754363534,APPODEAL,3274.2978630000007
321916506,INMOBI,3272.6320719999353
com.easybrain.block.puzzle.games,INNERACTIVE_DIRECT,3270.9501040000687
com.youmusic.magictiles,MINTEGRAL,3268.5630130000163
1671991909,APPODEAL,3267.4769479986107
com.blockchainvault,UNITY,3264.132038
6468921495,APPLOVIN,3259.274202988836
6480174499,INMOBI,3257.636344000519
com.ea.gp.fifamobile,APPLOVIN,3257.2909759999993
6479528256,APPODEAL,3249.484222
io.randomco.travel,APPLOVIN,3244.063484000005
1623318294,IRONSOURCE,3239.128702000002
1452992954,A9TAM,3236.0625209999084
6448392144,UNITY,3232.448951999897
6473000893,UNITY,3230.0435250000205
1542776143,UNITY,3224.769563
1569776448,INNERACTIVE_DIRECT,3220.8295680003557
kidultlovin.word.zen,BIGO,3218.2671560000194
1625097467,INMOBI,3210.753646000612
6449206831,DOUBLECLICK,3208.6509379999866
com.gamovation.tileclub,INNERACTIVE_DIRECT,3202.937805000524
372648912,NIMBUS,3201.396860999953
6504332779,UNITY,3190.7758240000026
com.puzzlegames.puzzlebrickslegend,VERVE,3185.6630820006676
651510680,INNERACTIVE_DIRECT,3180.6594670001778
912390687,DOUBLECLICK,3165.8556069999886
1274972321,INMOBI,3151.50763499997
520502858,APPLOVIN,3150.135772999978
880178264,UNITY,3148.041079999934
1331794412,INMOBI,3144.6429690003533
com.pocket.sort.coin.puzzle.game,BIGO,3144.059732991224
1104692136,INNERACTIVE_DIRECT,3141.7380740000003
6480174499,UNITY,3136.9994900000706
1420058690,INNERACTIVE_DIRECT,3134.0450719999194
com.tripledot.woodoku,INMOBI,3125.9057639999855
840919914,IRONSOURCE,3112.615619999998
6740326134,INMOBI,3105.402952999989
6498883328,MINTEGRAL,3102.248964000436
com.worldance.drama,INMOBI,3098.7569709999984
com.fugo.wow,BIGO,3097.945257000019
6755815731,ZMATICOO,3084.749887000106
6749456493,UNITY,3081.207624000224
479280326,INNERACTIVE_DIRECT,3070.5382050004587
6511238101,INNERACTIVE_DIRECT,3058.2080330001086
1519174001,INNERACTIVE_DIRECT,3058.1802990008473
1212951043,UNITY,3058.140562999989
com.pieyel.scrabble,INMOBI,3055.579460000092
com.ezt.pdfreader.pdfviewer,MINTEGRAL,3055.398659999946
6503060634,UNITY,3054.4482129999415
net.zedge.android,APPLOVIN,3054.420980993455
1407852246,CHARTBOOST,3052.295681999999
1638139403,INNERACTIVE_DIRECT,3052.283902000151
6444312211,A9TAM,3051.380666000055
com.hotmini.drama.hot,TAURUSX,3051.2164730000004
6756913359,IRONSOURCE,3047.345585000266
1503128132,INMOBI,3045.8096200006257
com.miniclip.eightballpool,INNERACTIVE_DIRECT,3042.5057330000004
1389111413,INNERACTIVE_DIRECT,3033.1304590003883
com.netshort.abroad,DOUBLECLICK,3031.445081000471
com.netshort.abroad,MINTEGRAL,3021.2453219999834
1190849728,INNERACTIVE_DIRECT,3010.1196300011534
1538912205,APPODEAL,3007.158156999954
com.bstar.intl,ZMATICOO,3005.212470999937
1212951043,VUNGLE,3003.6172429999956
1383187127,INMOBI,2996.1749770004208
jigsaw.puzzle.game.banana,BIGO,2991.599385999997
6547858927,MINTEGRAL,2988.316826001054
1452526406,INNERACTIVE_DIRECT,2985.9377660000305
6741703805,INNERACTIVE_DIRECT,2982.8818670000946
6504421808,INMOBI,2979.523384
6445905219,IRONSOURCE,2972.709461
com.gamincat.jigsolitaire,INNERACTIVE_DIRECT,2971.236853999949
6498883328,APPLOVIN,2969.7494489663904
1212951043,INMOBI,2969.4426620002205
894546091,INNERACTIVE_DIRECT,2961.1124219999933
6751225067,INMOBI,2958.163579999998
6474685600,APPLOVIN,2957.07651199785
1214223596,INNERACTIVE_DIRECT,2942.449126000139
1344700142,UNITY,2942.2428299999965
1482887935,INMOBI,2940.221160000121
1584596271,INNERACTIVE_DIRECT,2938.4243359999555
6759763476,IRONSOURCE,2936.199072000118
1496354836,A9TAM,2929.471509003416
com.studio27.MelonPlayground,MINTEGRAL,2924.388571999997
6504324020,UNITY,2922.8299650000026
1578681725,INMOBI,2918.3270160001853
6744317674,CHARTBOOST,2916.2950640024155
6692629257,UNITY,2915.1662820002057
1635760774,INMOBI,2908.95870200063
6670430706,DOUBLECLICK,2902.182204999994
894546091,UNITY,2890.7779410000703
1564391515,INMOBI,2885.8352860002437
1269540854,INMOBI,2883.162921000187
1491074310,MINTEGRAL,2882.0884050003338
6450917563,APPODEAL,2879.485477999982
1664415775,APPODEAL,2879.2220110000044
com.pocket.sort.coin.puzzle.game,APPODEAL,2869.9756759999614
6754900673,MINTEGRAL,2866.6843190004165
com.football.soccer.league,MINTEGRAL,2861.699988999978
6480174499,APPODEAL,2860.157944999936
416048305,DOUBLECLICK,2841.8472609999835
6754243057,MINTEGRAL,2836.426498000505
1602508478,UNITY,2835.007126000655
388627783,ZMATICOO,2833.9217480003763
1080465358,VERVE,2830.0652880000857
6743091090,INMOBI,2826.7643260000377
1486214495,APPODEAL,2826.033673000005
6480174499,INNERACTIVE_DIRECT,2823.9693660001462
608206510,UNITY,2817.214241000001
com.fc.goods.sort.matching.puzzle.triplemaster,INMOBI,2807.649961000383
1465731199,APPLOVIN,2806.116843996857
com.arrow.out,MINTEGRAL,2801.391616000225
6499209744,UNITY,2796.660590000002
6739069151,BIGO,2794.582172000183
6756913359,VERVE,2794.474662000126
com.kiloo.subwaysurf,APPODEAL,2786.8796380000067
com.mobilefootie.wc2010,NIMBUS,2786.6926089998096
1492722342,APPODEAL,2783.1408709999996
com.rovio.baba,MINTEGRAL,2780.043179999999
games.vaveda.militaryoverturn,MINTEGRAL,2779.599298999976
890378044,IRONSOURCE,2778.167158
1452992954,APPODEAL,2774.297905000117
1423046460,INNERACTIVE_DIRECT,2772.8978690016447
6505095234,INMOBI,2771.1505520002434
com.easybrain.art.puzzle,INMOBI,2767.370220999862
6450917563,INNERACTIVE_DIRECT,2753.232806000119
6756913359,APPODEAL,2750.870632000063
6465991018,APPODEAL,2741.8961080000004
6737022506,APPODEAL,2739.6257469999587
com.newleaf.app.android.victor,UNITY,2739.420933000003
6523424272,INMOBI,2737.958980000222
com.JindoBlu.OfflineGames,INNERACTIVE_DIRECT,2736.331170000092
io.voodoo.holeio,APPODEAL,2728.2850070000763
1496354836,DOUBLECLICK,2720.6267259999167
6451208928,MINTEGRAL,2719.1098060001987
500962489,VERVE,2715.4111510000057
6502597181,UNITY,2706.188154000019
com.nebula.mahjongtile,APPLOVIN,2701.827285997744
358899126,NIMBUS,2701.236837999915
520502858,APPODEAL,2700.6185419999997
com.vitastudio.mahjong,CHARTBOOST,2696.4335969999934
com.enzo.paulo,DOUBLECLICK,2690.281531000001
6738771575,CHARTBOOST,2684.5305490026726
6471572249,A9TAM,2683.132583001532
1584596271,ZMATICOO,2682.427434999978
6514312894,INNERACTIVE_DIRECT,2681.6663120000044
416048305,APPLOVIN,2676.899934975953
com.inmobi.weather,DOUBLECLICK,2674.397676000081
1466197423,IRONSOURCE,2668.795455000886
6448104157,A9TAM,2666.0647970034743
com.Beauchamp.Messenger.external,MINTEGRAL,2661.509599000021
com.domobile.applockwatcher,VERVE,2660.6277000001537
com.herofightinggames.duck.blast,APPODEAL,2657.073529999999
6642698438,CHARTBOOST,2653.3893880008623
com.miniclip.eightballpool,MINTEGRAL,2652.8902590000034
com.gimica.treasuremaster,INMOBI,2639.8994980000125
free.tube.premium.advanced.tuber,MINTEGRAL,2639.4618350002197
com.ibragunduz.applockpro,MINTEGRAL,2635.6966080000097
1579356887,IRONSOURCE,2629.1059629988536
com.resultadosfutbol.mobile,INNERACTIVE_DIRECT,2628.808753000025
890378044,UNITY,2627.847955
1491074310,INNERACTIVE_DIRECT,2622.8230690004134
com.youmusic.magictiles,INMOBI,2616.511880000018
1624606445,MINTEGRAL,2606.4427790000823
6749132002,UNITY,2604.3639520000816
6445905219,APPLOVIN,2601.1853019999976
1562817072,INMOBI,2598.036877999997
1197354394,UNITY,2592.4617179999414
1577533842,CHARTBOOST,2592.071782000525
com.truecaller,CRITEO,2588.2847660003254
com.newreading.goodreels,INMOBI,2586.5197379999995
free.vpn.unblock.proxy.vpnmaster,ZMATICOO,2581.2859320000175
6446890132,VERVE,2570.495133000013
1420294918,INNERACTIVE_DIRECT,2567.4656680000803
6740510106,APPODEAL,2564.290485000014
com.hwqgrhhjfd.idlefastfood,INNERACTIVE_DIRECT,2560.174044000001
com.easybrain.art.puzzle,VERVE,2559.583946999996
1357464684,INNERACTIVE_DIRECT,2552.876446999998
1324604053,A9TAM,2552.1620350000335
514485964,APPLOVIN,2550.2676880000013
6502341730,INNERACTIVE_DIRECT,2545.764467000021
io.voodoo.holeio,MINTEGRAL,2544.3180060000027
6755425214,A9TAM,2543.63790500085
1193508329,APPLOVIN,2541.6199190003385
840919914,DOUBLECLICK,2540.2919299999626
com.goldendragon.luckyblessing,MINTEGRAL,2539.5217969999994
com.easybrain.crossword.puzzles,VERVE,2538.8581319999416
com.tripledot.woodoku,MINTEGRAL,2536.1541340000003
517539894,DOUBLECLICK,2534.271862999988
ai.character.app,DOUBLECLICK,2533.152701000218
1095569891,APPODEAL,2525.9035369999942
com.dubox.drive,MINTEGRAL,2520.7188820000165
1196764367,MINTEGRAL,2518.2803580000063
com.tripledot.solitaire,INMOBI,2515.963269000002
1452227871,A9TAM,2511.2961489999925
videoplayer.videodownloader.downloader,APPLOVIN,2510.4548749999317
com.GybeGames.ColorBlockJam,MINTEGRAL,2509.178252000152
1635289326,INMOBI,2506.4040450004068
1274972321,INNERACTIVE_DIRECT,2505.204724001089
academy.gocrypto.trading,INMOBI,2497.333684999999
1423046460,MINTEGRAL,2496.6587860001937
6740326134,UNITY,2495.3064460000005
academy.gocrypto.trading,DOUBLECLICK,2481.8922170000137
6751222488,INNERACTIVE_DIRECT,2478.8711960002465
com.outfit7.mytalkingangela2,APPODEAL,2477.7886580000004
1484468651,IRONSOURCE,2475.480603999998
6746465127,UNITY,2470.487624000001
1503251395,BIGO,2468.2262529999944
6749456493,MINTEGRAL,2466.242499000781
com.Gamnest.BarberSalon,MINTEGRAL,2466.1101999999996
428312806,UNITY,2464.764344000002
video.downloader.videodownloader,PANGLE,2463.9085490000048
357218860,APPLOVIN,2462.9192759979655
com.pixel.art.coloring.color.number,A9TAM,2462.2210240006943
847492141,APPLOVIN,2459.813183999995
com.sled.surfers.game,INMOBI,2459.487878000001
1584596271,DOUBLECLICK,2453.6113450000225
6449243946,DOUBLECLICK,2451.5587029999188
com.gamovation.tileclub,PANGLE,2449.3752239999985
416048305,ZMATICOO,2448.663236000976
1420294918,INMOBI,2447.0561890000527
6502597181,IRONSOURCE,2446.899811999772
com.peoplefun.wordcross,APPODEAL,2445.9283230000074
1635760774,APPODEAL,2443.8719219999844
880178264,MINTEGRAL,2443.6002420001437
jigsaw.puzzle.game.banana,MINTEGRAL,2442.97108500016
6446891679,INMOBI,2437.4756690000245
com.fc.goods.sort.matching.puzzle.triplemaster,BIGO,2434.1451580000626
defense.roguelike.cell.shoot.survivor,INNERACTIVE_DIRECT,2433.540050000002
1589762792,ZMATICOO,2432.694811000032
6752973567,UNITY,2431.233963
6480174499,IRONSOURCE,2426.994504000068
429610587,APPODEAL,2424.5905170000374
com.UCMobile.intl,MINTEGRAL,2424.2705469999983
6453522960,APPODEAL,2423.7148430000148
1324604053,MINTEGRAL,2419.946598000918
6451208928,APPLOVIN,2417.2758529973553
894546091,APPODEAL,2415.7787469999994
6467129657,VERVE,2415.419922000005
com.ibragunduz.applockpro,APPODEAL,2404.220037000007
1369521645,BIGO,2403.1682950003224
1660171117,INNERACTIVE_DIRECT,2401.94147200007
com.ludo.king,DOUBLECLICK,2401.2591730001564
1470373330,INNERACTIVE_DIRECT,2399.022204
6471572249,DOUBLECLICK,2391.188917999986
com.pieyel.scrabble,APPODEAL,2385.7794299999728
6448392144,INNERACTIVE_DIRECT,2383.991793000781
com.gamebrain.hexasort,VERVE,2382.5945189999766
com.block.juggle,IRONSOURCE,2382.248589000003
890378044,INNERACTIVE_DIRECT,2382.1815189999984
6499306806,APPLOVIN,2381.0619339901323
6453522960,VERVE,2381.0254299999697
6590876141,MINTEGRAL,2377.243490000246
com.zynga.words3,INMOBI,2370.5864239999933
1229618961,CHARTBOOST,2370.308006000386
6471572249,BIGO,2368.65871400008
com.naver.linewebtoon,CHARTBOOST,2368.6297820001078
993090598,VUNGLE,2365.8813269999837
com.bstar.intl,MINTEGRAL,2365.7752450000426
366247306,VERVE,2365.7398260001146
jp.naver.linemanga.android,VUNGLE,2363.690872999998
com.ezt.pdfreader.pdfviewer,PANGLE,2362.9200980000037
games.vaveda.militaryoverturn,INMOBI,2360.7314690001685
1572661625,INMOBI,2360.3264400002927
6444837964,BIGO,2357.3342000000703
1514542157,CHARTBOOST,2349.838066000888
997362197,APPLOVIN,2344.8850729927008
1269540854,MINTEGRAL,2344.4522670001675
6670430706,INNERACTIVE_DIRECT,2342.702950000006
6739069151,UNITY,2339.425543999992
com.dubox.drive,BIGO,2336.2955749999983
com.callapp.contacts,BIGO,2332.067238000697
com.outfit7.mytalkingangela2,TAURUSX,2328.3456949999927
com.inmobi.weather,VERVE,2326.0370270000008
6744317674,APPODEAL,2322.8405580001854
1420058690,VERVE,2319.6270470000304
6742812903,CHARTBOOST,2315.4274370002095
445338486,INNERACTIVE_DIRECT,2312.8630920000064
6751222488,APPODEAL,2312.805581000135
1572661625,APPODEAL,2311.9715580002016
1235581326,INMOBI,2309.7925540001397
393048976,NIMBUS,2306.5659410000017
6499209744,APPLOVIN,2303.5813530000005
com.sled.surfers.game,MINTEGRAL,2303.3824239999976
6504332779,DOUBLECLICK,2295.362816999968
com.particlenews.newsbreak,INMOBI,2294.8481090000014
6608975929,INMOBI,2293.1197130002997
6446890186,APPODEAL,2292.5962170000253
1317978215,IRONSOURCE,2291.0967750007485
1442749804,DOUBLECLICK,2288.798189000563
6504421808,INNERACTIVE_DIRECT,2287.6734490000003
com.flow.mobile,PANGLE,2286.455929999999
6743441683,INNERACTIVE_DIRECT,2283.7733730000596
com.youmusic.magictiles,APPLOVIN,2281.282931999996
com.dramawave.app,INMOBI,2280.494586999996
com.awesome.puzzlehexasort,BIGO,2279.3231219957083
1482887935,UNITY,2277.414993999991
1519174001,MINTEGRAL,2274.173464000493
com.gimica.treasuremaster,MINTEGRAL,2272.333124000004
com.youmusic.magictiles,BIGO,2265.039722999699
1496354836,MINTEGRAL,2265.026224000002
6752376239,MINTEGRAL,2262.291366000001
1671991909,UNITY,2253.684341000003
com.bstar.intl,BIGO,2251.457738000034
6478063606,UNITY,2249.659977000009
6505095234,UNITY,2246.731971000005
com.lenovo.anyshare.gps,INNERACTIVE_DIRECT,2244.645150999999
6463127238,INNERACTIVE_DIRECT,2243.7544050003407
1503128132,UNITY,2228.9755010000827
com.Gamnest.BarberSalon,APPODEAL,2228.5485640000006
840919914,UNITY,2224.4021840000164
com.pocket.sort.coin.puzzle.game,APPLOVIN,2223.492268973852
724594093,APPLOVIN,2223.3523919999993
1564391515,VERVE,2223.276077000014
1390423469,APPLOVIN,2220.0913499999983
io.supercent.pizzaidle,INMOBI,2219.887696000081
com.wood.block.sudoku.puzzle.bm,APPLOVIN,2218.878502996061
com.football.soccer.league,DOUBLECLICK,2217.9549150000594
1643509748,INNERACTIVE_DIRECT,2217.6604899999998
6448392144,DOUBLECLICK,2217.2565079999927
com.king.candycrushsodasaga,APPLOVIN,2215.2970929999974
1503128132,MINTEGRAL,2214.233243000131
1025707485,UNITY,2211.7033500000002
com.storymatrix.drama,INNERACTIVE_DIRECT,2208.754703000001
894546091,IRONSOURCE,2204.2659179999987
6743091090,DOUBLECLICK,2204.1880620000043
io.supercent.pizzaidle,MINTEGRAL,2203.3754270001064
1466197423,CHARTBOOST,2201.7153559999865
1463509237,MINTEGRAL,2197.8484580000013
1623318294,MINTEGRAL,2183.5301769999996
com.arrow.out,INNERACTIVE_DIRECT,2180.426274000088
727296976,UNITY,2180.2260450000003
jigsaw.puzzle.game.banana,APPLOVIN,2174.756082990118
6754558455,UNITY,2173.4037829999997
6747875092,IRONSOURCE,2172.553846000001
6738771575,A9TAM,2165.464473999993
com.outfit7.mytalkingangela2,MINTEGRAL,2165.0171129999935
com.easybrain.number.puzzle.game,INMOBI,2164.2016959998623
com.dubox.drive,PANGLE,2162.887869
6468921495,DOUBLECLICK,2160.3745400000053
com.billiardsgame.ballking,INNERACTIVE_DIRECT,2159.7105149999998
1638253339,APPLOVIN,2156.064834986106
com.outfit7.mytalkingtom2,MINTEGRAL,2153.9044379999905
1452227871,IRONSOURCE,2151.9190490000724
1197961218,INNERACTIVE_DIRECT,2151.8575220001353
6744547461,CHARTBOOST,2150.1562680003053
grill.sort.food.games.match.puzzle,INMOBI,2143.3364520004425
1331794412,INNERACTIVE_DIRECT,2142.4416200009828
1214223596,APPODEAL,2141.7963569999984
1452227871,MINTEGRAL,2140.6976260004553
6445905219,INNERACTIVE_DIRECT,2140.1421539999997
com.mobilityware.solitaire,MOBILITYWARE,2139.717166999988
6751222488,UNITY,2137.3508729999376
1442749804,MINTEGRAL,2136.730421000225
6450917563,DOUBLECLICK,2135.713286999948
com.gimica.ballbounce,INNERACTIVE_DIRECT,2132.630393
1589762792,APPLOVIN,2132.134617993135
1025707485,INMOBI,2131.8802489999985
com.eyecon.global,A9TAM,2128.1113859999996
1191435163,DOUBLECLICK,2123.339140999999
500962489,APPLOVIN,2121.9673849912347
6474133872,UNITY,2117.0343809998985
6444946155,MINTEGRAL,2114.8358440000015
1374403536,DOUBLECLICK,2109.23298199999
com.outfit7.mytalkingtom2,BIGO,2107.2211100000086
com.zynga.words3,INNERACTIVE_DIRECT,2103.191597000011
1342112505,VERVE,2101.7256490000173
com.superplaystudios.dicedreams,APPLOVIN,2100.640419000002
com.oakever.arrows,PANGLE,2100.4145350000003
6444312211,APPODEAL,2100.346844000009
301987699,IRONSOURCE,2099.91305999999
372648912,INNERACTIVE_DIRECT,2093.53868800003
com.UCMobile.intl,UNITY,2089.6792129999776
com.easybrain.crossword.puzzles,A9TAM,2089.410200000947
6738771575,INNERACTIVE_DIRECT,2089.0884370001636
500962489,INMOBI,2087.7830940001236
com.ibragunduz.applockpro,BIGO,2086.3587780000553
6444407009,INNERACTIVE_DIRECT,2086.034281999995
1519174001,A9TAM,2082.072562999984
1491074310,APPLOVIN,2081.318613999092
1452992954,VERVE,2081.281149000026
1229618961,DOUBLECLICK,2078.7825219997576
com.lenovo.anyshare.gps,IRONSOURCE,2074.883015000002
com.mobilefootie.wc2010,INMOBI,2074.4137789998817
6511238101,CHARTBOOST,2071.3622120007267
com.radio.pocketfm,MINTEGRAL,2071.0362789999167
6448176203,INMOBI,2069.085878
jp.gocro.smartnews.android,NIMBUS,2068.9243839999976
6502341730,A9TAM,2064.0152360000498
1557392270,A9TAM,2062.562393000903
6689516283,IRONSOURCE,2061.963695999733
com.gamincat.jigsolitaire,INMOBI,2055.2132749997045
6499306806,DOUBLECLICK,2053.5411120000267
com.newreading.goodreels,INNERACTIVE_DIRECT,2053.461476999997
1466297045,CHARTBOOST,2052.1573159999907
1146465836,INNERACTIVE_DIRECT,2051.765874000003
1660171117,ZMATICOO,2050.9607299999616
6474685600,UNITY,2048.095857000005
388627783,VERVE,2046.2139609999865
6499306806,MINTEGRAL,2045.6549920005082
com.ig.screwdom,MINTEGRAL,2045.3313700001481
com.awesome.puzzlehexasort,MINTEGRAL,2041.4446630000064
1086101495,INNERACTIVE_DIRECT,2041.2802669999992
io.randomco.travel,UNITY,2040.8420819999976
1073936461,IRONSOURCE,2039.8267040000017
com.zynga.words3,APPLOVIN,2039.6100170000327
com.intsig.camscanner,ZMATICOO,2039.4135030000057
1519174001,UNITY,2037.307343999976
6751056652,APPLOVIN,2037.0470490000007
1369521645,VERVE,2036.9640790002156
1610874732,UNITY,2032.1097259999992
892521917,UNITY,2029.9680689999986
com.miniclip.carrom,DOUBLECLICK,2029.7765040000204
1463509237,UNITY,2028.5719319999994
395979574,DOUBLECLICK,2027.7179229999315
1452992954,DOUBLECLICK,2027.6849949999828
com.easybrain.sudoku.android,APPODEAL,2027.5189970001027
com.weaver.app.prod,INMOBI,2020.9045960000037
1324604053,DOUBLECLICK,2020.425209999988
com.mobilityware.Spades,APPLOVIN,2020.003148
6471265311,INMOBI,2019.1164210000152
6743441683,MINTEGRAL,2017.911503000099
1462911602,DOUBLECLICK,2017.0633090000013
1544750895,DOUBLECLICK,2016.7596660000015
com.grindrapp.android,UNITY,2014.6865620001322
academy.gocrypto.trading,BIGO,2014.138649000001
1229618961,UNITY,2013.074084999992
com.soccer.score.star,DOUBLECLICK,2012.850861999983
6452119853,UNITY,2009.3007849999929
358899126,INNERACTIVE_DIRECT,2007.6885420000306
357218860,IRONSOURCE,2004.9903539999505
1176027022,APPLOVIN,2003.5021229999993
6505095234,IRONSOURCE,1999.7780549998906
6590876141,A9TAM,1999.2149659999675
306310789,VERVE,1998.4270630002518
1191435163,BIGO,1998.133219000007
6756913359,A9TAM,1997.7851199993927
1600871388,MINTEGRAL,1996.0335150000017
6749132002,INNERACTIVE_DIRECT,1994.18306500039
6444407009,UNITY,1992.4736379999995
1538912205,UNITY,1992.2197729999855
com.king.candycrushsodasaga,A9TAM,1992.1170530000131
6523424272,INNERACTIVE_DIRECT,1989.8789990001453
6743441683,IRONSOURCE,1989.8733979998333
6448392144,VERVE,1986.427802000068
1577533842,VERVE,1982.6260850000347
523001403,INMOBI,1978.7333350000015
sorting.games.goods.sort.triple.match3d.puzzle.stuff,MINTEGRAL,1976.6032070001281
356928178,INMOBI,1975.1503520000372
com.badoo.mobile,MINTEGRAL,1975.1300200000019
1104692136,IRONSOURCE,1974.7334099999991
videoplayer.videodownloader.downloader,DOUBLECLICK,1973.9527160004668
6633425539,INMOBI,1970.8349310000217
com.mobilityware.Spades,MOBILITYWARE,1970.4923809999987
393048976,INMOBI,1969.9074479999929
6448176203,UNITY,1968.6317029999993
395979574,UNITY,1966.8994930000001
com.ezt.pdfreader.pdfviewer,DOUBLECLICK,1966.371687000257
6751222488,INMOBI,1965.2617950002218
605569663,UNITY,1964.499970999975
6758184735,MINTEGRAL,1963.952208000004
321916506,IRONSOURCE,1962.292623000043
1163786766,VERVE,1962.006142000001
6499293031,UNITY,1957.9671250000004
1206967173,UNITY,1955.570146999998
6446890186,INMOBI,1954.9719500000006
com.justplay.app,APPODEAL,1954.8147039999994
in.playsimple.wordsearch,BIGO,1952.1349240000543
6444946155,BIGO,1948.385409
6547835725,APPODEAL,1945.5400690000356
com.yolo.hiddenobjects,MINTEGRAL,1944.9378200000856
6444407009,INMOBI,1940.2950889999995
com.gamovation.tileclub,ZMATICOO,1940.1576700000144
1104692136,APPLOVIN,1930.1744430000044
1095569891,INNERACTIVE_DIRECT,1929.5665040000806
6504279468,INNERACTIVE_DIRECT,1929.4834490005264
608206510,A9TAM,1927.4436929999927
1572726361,MOBILITYWARE,1927.2497749999982
com.Cash.Drama,VERVE,1926.8613719999998
com.flow.mobile,UNITY,1925.312463
com.gamovation.tileclub,DOUBLECLICK,1923.918032999899
1025707485,IRONSOURCE,1922.0663970000046
1600871388,IRONSOURCE,1917.3753179999987
com.enzo.paulo,APPLOVIN,1916.3814420000022
6751270213,VERVE,1916.201860000024
6499293031,INMOBI,1914.9389609999996
6479238647,MINTEGRAL,1914.840849000125
1557392270,MINTEGRAL,1910.7323930002822
com.JindoBlu.OfflineGames,PANGLE,1907.8798150000007
1452526406,UNITY,1903.997516999995
wool.match.color.sort.jam.puzzle,PANGLE,1899.9143320000007
834185106,INMOBI,1898.4824359999998
1635289326,APPODEAL,1895.5012870000526
543186831,DOUBLECLICK,1894.5739890000007
com.gamebrain.hexasort,APPODEAL,1887.7001280000081
6444312211,INMOBI,1883.6823920000004
com.netshort.abroad,UNITY,1881.2325660000238
6754243057,IRONSOURCE,1880.204990999637
1214223596,CHARTBOOST,1879.0516720001442
6755815731,INNERACTIVE_DIRECT,1878.5609110003102
6737022506,UNITY,1877.0190059999247
com.peoplefun.wordcross,BIGO,1876.1492800000378
366247306,DOUBLECLICK,1876.0352299999279
1487882541,CHARTBOOST,1874.6561829999941
6743385713,MINTEGRAL,1873.3813530004359
com.instabridge.android,DOUBLECLICK,1872.9094529999916
1584596271,UNITY,1872.3982720000008
6473000893,INNERACTIVE_DIRECT,1871.3087470000887
com.billiardsgame.ballking,VERVE,1870.0511659999997
1095569891,UNITY,1868.7513929999698
in.playsimple.wordsearch,VERVE,1867.4873240000104
1420058690,IRONSOURCE,1865.176236999961
880178264,IRONSOURCE,1862.9711289999905
com.easybrain.sudoku.android,BIGO,1861.8516710001354
com.inmobi.weather,NIMBUS,1856.4471660000052
com.easybrain.sudoku.android,INMOBI,1855.4877509999728
1366502697,IRONSOURCE,1852.346838999997
6754363534,APPLOVIN,1850.8822429993832
games.vaveda.militaryoverturn,BIGO,1849.688140996084
6741408932,IRONSOURCE,1843.7908809998407
6547835725,APPLOVIN,1843.7779100000034
6467129657,UNITY,1842.3424200000222
1519174001,VERVE,1839.9574110000224
com.bstar.intl,VERVE,1839.4639760000164
468996152,INMOBI,1837.3043899999955
6744975195,UNITY,1837.1333640000003
1624606445,IRONSOURCE,1834.1799979998575
com.xm.csee,BIGO,1832.0285280000512
com.miniclip.carrom,INNERACTIVE_DIRECT,1829.473046000135
6744547461,INNERACTIVE_DIRECT,1829.2005610007016
com.screw3d.match.nuts.bolts.pin.jam.away.puzzle,MINTEGRAL,1829.1513030001443
6738771575,UNITY,1828.5330089999984
wool.match.color.sort.jam.puzzle,BIGO,1828.1742399968361
1420058690,CHARTBOOST,1827.9893990002415
com.scores365,DOUBLECLICK,1823.8812709999997
469463298,APPLOVIN,1822.8507619997279
1269540854,VERVE,1822.6839430000175
com.superplaystudios.dicedreams,MINTEGRAL,1816.2285490000004
6502341730,DOUBLECLICK,1814.1465449999985
1197961218,APPODEAL,1810.5652120000063
in.playsimple.wordsearch,MINTEGRAL,1804.8136720001348
526641427,APPLOVIN,1804.7087159992357
417571834,APPODEAL,1803.6550960000257
1643481036,APPODEAL,1801.0816850002552
6742812903,ZMATICOO,1800.003596000034
6474133872,INNERACTIVE_DIRECT,1795.7902780003674
6748397500,DOUBLECLICK,1794.1715470000015
6590876141,UNITY,1793.8235969999896
1274972321,APPODEAL,1792.7263140002913
1212951043,A9TAM,1792.5922380002924
com.offerup,NIMBUS,1791.715286999999
6499293031,INNERACTIVE_DIRECT,1790.3856729999973
1502447854,MINTEGRAL,1789.2330420000862
com.puzzlegames.puzzlebrickslegend,CHARTBOOST,1788.6766550001719
6448104157,MINTEGRAL,1787.8921270003423
6692629257,INNERACTIVE_DIRECT,1787.8639030004565
512939461,INNERACTIVE_DIRECT,1787.0049760001002
1667538616,INNERACTIVE_DIRECT,1785.4072839999908
6590876141,APPLOVIN,1783.7490529809863
418987775,VERVE,1782.6898499999988
com.gamebrain.hexasort,MINTEGRAL,1781.3633980000639
6754363534,INMOBI,1780.989561000001
6444056676,UNITY,1779.4847610000022
1465731199,VERVE,1774.6292060000221
1610874732,IRONSOURCE,1772.3131259999982
1499081620,IRONSOURCE,1772.0445789999044
1502447854,VERVE,1770.574045000049
1638139403,BIGO,1770.3597869999996
1569776448,CHARTBOOST,1763.5748230000252
6702018773,DOUBLECLICK,1760.6760090000002
372648912,APPLOVIN,1760.439706998677
1577533842,INNERACTIVE_DIRECT,1759.5176200002907
6504279468,UNITY,1758.2816569999998
1229618961,IRONSOURCE,1756.796817
6471265311,VERVE,1756.7470230000033
6733244789,INNERACTIVE_DIRECT,1754.9170220002125
6450917563,UNITY,1752.8468369999996
com.vincentb.MobControl,INMOBI,1743.9733609999364
6742812903,IRONSOURCE,1741.7858329998523
6744547461,UNITY,1741.4545279999295
com.storymatrix.drama,APPLOVIN,1740.795060000002
1569776448,UNITY,1740.7217220000005
1269540854,UNITY,1737.2378929999888
6608975929,VERVE,1734.8732060000025
6749456493,DOUBLECLICK,1733.419215000037
6702018773,INMOBI,1732.854350000002
1595314851,INMOBI,1732.0118599999998
com.pixel.art.coloring.color.number,VERVE,1727.8681000000172
6446891577,INMOBI,1726.3600760000031
569077959,DOUBLECLICK,1724.9380559999986
com.ea.gp.fifamobile,MINTEGRAL,1723.116690000003
kjv.bible.kingjamesbible,MINTEGRAL,1721.058440000007
1578681725,UNITY,1719.6643929999987
6746465127,INNERACTIVE_DIRECT,1718.994917999999
1638139403,APPLOVIN,1718.1540569977283
com.gamovation.tileclub,VERVE,1716.1984150000308
1641107226,DOUBLECLICK,1714.553683999986
defense.roguelike.cell.shoot.survivor,PANGLE,1714.4282509999996
1229618961,A9TAM,1712.3981970003815
com.billiardsgame.ballking,MINTEGRAL,1710.6215140000008
1625097467,APPODEAL,1708.9129620000938
6636495643,MOBILITYWARE,1707.6603539999958
6608975929,INNERACTIVE_DIRECT,1705.8692720002946
com.ludo.king,INMOBI,1703.6617710000073
1667538256,VERVE,1703.4717870000047
301987699,UNITY,1702.2628630000006
6547835725,IRONSOURCE,1700.7283179987467
520502858,DOUBLECLICK,1697.9701339999979
com.newreading.goodreels,MINTEGRAL,1694.753160999999
6503060634,INNERACTIVE_DIRECT,1694.3554390006261
6446890132,INMOBI,1694.2879999999939
6742812903,INMOBI,1693.9589530000596
com.king.candycrushsodasaga,DOUBLECLICK,1693.8509599999936
com.tripledot.woodoku,VERVE,1692.1882060000091
1465731199,UNITY,1691.737143999989
6751056652,MINTEGRAL,1691.2440530000013
1390423469,DOUBLECLICK,1690.9457790000235
com.Beauchamp.Messenger.external,KONTEXT,1689.8111640000066
6498883328,BIGO,1689.5498200000477
com.nebula.mahjongtile,PANGLE,1689.070495
com.gimica.treasuremaster,BIGO,1689.0190180000013
1214223596,BIGO,1687.4406440000591
com.miniclip.eightballpool,APPLOVIN,1684.7531790000012
6741703805,MINTEGRAL,1679.2053540000425
1191435163,CHARTBOOST,1676.6744850000678
892521917,INNERACTIVE_DIRECT,1676.5434830000077
solitaire.patience.card.games.klondike.free,VERVE,1675.9647629999702
1462911602,UNITY,1675.495785
358899126,IRONSOURCE,1674.5141550000017
1190849728,UNITY,1673.1942419999984
6464002625,APPODEAL,1667.075404
351331194,MINTEGRAL,1665.9517650000018
com.UCMobile.intl,PANGLE,1664.8456070000016
com.sled.surfers.game,APPLOVIN,1664.5620019999974
382002079,INMOBI,1664.358848000067
1618041797,UNITY,1663.9269289999581
6751270213,INNERACTIVE_DIRECT,1657.95400700032
1463509237,DOUBLECLICK,1654.1877610000033
543186831,INNERACTIVE_DIRECT,1653.2327119999986
6473000893,BIGO,1651.6176440000002
642831690,UNITY,1649.7910659999984
com.grandgames.magicsort,MINTEGRAL,1649.284618999999
6752376239,APPODEAL,1649.0867829999995
1466197423,APPLOVIN,1646.1572389941398
6473000893,CHARTBOOST,1645.9291240000389
com.flow.mobile,DOUBLECLICK,1645.519751999996
1466346433,IRONSOURCE,1644.313138
608206510,APPLOVIN,1642.6208070000005
1342112505,APPLOVIN,1640.8423999992146
com.tripledot.solitaire,APPLOVIN,1636.7660179985996
1095569891,IRONSOURCE,1635.6515289999527
6754862574,IRONSOURCE,1634.9560679999956
1269540854,INNERACTIVE_DIRECT,1633.0788930001936
live.shorttv.apps,INMOBI,1629.2355820000002
1502447854,INNERACTIVE_DIRECT,1629.0846470001727
1484468651,INNERACTIVE_DIRECT,1628.0645230000007
kjv.bible.kingjamesbible,PANGLE,1622.9316769999978
6547858927,DOUBLECLICK,1620.7919100000015
6502597181,APPLOVIN,1620.0658389999905
com.tmobile.m1,APPLOVIN,1619.0414389999994
1664415775,INMOBI,1618.5482650000004
1644099880,MINTEGRAL,1617.4793140000259
6467129396,APPODEAL,1616.783454000031
1644099880,VERVE,1616.6828830000147
1503128132,DOUBLECLICK,1616.2159740000964
1589762792,A9TAM,1614.9757950003116
6742812903,INNERACTIVE_DIRECT,1614.8194250002102
840919914,INNERACTIVE_DIRECT,1613.9957640001662
6478063606,DOUBLECLICK,1613.0518580000105
6480174499,DOUBLECLICK,1610.6124079999945
1542776143,IRONSOURCE,1605.499896
1215933788,A9TAM,1603.5654060001377
1153883316,DOUBLECLICK,1601.315692999999
1215933788,APPLOVIN,1599.73021999718
6504122823,IRONSOURCE,1598.3821449999991
6448104157,DOUBLECLICK,1595.7552479999952
6751270213,MINTEGRAL,1595.6954590000837
1643481036,UNITY,1588.245947999956
6745003362,INMOBI,1587.5457549999958
892521917,DOUBLECLICK,1586.112777
1486214495,UNITY,1585.9334929999886
com.dubox.drive,APPLOVIN,1585.434610998538
com.amelosinteractive.snake,APPLOVIN,1584.4855889999974
wp.wattpad,INMOBI,1582.951647000018
com.naver.linewebtoon,INNERACTIVE_DIRECT,1582.3633720000234
com.handmark.expressweather,NIMBUS,1581.5664790000026
1317978215,A9TAM,1580.970593000007
1579356887,APPLOVIN,1580.8565559840713
solitaire.patience.card.games.klondike.free,APPODEAL,1580.17613200001
1342112505,INMOBI,1578.6529379999583
1664415775,INNERACTIVE_DIRECT,1577.6343990000005
video.downloader.videodownloader,MINTEGRAL,1577.1633660000257
com.UCMobile.intl,APPLOVIN,1571.5267839999926
6464002625,INMOBI,1570.9290380000002
6523424272,APPLOVIN,1568.0320109987003
1382466301,MOBILITYWARE,1567.5888819999989
com.blockchainvault,IRONSOURCE,1566.2439720000052
easy.sudoku.puzzle.solver.free,INMOBI,1565.4823280001574
6446354191,VERVE,1564.6835170000616
com.ludo.king,APPLOVIN,1560.9824140000392
1317978215,UNITY,1559.381534999915
608206510,DOUBLECLICK,1554.0930829999859
1366502697,APPLOVIN,1553.678148000001
1191435163,UNITY,1553.4472929999934
com.oakever.jigsawcard,MINTEGRAL,1551.545691000109
1197354394,INNERACTIVE_DIRECT,1551.0730960001142
1625097467,UNITY,1549.943919999956
com.easybrain.crossword.puzzles,MINTEGRAL,1549.0563520000417
6755183085,MINTEGRAL,1548.4432519999998
1579356887,DOUBLECLICK,1547.8733629999879
com.ecffri.arrows,UNITY,1546.8526000000152
io.voodoo.paper2,APPLOVIN,1541.7307559961
1658958534,UNITY,1541.7303790000005
6471572249,IRONSOURCE,1541.3029820000004
6504849169,CHARTBOOST,1540.7369070000007
6737214802,CHARTBOOST,1540.4285849999699
6754098532,INMOBI,1539.0486769999895
1658958534,APPODEAL,1538.0220450000807
6547835725,UNITY,1535.0604519999533
1214223596,MINTEGRAL,1534.1672290000588
1452227871,DOUBLECLICK,1533.8832119999977
1197354394,BIGO,1532.5932870000152
com.miui.cleaner,MINTEGRAL,1531.87219900001
jigsaw.puzzle.game.banana,INMOBI,1530.8299629999058
880178264,APPLOVIN,1529.7225330000524
6633425539,UNITY,1528.8321999999707
com.bigwinepot.nwdn.international,MINTEGRAL,1527.8111940000035
6502341730,CHARTBOOST,1527.1560990000346
6479727880,MINTEGRAL,1524.8942499999994
1644847077,INNERACTIVE_DIRECT,1524.7796330004855
1538912205,APPLOVIN,1524.760466999389
1498889847,DOUBLECLICK,1523.9600929999986
1644099880,UNITY,1523.8404779999007
1095569891,INMOBI,1519.2798340000131
com.sofascore.results,IRONSOURCE,1516.3914250000003
605569663,APPLOVIN,1515.8872900000374
1635760774,UNITY,1515.48033199996
1644847077,DOUBLECLICK,1515.4496790000735
1519174001,APPODEAL,1515.317450000047
1342112505,APPODEAL,1513.5726800000093
592331499,DOUBLECLICK,1513.430084000027
6741703805,UNITY,1513.1765510000112
1509453185,MINTEGRAL,1511.3583260000332
1572726361,APPLOVIN,1510.212935000004
com.soccer.score.star,APPLOVIN,1509.800963999998
1635289326,UNITY,1509.690242999966
1500855883,APPLOVIN,1508.939460991142
water.sort.puzzle.game.color.sorting.free,APPODEAL,1508.8547650000032
com.litatom.app,MINTEGRAL,1507.8045990000016
1572661625,INNERACTIVE_DIRECT,1507.5082240003383
com.pocket.sort.coin.puzzle.game,INMOBI,1507.2959989998617
com.Cash.Drama,INNERACTIVE_DIRECT,1506.705019000001
1212951043,VERVE,1506.2533870000002
429610587,INMOBI,1504.9117450000028
1562817072,UNITY,1503.9922570000008
1191435163,INNERACTIVE_DIRECT,1503.3104190000518
6692629257,APPODEAL,1502.9747890000874
1643509748,IRONSOURCE,1501.633728999998
520502858,UNITY,1500.8703030000006
1331794412,VERVE,1499.9996840000713
512939461,APPODEAL,1499.1292490000008
6740510106,INMOBI,1498.968181999997
1357464684,UNITY,1496.9716190000001
1355464544,INNERACTIVE_DIRECT,1495.816189000782
com.wood.block.sudoku.puzzle.bm,APPODEAL,1493.4140000000548
com.pinger.textfree,DOUBLECLICK,1492.988481999998
puzzle.yarn.fever.unravel.puzzle,INMOBI,1492.1796519999264
1624606445,INNERACTIVE_DIRECT,1489.8353120000143
1452992954,MINTEGRAL,1479.1486880002267
6746331323,UNITY,1476.056374999957
1498889847,APPLOVIN,1474.000116000032
com.camerasideas.instashot,APPLOVIN,1473.282061996505
840919914,MINTEGRAL,1472.788925000072
1317978215,DOUBLECLICK,1472.6466659999985
1502447854,IRONSOURCE,1468.3905909999014
1589762792,MINTEGRAL,1468.0076770000637
6449243946,UNITY,1467.5866170000002
com.arrow.out,BIGO,1464.2689760000444
1369521645,APPLOVIN,1463.2707479874475
514485964,MINTEGRAL,1463.0396700000033
6464002625,UNITY,1462.8810120000003
880047117,MINTEGRAL,1458.9640380000008
com.easybrain.sudoku.android,VERVE,1457.1885380000272
1643481036,INNERACTIVE_DIRECT,1454.7684950002385
6740043080,APPLOVIN,1453.73424298912
com.dramawave.app,APPODEAL,1452.766334
6746465127,DOUBLECLICK,1451.037535999998
1499081620,UNITY,1450.3873739999972
1550945606,MINTEGRAL,1449.8167560000647
1274972321,UNITY,1449.270306000004
com.android.thememanager,MINTEGRAL,1448.262306000007
6746465127,APPLOVIN,1448.1164910000002
6745003362,MINTEGRAL,1447.5326820000353
1658958534,INNERACTIVE_DIRECT,1443.314326000252
321916506,A9TAM,1443.1015070000255
com.awesome.puzzlehexasort,INMOBI,1442.0621439999336
com.peoplefun.wordcross,MINTEGRAL,1441.8864400000002
com.tripledot.woodoku,BIGO,1440.8288060000039
6474133872,A9TAM,1440.5906490002426
6748397500,APPLOVIN,1440.2312770000008
6503060634,MINTEGRAL,1439.6527340000853
993090598,DOUBLECLICK,1437.403359000257
1598997500,MINTEGRAL,1435.8876480000097
1410235921,DOUBLECLICK,1434.674202000004
6467129657,APPODEAL,1434.3669980000016
850417475,VERVE,1433.2126920000005
6744317674,UNITY,1432.374617999973
1664415775,UNITY,1431.571265999999
6608975929,CHARTBOOST,1430.281355000191
6446354191,UNITY,1428.728621999976
com.eyecon.global,INNERACTIVE_DIRECT,1427.3829859999728
com.fc.goods.sort.matching.puzzle.triplemaster,MINTEGRAL,1425.9867030000278
6741408932,MINTEGRAL,1424.1729510001433
651510680,APPLOVIN,1421.8494789993233
com.goldendragon.luckyblessing,INNERACTIVE_DIRECT,1419.5807650000002
6479727880,IRONSOURCE,1419.0011009999992
com.offerup,DOUBLECLICK,1418.3148949999963
com.JindoBlu.OfflineGames,APPODEAL,1418.2533630000885
com.amelosinteractive.snake,MINTEGRAL,1418.0747649999976
6471265311,INNERACTIVE_DIRECT,1417.9431380000224
301987699,CHARTBOOST,1417.5990039999965
com.kiloo.subwaysurf,IRONSOURCE,1416.362537999996
6754558455,IRONSOURCE,1415.1796879999995
6740510106,UNITY,1414.9037509999368
6514312894,UNITY,1414.5843710000001
com.applabstudios.ai.mail.homescreen.inbox,APPLOVIN,1413.9216299999891
games.vaveda.militaryoverturn,APPLOVIN,1412.0000799837085
kjv.bible.kingjamesbible,APPLOVIN,1408.5988079993458
6746331323,INNERACTIVE_DIRECT,1406.8415480004987
6737874398,UNITY,1406.5781640000016
com.ludo.king,UNITY,1406.4940290000438
com.michatapp.im,MINTEGRAL,1400.0724430000016
6450917563,INMOBI,1394.6093239999386
1638253339,UNITY,1391.6310259999989
com.oakever.arrows,VERVE,1390.4169200001243
com.GybeGames.ColorBlockJam,VERVE,1390.2596629999732
1197961218,UNITY,1386.4809479999844
526641427,A9TAM,1385.9801520002488
1580601028,MINTEGRAL,1383.5837930000464
1466297045,MOBILITYWARE,1383.0658969999981
com.netshort.abroad,APPLOVIN,1380.8529540000015
com.gimica.treasuremaster,VERVE,1379.9943319999993
6642698438,A9TAM,1377.5026269998766
357218860,VERVE,1374.3365950000111
1214223596,VERVE,1374.1637340000107
1229618961,APPLOVIN,1373.28152899896
1487882541,INNERACTIVE_DIRECT,1369.9650839999995
1572661625,DOUBLECLICK,1367.8120779999983
1190849728,A9TAM,1366.1800799999744
com.yolo.hiddenobjects,BIGO,1364.8735190000102
com.fxroyale.app,MINTEGRAL,1363.1542039999986
solitaire.patience.card.games.klondike.free,BIGO,1361.6712530000002
1374403536,MINTEGRAL,1360.7999990000822
6737022506,VERVE,1360.7182560000156
6467129396,APPLOVIN,1360.4219459997503
com.easybrain.sudoku.android,A9TAM,1359.5213489999724
6463127238,A9TAM,1359.13085500012
642831690,A9TAM,1356.3969479997759
6756913359,DOUBLECLICK,1355.874724
com.superplaystudios.dicedreams,INMOBI,1355.502131
com.miui.player,MINTEGRAL,1355.4927310000023
6754862574,INNERACTIVE_DIRECT,1355.3662449999997
com.naver.linewebtoon,DOUBLECLICK,1354.0011630000024
366247306,UNITY,1352.4319049999394
com.vitastudio.mahjong,IRONSOURCE,1351.1420689999482
1487882541,UNITY,1350.8325849999997
840919914,APPLOVIN,1350.282872999972
523001403,INNERACTIVE_DIRECT,1349.4304810000026
321916506,CHARTBOOST,1349.4248740000116
1502447854,INMOBI,1349.1189730000199
6733244789,UNITY,1347.7880459999863
puzzle.yarn.fever.unravel.puzzle,ZMATICOO,1344.931068000001
com.Hadiz.Yogaflex,APPODEAL,1342.9876610000003
698255242,UNITY,1342.5698390000018
com.weaver.app.prod,MINTEGRAL,1338.9349690000313
jp.gocro.smartnews.android,VERVE,1336.924706
1466346433,APPLOVIN,1335.778476
1269540854,CHARTBOOST,1335.571036000006
1667538616,INMOBI,1332.5576949999947
6474133872,MINTEGRAL,1331.0684190000904
1569776448,BIGO,1330.8068830000068
6633425539,MINTEGRAL,1330.0840400000204
297368629,NIMBUS,1327.874541999993
1443446174,BIGO,1327.8183390000006
1644099880,CHARTBOOST,1327.154444000052
428312806,DOUBLECLICK,1326.824168000016
1470373330,IRONSOURCE,1324.7161320000012
6754098532,INNERACTIVE_DIRECT,1320.6953050000948
6745003362,UNITY,1320.0661109999967
one.cryptoguru.cryptotradingacademy,UNITY,1319.592473
6754384144,APPLOVIN,1317.3552850000017
io.supercent.linkedcubic,BIGO,1315.6525490000133
1318181304,DOUBLECLICK,1314.5363829999965
1600871388,INNERACTIVE_DIRECT,1313.6851690000012
1496354836,BIGO,1313.131444000017
com.matteljv.uno,APPODEAL,1312.695729
com.Cash.Drama,BIGO,1311.9938939999997
6733244789,INMOBI,1310.8589369999959
6737874398,APPODEAL,1310.0981129999973
6670430706,APPODEAL,1309.7593629999997
398157427,UNITY,1305.8878080000065
1404165333,INMOBI,1305.668882
890378044,CHARTBOOST,1305.3617599999998
1514542157,INNERACTIVE_DIRECT,1305.306013000489
6471265311,APPODEAL,1305.0259630000037
6479238647,APPODEAL,1303.512096000045
com.radio.pocketfm,DOUBLECLICK,1303.035427999977
com.easybrain.block.puzzle.games,APPODEAL,1302.2891490000354
1514542157,UNITY,1300.7810069999507
1635289326,INNERACTIVE_DIRECT,1298.9541060002505
321916506,UNITY,1298.7276120000072
1086101495,UNITY,1298.1389780000004
1190849728,MINTEGRAL,1297.8713020002272
6754384144,MINTEGRAL,1295.7625989999997
com.intsig.camscanner,DOUBLECLICK,1294.838727999943
6446890186,INNERACTIVE_DIRECT,1292.661830999993
1658958534,ZMATICOO,1291.5047769999717
1374403536,IRONSOURCE,1286.9076320000147
1410235921,INMOBI,1286.50517
com.puzzlegames.puzzlebrickslegend,DOUBLECLICK,1286.3506650000463
6444056676,APPLOVIN,1284.910503
6689516283,APPLOVIN,1284.7499699960347
1342112505,UNITY,1284.1874099999986
321916506,APPODEAL,1282.71990500001
1486214495,DOUBLECLICK,1282.4215849999896
1191435163,APPLOVIN,1281.826350999348
6608975929,APPLOVIN,1279.9428429978536
1638139403,CHARTBOOST,1277.4536799999794
6504279468,APPLOVIN,1274.576945998463
1562817072,IRONSOURCE,1272.1166330000012
1465731199,INNERACTIVE_DIRECT,1268.8247160001501
1357464684,INMOBI,1267.1791470000012
6741703805,APPLOVIN,1266.107498999509
com.wood.block.sudoku.puzzle.bm,PANGLE,1265.0759459999992
6642698438,UNITY,1264.674678
6740326134,APPODEAL,1259.7120720000003
6745003362,IRONSOURCE,1259.341476999987
336435697,VERVE,1257.9868720000168
880178264,INNERACTIVE_DIRECT,1257.6566670001766
com.king.farmheroessaga,UNITY,1256.2563450000014
6479727880,DOUBLECLICK,1253.9707230000004
1502193377,MINTEGRAL,1253.8964970000036
6445905219,MINTEGRAL,1253.42161
6741408932,APPLOVIN,1252.2560329960206
6755815731,UNITY,1251.6731399999603
894546091,CHARTBOOST,1249.1457040000012
6754098532,APPODEAL,1244.2977750000075
1577533842,UNITY,1242.50755399999
com.yolo.hiddenobjects,DOUBLECLICK,1242.3452820000145
1146465836,INMOBI,1241.058746000002
514485964,INNERACTIVE_DIRECT,1240.796009
6473000893,ZMATICOO,1240.1555760000037
com.easybrain.art.puzzle,APPODEAL,1239.3724960000054
one.cryptoguru.cryptotradingacademy,INNERACTIVE_DIRECT,1237.8407430000004
com.ecffri.arrows,PANGLE,1237.581846000001
6744975195,DOUBLECLICK,1236.686441
1176027022,CHARTBOOST,1231.2098059999994
com.blockchainvault,PANGLE,1227.2916849999997
1389111413,MINTEGRAL,1226.9612110000921
6759763476,APPLOVIN,1226.6008949989935
6742812903,MINTEGRAL,1225.663576000092
880178264,APPODEAL,1224.485343000021
6499306806,IRONSOURCE,1224.366017
com.gamebrain.hexasort,BIGO,1223.109561000013
easy.sudoku.puzzle.solver.free,MINTEGRAL,1221.6996600000498
6443760593,UNITY,1220.0142300000002
com.awesome.puzzlehexasort,APPODEAL,1219.1138920000049
6503060634,BIGO,1216.2824000000112
1519174001,DOUBLECLICK,1215.7034639999952
1190849728,DOUBLECLICK,1215.1139560000029
1584596271,MINTEGRAL,1214.8413300000075
6464002625,DOUBLECLICK,1212.5729920000003
com.miniclip.carrom,APPODEAL,1212.4285390000402
6504849169,MINTEGRAL,1211.2497590000048
6633425539,CHARTBOOST,1210.0464869999612
com.intsig.camscanner,VERVE,1209.8728160000198
6702018773,UNITY,1206.5461450000007
1472419762,VERVE,1206.1120210000001
6505095234,INNERACTIVE_DIRECT,1205.9161590000429
6444407009,A9TAM,1205.602637000002
1324604053,APPLOVIN,1205.5459239999832
1235581326,INNERACTIVE_DIRECT,1205.5033320001676
501306812,DOUBLECLICK,1204.6104839999985
6608975929,A9TAM,1204.4768110001867
1104692136,UNITY,1204.3676959999982
1089225191,INNERACTIVE_DIRECT,1203.7811340000003
6754900673,BIGO,1201.2297730000153
com.tripledot.solitaire,VERVE,1199.268721000006
6738771575,VERVE,1198.448828000115
6744547461,A9TAM,1197.7560290000608
com.ea.gp.fifamobile,UNITY,1197.197436
grill.sort.food.games.match.puzzle,PANGLE,1195.1843209999975
1618041797,INNERACTIVE_DIRECT,1194.979399000413
com.domobile.applockwatcher,APPODEAL,1194.8163060000002
6608975929,BIGO,1192.804052000012
1344700142,IRONSOURCE,1191.5425039999998
com.camerasideas.instashot,UNITY,1188.4000999999969
1486214495,IRONSOURCE,1187.5315289999858
6499293031,APPLOVIN,1186.8046020000004
com.easybrain.crossword.puzzles,PANGLE,1182.6577360000015
com.lenovo.anyshare.gps,VERVE,1182.0181279999972
1667538616,APPODEAL,1181.9289440000018
one.cryptoguru.cryptotradingacademy,CHARTBOOST,1179.787544
1579356887,CHARTBOOST,1176.9761529912578
com.oakever.tiletrip,DOUBLECLICK,1176.7404839999988
6453522960,INNERACTIVE_DIRECT,1176.262596000205
1235581326,VERVE,1175.0769410000048
6499293031,APPODEAL,1175.0288099999996
1625097467,INNERACTIVE_DIRECT,1174.2827590001289
1491074310,IRONSOURCE,1174.193161000011
com.mobilefootie.wc2010,VERVE,1172.8624040000318
com.hwqgrhhjfd.idlefastfood,MINTEGRAL,1172.3370989999999
com.viber.voip,INMOBI,1172.154071999994
com.tripledot.solitaire,DOUBLECLICK,1172.053771000009
579581125,INMOBI,1170.4726129999942
1342112505,INNERACTIVE_DIRECT,1169.4471850000082
1643481036,VERVE,1169.0423500000177
6608975929,DOUBLECLICK,1167.8287840000207
1214223596,UNITY,1165.470899999999
free.tube.premium.advanced.tuber,PANGLE,1165.0628910000019
6754862574,APPODEAL,1164.3933599999993
1331794412,A9TAM,1163.6042800001344
1318181304,MINTEGRAL,1163.4914710000037
com.dramawave.app,INNERACTIVE_DIRECT,1163.1186640000021
417571834,MINTEGRAL,1162.940325000016
1420058690,UNITY,1162.8586630000048
6499209500,UNITY,1162.0257350000004
1636235979,IRONSOURCE,1159.8575640000001
1011626777,MINTEGRAL,1157.3073990000007
1658958534,CHARTBOOST,1156.7079730000326
1542776143,INNERACTIVE_DIRECT,1155.0423399999995
921765888,APPODEAL,1154.4698919999985
1269540854,BIGO,1152.1674910000174
847492141,MINTEGRAL,1146.5885870000407
6743441683,UNITY,1145.2924339999972
1502447854,UNITY,1144.9829089999976
1618041797,A9TAM,1144.0563050000565
1482887935,IRONSOURCE,1140.1190119999908
1492722342,APPLOVIN,1138.1007760000002
6743091090,MINTEGRAL,1137.5535079999968
1618041797,CHARTBOOST,1136.9515200001083
6737022506,APPLOVIN,1136.4181299995362
1342112505,IRONSOURCE,1136.40284599999
880047117,INNERACTIVE_DIRECT,1135.9650479999993
com.pinger.textfree,VERVE,1135.5422110000004
1579356887,MINTEGRAL,1135.218040000084
1452992954,IRONSOURCE,1135.1882169999592
com.michatapp.im,DOUBLECLICK,1133.0882620000002
com.fingersoft.hcr2,APPODEAL,1132.4228580000001
6751222488,IRONSOURCE,1131.7437510000013
com.oakever.arrows,BIGO,1131.7289430000028
6504332779,IRONSOURCE,1131.468645
1569776448,MINTEGRAL,1131.3151920000219
6756913359,MINTEGRAL,1129.6884010000463
6590876141,CHARTBOOST,1129.1124879999986
479280326,MINTEGRAL,1128.4455930000197
1667538256,UNITY,1128.4087760000002
com.easybrain.block.puzzle.games,INMOBI,1127.7632030000418
6499209500,INNERACTIVE_DIRECT,1127.749763000019
1667538256,INNERACTIVE_DIRECT,1127.213300999998
1671991909,INNERACTIVE_DIRECT,1126.7590900002708
1454213029,MINTEGRAL,1126.001223
1331794412,UNITY,1125.4746249999673
6446891577,INNERACTIVE_DIRECT,1124.9717539999951
1671991909,VERVE,1124.658237000018
1235581326,UNITY,1121.9496209999888
1086101495,DOUBLECLICK,1119.2413200000021
523001403,UNITY,1118.868758000001
com.miui.home,MINTEGRAL,1118.0968100000089
6642698438,VERVE,1118.0542330001438
6474133872,DOUBLECLICK,1117.2624070000002
1484468651,UNITY,1115.345794
com.JindoBlu.OfflineGames,APPLOVIN,1113.7171209972114
1420058690,MINTEGRAL,1112.9723840000452
6590876141,BIGO,1112.474445000029
1643509748,MINTEGRAL,1112.1652810000005
1492722342,UNITY,1110.2184799999998
395979574,IRONSOURCE,1108.1647579999983
6702018773,APPODEAL,1108.0766660000036
1503128132,INNERACTIVE_DIRECT,1106.5693540001364
1644099880,INNERACTIVE_DIRECT,1101.8165540001478
1572661625,UNITY,1101.720512999979
6504279468,DOUBLECLICK,1100.1601850000347
com.vincentb.MobControl,APPLOVIN,1099.598012999076
651510680,IRONSOURCE,1098.808401999997
com.easybrain.arrow.puzzle.game,A9TAM,1098.7997129999658
6754862574,UNITY,1094.5287469999994
1496354836,APPLOVIN,1094.5069599943981
1146465836,APPLOVIN,1093.7504819999974
com.gamebrain.hexasort,INNERACTIVE_DIRECT,1092.72109900003
com.outfit7.mytalkingangela2,BIGO,1091.0878740000041
1452526406,MINTEGRAL,1090.6926080000176
com.macrovideo.v380pro,BIGO,1090.650078000021
1466297045,APPLOVIN,1088.9950780000006
6737214802,APPODEAL,1088.903378000005
com.ecffri.arrows,DOUBLECLICK,1088.4296259999985
6745003362,APPLOVIN,1088.2446999996037
at.ner.SolitaireKlondike,APPLOVIN,1086.7665670000004
6504279468,MINTEGRAL,1085.614384000022
com.easybrain.number.puzzle.game,MINTEGRAL,1085.224391000012
479280326,IRONSOURCE,1083.936466999975
sorting.games.goods.sort.triple.match3d.puzzle.stuff,UNITY,1083.644272999996
1514542157,VERVE,1083.5958330000158
com.miui.player,PANGLE,1082.5997329999989
6446890186,UNITY,1081.9390310000003
1197354394,APPLOVIN,1081.1504289991067
1538912205,INMOBI,1080.5842049999994
1664415775,IRONSOURCE,1080.0308770000006
1578681725,APPLOVIN,1079.7944909998448
1572661625,CHARTBOOST,1074.9434709997784
com.oakever.arrows,ZMATICOO,1073.9838330000034
6733244789,MINTEGRAL,1072.6170350000034
wool.match.color.sort.jam.puzzle,DOUBLECLICK,1072.429148999995
6475168012,IRONSOURCE,1072.2032990000002
6747492600,APPLOVIN,1070.0355779998386
com.king.candycrushsaga,VERVE,1069.7386780000002
6740510106,MINTEGRAL,1067.8081370000618
6689516283,DOUBLECLICK,1067.5524880000003
1589762792,DOUBLECLICK,1067.013920000003
com.tripledot.woodoku,APPODEAL,1063.5460540000133
714796093,INMOBI,1062.8374989999986
com.firsttouchgames.dls7,DOUBLECLICK,1059.4432429999997
defense.roguelike.cell.shoot.survivor,MINTEGRAL,1057.829053
com.gimica.ballbounce,MINTEGRAL,1055.3115840000019
1579356887,BIGO,1054.4975609987168
6547858927,APPLOVIN,1053.4587129999986
premium.gotube.adblock.utube,DOUBLECLICK,1052.9743590000028
com.gamincat.jigsolitaire,MINTEGRAL,1052.3499219999871
com.oakever.tiletrip,A9TAM,1052.1902199997169
com.easybrain.number.puzzle.game,BIGO,1050.4949070000312
6467129396,UNITY,1050.3139319999962
com.badoo.mobile,DOUBLECLICK,1049.8141500000008
6740510106,IRONSOURCE,1049.559754999934
1095569891,APPLOVIN,1049.275328999315
1342112505,MINTEGRAL,1048.7249630000138
6480174499,APPLOVIN,1047.8956999963725
com.gamebrain.hexasort,INMOBI,1047.6607090000048
6755425214,APPLOVIN,1047.13793898664
1274972321,VERVE,1047.0014750000391
1595314851,INNERACTIVE_DIRECT,1046.953776
6446891679,INNERACTIVE_DIRECT,1046.6008089999966
1355464544,DOUBLECLICK,1045.9926310000665
grill.sort.food.games.match.puzzle,INNERACTIVE_DIRECT,1045.885917000008
com.JindoBlu.OfflineGames,MINTEGRAL,1045.3821270000046
6742221896,DOUBLECLICK,1044.1047049999922
834185106,INNERACTIVE_DIRECT,1043.195783
com.robtopx.geometryjumplite,APPODEAL,1041.5363649999993
1344700142,DOUBLECLICK,1041.5350250000033
6755425214,MINTEGRAL,1040.3136660000648
358899126,APPLOVIN,1039.137016999138
1466346433,UNITY,1035.531711
6755815731,APPLOVIN,1033.4350759983267
6448176203,APPODEAL,1032.217298
com.matteljv.uno,APPLOVIN,1031.1310240000003
6505095234,ZMATICOO,1029.675980000013
1370293473,INNERACTIVE_DIRECT,1023.9777300000014
6504421808,IRONSOURCE,1023.5776709999994
1207472156,BIGO,1023.5510330000185
6758326278,A9TAM,1022.8975689999832
com.oakever.jigsawcard,BIGO,1022.611135
6737022506,INNERACTIVE_DIRECT,1020.8005120000486
jp.gocro.smartnews.android,DOUBLECLICK,1018.8020079999977
6755815731,INMOBI,1017.753667999949
727296976,IRONSOURCE,1017.1675380000011
834185106,MINTEGRAL,1014.3746519999994
6633425539,ZMATICOO,1013.8932970000002
com.fugo.wow,CHARTBOOST,1010.4152649999646
com.worldance.drama,PANGLE,1009.404597000001
com.kiloo.subwaysurf,UNITY,1008.4300420000025
6499209500,INMOBI,1007.0802689999999
com.arrow.out,A9TAM,1006.3847569998941
com.dramawave.app,TAURUSX,1006.0509159999984
6452119853,APPLOVIN,1004.279544999792
1658958534,MINTEGRAL,1003.9308130000301
puzzle.yarn.fever.unravel.puzzle,MINTEGRAL,1003.0348270000088
ai.character.app,APPLOVIN,1001.1499759998859
com.flow.mobile,APPLOVIN,999.9167750000029
6480174499,A9TAM,999.7249229999331
6448176203,INNERACTIVE_DIRECT,999.2449200000001
608206510,IRONSOURCE,998.1018909999996
com.awesome.puzzlehexasort,PANGLE,998.0514860000002
6444056676,IRONSOURCE,997.4321669999997
6452119853,A9TAM,996.320896999968
com.easybrain.number.puzzle.game,VERVE,996.2633150000124
com.peoplefun.wordcross,VERVE,995.3372910000134
com.easybrain.block.puzzle.games,BIGO,991.1950170000183
6471265311,UNITY,991.0088900000001
com.oakever.tiletrip,IRONSOURCE,986.5058939999768
com.zynga.words3,APPODEAL,985.4594080000034
1206967173,NIMBUS,984.2356279999998
wp.wattpad,UNITY,983.6804010000046
1452227871,APPLOVIN,981.8916930000182
com.Beauchamp.Messenger.external,INMOBI,981.8779220000007
1452992954,APPLOVIN,980.2470830000016
6453522960,UNITY,976.8800739999998
1420294918,VERVE,975.8414860000186
com.superking.parchisi.star,APPLOVIN,974.2719469998469
1660171117,IRONSOURCE,972.6278640000035
372648912,MINTEGRAL,970.6486860000036
com.miniclip.cricketleague,APPLOVIN,970.5805120000018
6751222488,ZMATICOO,970.4151530000244
1452227871,VERVE,967.6895920000004
1191435163,A9TAM,966.6990980000221
1420294918,APPLOVIN,965.6733129996287
351331194,DOUBLECLICK,964.812977000001
6742812903,UNITY,964.5575369999926
6498883328,DOUBLECLICK,964.4961009999508
6505095234,MINTEGRAL,963.4297960000172
1146465836,MINTEGRAL,963.2744000000013
847492141,DOUBLECLICK,963.1218029999895
com.aws.android,NIMBUS,961.6656220000006
6670430706,APPLOVIN,958.4428769999954
6752973567,INNERACTIVE_DIRECT,957.3182
6754243057,BIGO,956.4145060000081
1466197423,DOUBLECLICK,956.411778999963
6452119853,INNERACTIVE_DIRECT,956.033653000067
6465991018,UNITY,954.267423
com.superking.parchisi.star,DOUBLECLICK,952.7542510000023
com.ea.gp.fifamobile,IRONSOURCE,952.2541890000006
1643481036,MINTEGRAL,950.1932020000095
6744317674,INNERACTIVE_DIRECT,948.6240520000671
com.ig.screwdom,PANGLE,947.6339689999987
1420294918,A9TAM,947.4881589999893
6446354191,CHARTBOOST,943.587925000092
6755425214,VERVE,941.597924000054
642831690,BIGO,939.8065320000024
6446354191,INNERACTIVE_DIRECT,939.6662670000745
1482887935,INNERACTIVE_DIRECT,938.3447970000499
1667538616,UNITY,937.492403
1318181304,APPLOVIN,934.2798499999914
1660171117,BIGO,933.5113720000169
1503128132,IRONSOURCE,932.2587919999983
1190849728,VERVE,931.7377680000183
6755425214,BIGO,931.0400770000474
642831690,IRONSOURCE,930.9381700000006
6479238647,BIGO,930.7534089999999
1667538256,A9TAM,928.8141000000131
com.hotmini.drama.hot,BIGO,925.3381289999998
com.audiomack,UNITY,918.7529150000044
6449243946,INMOBI,915.3547900000125
com.pixel.art.coloring.color.number,PANGLE,914.0659029999991
com.robtopx.geometryjumplite,UNITY,913.3396280000013
com.Cash.Drama,PANGLE,912.5389189999997
1545567989,DOUBLECLICK,908.4566370000061
videoplayer.videodownloader.downloader,PANGLE,908.1341419999994
1073936461,MINTEGRAL,907.8976469999999
6474133872,BIGO,907.5234100000247
1383187127,IRONSOURCE,907.4356529999753
6511238101,IRONSOURCE,906.6386539999736
6755815731,IRONSOURCE,905.2042579999995
wool.match.color.sort.jam.puzzle,UNITY,905.0032909999996
6449206831,APPLOVIN,904.8896029999996
6747875092,BIGO,904.6524499999977
6475168012,DOUBLECLICK,904.5502799999997
512939461,DOUBLECLICK,903.6990829999979
6446891679,UNITY,903.1101730000003
1089225191,UNITY,900.4427840000001
1638253339,INNERACTIVE_DIRECT,897.8880680000053
1215933788,DOUBLECLICK,896.8213789999995
com.ibragunduz.applockpro,CHARTBOOST,896.6802029997687
com.robtopx.geometryjumplite,IRONSOURCE,896.1939329999941
6733244789,APPODEAL,894.2524790000012
1420294918,IRONSOURCE,894.2087440000009
834185106,UNITY,893.5550199999999
445338486,INMOBI,891.5223110000028
6744317674,IRONSOURCE,889.39655800003
com.oakever.jigsawcard,APPLOVIN,887.8960959969412
6738771575,MINTEGRAL,886.7359660000525
6474133872,IRONSOURCE,883.6151649999441
ball.sort.puzzle.color.sorting.bubble.games,VERVE,883.0438190000116
1577533842,MINTEGRAL,882.7007190000157
com.sofascore.results,DOUBLECLICK,881.7616320000288
6745003362,INNERACTIVE_DIRECT,881.6748290000212
com.king.farmheroessaga,APPLOVIN,881.653331
1466197423,MINTEGRAL,880.8844190000569
6547858927,IRONSOURCE,879.6952600000124
com.justplay.app,UNITY,879.4247839999992
1317978215,MINTEGRAL,879.3226810001427
com.easybrain.arrow.puzzle.game,MINTEGRAL,878.0257220000001
1638139403,MINTEGRAL,873.8471940000519
6446669987,CHARTBOOST,871.4673129999746
1229618961,INNERACTIVE_DIRECT,870.6980970001232
6633425539,INNERACTIVE_DIRECT,870.6317790000356
com.app.cricketapp,MINTEGRAL,869.0368470000146
6737214802,INNERACTIVE_DIRECT,868.6748300000213
defense.roguelike.cell.shoot.survivor,INMOBI,866.6945880000003
6505095234,BIGO,866.3665980000058
com.imo.android.imoim,VERVE,865.9467340000018
com.kiloo.subwaysurf,DOUBLECLICK,864.9650630000001
445338486,UNITY,864.4226170000002
6479238647,A9TAM,864.2851709999991
com.rovio.baba,INNERACTIVE_DIRECT,864.1138470000001
6448392144,IRONSOURCE,863.8280859999911
651510680,MINTEGRAL,861.7825490000089
587366035,DOUBLECLICK,861.1563380001309
com.weather.Weather,DOUBLECLICK,860.6770230000018
526641427,MINTEGRAL,859.8742740000318
easy.sudoku.puzzle.solver.free,BIGO,858.9356200000279
6444407009,MINTEGRAL,857.953093000002
1404165333,DOUBLECLICK,856.6264719999998
6744975195,INNERACTIVE_DIRECT,854.5232480000003
1331794412,DOUBLECLICK,852.3886069999617
com.king.farmheroessaga,A9TAM,851.3360620000018
894546091,VERVE,846.9617599999997
605569663,DOUBLECLICK,846.4625349998804
1584596271,APPLOVIN,845.557969999979
1318181304,UNITY,844.4908510000015
1635760774,CHARTBOOST,844.4145509969102
6755815731,BIGO,844.0130109999748
1564391515,BIGO,843.342393
1382466301,APPLOVIN,842.4511840000011
359917414,VERVE,842.3437050000006
1600871388,APPLOVIN,842.1800300000003
kidultlovin.word.zen,DOUBLECLICK,842.0917389999979
com.bigwinepot.nwdn.international,APPLOVIN,841.9300770000029
6505095234,APPLOVIN,841.4902959987683
1569776448,VERVE,841.1602190000294
366247306,IRONSOURCE,840.5092980000157
com.weaver.app.prod,APPODEAL,839.0472700000001
6740510106,INNERACTIVE_DIRECT,835.2889050001808
6446354191,INMOBI,833.006446000012
1197354394,DOUBLECLICK,832.9412420000007
417571834,APPLOVIN,832.0641569997766
890378044,APPLOVIN,829.3443050000005
1671991909,MINTEGRAL,828.4951960000451
1212951043,APPLOVIN,827.1486209988153
com.outfit7.mytalkingtom2,DOUBLECLICK,826.9046320000017
1344700142,APPLOVIN,826.2395720000004
1370293473,UNITY,825.5683269999997
444741112,INNERACTIVE_DIRECT,823.178196000001
com.easybrain.sudoku.android,MINTEGRAL,821.8823929999998
993090598,MINTEGRAL,821.4777520000365
com.justplay.app,BIGO,819.2830659999997
1274972321,MINTEGRAL,818.5555359999629
6446891577,UNITY,817.8692340000002
com.pocket.sort.coin.puzzle.game,PANGLE,816.715669
6511238101,MINTEGRAL,816.3470789999893
6749132002,MINTEGRAL,816.1756370000336
com.picsart.studio,UNITY,814.7828969999797
com.king.candycrushsodasaga,IRONSOURCE,813.9769580000018
live.shorttv.apps,DOUBLECLICK,813.5922000000002
1383187127,BIGO,813.4898430000039
6448392144,APPLOVIN,812.6983259984593
com.zynga.words3,A9TAM,812.6707349999969
6446890132,INNERACTIVE_DIRECT,812.5497919999984
6463127238,IRONSOURCE,811.9797199999964
1197961218,IRONSOURCE,811.4741100000011
com.vitastudio.mahjong,A9TAM,806.4654889997403
1618041797,VERVE,806.394497000051
6503060634,CHARTBOOST,805.6946569999888
com.litatom.app,PANGLE,804.9183400000026
6479528256,INNERACTIVE_DIRECT,804.593634
1130153523,DOUBLECLICK,801.2593299999954
6473000893,A9TAM,801.1593389999676
1104692136,CHARTBOOST,800.508238999997
6449486871,APPLOVIN,799.660297000001
1502447854,APPLOVIN,799.4557309994364
6751222488,MINTEGRAL,799.3603750000083
6514312894,APPODEAL,798.5196249999997
642831690,VERVE,797.7958860000022
6754243057,APPLOVIN,797.5271999974096
6754098532,UNITY,796.8091220000006
com.matteljv.uno,UNITY,796.0658190000019
com.litatom.app,INNERACTIVE_DIRECT,795.1354949999879
6448176203,IRONSOURCE,794.9377519999994
6448392144,MINTEGRAL,793.4080540000069
6743441683,APPLOVIN,792.6464089998842
6514312894,DOUBLECLICK,792.1920900000005
1538912205,IRONSOURCE,791.0784649999603
jigsaw.puzzle.game.banana,VERVE,788.3991259999714
6751225067,MINTEGRAL,787.8335870000012
com.naver.linewebtoon,UNITY,786.367980999997
1404165333,UNITY,785.5166420000002
329218549,DOUBLECLICK,784.7544260000861
6444837964,PANGLE,783.8742480000084
6504849169,IRONSOURCE,783.7816369999996
io.voodoo.paper2,IRONSOURCE,783.3305829982809
6446669987,INNERACTIVE_DIRECT,781.178189000048
6474685600,BIGO,780.679016000024
358899126,MINTEGRAL,779.5135420000095
com.picsart.studio,IRONSOURCE,778.474068999987
605569663,IRONSOURCE,777.0286679999967
com.superplaystudios.dicedreams,INNERACTIVE_DIRECT,776.9843900000003
526641427,UNITY,776.5276379999999
6759763476,MINTEGRAL,776.4357159999994
com.outfit7.mytalkingangela2,DOUBLECLICK,774.1720860000014
6746465127,BIGO,772.114421
6752973567,MINTEGRAL,771.761582
6446890132,UNITY,771.6480400000004
com.kiloo.subwaysurf,APPLOVIN,768.3444130000008
1410235921,MINTEGRAL,768.2509760000005
1667538256,APPLOVIN,765.3769899998824
6504849169,BIGO,765.0130929999999
6467129396,INNERACTIVE_DIRECT,764.957782000041
880178264,A9TAM,763.2650639999757
6740326134,BIGO,759.2339319999998
com.hitappsgames.wordsolitaire,APPLOVIN,758.3204149982378
1463509237,IRONSOURCE,755.7558589999998
6450958246,UNITY,754.8964340000002
834185106,APPODEAL,754.725467
6758326278,MINTEGRAL,753.7150159999965
com.tripledot.woodoku,CHARTBOOST,752.9310930000353
com.miui.cleaner,DOUBLECLICK,752.3604130000004
1420058690,DOUBLECLICK,752.1301740000981
6733244789,IRONSOURCE,750.7384179998255
1618041797,MINTEGRAL,749.9699280000236
642831690,APPLOVIN,749.725733999677
1388988209,BIGO,748.7593490000075
1502193377,IRONSOURCE,748.1716640000028
1382466301,CHARTBOOST,747.9305649999916
6467129657,MINTEGRAL,746.6529189999976
6479238647,UNITY,746.633816999994
1492722342,INNERACTIVE_DIRECT,746.4144300000002
1564391515,INNERACTIVE_DIRECT,744.1990900000475
6633425539,IRONSOURCE,743.2849100000088
6547835725,INNERACTIVE_DIRECT,742.9911620000158
6446354191,IRONSOURCE,742.5012289999735
com.freereels.app,APPLOVIN,741.2580329999939
kidultlovin.word.zen,A9TAM,740.8058559997854
com.enzo.paulo,UNITY,740.4558020000004
306310789,NIMBUS,735.4696010000063
com.fingersoft.hcr2,INMOBI,735.4435069999995
1103438575,CRITEO,731.7665950000007
com.ibragunduz.applockpro,APPLOVIN,731.39633199813
1482887935,A9TAM,730.9884909999879
1625097467,DOUBLECLICK,729.5334560000389
1538433480,INNERACTIVE_DIRECT,729.4834510000084
6636495643,APPLOVIN,729.3823299999998
com.justplay.app,APPLOVIN,729.2541559999997
com.dubox.drive,DOUBLECLICK,729.2374680000087
1197961218,APPLOVIN,729.1632329998419
6502597181,MINTEGRAL,728.0975340000062
1215933788,IRONSOURCE,722.8328920000004
com.screw3d.match.nuts.bolts.pin.jam.away.puzzle,APPLOVIN,721.3362669979042
com.scores365,PANGLE,719.8003170000011
1667538616,A9TAM,718.9405429999948
com.lenovo.anyshare.gps,DOUBLECLICK,717.9018570000015
io.supercent.linkedcubic,UNITY,716.7323889999999
com.justplay.app,INNERACTIVE_DIRECT,716.3856709999998
1466346433,MINTEGRAL,715.866562
1274972321,A9TAM,715.2600020000186
1557392270,CHARTBOOST,715.2008839999313
com.audiomack,APPODEAL,715.0670900000008
1274972321,DOUBLECLICK,711.1640650000061
6446354191,A9TAM,710.7308880000212
com.tripledot.woodoku,APPLOVIN,710.7288029998136
6502341730,UNITY,708.906579
com.king.candycrushsaga,INNERACTIVE_DIRECT,708.3110550000001
6479528256,UNITY,705.899359
6471572249,VERVE,705.6552360000122
1482887935,VERVE,705.6119060000044
1557392270,DOUBLECLICK,704.2352280000414
6482849843,DOUBLECLICK,702.7130759999974
com.loomgames.pixelflow,UNITY,701.114493
grill.sort.food.games.match.puzzle,MINTEGRAL,701.0376899998885
com.flightradar24free,DOUBLECLICK,700.694678999992
6747492600,MINTEGRAL,699.9456700000036
6642698438,APPLOVIN,699.2016259992226
6692629257,MINTEGRAL,699.1579550000116
puzzle.yarn.fever.unravel.puzzle,BIGO,698.3688550000061
com.storymatrix.drama,DOUBLECLICK,697.8369130000013
com.miniclip.eightballpool,IRONSOURCE,694.2387309999998
1482887935,MINTEGRAL,693.877121
1519174001,APPLOVIN,693.1403080000189
724594093,UNITY,691.6087310000004
6751270213,DOUBLECLICK,691.0035450000115
6504122823,APPLOVIN,690.3953269999942
6452119853,APPODEAL,689.634551
1342112505,DOUBLECLICK,688.9270290000031
1206967173,A9TAM,687.4959879999999
6446669987,MINTEGRAL,687.3073949999999
6755183085,APPLOVIN,685.8424990000002
6499293031,BIGO,685.7983740000001
6752973567,APPLOVIN,684.873564
com.pieyel.scrabble,CHARTBOOST,683.2011510000808
6499293031,MINTEGRAL,682.3401670000003
469463298,DOUBLECLICK,681.4484169999988
com.GybeGames.ColorBlockJam,UNITY,680.8006240000173
306310789,MINTEGRAL,680.0388229999825
com.mobilityware.spider,MOBILITYWARE,679.4020069999992
com.dramawave.app,DOUBLECLICK,678.525044000002
356928178,VERVE,678.3446470000022
605569663,MINTEGRAL,678.1671250000201
com.puzzlegames.puzzlebrickslegend,APPLOVIN,677.5505739981603
com.storymatrix.drama,UNITY,677.5326180000003
com.Gamnest.CandyRace,UNITY,676.6574400000002
1538912205,MINTEGRAL,676.0450050000017
766443283,DOUBLECLICK,675.9368299999796
1625097467,MINTEGRAL,675.3751840000159
6742812903,DOUBLECLICK,673.1591980000036
1190849728,APPLOVIN,673.0376570000187
6449243946,BIGO,672.4490920000011
com.domobile.applockwatcher,A9TAM,671.9450329997491
1544750895,MINTEGRAL,671.889422
1466346433,INNERACTIVE_DIRECT,671.0404229999999
com.android.thememanager,PANGLE,669.9287300000001
500962489,UNITY,669.5311750000008
714796093,APPLOVIN,669.5099730000002
6502341730,APPLOVIN,669.4492069999884
366247306,MINTEGRAL,668.6707769999988
6756913359,UNITY,666.4836500000013
6453522960,BIGO,666.0852360000027
417571834,UNITY,665.5891799999993
games.vaveda.militaryoverturn,PANGLE,664.7442050000001
1577533842,BIGO,661.3647080000106
6754098532,BIGO,661.3280700000079
6478063606,MINTEGRAL,661.0930310000114
kr.co.psynet,INNERACTIVE_DIRECT,660.8365319999998
1492722342,IRONSOURCE,660.3444639999998
479280326,APPLOVIN,659.7170529995853
6499209500,VERVE,658.3631420000014
com.outfit7.mytalkingtom2,CHARTBOOST,657.9091190000074
526641427,INNERACTIVE_DIRECT,657.9017850000007
com.hitappsgames.wordsolitaire,UNITY,657.7756880000134
1638253339,MINTEGRAL,656.4316370000005
6449243946,IRONSOURCE,655.9797959999997
com.mobilityware.solitaire,APPLOVIN,652.7209529999989
com.tranzmate,DOUBLECLICK,651.6950730000143
puzzle.yarn.fever.unravel.puzzle,PANGLE,649.5457850000001
puzzle.yarn.fever.unravel.puzzle,VERVE,648.8679269999967
6754363534,IRONSOURCE,648.8370209999999
1550945606,DOUBLECLICK,648.6065700000012
com.newreading.goodreels,DOUBLECLICK,648.3889919999959
com.fc.goods.sort.matching.puzzle.triplemaster,PANGLE,648.1826899999998
com.miniclip.cricketleague,INMOBI,647.09449
io.voodoo.holeio,APPLOVIN,647.0933810000004
com.tripledot.woodoku,DOUBLECLICK,646.4595910000028
6464002625,APPLOVIN,646.3331730000002
597088068,APPLOVIN,644.9146209999998
6737022506,IRONSOURCE,644.0213869999986
6737022506,MINTEGRAL,642.036103000006
com.outfit7.mytalkingtom2,PANGLE,641.6023409999989
1318181304,BIGO,640.9803950000023
321916506,INNERACTIVE_DIRECT,637.5923030000135
6743385713,APPLOVIN,637.5415109983926
6737874398,INNERACTIVE_DIRECT,634.4742779999998
com.pieyel.scrabble,APPLOVIN,633.526907999557
1342112505,CHARTBOOST,632.4528950000042
6744317674,BIGO,632.2858060000113
com.oakever.arrows,IRONSOURCE,631.9223779999988
6633425539,BIGO,630.597394000001
6450917563,BIGO,627.0359070000005
com.sled.surfers.game,PANGLE,625.7625520000004
6449486871,DOUBLECLICK,624.2335070000001
1569776448,A9TAM,623.3210109999508
wp.wattpad,MINTEGRAL,622.9035789999997
1331794412,APPLOVIN,622.8253519993659
579581125,INNERACTIVE_DIRECT,621.756239
com.wood.block.sudoku.puzzle.bm,UNITY,620.2798789999827
com.amelosinteractive.snake,IRONSOURCE,619.2821270000002
com.puzzlegames.puzzlebrickslegend,UNITY,618.6509840000008
com.nebula.mahjongtile,UNITY,618.6142659999965
io.voodoo.paper2,UNITY,618.5747460000279
sorting.games.goods.sort.triple.match3d.puzzle.stuff,VERVE,617.702505000014
6448176203,DOUBLECLICK,617.1148969999992
com.aws.android,DOUBLECLICK,616.6259689999999
6746331323,IRONSOURCE,615.8490020000005
1572661625,A9TAM,615.429972999943
com.gimica.ballbounce,BIGO,614.1597120000013
6479238647,INNERACTIVE_DIRECT,612.960034000063
1569776448,APPLOVIN,612.8990900000115
grill.sort.food.games.match.puzzle,BIGO,612.6179779990765
com.easybrain.arrow.puzzle.game,IRONSOURCE,610.5268880000136
com.screw3d.match.nuts.bolts.pin.jam.away.puzzle,PANGLE,610.506324
com.fugo.wow,UNITY,609.9334639999997
6504849169,APPLOVIN,609.5024380000001
6751222488,BIGO,605.7804020000071
1643481036,DOUBLECLICK,604.8925829999921
6749456493,APPLOVIN,604.5687789990222
1602508478,APPLOVIN,603.984231997881
1658958534,BIGO,603.7536760000024
easy.sudoku.puzzle.solver.free,APPLOVIN,603.3236999968058
1557392270,UNITY,602.8472890000002
6444407009,APPLOVIN,602.6002209999876
io.supercent.pizzaidle,BIGO,602.4075500000027
com.billiardsgame.ballking,PANGLE,601.3353310000003
1215933788,NIMBUS,600.1017450000003
1420058690,A9TAM,599.2834479999411
1635760774,MINTEGRAL,598.9568460000044
1542776143,MINTEGRAL,598.6108280000002
6444407009,VERVE,596.8113940000004
1671315416,APPLOVIN,596.5968120000041
com.newleaf.app.android.victor,PANGLE,596.0388010000008
1545567989,APPLOVIN,595.3900070000361
6754098532,IRONSOURCE,594.6447169999982
6758184735,IRONSOURCE,592.8234320000004
com.instabridge.android,INNERACTIVE_DIRECT,591.7888730000008
358899126,UNITY,591.6490110000001
com.arrow.out,APPLOVIN,590.8421009991863
6748950306,BIGO,590.3108830000001
6754862574,INMOBI,590.1972360000002
6446891577,VERVE,589.9654910000002
6755815731,MINTEGRAL,589.7931349999948
com.vincentb.MobControl,UNITY,589.143148
1667538616,VERVE,586.4335540000004
834185106,APPLOVIN,585.1535510000002
6444056676,MINTEGRAL,583.4734730000001
ball.sort.puzzle.color.sorting.bubble.games,DOUBLECLICK,583.4489039999928
6463127238,MINTEGRAL,582.707459
6463127238,BIGO,582.0828290000004
6502597181,INNERACTIVE_DIRECT,582.0295350000046
1420294918,DOUBLECLICK,581.2999960000013
com.grandgames.magicsort,APPLOVIN,580.8587729999998
1486214495,A9TAM,579.2191129999725
1452526406,BIGO,576.7398169999998
1557392270,BIGO,575.9713980000012
6446354191,MINTEGRAL,575.9225120000141
6749456493,IRONSOURCE,575.6434400000003
1635760774,DOUBLECLICK,573.9469650000044
6446005634,INNERACTIVE_DIRECT,573.3549449999998
1466197423,ZMATICOO,573.2763090000013
517539894,INNERACTIVE_DIRECT,572.760363
6751270213,APPLOVIN,572.6640099997583
6446891679,A9TAM,572.2602599999972
one.cryptoguru.cryptotradingacademy,APPLOVIN,572.008053999998
easy.sudoku.puzzle.solver.free,PANGLE,571.3910040000004
com.miniclip.carrom,APPLOVIN,569.7923989997726
com.netshort.abroad,CHARTBOOST,569.6527730000026
1514542157,MINTEGRAL,569.309561000016
1577533842,IRONSOURCE,568.3875809999994
1355464544,MINTEGRAL,568.0478819999684
6446890186,A9TAM,567.7495419999963
com.hitappsgames.wordsolitaire,PANGLE,566.6811989999999
6446669987,A9TAM,566.2903089999918
314716233,VERVE,566.0543209999996
6503060634,A9TAM,565.8984399999644
6452119853,IRONSOURCE,565.4908319999993
com.domobile.applockwatcher,APPLOVIN,564.7373289998992
399355755,MINTEGRAL,562.3745960000006
com.hitappsgames.wordsolitaire,BIGO,561.706905
io.voodoo.holeio,IRONSOURCE,561.1725639996737
6737022506,BIGO,558.0107400000013
com.oakever.arrows,A9TAM,557.7099989999402
wool.match.color.sort.jam.puzzle,APPLOVIN,557.4257059994547
6473000893,IRONSOURCE,556.3011349999988
358899126,DOUBLECLICK,556.2704840000013
6744317674,INMOBI,556.03270600005
642831690,DOUBLECLICK,556.0285310000013
com.free.vpn.super.hotspot.open,CHARTBOOST,555.4819650000001
6479238647,DOUBLECLICK,555.0509400000005
com.matteljv.uno,IRONSOURCE,554.5496290000007
1214223596,APPLOVIN,554.0807409997665
6744547461,MINTEGRAL,552.3666830000036
6480174499,CHARTBOOST,551.6112270000826
6744547461,APPLOVIN,550.702746999786
6738771575,DOUBLECLICK,549.8351789999879
1484468651,MINTEGRAL,549.7971190000004
at.ner.SolitaireKlondike,MINTEGRAL,548.832975
6471265311,A9TAM,547.5328249999975
372648912,DOUBLECLICK,547.2048890000071
com.firsttouchgames.dls7,UNITY,546.626149
1444990764,UNITY,546.1032870000001
com.supercell.hayday,DOUBLECLICK,546.0531130000012
1644099880,IRONSOURCE,545.5409449999959
1514542157,IRONSOURCE,544.6894990000003
6744547461,IRONSOURCE,544.5791080000002
1095569891,MINTEGRAL,544.1722160000043
892521917,APPODEAL,543.814596
1235581326,IRONSOURCE,543.6311619999938
6746331323,MINTEGRAL,543.4152340000004
6744317674,MINTEGRAL,543.3508549999965
com.supercell.hayday,IRONSOURCE,543.1034220000007
1452526406,APPLOVIN,542.9304430000059
com.arrow.out,PANGLE,542.4672060000006
com.ig.screwdom,UNITY,541.7618619999822
jp.naver.linemanga.android,INNERACTIVE_DIRECT,541.3415759999999
6443760593,DOUBLECLICK,534.3740249999997
6754862574,BIGO,534.0637399999999
6446891679,VERVE,533.4597790000031
wp.wattpad,APPLOVIN,533.3946969997287
puzzle.yarn.fever.unravel.puzzle,APPLOVIN,532.8676389994137
1671315416,INNERACTIVE_DIRECT,532.5102030000027
1442749804,BIGO,531.8602319999943
1618041797,BIGO,530.9996730000005
1635760774,APPLOVIN,530.9591619988169
6511238101,DOUBLECLICK,529.8462900000055
1635760774,BIGO,528.5280229998405
6446197181,DOUBLECLICK,527.840524
714796093,INNERACTIVE_DIRECT,527.3645889999992
1635289326,MINTEGRAL,525.578419000003
6743385713,CHARTBOOST,525.0257950000001
6475168012,APPLOVIN,524.7349000000002
1667538616,APPLOVIN,524.7122539999962
com.goldendragon.luckyblessing,UNITY,524.4861880000001
com.tripledot.solitaire,BIGO,524.2954580000005
393048976,VERVE,523.932386
1618041797,APPLOVIN,523.0983979996887
6453522960,IRONSOURCE,522.7388219999938
1600871388,DOUBLECLICK,522.0541439999998
281940292,INMOBI,521.7080429999999
6733244789,CHARTBOOST,520.4834849999603
com.loomgames.pixelflow,APPLOVIN,519.9954909999997
6504122823,INNERACTIVE_DIRECT,519.7417610000003
1633296501,APPLOVIN,518.8476059999981
6503060634,DOUBLECLICK,516.7047759999999
com.screw3d.match.nuts.bolts.pin.jam.away.puzzle,DOUBLECLICK,516.6000369999924
1658958534,APPLOVIN,516.48105799952
com.peoplefun.wordcross,APPLOVIN,516.2731389998152
com.vitastudio.mahjong,VERVE,515.9809239999598
1514542157,A9TAM,515.7051359999869
6742812903,BIGO,515.2337519999998
724594093,DOUBLECLICK,515.1897529999999
1660171117,APPLOVIN,514.0678389995344
850417475,INNERACTIVE_DIRECT,513.2334729999999
com.block.juggle,DOUBLECLICK,512.9125480000308
com.Cash.Drama,MINTEGRAL,512.8086530000002
6479238647,CHARTBOOST,512.7767990000964
6446005634,UNITY,512.4671249999999
com.miui.videoplayer,PANGLE,512.3929260000007
com.resultadosfutbol.mobile,DOUBLECLICK,512.2665719999886
6737874398,APPLOVIN,511.5246529999996
6444312211,MINTEGRAL,510.9379370000019
6471572249,ZMATICOO,510.86498600000095
6480174499,BIGO,510.5848620000034
429610587,DOUBLECLICK,509.81002900001283
1667538616,BIGO,509.47308700000116
com.dramawave.app,UNITY,508.6651660000002
6590876141,DOUBLECLICK,508.34584000000024
1569776448,IRONSOURCE,508.2693760000001
6444312211,INNERACTIVE_DIRECT,506.8907619999995
523001403,MINTEGRAL,506.8387430000003
6465991018,BIGO,505.53444899999977
6504332779,VERVE,505.44677099999996
6642698438,DOUBLECLICK,504.689263999967
kidultlovin.word.zen,VERVE,503.9131929999888
1557392270,ZMATICOO,503.83293800000246
6755425214,DOUBLECLICK,503.8081170000002
com.superplaystudios.dicedreams,UNITY,503.42569400000014
in.playsimple.wordsearch,APPODEAL,502.6030660000059
com.awesome.puzzlehexasort,APPLOVIN,502.1351889992959
com.UCMobile.intl,DOUBLECLICK,501.12381900000076
1643509748,BIGO,501.01119400000005
1331794412,IRONSOURCE,498.61564800000724
com.rovio.baba,UNITY,498.3750519999995
solitaire.patience.card.games.klondike.free,DOUBLECLICK,498.3118089999843
1466346433,INMOBI,497.99004300000007
1197961218,MINTEGRAL,497.09680900000427
com.GybeGames.ColorBlockJam,DOUBLECLICK,496.1275269999999
6754862574,APPLOVIN,495.064704999999
6475168012,MINTEGRAL,495.04202899999996
solitaire.patience.card.games.klondike.free,PANGLE,493.59057399999915
1598997500,APPODEAL,492.927832
io.supercent.linkedcubic,DOUBLECLICK,491.96308999995915
6740326134,DOUBLECLICK,491.581106
1625097467,APPLOVIN,490.2006590000493
com.gimica.treasuremaster,INNERACTIVE_DIRECT,489.8742890000001
1602508478,IRONSOURCE,489.60034999999186
1420058690,ZMATICOO,488.70045600000344
6451208928,INMOBI,488.6343480000285
6692629257,IRONSOURCE,488.0818799999999
6446890186,BIGO,487.88303700000245
714796093,UNITY,485.5411629999999
com.bigwinepot.nwdn.international,PANGLE,485.23695300000026
395979574,VERVE,484.6232279999996
894546091,NIMBUS,484.55893200000037
1420058690,BIGO,483.69507099999674
892521917,IRONSOURCE,483.54065299999996
1410235921,UNITY,483.28775800000005
6702018773,VERVE,481.6650619999998
sorting.games.goods.sort.triple.match3d.puzzle.stuff,APPODEAL,481.4378970000024
1452526406,IRONSOURCE,480.8674210000001
live.shorttv.apps,MINTEGRAL,480.74886
6444837964,IRONSOURCE,480.4617530000064
com.bitsmedia.android.muslimpro,DOUBLECLICK,479.9564780000097
1671315416,UNITY,479.2395140000018
6749132002,APPLOVIN,479.21825999969593
com.amelosinteractive.snake,PANGLE,478.8638160000007
water.sort.puzzle.game.color.sorting.free,VERVE,478.2855130000044
1206967173,APPLOVIN,478.1624459999999
6449190344,APPLOVIN,477.49429800000024
1578681725,BIGO,476.62906600000167
com.oakever.tiletrip,CHARTBOOST,475.50849800020757
defense.roguelike.cell.shoot.survivor,UNITY,474.39341200000007
com.oakever.tiletrip,VERVE,473.44543199997645
6590876141,VERVE,473.3731689999963
1470373330,DOUBLECLICK,472.26197700000034
solitaire.patience.card.games.klondike.free,A9TAM,471.63478599997933
297368629,DOUBLECLICK,470.68694
net.supertreat.solitaire,INNERACTIVE_DIRECT,469.55841999999996
1357464684,DOUBLECLICK,469.53713400000004
com.Beauchamp.Messenger.external,IRONSOURCE,469.2111009999951
6452119853,VERVE,468.95929299999494
com.awesome.puzzlehexasort,CHARTBOOST,468.1208849999224
solitaire.patience.card.games.klondike.free,APPLOVIN,466.9187899994736
1623318294,APPLOVIN,466.7945200000002
6702018773,CHARTBOOST,466.10276600000685
1641107226,UNITY,465.97250700000535
6446197181,INMOBI,464.680825
1557392270,IRONSOURCE,464.12317599999994
6446890132,A9TAM,462.85682599999694
1644847077,MINTEGRAL,462.6429269999942
543186831,IRONSOURCE,461.475056
6446891679,BIGO,460.8252510000019
1465731199,DOUBLECLICK,460.0042339999994
1671315416,DOUBLECLICK,459.968962999995
429610587,BIGO,459.53956300000067
6480174499,MINTEGRAL,458.9503550000046
com.vincentb.MobControl,PANGLE,458.3192759999999
766443283,A9TAM,458.053870999949
com.ig.screwdom,IRONSOURCE,458.0363960000199
com.ecffri.arrows,IRONSOURCE,457.5991070000019
com.grandgames.magicsort,UNITY,457.09962500000006
1214223596,IRONSOURCE,456.76876099999424
1667538616,MINTEGRAL,456.25846000000064
1578681725,MINTEGRAL,456.04520600000296
6467129657,INNERACTIVE_DIRECT,455.4548130000014
6499209500,BIGO,455.4104080000009
com.pieyel.scrabble,A9TAM,455.24507500002017
1472419762,UNITY,454.7182930000001
com.fc.goods.sort.matching.puzzle.triplemaster,UNITY,452.88757600000037
com.awesome.puzzlehexasort,DOUBLECLICK,450.0065600000047
6746331323,APPLOVIN,449.629045999912
6739069151,IRONSOURCE,449.0761970000127
wp.wattpad,VERVE,447.87345999999707
com.screw3d.match.nuts.bolts.pin.jam.away.puzzle,A9TAM,447.81418399993487
847492141,UNITY,447.4982100000036
6754558455,INNERACTIVE_DIRECT,447.3881040000001
1564391515,APPLOVIN,446.55812700004856
com.easybrain.number.puzzle.game,A9TAM,446.4274049999851
com.community.oneroom,PANGLE,446.4047379999991
jigsaw.puzzle.game.banana,A9TAM,446.3872639999825
1470373330,MINTEGRAL,445.2921439999999
com.billiardsgame.ballking,APPLOVIN,445.2622889999998
com.grindrapp.android,IRONSOURCE,444.8074770000007
io.voodoo.paper2,PANGLE,444.780427
com.miniclip.carrom,IRONSOURCE,444.5928840000003
6743441683,APPODEAL,444.5558970000023
1667538256,IRONSOURCE,444.368217
6636495643,UNITY,443.74975400000005
free.vpn.unblock.proxy.vpnmaster,DOUBLECLICK,442.668490000002
free.vpn.unblock.proxy.vpnmaster,INMOBI,441.9853889999999
526641427,IRONSOURCE,441.3485039999996
1383187127,INNERACTIVE_DIRECT,440.372917999972
1274972321,APPLOVIN,440.25750700002254
6523424272,MINTEGRAL,440.19080300000724
6737214802,DOUBLECLICK,438.1212239999689
1595314851,IRONSOURCE,438.11329800000004
1420058690,APPLOVIN,437.8290899998891
com.hitappsgames.wordsolitaire,IRONSOURCE,436.78506500001475
6453522960,MINTEGRAL,436.4406450000006
6502341730,IRONSOURCE,436.411609
com.fc.goods.sort.matching.puzzle.triplemaster,IRONSOURCE,435.17083300001167
6463127238,APPLOVIN,433.6599680000383
1562817072,INNERACTIVE_DIRECT,432.831667
com.bstar.intl,PANGLE,429.92884000000004
6446891577,A9TAM,429.27583999999723
1472419762,BIGO,427.1373579999999
com.oakever.arrows,DOUBLECLICK,426.94814400000155
com.dramawave.app,APPLOVIN,426.3844120000004
com.offerup,INMOBI,425.49374599999993
714796093,IRONSOURCE,425.4468389999999
6450917563,IRONSOURCE,425.397498
6503060634,VERVE,425.0379939999815
1519174001,IRONSOURCE,424.4439580000001
6448176203,APPLOVIN,424.34795899999995
com.Beauchamp.Messenger.external,APPLOVIN,423.9338209989566
1463509237,APPLOVIN,423.736546
1633296501,INNERACTIVE_DIRECT,423.628589
1206967173,DOUBLECLICK,420.8671909999999
1578681725,INNERACTIVE_DIRECT,420.3236569999982
6740326134,APPLOVIN,420.1619519999997
884006786,BIGO,419.85752500000217
at.ner.SolitaireKlondike,UNITY,419.604306
6499209500,A9TAM,418.1348460000002
1589762792,CHARTBOOST,417.5619389999951
1269540854,IRONSOURCE,417.33371799999736
easy.sudoku.puzzle.solver.free,A9TAM,416.3862779999242
6758326278,BIGO,416.338137
1288430163,MINTEGRAL,416.20157200000426
com.easybrain.crossword.puzzles,UNITY,415.63166400000176
com.peoplefun.wordcross,UNITY,415.5365880000035
1608987929,UNITY,415.314554
632064380,MINTEGRAL,415.3015329999997
com.easybrain.block.puzzle.games,VERVE,415.0645810000003
445338486,APPLOVIN,413.9468550000138
com.litatom.app,APPLOVIN,413.86169500000125
6744975195,APPLOVIN,412.26230300000014
6754098532,APPLOVIN,411.89610799993795
1383187127,MINTEGRAL,411.82497900000044
6642698438,MINTEGRAL,411.42853800001086
com.king.farmheroessaga,DOUBLECLICK,411.3564370000013
com.miniclip.carrom,PANGLE,411.2424320000014
6745003362,BIGO,410.0778080000036
com.aws.android,APPODEAL,409.77868099999995
com.supercell.hayday,APPLOVIN,409.7436560000001
com.dream11.fantasy.cricket.football.kabaddi,IRONSOURCE,408.9518150000007
ball.sort.puzzle.color.sorting.bubble.games,UNITY,408.2759010000003
1595314851,APPLOVIN,407.9124099999998
651510680,UNITY,407.7800769999997
6733244789,A9TAM,407.0869960000087
6547835725,MINTEGRAL,407.0490740000003
6692629257,BIGO,406.79804
1197961218,BIGO,406.7687300000017
1420294918,BIGO,405.74809900000054
6751225067,APPLOVIN,405.4909079999998
6751225067,BIGO,404.60832699999986
1572726361,CHARTBOOST,404.0281750000036
com.easybrain.block.puzzle.games,MINTEGRAL,403.5598830000006
1212951043,BIGO,403.27034600000576
com.Gamnest.CandyRace,PANGLE,402.75333300000057
1146465836,APPODEAL,402.32754600000004
games.vaveda.militaryoverturn,DOUBLECLICK,401.92302700000346
429610587,VERVE,401.7677830000037
592331499,ZMATICOO,401.7564940000013
ball.sort.puzzle.color.sorting.bubble.games,APPLOVIN,400.8690650000032
com.easybrain.arrow.puzzle.game,APPODEAL,400.4452099999998
com.fingersoft.hcr2,APPLOVIN,399.461263
1635289326,IRONSOURCE,399.204201
6446669987,DOUBLECLICK,399.052326000007
6754098532,A9TAM,398.55182500001837
6449190344,CHARTBOOST,396.1277649999999
6446197181,APPLOVIN,396.10502299999996
1644099880,APPLOVIN,396.0092100000459
com.arrow.out,APPODEAL,395.4949710000082
6446354191,APPLOVIN,394.0024179998346
6742812903,APPLOVIN,393.5394229998749
1580601028,APPLOVIN,393.38305500004947
1498889847,MINTEGRAL,393.1740020000001
1667538616,IRONSOURCE,392.43822900000004
6754098532,DOUBLECLICK,392.2552040000039
1472419762,DOUBLECLICK,392.09853799999996
1153883316,CHARTBOOST,391.9910869999992
kidultlovin.word.zen,CHARTBOOST,390.6310029999617
academy.gocrypto.trading,MINTEGRAL,389.6337590000008
6446669987,APPLOVIN,389.1972529999888
6737214802,UNITY,388.08289200000223
6479238647,VERVE,387.10867299999666
520502858,VERVE,386.91760900000145
com.easybrain.arrow.puzzle.game,APPLOVIN,386.25744100001316
com.easybrain.art.puzzle,A9TAM,386.14653399999486
6446005634,DOUBLECLICK,386.04199899999975
jigsaw.puzzle.game.banana,DOUBLECLICK,385.83512799998744
1667538256,MINTEGRAL,385.56760200000184
880178264,VERVE,384.8121350000014
1514542157,BIGO,384.73473100000206
6473000893,VERVE,383.93205599999646
com.metropcs.metrozone,VERVE,383.59730199999996
com.ibragunduz.applockpro,VERVE,383.2829729999544
1482887935,DOUBLECLICK,380.7995039999985
ball.sort.puzzle.color.sorting.bubble.games,PANGLE,379.92386699999975
6738771575,IRONSOURCE,379.6401740000002
jigsaw.puzzle.game.banana,PANGLE,379.1143549999999
com.flow.mobile,IRONSOURCE,378.17069900000024
kidultlovin.word.zen,UNITY,378.10253899999594
6751225067,UNITY,377.583961
1486214495,MINTEGRAL,377.46068100000707
500962489,IRONSOURCE,375.35459999999546
1658958534,IRONSOURCE,373.0377280000002
523001403,IRONSOURCE,372.65860999999995
com.hwqgrhhjfd.idlefastfood,PANGLE,372.3644020000001
one.cryptoguru.cryptotradingacademy,BIGO,372.3069509999999
1644099880,BIGO,371.8040560000125
academy.gocrypto.trading,APPLOVIN,371.71373699999924
1635289326,APPLOVIN,370.8410519999802
1191435163,MINTEGRAL,370.4965730000001
1564391515,MINTEGRAL,369.4951720000038
com.mobilityware.Spades,UNITY,368.3244049999999
6474133872,APPLOVIN,367.5564879998905
com.radio.pocketfm,APPLOVIN,367.1814539999983
wool.match.color.sort.jam.puzzle,IRONSOURCE,367.12306799995207
com.android.thememanager,APPLOVIN,366.7554079999999
6443760593,APPLOVIN,366.6412820000004
1442749804,APPLOVIN,365.859590999769
468996152,A9TAM,365.8262480000018
com.applabstudios.ai.mail.homescreen.inbox,DOUBLECLICK,364.81805900000006
com.JindoBlu.OfflineGames,UNITY,364.51509100000123
1028294311,DOUBLECLICK,362.52870200000035
1562817072,APPLOVIN,361.5099
com.radio.pocketfm,IRONSOURCE,360.943276999966
1658958534,VERVE,360.55644099999614
com.fc.goods.sort.matching.puzzle.triplemaster,VERVE,360.4451940000065
6744975195,IRONSOURCE,360.1079759999999
6752376239,UNITY,360.097967
6746465127,CHARTBOOST,359.64112500000005
6741703805,BIGO,359.267337
com.fc.goods.sort.matching.puzzle.triplemaster,A9TAM,358.26674299997114
com.youmusic.magictiles,UNITY,356.8256620000035
6444407009,IRONSOURCE,356.629551
com.amelosinteractive.snake,APPODEAL,356.5743599999999
1197354394,IRONSOURCE,356.1816059999944
com.niam.smartswitch.phonecloneapp.easytransfer,MINTEGRAL,354.128586
1542776143,APPLOVIN,353.9223070000001
com.soccer.score.star,UNITY,351.6074299999998
com.tripledot.solitaire,A9TAM,351.21990000000403
399355755,IRONSOURCE,351.2053879999983
com.superplaystudios.dicedreams,IRONSOURCE,349.994276
com.zynga.words3,CHARTBOOST,349.98424399999413
sorting.games.goods.sort.triple.match3d.puzzle.stuff,A9TAM,349.09790199998156
1190849728,IRONSOURCE,348.7138960000002
com.macrovideo.v380pro,MINTEGRAL,347.9288400000014
6446005634,APPODEAL,347.03145400000005
1410235921,INNERACTIVE_DIRECT,346.2605879999995
1625097467,VERVE,346.1635729999976
6754668686,IRONSOURCE,345.9577080000002
6479238647,IRONSOURCE,345.813331999997
com.herofightinggames.duck.blast,UNITY,344.08587900000003
6692629257,APPLOVIN,343.89262299988496
in.playsimple.wordsearch,PANGLE,343.64785700000004
1269540854,APPLOVIN,343.5737259999879
6449243946,MINTEGRAL,343.0495880000076
1470373330,APPLOVIN,341.80415499999975
video.downloader.videodownloader,APPLOVIN,341.0501539998893
642831690,APPODEAL,339.9268550000011
com.grandgames.magicsort,PANGLE,338.691836
com.picsart.studio,APPLOVIN,337.67466099985063
6733244789,BIGO,337.51651299997525
jigsaw.puzzle.game.banana,IRONSOURCE,337.366294
6751222488,APPLOVIN,335.61497299995
1465731199,A9TAM,335.52503699998795
1643481036,APPLOVIN,335.44150999994713
1538433480,MINTEGRAL,335.38305900000074
com.ig.screwdom,APPLOVIN,335.01103999979716
445338486,DOUBLECLICK,333.87780800000075
6450958246,APPLOVIN,333.3839329999993
in.playsimple.wordsearch,CHARTBOOST,332.4635260000809
6751225067,DOUBLECLICK,330.67358599999994
6740043080,PANGLE,329.9906839999995
com.fugo.wow,APPLOVIN,328.895397999809
1487882541,IRONSOURCE,328.78603300000003
sorting.games.goods.sort.triple.match3d.puzzle.stuff,APPLOVIN,328.68462499985856
1572661625,MINTEGRAL,328.4912789999998
418987775,DOUBLECLICK,327.5794700000011
884006786,MINTEGRAL,327.43619099999967
6474685600,DOUBLECLICK,327.37127899997927
com.weaver.app.prod,UNITY,326.85468600000013
1499081620,MINTEGRAL,326.14942600000086
com.nebula.mahjongtile,IRONSOURCE,325.7195439999966
6642698438,INNERACTIVE_DIRECT,325.6954189999999
6446890186,APPLOVIN,325.3274099999927
1618041797,IRONSOURCE,324.964114
1671991909,DOUBLECLICK,324.6875310000084
592331499,APPLOVIN,324.40229099996765
1638253339,IRONSOURCE,323.907929
6741703805,IRONSOURCE,323.88897599999996
com.wood.block.sudoku.puzzle.bm,IRONSOURCE,323.7879239999969
6444312211,IRONSOURCE,323.5399530000014
6754558455,MINTEGRAL,322.94918900000005
6751270213,IRONSOURCE,320.96506899999997
1671991909,APPLOVIN,320.45129199986917
1445472541,MINTEGRAL,319.554167
1235581326,APPLOVIN,316.86258299999605
easy.sudoku.puzzle.solver.free,DOUBLECLICK,316.70296699999807
com.tripledot.solitaire,UNITY,316.36911300000094
6752376239,APPLOVIN,316.220594
642831690,MINTEGRAL,315.1825810000005
net.supertreat.solitaire,APPLOVIN,314.21486799999997
6733244789,APPLOVIN,313.6799229996103
6478063606,APPLOVIN,313.6053629999787
net.zedge.android,DOUBLECLICK,312.8980569999999
6446891577,APPODEAL,312.41724800000054
com.sofascore.results,MINTEGRAL,311.8902970000002
1206967173,CHARTBOOST,311.8036130000001
com.puzzlegames.puzzlebrickslegend,IRONSOURCE,311.1074579999997
6754363534,INNERACTIVE_DIRECT,309.86845099999994
com.instabridge.android,APPLOVIN,309.05345
6523424272,IRONSOURCE,308.9576660000001
1641107226,APPLOVIN,308.5381839999945
com.zynga.words3,MINTEGRAL,306.8532709999999
1602508478,DOUBLECLICK,305.5231880000131
1103438575,VERVE,304.47197000000006
1658958534,A9TAM,304.3929259999866
651510680,DOUBLECLICK,304.0842749999999
com.GybeGames.ColorBlockJam,PANGLE,303.6113139999998
1564391515,DOUBLECLICK,303.5209510000026
1465731199,MINTEGRAL,302.8518040000016
6642698438,IRONSOURCE,302.82958
io.voodoo.holeio,UNITY,302.6304950000035
com.weaver.app.prod,DOUBLECLICK,302.47131900000085
com.aws.android,INMOBI,301.885922
1089225191,APPLOVIN,301.76762400000007
892521917,CHARTBOOST,301.5357209999999
651510680,BIGO,300.62192599999975
com.weather.Weather,CRITEO,300.6109320000001
com.easybrain.arrow.puzzle.game,PANGLE,299.46253900000005
jp.gocro.smartnews.android,INNERACTIVE_DIRECT,298.62969200000026
1466297045,INNERACTIVE_DIRECT,297.94085399999994
com.easybrain.number.puzzle.game,UNITY,296.52681199999495
com.superking.parchisi.star,UNITY,296.3186949999997
com.Beauchamp.Messenger.external,UNITY,294.97117200000326
1317978215,APPLOVIN,294.69393399987194
com.tripledot.woodoku,A9TAM,294.6147289999925
6467129657,BIGO,294.2474930000003
grill.sort.food.games.match.puzzle,ZMATICOO,293.344456999999
com.audiomack,IRONSOURCE,292.821911999999
com.gamebrain.hexasort,UNITY,291.94852999999836
com.soccer.score.star,PANGLE,291.9137430000008
com.zynga.words3,UNITY,291.5693709999993
at.ner.SolitaireKlondike,DOUBLECLICK,291.4306669999913
com.callapp.contacts,PANGLE,290.7500329999991
puzzle.yarn.fever.unravel.puzzle,A9TAM,290.6745059999867
6473000893,APPODEAL,290.21610000000766
com.hwqgrhhjfd.idlefastfood,UNITY,289.073321
com.tmobile.m1,NIMBUS,288.61653299999995
com.miniclip.eightballpool,DOUBLECLICK,288.31157299999995
free.tube.premium.advanced.tuber,APPLOVIN,288.1813869998036
1274972321,IRONSOURCE,286.26960899997465
kidultlovin.word.zen,PANGLE,286.07576299999965
6743091090,APPLOVIN,285.2203549999942
1538433480,APPLOVIN,283.0705349999981
1502447854,CHARTBOOST,282.6332410000058
com.newreading.goodreels,UNITY,280.93017800000007
com.puzzlegames.puzzlebrickslegend,PANGLE,280.86542599999984
1207472156,MINTEGRAL,280.796969
jigsaw.puzzle.game.banana,ZMATICOO,280.6151049999999
1197961218,A9TAM,280.5488209999945
6450958246,CHARTBOOST,279.5447660000007
6446891679,APPLOVIN,278.56308599998584
6498883328,ZMATICOO,277.4442750000013
com.oakever.arrows,APPODEAL,277.3316360000006
1383187127,APPLOVIN,277.227660999951
6446890186,MINTEGRAL,276.7874000000007
1191435163,IRONSOURCE,276.46873999999735
water.sort.puzzle.game.color.sorting.free,APPLOVIN,276.0795489999977
6747492600,VERVE,275.97644999999994
1643509748,APPLOVIN,275.8599179999999
easy.sudoku.puzzle.solver.free,UNITY,275.68501600000155
6737874398,MINTEGRAL,275.60964600000017
ball.sort.puzzle.color.sorting.bubble.games,A9TAM,274.72175499999
1664415775,BIGO,274.696981
1542776143,BIGO,274.61457299999995
1197961218,VERVE,274.5365189999954
6499209500,IRONSOURCE,274.4237969999999
com.youmusic.magictiles,PANGLE,271.26190599999995
1578681725,A9TAM,271.07387700000066
easy.sudoku.puzzle.solver.free,ZMATICOO,271.0720420000001
com.storymatrix.drama,IRONSOURCE,270.8230719999999
418987775,APPLOVIN,268.66199100000233
1420294918,MINTEGRAL,268.6283030000003
6504421808,APPLOVIN,268.361805
6471265311,IRONSOURCE,268.332649
com.hwqgrhhjfd.idlefastfood,DOUBLECLICK,267.567627
com.JindoBlu.OfflineGames,A9TAM,266.1990709999744
6446891577,IRONSOURCE,265.17601700000006
6702018773,APPLOVIN,264.7184439999956
6446891577,BIGO,264.6249370000007
6480174499,VERVE,263.33484999999524
301987699,VERVE,263.0016629999999
com.goldendragon.luckyblessing,APPLOVIN,262.2142540000001
1463509237,INMOBI,260.337691
1331794412,MINTEGRAL,259.93280899999905
1383187127,DOUBLECLICK,259.50912200000005
com.soccer.score.star,A9TAM,257.8763019999999
6467129657,IRONSOURCE,256.4432809999988
com.matteljv.uno,DOUBLECLICK,255.72385999999932
com.gamincat.jigsolitaire,APPLOVIN,255.42938399970384
6465991018,APPLOVIN,254.58304400000006
1146465836,CHARTBOOST,252.86259400000102
1235581326,MINTEGRAL,251.9859869999997
games.vaveda.militaryoverturn,UNITY,251.74721499998384
1617391485,CHARTBOOST,250.62631399996988
6754862574,MINTEGRAL,250.50389100000007
6471265311,APPLOVIN,250.28865199999626
834185106,IRONSOURCE,249.66844499999993
6467129396,BIGO,248.32372500000042
com.youmusic.magictiles,IRONSOURCE,246.6537079999569
com.pocket.sort.coin.puzzle.game,DOUBLECLICK,246.59356800000015
1608987929,APPLOVIN,246.271864
eu.livesport.FlashScore_com,DOUBLECLICK,246.23998499999084
com.weather.Weather,APPODEAL,245.77625500000005
6465991018,CHARTBOOST,244.74393900000013
com.gamebrain.hexasort,A9TAM,242.55392799999285
com.fc.goods.sort.matching.puzzle.triplemaster,APPLOVIN,242.48541699978756
com.naver.linewebtoon,IRONSOURCE,242.16941100000005
com.arrow.out,IRONSOURCE,242.16187799997275
993090598,IRONSOURCE,241.0897759999971
com.ibragunduz.applockpro,A9TAM,239.01130299997652
games.vaveda.militaryoverturn,IRONSOURCE,238.9092319999132
com.easybrain.block.puzzle.games,A9TAM,237.95268199999933
1595314851,UNITY,237.74545599999993
com.Gamnest.CandyRace,IRONSOURCE,237.71331700000036
6444312211,APPLOVIN,237.50573799999097
com.naver.linewebtoon,APPLOVIN,237.35225599999995
6475168012,UNITY,237.21508899999995
6547858927,PANGLE,237.0571549999999
418987775,MINTEGRAL,235.02170900000104
com.outfit7.mytalkingangela2,PANGLE,234.4497729999995
grill.sort.food.games.match.puzzle,DOUBLECLICK,233.92942900000037
6446890186,IRONSOURCE,233.54616100000004
297368629,INMOBI,233.48682600000004
com.outfit7.mytalkingangela2,CHARTBOOST,232.86256100000162
grill.sort.food.games.match.puzzle,IRONSOURCE,232.41006099996733
6444407009,BIGO,232.24480999999994
1357464684,MINTEGRAL,232.2270279999998
1664415775,APPLOVIN,231.66009499999998
6754098532,MINTEGRAL,231.59130800000347
523001403,APPLOVIN,230.8778309999998
com.amelosinteractive.snake,UNITY,230.79016099999996
1342112505,A9TAM,230.0421779999972
6444312211,BIGO,229.95024400000003
com.easybrain.sudoku.android,IRONSOURCE,228.95218199999786
com.king.farmheroessaga,IRONSOURCE,228.82202300000014
6740510106,APPLOVIN,228.81379899986064
com.gimica.treasuremaster,APPLOVIN,228.4287969999893
com.naver.linewebtoon,VERVE,228.41371299999992
com.gimica.treasuremaster,A9TAM,227.89442299999968
com.youmusic.magictiles,DOUBLECLICK,227.69879199999977
kidultlovin.word.zen,IRONSOURCE,227.15209999999553
puzzle.yarn.fever.unravel.puzzle,IRONSOURCE,226.810678999989
6446891577,APPLOVIN,226.67956799999098
6467129396,IRONSOURCE,226.1299610000002
com.easybrain.number.puzzle.game,IRONSOURCE,225.9983949999932
com.ludo.king,IRONSOURCE,225.26218999998915
free.vpn.unblock.proxy.vpnmaster,UNITY,225.18719899999988
1577533842,APPLOVIN,224.53591099983544
com.arrow.out,UNITY,223.7639679999889
com.naver.linewebtoon,NIMBUS,223.58075700000015
com.hotmini.drama.hot,DOUBLECLICK,223.4771909999999
puzzle.yarn.fever.unravel.puzzle,UNITY,223.2792839999981
com.outfit7.mytalkingtom2,ZMATICOO,222.7574059999999
com.radio.pocketfm,UNITY,222.34755599999897
com.Gamnest.BarberSalon,UNITY,221.89565199999979
com.niam.smartswitch.phonecloneapp.easytransfer,DOUBLECLICK,221.52971599999913
6446891679,IRONSOURCE,221.32232299999998
6450917563,MINTEGRAL,221.24788399999827
6499209500,APPLOVIN,220.9633549999948
1641107226,MINTEGRAL,217.31376800000027
6733244789,DOUBLECLICK,216.30972499999956
defense.roguelike.cell.shoot.survivor,APPLOVIN,215.8726210000002
6482849843,A9TAM,215.558581999982
com.JindoBlu.OfflineGames,IRONSOURCE,214.75839599998733
1619030760,APPODEAL,214.63175600000253
6499293031,ZMATICOO,214.3634520000001
com.sled.surfers.game,BIGO,214.21698500000034
com.easybrain.crossword.puzzles,IRONSOURCE,213.74428100000085
6702018773,A9TAM,213.577733999999
834185106,CHARTBOOST,212.67058
6448176203,MINTEGRAL,212.55749
1472419762,INMOBI,212.234107
games.vaveda.militaryoverturn,A9TAM,212.06880199997812
1163786766,PANGLE,211.80507299999815
6751533084,UNITY,211.02041199999996
6744547461,BIGO,210.83113000000083
6479238647,ZMATICOO,210.6924040000017
sorting.games.goods.sort.triple.match3d.puzzle.stuff,PANGLE,210.66345999999976
714796093,DOUBLECLICK,209.8943990000001
6702018773,INNERACTIVE_DIRECT,209.22514999999893
com.gamincat.jigsolitaire,UNITY,209.12226999999407
1619030760,APPLOVIN,207.67468799978872
6446669987,IRONSOURCE,207.339746
grill.sort.food.games.match.puzzle,UNITY,206.45552900000138
6465991018,INNERACTIVE_DIRECT,206.44624599999995
com.rovio.baba,IRONSOURCE,206.42967699999994
1664415775,DOUBLECLICK,206.285922
520502858,MINTEGRAL,206.04156700000007
video.downloader.videodownloader,UNITY,205.9078129999981
6446891679,MINTEGRAL,205.59748500000063
6499209500,MINTEGRAL,205.4235470000001
com.gamebrain.hexasort,APPLOVIN,204.76016699992587
live.shorttv.apps,PANGLE,203.86977400000004
com.pocket.sort.coin.puzzle.game,UNITY,203.34484199999648
com.justplay.app,PANGLE,202.975426
com.oakever.jigsawcard,DOUBLECLICK,202.49957500000107
com.wood.block.sudoku.puzzle.bm,CHARTBOOST,201.931333
1633296501,UNITY,201.87999
com.domobile.applockwatcher,PANGLE,201.72576499999977
1572661625,BIGO,201.42222200000293
1443446174,DOUBLECLICK,201.24323600000002
1466297045,IRONSOURCE,200.31991199999996
6446890132,APPLOVIN,200.2415869999879
1569776448,ZMATICOO,199.46866600000214
1382466301,IRONSOURCE,198.55795700000024
6482849843,PANGLE,198.44127499999829
grill.sort.food.games.match.puzzle,APPLOVIN,198.246050999932
6636495643,IRONSOURCE,198.18489999999997
defense.roguelike.cell.shoot.survivor,DOUBLECLICK,198.1180549999999
6479528256,APPLOVIN,198.057517
1095569891,BIGO,198.01383800000033
1206967173,IRONSOURCE,197.691974
6471265311,BIGO,197.38740000000033
jp.gocro.smartnews.android,INMOBI,197.201819
com.microsoft.microsoftsolitairecollection,VERVE,197.17362199999994
1531594277,DOUBLECLICK,195.81585099999992
1667538256,BIGO,195.62159700000038
in.playsimple.wordsearch,APPLOVIN,193.29516199990928
com.yolo.hiddenobjects,UNITY,193.25150399999833
6446890132,BIGO,191.840095000001
com.puzzlegames.puzzlebrickslegend,A9TAM,191.6710309999962
water.sort.puzzle.game.color.sorting.free,DOUBLECLICK,191.17175599999968
6503060634,APPLOVIN,190.70749699991484
382002079,NIMBUS,190.3428540000004
com.yolo.hiddenobjects,APPLOVIN,189.8681739999461
1578681725,IRONSOURCE,188.12310599999856
1503128132,APPLOVIN,187.87663899988127
1146465836,DOUBLECLICK,187.21534000000003
6449486871,IRONSOURCE,187.03908199999987
com.outfit7.mytalkingtom2,APPLOVIN,187.02314899999942
live.shorttv.apps,APPODEAL,186.77615399999996
6467129657,APPLOVIN,186.25802799999164
com.gimica.treasuremaster,UNITY,186.25289
1487882541,APPLOVIN,185.74455200000006
com.free.vpn.super.hotspot.open,UNITY,183.761189
6446197181,MINTEGRAL,182.79320499999997
6636495643,CHARTBOOST,182.69741900000002
com.Hadiz.Yogaflex,UNITY,182.678465
com.billiardsgame.ballking,CHARTBOOST,182.59571500000004
com.audiomack,NIMBUS,181.19506500000415
com.newreading.goodreels,APPLOVIN,181.04564800000009
com.Hadiz.Holeucaneat,UNITY,179.57081399999996
com.yolo.hiddenobjects,IRONSOURCE,179.1841099999877
1095569891,CHARTBOOST,177.728246
1146465836,UNITY,177.36565000000007
com.loomgames.pixelflow,PANGLE,176.96749899999986
6754098532,VERVE,176.04099699999867
kr.co.psynet,DOUBLECLICK,175.96815699999993
6514312894,APPLOVIN,175.81803199999996
608206510,VERVE,175.28092900000001
6744317674,APPLOVIN,175.05332299992753
6450958246,MINTEGRAL,174.96251100000003
1324604053,IRONSOURCE,174.53903600000007
6473000893,APPLOVIN,174.15503299998116
6608975929,IRONSOURCE,173.6254859999819
6633425539,APPLOVIN,172.99786799992972
wp.wattpad,PANGLE,172.99610599999943
351331194,UNITY,172.8622819999999
1514542157,APPLOVIN,171.55382199998212
6756913359,APPLOVIN,171.3929400000056
com.robtopx.geometryjumplite,MINTEGRAL,170.83970100000016
6636495643,INNERACTIVE_DIRECT,170.30636300000003
com.huub.tiger,VUNGLE,169.31506100000001
514485964,DOUBLECLICK,168.82841000000005
6471265311,MINTEGRAL,167.77940200000012
1342112505,BIGO,166.15840000000009
academy.gocrypto.trading,UNITY,165.68601500000003
sorting.games.goods.sort.triple.match3d.puzzle.stuff,DOUBLECLICK,164.91368400000135
com.radio.pocketfm,VERVE,163.97493599999996
com.screw3d.match.nuts.bolts.pin.jam.away.puzzle,IRONSOURCE,163.1442319999907
417571834,DOUBLECLICK,163.13940200000013
1011626777,DOUBLECLICK,162.92546699999997
com.hwqgrhhjfd.idlefastfood,APPLOVIN,162.571048
632064380,INMOBI,162.18531700000074
com.fingersoft.hcr2,CHARTBOOST,162.18163100000007
6446891577,MINTEGRAL,161.6379820000001
water.sort.puzzle.game.color.sorting.free,A9TAM,161.18879300000086
1577533842,ZMATICOO,160.75240200000104
6758184735,INNERACTIVE_DIRECT,160.5546750000001
com.snaptube.premium,INMOBI,160.288421
com.superplaystudios.dicedreams,PANGLE,160.059419
1484468651,APPLOVIN,159.223012
kjv.bible.kingjamesbible,A9TAM,158.1029159999963
6444056676,INNERACTIVE_DIRECT,158.01781599999993
1635289326,ZMATICOO,157.47580800000037
com.oakever.jigsawcard,VERVE,156.95094299999815
1538912205,DOUBLECLICK,156.74297999999987
com.peoplefun.wordcross,IRONSOURCE,156.6509359999955
1369521645,MINTEGRAL,156.53560000000036
6446890132,IRONSOURCE,155.92336999999995
sorting.games.goods.sort.triple.match3d.puzzle.stuff,CHARTBOOST,154.265961
com.studio27.MelonPlayground,APPLOVIN,153.5152469999999
6467129396,A9TAM,153.476260000002
6478063606,CHARTBOOST,153.344367
com.microsoft.microsoftsolitairecollection,CRITEO,152.67320700000016
com.bigwinepot.nwdn.international,DOUBLECLICK,151.67024699999632
6450958246,BIGO,150.90491500000002
com.king.candycrushsodasaga,VERVE,150.720935
1212951043,MINTEGRAL,150.4986980000001
com.fxroyale.app,UNITY,150.46500900000007
6737214802,APPLOVIN,150.42707699999332
6450958246,IRONSOURCE,149.49956099999997
1407852246,ZMATICOO,149.2672520000009
easy.sudoku.puzzle.solver.free,VERVE,149.02767100000065
1214223596,DOUBLECLICK,148.88185299999995
6756913359,PANGLE,148.18091199999995
jp.naver.linemanga.android,INMOBI,148.15094200000013
500962489,CHARTBOOST,147.88041100000004
com.king.candycrushsodasaga,INNERACTIVE_DIRECT,147.320557
1664415775,CHARTBOOST,146.97780399999996
com.xm.csee,DOUBLECLICK,146.6535449999935
com.lenovo.anyshare.gps,UNITY,146.48505100000207
6751533084,APPLOVIN,146.2459669999995
894546091,APPLOVIN,146.22640100000004
water.sort.puzzle.game.color.sorting.free,UNITY,146.0007269999997
com.Cash.Drama,UNITY,145.65021499999995
6443760593,MINTEGRAL,145.38224199999996
com.Hadiz.Holeucaneat,PANGLE,144.9300679999999
com.fingersoft.hcr2,DOUBLECLICK,144.80007199999997
1445472541,CHARTBOOST,144.59508200000008
io.supercent.pizzaidle,UNITY,144.36534900000004
6464002625,MINTEGRAL,144.34944399999998
880178264,CHARTBOOST,144.20224900000002
6754668686,MINTEGRAL,143.90462499999995
com.outfit7.mytalkingangela2,IRONSOURCE,143.8504660000001
1572661625,APPLOVIN,142.34014600014058
523001403,DOUBLECLICK,142.32788999999994
kjv.bible.kingjamesbible,DOUBLECLICK,141.3933279999995
com.herofightinggames.duck.blast,PANGLE,141.24293000000006
com.yolo.hiddenobjects,A9TAM,139.38473400000413
6444837964,APPLOVIN,139.37559000000203
com.Hadiz.Yogaflex,PANGLE,138.94842799999992
1531594277,UNITY,138.889425
1212951043,PANGLE,138.5062290000008
com.goldendragon.luckyblessing,IRONSOURCE,137.74534
com.oakever.jigsawcard,ZMATICOO,137.41220600000003
1572726361,INNERACTIVE_DIRECT,137.16579699999994
com.easybrain.arrow.puzzle.game,UNITY,136.63233699999972
com.yolo.hiddenobjects,PANGLE,136.516985
6737214802,IRONSOURCE,135.70937399999735
6738771575,APPLOVIN,135.7001329999726
500962489,BIGO,135.646315
com.JindoBlu.OfflineGames,VERVE,135.6317409999983
1572726361,IRONSOURCE,134.72504199999986
1344700142,MINTEGRAL,133.71757099999996
1542776143,CHARTBOOST,133.151561
6733244789,VERVE,133.1064409999988
382002079,A9TAM,132.7284530000076
com.vincentb.MobControl,IRONSOURCE,132.66409099999993
com.pocket.sort.coin.puzzle.game,IRONSOURCE,132.47546600003594
1610874732,INMOBI,132.27053899999996
6740510106,BIGO,132.08350100000246
com.studio27.MelonPlayground,IRONSOURCE,131.76795099999998
com.awesome.puzzlehexasort,IRONSOURCE,131.43937000002558
com.GybeGames.ColorBlockJam,APPODEAL,131.214666
com.naver.linewebtoon,PANGLE,130.88213700000006
com.mobilityware.Spades,VERVE,130.816608
kidultlovin.word.zen,ZMATICOO,129.621214
com.pocket.sort.coin.puzzle.game,A9TAM,129.28135299998988
6446197181,UNITY,129.080232
com.yolo.hiddenobjects,VERVE,128.61951299999936
579581125,VERVE,128.57030599999976
live.shorttv.apps,UNITY,128.059708
com.awesome.puzzlehexasort,A9TAM,126.68680199998471
water.sort.puzzle.game.color.sorting.free,PANGLE,126.559818
premium.gotube.adblock.utube,PANGLE,126.40435599999996
com.outfit7.mytalkingtom2,IRONSOURCE,126.03038500000005
wool.match.color.sort.jam.puzzle,ZMATICOO,124.49990000000007
6446354191,DOUBLECLICK,124.39311999999937
com.gimica.ballbounce,A9TAM,123.93478099999959
6670430706,PANGLE,123.76327400000004
com.studio27.MelonPlayground,PANGLE,123.70240300000005
com.weaver.app.prod,PANGLE,123.42127799999999
net.supertreat.solitaire,IRONSOURCE,123.32984399999998
com.radio.pocketfm,A9TAM,123.28371499999967
com.screw3d.match.nuts.bolts.pin.jam.away.puzzle,UNITY,122.74351
1212951043,IRONSOURCE,121.167021
com.goldendragon.luckyblessing,PANGLE,120.754165
com.miui.player,DOUBLECLICK,120.58154399999987
com.netshort.abroad,IRONSOURCE,120.16611999999832
840919914,PANGLE,119.25997900000037
1625097467,A9TAM,119.23320199999995
1550945606,PANGLE,118.82092099999996
1643481036,IRONSOURCE,117.805036
1454213029,IRONSOURCE,117.56986300000003
com.oakever.jigsawcard,UNITY,116.89792100000003
one.cryptoguru.cryptotradingacademy,MINTEGRAL,116.62620599999998
com.app.cricketapp,APPLOVIN,115.7572780000002
com.gamincat.jigsolitaire,IRONSOURCE,115.69015999999446
1658958534,DOUBLECLICK,115.586682
1207472156,PANGLE,115.42093900000012
com.ibragunduz.applockpro,IRONSOURCE,115.33067899999985
com.tripledot.woodoku,PANGLE,115.30489900000003
com.herofightinggames.duck.blast,IRONSOURCE,114.97334799999989
com.resultadosfutbol.mobile,UNITY,114.4338000000004
1498889847,PANGLE,114.00115199999975
1638139403,PANGLE,113.78186899999994
com.Gamnest.BarberSalon,PANGLE,113.65494099999998
com.outfit7.mytalkingangela2,UNITY,113.65221400000001
6446890132,MINTEGRAL,113.45131600000012
com.Hadiz.Holeucaneat,IRONSOURCE,113.09041700000004
1472419762,CHARTBOOST,112.83560399999999
com.sled.surfers.game,UNITY,112.37258600000001
com.pieyel.scrabble,NIMBUS,112.19598599999992
520502858,IRONSOURCE,111.20867299999998
io.supercent.pizzaidle,DOUBLECLICK,110.00456899999989
com.badoo.mobile,UNITY,109.624717
6755815731,VERVE,109.44267299999959
com.pixel.art.coloring.color.number,IRONSOURCE,108.82028100000004
com.peoplefun.wordcross,PANGLE,108.78065600000008
com.newleaf.app.android.victor,IRONSOURCE,108.39276899999999
com.dubox.drive,TAURUSX,108.15342600000002
easy.sudoku.puzzle.solver.free,IRONSOURCE,107.96240200000005
io.supercent.linkedcubic,MINTEGRAL,107.51312600000006
at.ner.SolitaireKlondike,PANGLE,107.12275500000004
com.easybrain.sudoku.android,APPLOVIN,105.74852700000004
io.voodoo.holeio,PANGLE,105.49660300000004
884006786,PANGLE,105.12953799999988
1472419762,INNERACTIVE_DIRECT,104.94630400000001
1472419762,APPLOVIN,104.108014
com.loomgames.pixelflow,IRONSOURCE,103.58878599999998
6479238647,APPLOVIN,103.50969400001065
in.playsimple.wordsearch,UNITY,102.86666099999857
6446005634,IRONSOURCE,102.322217
892521917,APPLOVIN,102.14803800000249
1443446174,MINTEGRAL,101.61564700000001
com.outfit7.mytalkingangela2,ZMATICOO,101.17628399999995
com.Hadiz.Yogaflex,IRONSOURCE,101.12785799999993
com.mobilityware.spider,CHARTBOOST,100.98170200000068
1443446174,CHARTBOOST,100.556215
1331794412,BIGO,99.65152899999998
1482887935,APPLOVIN,99.28962700004779
com.fugo.wow,MINTEGRAL,98.59393400000003
com.bstar.intl,DOUBLECLICK,98.48583999999889
6499209744,PANGLE,97.868126
608206510,INNERACTIVE_DIRECT,97.72387900000004
ai.character.app,PANGLE,97.34316100000022
wp.wattpad,IRONSOURCE,96.87421500000032
easy.sudoku.puzzle.solver.free,CHARTBOOST,96.12500200000336
com.superking.parchisi.star,IRONSOURCE,95.25228999999942
382002079,DOUBLECLICK,95.22999499999656
io.supercent.pizzaidle,PANGLE,94.92034199999996
com.tripledot.solitaire,PANGLE,94.26194299999997
com.screw3d.match.nuts.bolts.pin.jam.away.puzzle,VERVE,94.22314999999563
io.supercent.linkedcubic,IRONSOURCE,93.04446100000001
6742221896,VUNGLE,92.57237300000119
com.litatom.app,ZMATICOO,91.61084900000004
com.grandgames.magicsort,IRONSOURCE,91.60671799999996
com.gamebrain.hexasort,DOUBLECLICK,91.43277999999995
com.JindoBlu.OfflineGames,DOUBLECLICK,91.25689399999997
com.newreading.goodreels,PANGLE,90.74524299999997
357218860,MINTEGRAL,89.90010699999974
com.fugo.wow,VERVE,88.97973399999869
6499306806,PANGLE,88.8990640000001
fr.vinted,UNITY,88.42522600000024
kjv.bible.kingjamesbible,BIGO,88.17271500000001
445338486,MINTEGRAL,88.07784700000005
com.vitastudio.mahjong,MINTEGRAL,87.69283800000007
com.gamebrain.hexasort,IRONSOURCE,87.67680199999863
1410235921,IRONSOURCE,86.923026
fr.vinted,INMOBI,86.66599800000012
6746465127,ZMATICOO,86.36462099999991
com.easybrain.art.puzzle,MINTEGRAL,86.18127899999998
1557392270,PANGLE,85.83720500000017
com.football.soccer.league,APPLOVIN,84.68953100000004
6702018773,IRONSOURCE,83.98600799999966
6446005634,MINTEGRAL,83.963015
live.shorttv.apps,APPLOVIN,83.89641
6453522960,APPLOVIN,83.61480000002733
6742221896,UNITY,83.41445499999915
com.fugo.wow,IRONSOURCE,83.11452700000001
1502193377,APPLOVIN,83.10962100000233
com.Cash.Drama,CHARTBOOST,83.01293399999997
com.easybrain.art.puzzle,UNITY,82.77107199999993
6758184735,UNITY,82.28819999999999
eu.livesport.FlashScore_com,A9TAM,82.07068299999986
com.awesome.puzzlehexasort,UNITY,81.49190499999952
com.gimica.treasuremaster,IRONSOURCE,81.25602699999997
com.ibragunduz.applockpro,DOUBLECLICK,81.05724100000032
com.miui.videoplayer,DOUBLECLICK,79.13142200000057
1572661625,IRONSOURCE,79.06399399999991
com.pixel.art.coloring.color.number,APPLOVIN,79.05876700000226
1584596271,CHARTBOOST,79.03868600000001
1176147574,IRONSOURCE,78.99756400000003
in.playsimple.wordsearch,IRONSOURCE,78.49764999999978
com.ibragunduz.applockpro,PANGLE,77.29344800000003
305343404,DOUBLECLICK,77.11517099999999
com.nebula.mahjongtile,VERVE,77.01697399999763
com.billiardsgame.ballking,IRONSOURCE,76.586528
892521917,NIMBUS,76.10302199999998
1569776448,DOUBLECLICK,75.044761
6504279468,PANGLE,74.91383199999994
1086101495,APPLOVIN,74.54406700000003
1577533842,PANGLE,72.86730100000004
com.Beauchamp.Messenger.external,DOUBLECLICK,72.82388399999999
com.zynga.words3,IRONSOURCE,72.55764200000023
1641107226,IRONSOURCE,72.340407
com.justplay.app,IRONSOURCE,72.319281
com.hwqgrhhjfd.idlefastfood,IRONSOURCE,71.00372800000001
1509453185,ZMATICOO,70.55463800000003
1370293473,IRONSOURCE,70.32897600000001
fr.vinted,VERVE,70.18458700000026
com.gimica.treasuremaster,PANGLE,69.427709
1383187127,PANGLE,69.41953299999996
840919914,A9TAM,69.19177999999982
com.oakever.jigsawcard,PANGLE,69.17499000000002
com.easybrain.art.puzzle,APPLOVIN,69.10408700000454
1610874732,APPLOVIN,68.87069199999999
com.easybrain.sudoku.android,UNITY,68.71370000000012
defense.roguelike.cell.shoot.survivor,IRONSOURCE,67.229803
1623318294,PANGLE,66.95942099999999
6741703805,CHARTBOOST,66.907865
com.easybrain.number.puzzle.game,APPLOVIN,65.65435099999962
1382466301,VERVE,65.17553000000001
1466197423,PANGLE,64.87819200000007
1496354836,IRONSOURCE,64.49941499999998
1602508478,PANGLE,64.19213500000012
479280326,DOUBLECLICK,63.65159600000001
com.imo.android.imoim,UNITY,63.576193000000046
1382466301,INNERACTIVE_DIRECT,63.572295999999945
com.king.farmheroessaga,VERVE,63.241474
1644847077,PANGLE,63.153610999999984
com.resultadosfutbol.mobile,APPLOVIN,62.79725200000008
366247306,BIGO,62.099470000000004
6463127238,PANGLE,60.97697400000009
com.flow.mobile,TOPON,60.90590300000001
6754668686,INNERACTIVE_DIRECT,60.57194600000001
1269540854,DOUBLECLICK,60.22864300000002
6449243946,PANGLE,59.73364599999998
com.pinger.textfree,IRONSOURCE,59.421808999999975
io.supercent.pizzaidle,IRONSOURCE,59.36371700000005
398157427,INMOBI,59.3237430000001
com.mobilityware.solitaire,CHARTBOOST,59.226673000000005
1671991909,PANGLE,58.97991300000002
6449486871,TOPON,58.49114099999998
1444990764,CHARTBOOST,58.017212
com.Gamnest.BarberSalon,IRONSOURCE,57.72048599999999
1355464544,PANGLE,57.170041000000076
com.outfit7.mytalkingtom2,UNITY,57.15493900000003
fr.vinted,MINTEGRAL,56.97757600000001
1318181304,ZMATICOO,56.68308600000004
1671315416,MINTEGRAL,56.58921000000083
com.Beauchamp.Messenger.external,PANGLE,56.56532900000004
6502597181,BIGO,56.51864799999987
6467129657,A9TAM,56.50227299999884
6446197181,IRONSOURCE,56.450133
6751533084,MINTEGRAL,55.903400000000005
com.weaver.app.prod,ZMATICOO,55.67561899999999
6744317674,DOUBLECLICK,55.41737499999997
1589762792,PANGLE,55.320832999999965
com.xm.csee,PANGLE,55.29690300000004
6450917563,PANGLE,54.71054299999996
1472419762,MINTEGRAL,54.703215
6467129396,PANGLE,54.607664999999976
921765888,APPLOVIN,54.42935099999994
1562817072,PANGLE,54.37179400000001
com.gimica.ballbounce,UNITY,54.207254999999996
com.easybrain.block.puzzle.games,UNITY,52.55652900000007
1215933788,MINTEGRAL,52.50153200000026
6468921495,PANGLE,50.313301
416048305,TAURUSX,49.99575800000007
com.tmobile.m1,INMOBI,49.821456
892521917,VERVE,49.79436400000002
com.pieyel.scrabble,IRONSOURCE,49.344946
6504279468,IRONSOURCE,49.24739999999999
com.Cash.Drama,APPLOVIN,49.17249699999997
com.king.farmheroessaga,INNERACTIVE_DIRECT,48.87196000000001
444741112,IRONSOURCE,48.807107
com.gamincat.jigsolitaire,PANGLE,48.712886000000026
com.robtopx.geometryjumplite,APPLOVIN,48.57485300000003
com.outfit7.mytalkingangela2,APPLOVIN,48.510552000000004
1484468651,PANGLE,48.490488
wp.wattpad,NIMBUS,47.960234000000256
io.supercent.pizzaidle,VERVE,47.74779100000012
6502597181,PANGLE,47.599987999999996
com.amelosinteractive.snake,CHARTBOOST,47.40623900000001
6754558455,PANGLE,47.35925400000001
com.instabridge.android,PANGLE,47.03255899999999
1577533842,DOUBLECLICK,46.258347000000136
com.camerasideas.instashot,ZMATICOO,45.628010999999944
com.kiloo.subwaysurf,MINTEGRAL,45.548053
1146465836,IRONSOURCE,45.45533400000001
com.peoplefun.wordcross,CHARTBOOST,45.328982000000046
6741703805,PANGLE,44.96637800000006
512939461,MINTEGRAL,44.70200200000001
1499081620,PANGLE,44.682503
in.playsimple.wordsearch,DOUBLECLICK,44.549813999999984
1572726361,VERVE,44.28733999999999
445338486,IRONSOURCE,44.28268600000004
com.soccer.score.star,CHARTBOOST,44.26212900000001
com.easybrain.block.puzzle.games,IRONSOURCE,44.240963
com.miui.home,XIAOMI,44.18202699999991
444741112,MINTEGRAL,44.073741000000005
com.tripledot.solitaire,IRONSOURCE,44.04053599999997
1664415775,MINTEGRAL,43.82140900000001
com.dramawave.app,PANGLE,42.548326
com.pocket.sort.coin.puzzle.game,VERVE,42.41414499999998
com.easybrain.crossword.puzzles,APPLOVIN,41.90286700000044
com.gimica.ballbounce,PANGLE,41.886421
com.oakever.jigsawcard,IRONSOURCE,41.795480000000005
1235581326,BIGO,41.648417000000016
com.Cash.Drama,DOUBLECLICK,40.65408299999997
com.picsart.studio,DOUBLECLICK,40.58550600000044
com.football.soccer.league,UNITY,40.563186
com.lemon.lvoverseas,APPLOVIN,40.00427199998993
444741112,APPLOVIN,39.64160000000003
1671315416,BIGO,39.512199000000024
com.ludo.king,A9TAM,39.44449500000002
com.gimica.ballbounce,APPLOVIN,39.10902400000543
com.miniclip.cricketleague,DOUBLECLICK,38.804266000000005
com.newreading.goodreels,IRONSOURCE,38.763736
1206967173,VERVE,38.733168000000006
6444312211,PANGLE,38.40770500000001
ball.sort.puzzle.color.sorting.bubble.games,IRONSOURCE,38.20349200000002
6449486871,UNITY,38.0086
com.gimica.ballbounce,IRONSOURCE,37.92598600000001
1452526406,DOUBLECLICK,37.81311000000011
6444837964,MINTEGRAL,37.73045900000008
6446197181,INNERACTIVE_DIRECT,37.51048599999999
academy.gocrypto.trading,PANGLE,37.073474000000004
1086101495,IRONSOURCE,36.916258
sorting.games.goods.sort.triple.match3d.puzzle.stuff,IRONSOURCE,36.74740299999999
398157427,INNERACTIVE_DIRECT,36.63590199999961
6739069151,DOUBLECLICK,36.603384999999996
6502341730,MINTEGRAL,36.36765200000001
1080465358,DOUBLECLICK,35.720564000000145
com.eyecon.global,PANGLE,35.447127000000165
1212951043,DOUBLECLICK,35.30134000000001
6446354191,BIGO,35.087095000000176
1080465358,A9TAM,34.950723999999965
com.ibragunduz.applockpro,UNITY,34.73982399999999
6738771575,PANGLE,34.638635999999956
com.studio27.MelonPlayground,TAURUSX,34.24540899999998
892521917,A9TAM,34.17605000000009
com.amelosinteractive.snake,DOUBLECLICK,33.91900700000001
398157427,PANGLE,33.72212300000003
417571834,VERVE,33.341684
6514312894,IRONSOURCE,33.064565
1163786766,MINTEGRAL,32.292826000000005
6446891679,DOUBLECLICK,32.080222000000006
com.easybrain.block.puzzle.games,APPLOVIN,30.914870000000295
894546091,MINTEGRAL,30.861911000000003
1624606445,DOUBLECLICK,30.089035000000056
com.mi.globalbrowser,DOUBLECLICK,29.897536999999975
kjv.bible.kingjamesbible,ZMATICOO,29.656142999999993
6754668686,UNITY,29.424127000000006
com.hotmini.drama.hot,PANGLE,29.348781999999996
1617391485,DOUBLECLICK,29.282943000000227
com.easybrain.art.puzzle,IRONSOURCE,29.048754
399355755,APPLOVIN,28.812770999999994
550928207,UNITY,28.742471000000005
kr.co.psynet,PANGLE,27.872217999999997
com.mobilityware.Spades,IRONSOURCE,27.007021999999992
com.mobilityware.solitaire,UNITY,26.997396999999992
724594093,IRONSOURCE,26.904128999999998
com.youmusic.magictiles,CHARTBOOST,26.192072999992703
6754243057,PANGLE,26.168968000000046
6608975929,MINTEGRAL,25.820078999999996
water.sort.puzzle.game.color.sorting.free,CHARTBOOST,25.162421999999996
kjv.bible.kingjamesbible,UNITY,24.960945000000002
6745003362,PANGLE,24.887198000000012
500962489,MINTEGRAL,24.81529700000006
com.fugo.wow,TAURUSX,24.791739000000003
1584596271,PANGLE,24.719302000000017
com.android.thememanager,DOUBLECLICK,24.49032800000001
6479238647,PANGLE,23.664484000000034
com.peoplefun.wordcross,DOUBLECLICK,23.556347000000002
6504122823,PANGLE,23.035581000000008
1503251395,ZMATICOO,22.94781500000015
6751533084,BIGO,22.605450000000015
com.fingersoft.hcr2,UNITY,22.43089
1671991909,BIGO,22.349799
com.mobilityware.solitaire,IRONSOURCE,22.29749600000001
388627783,PANGLE,22.179586000000004
6473000893,MINTEGRAL,21.994590000000045
jp.naver.linemanga.android,CRITEO,21.903432999999996
1625097467,IRONSOURCE,21.686549999999997
com.michatapp.im,APPLOVIN,21.599568
com.imo.android.imoim,TAURUSX,21.453750000000007
1633296501,IRONSOURCE,21.346921000000005
1466197423,BIGO,20.903502
281940292,APPODEAL,20.863836000000003
605569663,VERVE,20.818858
com.tripledot.woodoku,IRONSOURCE,20.756021
6449486871,MINTEGRAL,20.638471000000017
com.sled.surfers.game,IRONSOURCE,20.591322999999996
com.tmobile.m1,VERVE,20.282879000000005
1503251395,DOUBLECLICK,20.168721000000016
net.zedge.android,IRONSOURCE,19.94574
6473000893,PANGLE,19.369900000000005
com.instabridge.android,UNITY,19.313331999999996
1643481036,PANGLE,19.13094300000003
6751270213,PANGLE,18.828646000000024
1366502697,INNERACTIVE_DIRECT,18.130141000000005
6754363534,PANGLE,17.586603
com.GybeGames.ColorBlockJam,IRONSOURCE,17.266854000000002
6452119853,BIGO,17.227863999999997
6608975929,PANGLE,16.920177000000006
6747492600,PANGLE,16.730788000000018
6446005634,APPLOVIN,16.573933999999998
6740326134,IRONSOURCE,16.400826
884006786,DOUBLECLICK,16.27972900000001
1404165333,APPLOVIN,16.25452
1410235921,BIGO,16.150633
321916506,DOUBLECLICK,15.99042300000002
6449486871,APPODEAL,15.810317
com.bstar.intl,APPLOVIN,15.617653999999964
1564391515,PANGLE,14.269488
com.gamovation.tileclub,APPODEAL,14.093577999999994
com.metro.minus1,MINTEGRAL,14.033612999999999
ai.character.app,UNITY,13.540034000000002
1357464684,PANGLE,13.48418
com.weaver.app.prod,APPLOVIN,12.783304999999999
1584596271,BIGO,12.751444000000008
com.pieyel.scrabble,DOUBLECLICK,12.686922000000001
6737214802,PANGLE,12.491145000000005
com.fc.goods.sort.matching.puzzle.triplemaster,DOUBLECLICK,12.405844
at.ner.SolitaireKlondike,IRONSOURCE,12.340630999999993
com.pieyel.scrabble,MINTEGRAL,12.333573000000007
1472419762,IRONSOURCE,11.908466000000002
1641107226,BIGO,11.851128000000003
993090598,UNITY,11.822791999999989
1502447854,APPODEAL,11.775452999999992
com.snaptube.premium,APPLOVIN,11.620718999999998
1496354836,PANGLE,11.33989400000001
840919914,VERVE,11.33198600000001
com.fingersoft.hcr2,IRONSOURCE,11.306748
videoplayer.videodownloader.downloader,IRONSOURCE,11.252137000000005
6467129396,MINTEGRAL,11.142592000000022
6467129657,PANGLE,11.01686
easy.launcher,APPLOVIN,10.769790999999993
1229618961,MINTEGRAL,10.74536900000001
1671991909,A9TAM,10.728159000000062
com.pinger.textfree,MINTEGRAL,10.601739
com.weaver.app.prod,IRONSOURCE,10.600643999999999
1564391515,A9TAM,10.415720000000046
1671315416,IRONSOURCE,10.04532700000004
1317978215,CHARTBOOST,9.867163000000026
571801488,PANGLE,9.67385099999999
6740326134,MINTEGRAL,9.644517
359917414,DOUBLECLICK,9.460280999999998
1404165333,IRONSOURCE,9.307745
1664415775,PANGLE,8.895722
6498883328,PANGLE,8.598607999999999
553834731,INMOBI,8.584631
1610874732,PANGLE,8.404727000000001
com.playit.videoplayer,UNITY,8.181697000000002
714796093,PANGLE,7.873338999999999
6471572249,PANGLE,7.638898999999998
6443760593,IRONSOURCE,7.586950999999999
1660171117,PANGLE,7.394222999999997
com.matteljv.uno,MINTEGRAL,7.382510000000003
1598997500,PANGLE,7.356641
6448104157,PANGLE,7.2150559999999935
6758184735,DOUBLECLICK,7.0392339999999995
com.naver.linewebtoon,MINTEGRAL,6.856585000000001
444741112,UNITY,6.852610000000001
1671991909,IRONSOURCE,6.804806000000001
444741112,APPODEAL,6.7281650000000015
6504421808,PANGLE,6.595223000000002
com.easybrain.crossword.puzzles,DOUBLECLICK,6.488915
6449190344,INMOBI,6.271819000000001
1625097467,PANGLE,6.065415999999999
jp.naver.linemanga.android,APPLOVIN,6.04103
com.football.soccer.league,IRONSOURCE,6.003788
1193508329,DOUBLECLICK,5.966261999999999
1404165333,INNERACTIVE_DIRECT,5.895419
1011626777,INNERACTIVE_DIRECT,5.754049000000003
1196764367,DOUBLECLICK,5.674056999999995
1229618961,VERVE,5.6633
1407852246,PANGLE,5.559682999999988
1028294311,PANGLE,5.530705000000001
com.soccer.score.star,IRONSOURCE,5.530556
592331499,PANGLE,5.489633
1086101495,APPODEAL,5.414153999999997
6444837964,DOUBLECLICK,5.268663
1514542157,PANGLE,5.228245000000001
com.weather.Weather,VERVE,5.219039999999999
com.football.soccer.league,PANGLE,5.147707
1011626777,PANGLE,5.143115
1454213029,APPLOVIN,5.1024239999999965
520502858,PANGLE,5.085819999999999
6744975195,BIGO,5.011085
com.JindoBlu.OfflineGames,ZMATICOO,4.9892080000000005
com.easybrain.art.puzzle,DOUBLECLICK,4.8267989999999985
1130153523,PANGLE,4.748463999999998
6504332779,PANGLE,4.594404000000001
1442749804,ZMATICOO,4.544805000000001
kr.co.psynet,VERVE,4.507826999999991
com.community.oneroom,MINTEGRAL,4.421234999999995
1671315416,PANGLE,4.419879999999999
6452119853,MINTEGRAL,4.401497000000001
com.fxroyale.app,APPLOVIN,4.400481000000001
1578681725,PANGLE,4.182118999999999
1509453185,TAURUSX,4.15077
1442749804,PANGLE,4.059929999999999
1229618961,INMOBI,4.018653
1598997500,INMOBI,4.011288
com.awesome.puzzlehexasort,VERVE,3.9270900000000086
1404165333,MINTEGRAL,3.92443
6754900673,PANGLE,3.920201999999998
solitaire.patience.card.games.klondike.free,IRONSOURCE,3.85465
com.miui.global.packageinstaller,MINTEGRAL,3.796385999999985
894546091,TAURUSX,3.602673
com.worldance.drama,MINTEGRAL,3.5757809999999997
com.oakever.tiletrip,TAURUSX,3.4315889999999993
6503060634,IRONSOURCE,3.393648999999972
free.vpn.unblock.proxy.vpnmaster,IRONSOURCE,3.353475
games.vaveda.militaryoverturn,VERVE,3.3484330000000146
com.king.candycrushsaga,INMOBI,3.1755870000000006
com.easybrain.arrow.puzzle.game,DOUBLECLICK,3.073897000000001
306310789,PANGLE,3.0626609999999985
com.nebula.mahjongtile,APPODEAL,3.038203999999998
com.audiomack,APPLOVIN,2.9532830000001233
free.vpn.unblock.proxy.turbovpn,CHARTBOOST,2.920452
727296976,DOUBLECLICK,2.8898449999999998
1572661625,PANGLE,2.832390000000001
1235581326,PANGLE,2.799702
kr.co.psynet,APPLOVIN,2.766065000000087
6702018773,PANGLE,2.671789
1420294918,PANGLE,2.6576589999999998
1130153523,MINTEGRAL,2.611762
1369521645,PANGLE,2.610086000000001
1229618961,PANGLE,2.5255659999999995
6642698438,PANGLE,2.5118249999999995
com.miui.global.packageinstaller,DOUBLECLICK,2.5042540000000004
366247306,PANGLE,2.5040250000000004
1502447854,PANGLE,2.494717
605569663,PANGLE,2.468825
526641427,DOUBLECLICK,2.4447199999999962
1095569891,PANGLE,2.413608
com.playit.videoplayer,PANGLE,2.410591
com.easybrain.number.puzzle.game,DOUBLECLICK,2.3743399999999997
1667538256,PANGLE,2.3501279999999998
398157427,MINTEGRAL,2.309797999999995
1420058690,PANGLE,2.268584
com.miui.player,APPLOVIN,2.237799000000013
1486214495,PANGLE,2.207782
videoplayer.videodownloader.downloader,UNITY,2.172903
642831690,PANGLE,2.1453390000000003
6547835725,PANGLE,2.1279929999999996
com.miui.videoplayer,APPLOVIN,2.125165
336435697,MINTEGRAL,2.065481999999996
com.block.juggle,TAURUSX,2.0562
880178264,DOUBLECLICK,2.029312
6479727880,APPLOVIN,1.9684300000000001
1331794412,PANGLE,1.9444510000000004
1664415775,VERVE,1.9281280000000003
io.voodoo.holeio,DOUBLECLICK,1.8653760000000001
6449486871,BIGO,1.8445040000000001
1025707485,ZMATICOO,1.811022
1487882541,VERVE,1.7512480000000001
416048305,PANGLE,1.7150640000000001
6743091090,BIGO,1.491327
com.mobilityware.spider,TAURUSX,1.456334
com.gamovation.tileclub,INMOBI,1.442368
com.soccer.score.star,MINTEGRAL,1.424688
1579356887,PANGLE,1.3707580000000004
6751222488,DOUBLECLICK,1.361899
solitaire.patience.card.games.klondike.free,TAURUSX,1.3239990000000001
com.tmobile.m1,INNERACTIVE_DIRECT,1.2938550000000004
com.viber.voip,TAURUSX,1.255012
6503060634,ZMATICOO,1.2274579999999997
1443446174,PANGLE,1.2075359999999997
1269540854,PANGLE,1.2054270000000002
6450958246,DOUBLECLICK,1.1101699999999999
850417475,INMOBI,1.1019349999999999
1445472541,PANGLE,1.0992270000000002
com.community.oneroom,UNITY,1.068722
com.tmobile.m1,MINTEGRAL,1.054626
6450958246,INNERACTIVE_DIRECT,1.04706
1465731199,PANGLE,1.038002
com.free.vpn.super.hotspot.open,IRONSOURCE,1.0347489999999997
1452526406,PANGLE,1.01394
1569776448,PANGLE,1.0055290000000001
570060128,IRONSOURCE,0.99965
1443446174,ZMATICOO,0.9840450000000001
1635289326,PANGLE,0.9722449999999999
6742812903,PANGLE,0.970867
1502447854,BIGO,0.9507760000000005
com.king.candycrushsodasaga,INMOBI,0.8901249999999998
429610587,PANGLE,0.858628
1388988209,TOPON,0.853014
1357464684,IRONSOURCE,0.847957
6739069151,PANGLE,0.8433699999999998
651510680,PANGLE,0.817765
com.easybrain.sudoku.android,DOUBLECLICK,0.8126690000000001
1191435163,PANGLE,0.8056259999999998
com.football.soccer.league,INNERACTIVE_DIRECT,0.7803479999999999
1503251395,INMOBI,0.7320070000000001
1197961218,PANGLE,0.7318499999999999
1357464684,CHARTBOOST,0.7292430000000001
free.vpn.unblock.proxy.turbovpn,TAURUSX,0.676343
6448392144,PANGLE,0.667904
1658958534,PANGLE,0.643629
com.mobilityware.spider,DOUBLECLICK,0.6061380000000001
6453522960,PANGLE,0.5976520000000001
6689516283,PANGLE,0.5926660000000001
550928207,DOUBLECLICK,0.5918249999999999
video.downloader.videodownloader,DOUBLECLICK,0.5879829999999996
698255242,INMOBI,0.584987
com.mobilityware.solitaire,DOUBLECLICK,0.559458
1643509748,PANGLE,0.546727
com.imo.android.imoim,INMOBI,0.5450630000000001
1104692136,DOUBLECLICK,0.541827
6446669987,PANGLE,0.5281159999999999
com.storymatrix.drama,PANGLE,0.5129870000000001
388627783,TAURUSX,0.500334
6511238101,PANGLE,0.479267
6670430706,IRONSOURCE,0.456968
1509453185,PANGLE,0.45319000000000004
1636235979,PANGLE,0.450579
1482887935,PANGLE,0.449313
921765888,CHARTBOOST,0.418117
io.voodoo.paper2,INNERACTIVE_DIRECT,0.4133270000000001
6523424272,PANGLE,0.40872099999999995
1423046460,DOUBLECLICK,0.40207
1503251395,UNITY,0.392195
500962489,DOUBLECLICK,0.3727959999999999
6474685600,MINTEGRAL,0.3694700000000001
1454213029,PANGLE,0.362475
6478063606,PANGLE,0.36135100000000003
com.macrovideo.v380pro,PANGLE,0.351176
1374403536,INMOBI,0.34720299999999993
com.audiomack,TAURUSX,0.34472800000000003
6504849169,PANGLE,0.33808
com.radio.pocketfm,PANGLE,0.330059
1383187127,CHARTBOOST,0.327938
com.easybrain.block.puzzle.games,DOUBLECLICK,0.325497
6746331323,INMOBI,0.32403800000000005
6755183085,IRONSOURCE,0.316984
1503251395,APPODEAL,0.310588
6445905219,VERVE,0.309915
jp.gocro.smartnews.android,PANGLE,0.307933
6464002625,IRONSOURCE,0.299491
6474133872,PANGLE,0.29807900000000004
6755815731,DOUBLECLICK,0.296814
com.youmusic.magictiles,ZMATICOO,0.28225500000000003
1503251395,IRONSOURCE,0.28191799999999995
6444407009,PANGLE,0.27107299999999995
894546091,PANGLE,0.251763
1600871388,INMOBI,0.24163600000000002
1388988209,MINTEGRAL,0.234521
6590876141,PANGLE,0.233424
6502597181,INMOBI,0.23257599999999998
6449190344,PANGLE,0.229336
1104692136,PANGLE,0.225752
1389111413,CHARTBOOST,0.225576
1643509748,DOUBLECLICK,0.218551
1390423469,PANGLE,0.21760200000000005
6503060634,PANGLE,0.213144
6748950306,PANGLE,0.20832799999999999
videoplayer.videodownloader.downloader,INMOBI,0.20695699999999997
1500855883,TAURUSX,0.20228699999999997
1423046460,PANGLE,0.18725699999999998
301987699,DOUBLECLICK,0.18356299999999998
1503251395,MINTEGRAL,0.164051
1644099880,PANGLE,0.16235200000000002
1667538616,PANGLE,0.16233600000000004
6547835725,INMOBI,0.158024
6511238101,INMOBI,0.156952
com.pixel.art.coloring.color.number,ZMATICOO,0.15095699999999998
997362197,INMOBI,0.150067
500962489,PANGLE,0.149681
6689516283,INMOBI,0.14960800000000005
6692629257,PANGLE,0.14754799999999998
1389111413,PANGLE,0.14743700000000004
6446890186,PANGLE,0.146285
1572726361,DOUBLECLICK,0.145326
6471265311,PANGLE,0.13555400000000004
io.voodoo.paper2,CHARTBOOST,0.134394
com.huub.tiger,VERVE,0.13229100000000002
6446891577,PANGLE,0.129435
6741703805,A9TAM,0.128364
6502341730,PANGLE,0.12118200000000001
com.macrovideo.v380pro,DOUBLECLICK,0.11670199999999997
880047117,INMOBI,0.112379
1487882541,DOUBLECLICK,0.11226199999999999
1390423469,INMOBI,0.10722400000000001
com.eyecon.global,MINTEGRAL,0.10505699999999998
6499293031,PANGLE,0.098084
6749132002,INMOBI,0.09448199999999998
live.shorttv.apps,TAURUSX,0.09423299999999998
com.camerasideas.instashot,INMOBI,0.09369100000000001
1595314851,PANGLE,0.091137
6737874398,PANGLE,0.088046
6747875092,PANGLE,0.084178
com.robtopx.geometryjumplite,INMOBI,0.082837
6743385713,PANGLE,0.082327
1486214495,INMOBI,0.079508
one.cryptoguru.cryptotradingacademy,PANGLE,0.076843
com.bitsmedia.android.muslimpro,APPLOVIN,0.0752790000000006
6505095234,PANGLE,0.07425800000000002
6514312894,PANGLE,0.073606
1423046460,CHARTBOOST,0.068451
314716233,APPLOVIN,0.06559899999999999
608206510,INMOBI,0.065186
1103438575,INMOBI,0.05849299999999998
com.naver.linewebtoon,TAURUSX,0.058476999999999994
com.storymatrix.drama,VERVE,0.055448000000000004
free.tube.premium.advanced.tuber,TAURUSX,0.05531900000000001
6465991018,TAURUSX,0.054724999999999996
easy.launcher,VERVE,0.053884
com.macrovideo.v380pro,TOPON,0.053229999999999986
6742221896,PANGLE,0.05065800000000001
6758326278,ZMATICOO,0.05046300000000001
6737214802,INMOBI,0.050084
water.sort.puzzle.game.color.sorting.free,TAURUSX,0.04995700000000001
com.intsig.camscanner,TAURUSX,0.04969299999999999
1197961218,DOUBLECLICK,0.044640000000000006
1624606445,PANGLE,0.043806
com.mobilityware.Spades,TAURUSX,0.043597
1388988209,DOUBLECLICK,0.040519999999999994
6444056676,PANGLE,0.040268000000000005
com.miui.player,UNITY,0.03965199999999999
6743091090,ZMATICOO,0.037681000000000006
6474685600,PANGLE,0.037040000000000003
com.truecaller,VUNGLE,0.031979
1369521645,TAURUSX,0.029489
6446891679,PANGLE,0.029208000000000008
free.vpn.unblock.proxy.turbovpn,ZMATICOO,0.028859
1635760774,PANGLE,0.028557999999999997
com.playit.videoplayer,INMOBI,0.028099999999999997
1521236603,DOUBLECLICK,0.026846999999999996
com.pinger.textfree,UNITY,0.026629999999999997
1163786766,UNITY,0.025369999999999997
6758326278,PANGLE,0.024763
1499081620,DOUBLECLICK,0.023331
com.hotmini.drama.hot,UNITY,0.023310000000000004
1466297045,VERVE,0.023284000000000003
6514312894,INMOBI,0.022523
1538912205,INNERACTIVE_DIRECT,0.022026999999999998
6746465127,PANGLE,0.019667
6739069151,A9TAM,0.018376
1600871388,PANGLE,0.018000000000000002
free.tube.premium.advanced.tuber,INMOBI,0.017971000000000004
com.mobilityware.Spades,DOUBLECLICK,0.017807
1459645446,APPODEAL,0.017398
359917414,INMOBI,0.017245
1382466301,DOUBLECLICK,0.017013000000000004
1466297045,DOUBLECLICK,0.016915
6633425539,PANGLE,0.016483
6504332779,CHARTBOOST,0.016432
com.lemon.lvoverseas,UNITY,0.015494000000000004
6744317674,PANGLE,0.01279
com.duolingo,UNITY,0.012403
6756913359,TAURUSX,0.010973000000000002
727296976,APPLOVIN,0.010696
6449486871,PANGLE,0.01056
6743441683,PANGLE,0.010287
6452119853,PANGLE,0.009931
com.particlenews.newsbreak,APPLOVIN,0.009250999999999999
395979574,INMOBI,0.00901
6464002625,PANGLE,0.008891
6446890132,PANGLE,0.008579
com.tripledot.solitaire,TAURUSX,0.008434
com.miui.global.packageinstaller,PANGLE,0.008371
com.resultadosfutbol.mobile,TAURUSX,0.007621
1250312807,IRONSOURCE,0.007540000000000001
com.truecaller,MINTEGRAL,0.007138000000000001
com.app.cricketapp,INMOBI,0.0070290000000000005
kjv.bible.kingjamesbible,IRONSOURCE,0.00683
1638253339,DOUBLECLICK,0.006444
com.applabstudios.ai.mail.homescreen.inbox,UNITY,0.0059949999999999995
6733244789,PANGLE,0.005927000000000002
398157427,VERVE,0.005457999999999999
6504332779,APPLOVIN,0.005193999999999999
com.microsoft.microsoftsolitairecollection,INMOBI,0.005122
1073936461,TAURUSX,0.004745
6499209500,PANGLE,0.004599
1531594277,APPLOVIN,0.004353999999999999
6740510106,PANGLE,0.004347
6499306806,A9TAM,0.004282
games.vaveda.militaryoverturn,TAURUSX,0.004209
easy.launcher,APPODEAL,0.004189
6450958246,PANGLE,0.00409
com.miui.videoplayer,A9TAM,0.004056000000000001
com.bstar.intl,CHARTBOOST,0.003909
com.awesome.puzzlehexasort,TAURUSX,0.003876
1317978215,PANGLE,0.003689
com.metro.minus1,INNERACTIVE_DIRECT,0.003634
295646461,CRITEO,0.003569
kr.co.psynet,UNITY,0.0032119999999999996
eu.livesport.FlashScore_com,TAURUSX,0.003163
com.lenovo.anyshare.gps,TAURUSX,0.003105
1389111413,DOUBLECLICK,0.002984
6504279468,A9TAM,0.0029830000000000004
com.robtopx.geometryjumplite,DOUBLECLICK,0.0028859999999999997
com.truecaller,TAURUSX,0.0028390000000000004
com.truecaller,UNITY,0.0027730000000000003
6504122823,BIGO,0.002634
com.enzo.paulo,MINTEGRAL,0.00263
com.pinger.textfree,APPODEAL,0.0025299999999999997
1544750895,TAURUSX,0.002459
1197961218,ZMATICOO,0.002376
com.Cash.Drama,IRONSOURCE,0.002317
1542776143,PANGLE,0.002279
com.loomgames.pixelflow,TAURUSX,0.0021730000000000005
1207472156,CHARTBOOST,0.002159
1389111413,TAURUSX,0.002123
517539894,VERVE,0.002106
840919914,TAURUSX,0.0019950000000000002
com.sofascore.results,UNITY,0.001949
1643509748,CHARTBOOST,0.001929
1193508329,TAURUSX,0.001835
com.easybrain.art.puzzle,TAURUSX,0.001827
com.pocket.sort.coin.puzzle.game,TAURUSX,0.0017710000000000002
1643481036,A9TAM,0.001703
com.bitsmedia.android.muslimpro,TAURUSX,0.0017009999999999998
1130153523,TAURUSX,0.001688
com.mxtech.videoplayer.ad,TAURUSX,0.001661
premium.gotube.adblock.utube,INMOBI,0.0016390000000000003
com.lemon.lvoverseas,TAURUSX,0.001595
grill.sort.food.games.match.puzzle,TAURUSX,0.001557
com.hwqgrhhjfd.idlefastfood,INMOBI,0.001545
com.soccer.score.star,INNERACTIVE_DIRECT,0.001472
6446354191,PANGLE,0.001427
com.tripledot.woodoku,TAURUSX,0.0014269999999999999
517539894,APPLOVIN,0.0014169999999999999
free.vpn.unblock.proxy.turbovpn,IRONSOURCE,0.001362
free.tube.premium.advanced.tuber,UNITY,0.0013360000000000002
com.scores365,UNITY,0.001247
io.randomco.travel,DOUBLECLICK,0.001086
305343404,MINTEGRAL,0.001039
com.studio27.MelonPlayground,UNITY,0.001025
video.downloader.videodownloader,TAURUSX,0.0009519999999999999
io.supercent.pizzaidle,TAURUSX,0.0008
com.michatapp.im,UNITY,0.0007639999999999999
1176147574,TAURUSX,0.000654
com.miniclip.cricketleague,MINTEGRAL,0.000628
6480174499,PANGLE,0.000604
com.playit.videoplayer,APPLOVIN,0.0005930000000000001
easy.sudoku.puzzle.solver.free,TAURUSX,0.000569
com.mobilefootie.wc2010,TAURUSX,0.000564
io.voodoo.paper2,DOUBLECLICK,0.000549
6502597181,ZMATICOO,0.000522
com.king.candycrushsaga,TAURUSX,0.000501
979101825,UNITY,0.000462
wool.match.color.sort.jam.puzzle,TAURUSX,0.000456
479280326,VERVE,0.000447
6746331323,PANGLE,0.000444
com.zynga.words3,DOUBLECLICK,0.00042399999999999995
com.vitastudio.mahjong,TAURUSX,0.00041499999999999995
com.enflick.android.TextNow,APPLOVIN,0.00041299999999999996
com.community.oneroom,APPLOVIN,0.000401
com.bstar.intl,INNERACTIVE_DIRECT,0.000387
com.callapp.contacts,TAURUSX,0.000383
1638253339,CHARTBOOST,0.000368
1407852246,TAURUSX,0.000362
1500855883,UNITY,0.000354
351331194,APPLOVIN,0.000353
com.microsoft.microsoftsolitairecollection,UNITY,0.000321
1423046460,TAURUSX,0.000297
488575683,TAURUSX,0.000267
com.particlenews.newsbreak,UNITY,0.00026
com.litatom.app,UNITY,0.000255
570060128,APPLOVIN,0.000236
com.eyecon.global,UNITY,0.000221
1491074310,A9TAM,0.000211
com.worldance.drama,UNITY,0.000167
com.wood.block.sudoku.puzzle.bm,VERVE,0.000132
eu.livesport.FlashScore_com,UNITY,0.00013099999999999999
6468921495,TAURUSX,0.000128
6749456493,TAURUSX,0.000127
com.billiardsgame.ballking,UNITY,0.000116
com.callapp.contacts,UNITY,0.000103
com.lenovo.anyshare.gps,APPLOVIN,9.6e-05
1317978215,BIGO,9e-05
6747875092,TAURUSX,8.9e-05
1598997500,APPLOVIN,7.900000000000001e-05
com.gamma.scan,UNITY,5.9e-05
com.pixel.art.coloring.color.number,TAURUSX,5.7e-05
1288430163,APPLOVIN,5.1000000000000006e-05
com.handmark.expressweather,UNITY,4.9e-05
com.mxtech.videoplayer.ad,UNITY,4.4999999999999996e-05
1197354394,A9TAM,3.6e-05
com.intsig.camscanner,UNITY,3.6e-05
com.bitsmedia.android.muslimpro,UNITY,3.2e-05
1163786766,APPLOVIN,3.1e-05
com.enflick.android.TextNow,UNITY,2.9999999999999997e-05
com.aws.android,UNITY,2.8e-05
com.tranzmate,UNITY,2.6e-05
1269540854,A9TAM,2.5e-05
com.miniclip.carrom,UNITY,2e-05
com.dubox.drive,UNITY,1.8e-05
com.miniclip.eightballpool,UNITY,1.5e-05
com.imo.android.imoim,APPLOVIN,1.5e-05
com.instabridge.android,INMOBI,1.5e-05
com.mobilefootie.wc2010,UNITY,1.4e-05
com.fc.goods.sort.matching.puzzle.triplemaster,TAURUSX,9.999999999999999e-06
puzzle.yarn.fever.unravel.puzzle,TAURUSX,3e-06
1331794412,TRIPLELIFT,0.0
ai.socialapps.speakmaster,MINTEGRAL,0.0
1191435163,UNMATCHED,0.0
1331794412,ACUITYADS,0.0
com.block.juggle,LINE,0.0
912390687,TRIPLELIFT,0.0
651510680,PUBMATIC,0.0
com.tmobile.m1,BIGO,0.0
1636235979,TAURUSX,0.0
319881193,ADVLION,0.0
ai.socialapps.speakmaster,TOPON,0.0
ai.socialapps.speakmaster,APPODEAL,0.0
319881193,SMAATO,0.0
6754668686,UNMATCHED,0.0
6759763476,UNMATCHED,0.0
ai.socialapps.speakmaster,TAURUSX,0.0
319881193,MOPUB,0.0
1250312807,UNMATCHED,0.0
com.block.juggle,ADVLION,0.0
com.youmusic.magictiles,ADCOLONY,0.0
1472419762,UNMATCHED,0.0
1331794412,ADVLION,0.0
912390687,OPENX,0.0
com.block.juggle,MINTEGRAL,0.0
com.block.juggle,NIMBUS,0.0
1191435163,RUBICON,0.0
6737874398,UNMATCHED,0.0
651510680,TAPJOY,0.0
1331794412,INDEX,0.0
ai.socialapps.speakmaster,DOUBLECLICK,0.0
319881193,CRITEO,0.0
1331794412,MOBILEFUSE,0.0
com.tmobile.m1,TRIPLELIFT,0.0
com.vincentb.MobControl,DOUBLECLICK,0.0
651510680,ADVLION,0.0
1472419762,SMAATO,0.0
ai.socialapps.speakmaster,BIGO,0.0
1191435163,ADVLION,0.0
com.block.juggle,PUBMATIC,0.0
com.weaver.app.prod,SMAATO,0.0
319881193,ACUITYADS,0.0
1317978215,MOBILEFUSE,0.0
1472419762,MOBFOX,0.0
ai.socialapps.speakmaster,APPLOVIN,0.0
com.vincentb.MobControl,LINE,0.0
ai.socialapps.speakmaster,VUNGLE,0.0
com.block.juggle,APPODEAL,0.0
com.vincentb.MobControl,VERVE,0.0
1636235979,UNMATCHED,0.0
1250312807,CHARTBOOST,0.0
912390687,MOPUB,0.0
6754098532,SMAATO,0.0
com.tripledot.solitaire,PUBMATIC,0.0
ai.socialapps.speakmaster,PANGLE,0.0
912390687,SMAATO,0.0
1317978215,CRITEO,0.0
6737874398,IRONSOURCE,0.0
608206510,PUBMATIC,0.0
395979574,UNMATCHED,0.0
395979574,MOBILEFUSE,0.0
912390687,CRITEO,0.0
io.voodoo.paper2,CRITEO,0.0
io.voodoo.paper2,ADCOLONY,0.0
6633425539,LINE,0.0
651510680,TRIPLELIFT,0.0
514485964,MOBILEFUSE,0.0
com.tripledot.solitaire,MOBILEFUSE,0.0
com.youmusic.magictiles,APPODEAL,0.0
395979574,AOLONE,0.0
io.voodoo.paper2,TAPJOY,0.0
395979574,OPENX,0.0
com.youmusic.magictiles,TAPJOY,0.0
651510680,SMAATO,0.0
com.tripledot.solitaire,RHEBUS,0.0
io.voodoo.paper2,OPERA,0.0
319881193,APPNEXUS,0.0
6749132002,IRONSOURCE,0.0
514485964,RHEBUS,0.0
com.tripledot.solitaire,TRIPLELIFT,0.0
com.vincentb.MobControl,CHARTBOOST,0.0
514485964,MOPUB,0.0
6754243057,SMAATO,0.0
1191435163,SMAATO,0.0
514485964,OPERA,0.0
395979574,ADVLION,0.0
395979574,SMAATO,0.0
1191435163,MOBFOX,0.0
651510680,MOBILEFUSE,0.0
1317978215,PUBMATIC,0.0
890378044,MINTEGRAL,0.0
com.tripledot.solitaire,ADCOLONY,0.0
319881193,UNMATCHED,0.0
395979574,MOPUB,0.0
io.voodoo.paper2,BIGO,0.0
912390687,PUBMATIC,0.0
1317978215,TAURUSX,0.0
890378044,DOUBLECLICK,0.0
395979574,PANGLE,0.0
912390687,INDEX,0.0
io.voodoo.paper2,SMAATO,0.0
395979574,APPNEXUS,0.0
514485964,ADVLION,0.0
com.vincentb.MobControl,RHEBUS,0.0
1317978215,SMAATO,0.0
395979574,A9,0.0
com.tripledot.solitaire,CRITEO,0.0
com.youmusic.magictiles,VERVE,0.0
com.tripledot.solitaire,ADVLION,0.0
com.tripledot.solitaire,ACUITYADS,0.0
395979574,PUBMATIC,0.0
com.freereels.app,MINTEGRAL,0.0
1191435163,RHEBUS,0.0
319881193,MOBFOX,0.0
1317978215,OPENX,0.0
6465991018,IRONSOURCE,0.0
premium.gotube.adblock.utube,VERVE,0.0
1610874732,DOUBLECLICK,0.0
1191435163,PUBMATIC,0.0
651510680,ACUITYADS,0.0
1610874732,UNMATCHED,0.0
com.vincentb.MobControl,MOBILEFUSE,0.0
1317978215,RUBICON,0.0
6633425539,SMAATO,0.0
912390687,INNERACTIVE_DIRECT,0.0
319881193,DOUBLECLICK,0.0
651510680,MOBFOX,0.0
1317978215,MOBFOX,0.0
1579356887,UNMATCHED,0.0
com.free.vpn.super.hotspot.open,TAURUSX,0.0
608206510,MOBFOX,0.0
com.mxtech.videoplayer.ad,RUBICON,0.0
com.mi.globalbrowser,OPERA,0.0
1487882541,UNMATCHED,0.0
543186831,UNMATCHED,0.0
com.mi.globalbrowser,SMAATO,0.0
6471572249,UNMATCHED,0.0
com.mi.globalbrowser,PANGLE,0.0
com.mxtech.videoplayer.ad,ACUITYADS,0.0
water.sort.puzzle.game.color.sorting.free,SMAATO,0.0
com.instabridge.android,MINTEGRAL,0.0
526641427,PUBMATIC,0.0
com.instabridge.android,ADCOLONY,0.0
com.instabridge.android,TAURUSX,0.0
com.instabridge.android,ADVLION,0.0
com.mxtech.videoplayer.ad,ADVLION,0.0
1487882541,MOBFOX,0.0
543186831,CHARTBOOST,0.0
com.instabridge.android,BIGO,0.0
526641427,SMAATO,0.0
543186831,MOBFOX,0.0
526641427,OPENX,0.0
com.mxtech.videoplayer.ad,MINTEGRAL,0.0
301987699,OPENX,0.0
com.mxtech.videoplayer.ad,ADCOLONY,0.0
526641427,VERVE,0.0
com.mxtech.videoplayer.ad,MOBFOX,0.0
543186831,RUBICON,0.0
526641427,CHARTBOOST,0.0
com.mxtech.videoplayer.ad,APPLOVIN,0.0
com.instabridge.android,MOPUB,0.0
6471572249,MOBILEFUSE,0.0
6471572249,CRITEO,0.0
1487882541,INMOBI,0.0
526641427,UNMATCHED,0.0
com.mxtech.videoplayer.ad,VERVE,0.0
com.mi.globalbrowser,VERVE,0.0
com.mxtech.videoplayer.ad,SMAATO,0.0
com.instabridge.android,PUBMATIC,0.0
526641427,MOPUB,0.0
1487882541,DISPLAYIO,0.0
543186831,MOBILEFUSE,0.0
com.mi.globalbrowser,MAILRU,0.0
com.instabridge.android,SMAATO,0.0
526641427,INMOBI,0.0
1487882541,OPENX,0.0
com.superplaystudios.dicedreams,BIGO,0.0
1487882541,MOBILEFUSE,0.0
526641427,OPERA,0.0
com.mi.globalbrowser,CRITEO,0.0
6499209500,MOBILEFUSE,0.0
1579356887,ACUITYADS,0.0
premium.gotube.adblock.utube,SMAATO,0.0
com.miui.videoplayer,PUBMATIC,0.0
1487882541,SMAATO,0.0
526641427,ACUITYADS,0.0
1487882541,RUBICON,0.0
com.mi.globalbrowser,BIGO,0.0
1487882541,PUBMATIC,0.0
com.instabridge.android,TRIPLELIFT,0.0
1459645446,MINTEGRAL,0.0
com.naver.linewebtoon,MOBFOX,0.0
com.instabridge.android,ACUITYADS,0.0
com.naver.linewebtoon,SMAATO,0.0
com.mxtech.videoplayer.ad,OPENX,0.0
com.mxtech.videoplayer.ad,INDEX,0.0
com.imo.android.imoim,MOPUB,0.0
com.particlenews.newsbreak,VERVE,0.0
6499209500,SMAATO,0.0
520502858,RUBICON,0.0
com.particlenews.newsbreak,MOPUB,0.0
1103438575,PUBMATIC,0.0
1584596271,MOPUB,0.0
com.gamebrain.hexasort,PANGLE,0.0
6738771575,UNMATCHED,0.0
1103438575,DOUBLECLICK,0.0
297368629,SMAATO,0.0
301987699,MOBFOX,0.0
1459645446,MOBILEFUSE,0.0
1103438575,TRIPLELIFT,0.0
1103438575,MINTEGRAL,0.0
1103438575,RUBICON,0.0
com.naver.linewebtoon,RUBICON,0.0
1459645446,DOUBLECLICK,0.0
com.imo.android.imoim,ACUITYADS,0.0
520502858,OPENX,0.0
1579356887,OPERA,0.0
297368629,VERVE,0.0
6738771575,LINE,0.0
1103438575,INDEX,0.0
com.gamebrain.hexasort,RHEBUS,0.0
520502858,MOBFOX,0.0
520502858,CHARTBOOST,0.0
520502858,UNMATCHED,0.0
com.imo.android.imoim,OPENX,0.0
301987699,TRIPLELIFT,0.0
6741703805,UNMATCHED,0.0
com.particlenews.newsbreak,TRIPLELIFT,0.0
297368629,UNMATCHED,0.0
1584596271,SMAATO,0.0
com.naver.linewebtoon,PUBMATIC,0.0
com.particlenews.newsbreak,SMAATO,0.0
com.gamebrain.hexasort,SMAATO,0.0
com.imo.android.imoim,RUBICON,0.0
com.particlenews.newsbreak,PUBMATIC,0.0
301987699,MINTEGRAL,0.0
com.imo.android.imoim,INNERACTIVE_DIRECT,0.0
wp.wattpad,CHARTBOOST,0.0
520502858,TAPPX,0.0
1369521645,OPENX,0.0
1625097467,ADVLION,0.0
com.naver.linewebtoon,MOPUB,0.0
com.particlenews.newsbreak,MOBILEFUSE,0.0
com.particlenews.newsbreak,RUBICON,0.0
382233851,PUBMATIC,0.0
com.imo.android.imoim,LOOPME,0.0
1625097467,CHARTBOOST,0.0
1486214495,RUBICON,0.0
wp.wattpad,PUBMATIC,0.0
297368629,TRIPLELIFT,0.0
1584596271,CRITEO,0.0
301987699,MOPUB,0.0
1103438575,UNMATCHED,0.0
wp.wattpad,TAURUSX,0.0
297368629,MOPUB,0.0
382233851,VERVE,0.0
382233851,MINTEGRAL,0.0
com.naver.linewebtoon,TRIPLELIFT,0.0
com.imo.android.imoim,MAILRU,0.0
520502858,SMAATO,0.0
1369521645,ADVLION,0.0
com.particlenews.newsbreak,ADCOLONY,0.0
6504122823,VERVE,0.0
1486214495,CRITEO,0.0
1625097467,RHEBUS,0.0
com.imo.android.imoim,DOUBLECLICK,0.0
520502858,A9TAM,0.0
com.imo.android.imoim,MINTEGRAL,0.0
724594093,INDEX,0.0
com.naver.linewebtoon,A9TAM,0.0
1369521645,MOBFOX,0.0
1369521645,SMAATO,0.0
1584596271,UNMATCHED,0.0
520502858,TAURUSX,0.0
1103438575,ADVLION,0.0
1486214495,APPLOVIN,0.0
1103438575,SMAATO,0.0
1625097467,UNMATCHED,0.0
1486214495,UNMATCHED,0.0
1486214495,OPERA,0.0
com.naver.linewebtoon,ACUITYADS,0.0
com.particlenews.newsbreak,A9TAM,0.0
1579356887,INDEX,0.0
1579356887,SMAATO,0.0
608206510,OPENX,0.0
com.imo.android.imoim,APPODEAL,0.0
724594093,UNMATCHED,0.0
com.particlenews.newsbreak,INDEX,0.0
1369521645,MOBILEFUSE,0.0
1625097467,SMAATO,0.0
com.gamebrain.hexasort,CRITEO,0.0
com.particlenews.newsbreak,ACUITYADS,0.0
com.naver.linewebtoon,DISPLAYIO,0.0
1369521645,ADCOLONY,0.0
com.naver.linewebtoon,MOBILEFUSE,0.0
com.scores365,OPENX,0.0
724594093,INMOBI,0.0
com.gamebrain.hexasort,MOBILEFUSE,0.0
1459645446,LINE,0.0
6755425214,SMAATO,0.0
com.naver.linewebtoon,BIGO,0.0
1486214495,SMAATO,0.0
com.imo.android.imoim,PUBMATIC,0.0
wp.wattpad,DISPLAYIO,0.0
1625097467,MOBILEFUSE,0.0
520502858,PUBMATIC,0.0
1459645446,UNMATCHED,0.0
com.imo.android.imoim,MOBFOX,0.0
1486214495,ACUITYADS,0.0
1103438575,OPENX,0.0
wp.wattpad,MOPUB,0.0
com.scores365,MOBFOX,0.0
382233851,TRIPLELIFT,0.0
com.imo.android.imoim,SMAATO,0.0
6738771575,SMAATO,0.0
water.sort.puzzle.game.color.sorting.free,MOBILEFUSE,0.0
1369521645,UNMATCHED,0.0
1486214495,RHEBUS,0.0
com.naver.linewebtoon,OPENX,0.0
com.imo.android.imoim,A9TAM,0.0
1579356887,CRITEO,0.0
1579356887,A9TAM,0.0
com.easybrain.crossword.puzzles,CRITEO,0.0
water.sort.puzzle.game.color.sorting.free,MOPUB,0.0
free.vpn.unblock.proxy.turbovpn,XIAOMI,0.0
301987699,A9,0.0
water.sort.puzzle.game.color.sorting.free,BIGO,0.0
608206510,INDEX,0.0
com.miui.videoplayer,SMAATO,0.0
468996152,RUBICON,0.0
1498889847,UNMATCHED,0.0
281940292,PUBMATIC,0.0
1274972321,PUBMATIC,0.0
281940292,RUBICON,0.0
6743385713,LINE,0.0
6743385713,TAURUSX,0.0
281940292,TAPPX,0.0
1288430163,INDEX,0.0
water.sort.puzzle.game.color.sorting.free,RHEBUS,0.0
1374403536,MOBFOX,0.0
281940292,ADVLION,0.0
1274972321,TRIPLELIFT,0.0
281940292,ACUITYADS,0.0
1274972321,UNMATCHED,0.0
eu.livesport.FlashScore_com,VERVE,0.0
com.sec.android.app.samsungapps,APPODEAL,0.0
1274972321,PANGLE,0.0
281940292,MOBILEFUSE,0.0
1274972321,MOPUB,0.0
1274972321,INDEX,0.0
6743385713,VERVE,0.0
571801488,TRIPLELIFT,0.0
1579356887,PUBMATIC,0.0
1288430163,UNMATCHED,0.0
1572661625,RHEBUS,0.0
1274972321,MOBILEFUSE,0.0
1374403536,OPENX,0.0
1572661625,SMAATO,0.0
6748397500,TAURUSX,0.0
1288430163,IRONSOURCE,0.0
281940292,MINTEGRAL,0.0
1288430163,MOBFOX,0.0
1288430163,TRIPLELIFT,0.0
1572661625,UNMATCHED,0.0
281940292,A9TAM,0.0
301987699,DISPLAYIO,0.0
281940292,CHARTBOOST,0.0
281940292,AOLONE,0.0
6743385713,UNMATCHED,0.0
571801488,SMAATO,0.0
1572661625,ADVLION,0.0
281940292,ADCOLONY,0.0
281940292,SMAATO,0.0
eu.livesport.FlashScore_com,APPODEAL,0.0
com.dream11.fantasy.cricket.football.kabaddi,INMOBI,0.0
1572661625,TAURUSX,0.0
eu.livesport.FlashScore_com,SMAATO,0.0
1374403536,SMAATO,0.0
1374403536,MOPUB,0.0
301987699,MOBILEFUSE,0.0
com.easybrain.crossword.puzzles,RHEBUS,0.0
1274972321,SMAATO,0.0
1274972321,OPENX,0.0
1274972321,ACUITYADS,0.0
1288430163,PUBMATIC,0.0
6748397500,SMAATO,0.0
com.sec.android.app.samsungapps,MOBFOX,0.0
com.sec.android.app.samsungapps,INMOBI,0.0
6748397500,UNMATCHED,0.0
1288430163,SMAATO,0.0
281940292,TRIPLELIFT,0.0
1572661625,CRITEO,0.0
281940292,OPERA,0.0
301987699,CRITEO,0.0
571801488,INMOBI,0.0
1542776143,UNMATCHED,0.0
1374403536,ACUITYADS,0.0
281940292,CRITEO,0.0
571801488,RUBICON,0.0
571801488,ADVLION,0.0
1572661625,PUBMATIC,0.0
com.sec.android.app.samsungapps,VERVE,0.0
1374403536,TAPJOY,0.0
1288430163,INMOBI,0.0
1572661625,VERVE,0.0
1572661625,MOBFOX,0.0
1374403536,LIFTOFF,0.0
1579356887,ADCOLONY,0.0
1572661625,MOBILEFUSE,0.0
6743385713,SMAATO,0.0
1498889847,MOPUB,0.0
eu.livesport.FlashScore_com,MOBFOX,0.0
281940292,UNMATCHED,0.0
281940292,INDEX,0.0
com.sec.android.app.samsungapps,RUBICON,0.0
com.sec.android.app.samsungapps,MINTEGRAL,0.0
1374403536,ADCOLONY,0.0
571801488,OPENX,0.0
1288430163,OPENX,0.0
1288430163,UNITY,0.0
com.lenovo.anyshare.gps,DISPLAYIO,0.0
1132762804,MOBILEFUSE,0.0
1374403536,A9TAM,0.0
1274972321,ADCOLONY,0.0
1132762804,ADVLION,0.0
1671705818,UNMATCHED,0.0
1132762804,PUBMATIC,0.0
6504324020,UNMATCHED,0.0
6498883328,SMAATO,0.0
com.amelosinteractive.snake,OPERA,0.0
1589762792,ACUITYADS,0.0
1132762804,MOBFOX,0.0
com.lenovo.anyshare.gps,MOPUB,0.0
301987699,AOLONE,0.0
free.vpn.unblock.proxy.turbovpn,UNITY,0.0
608206510,MOBILEFUSE,0.0
6446669987,CRITEO,0.0
1643481036,CHARTBOOST,0.0
6740043080,UNMATCHED,0.0
314716233,ADVLION,0.0
993090598,ADCOLONY,0.0
6743441683,UNMATCHED,0.0
com.bstar.intl,PUBMATIC,0.0
314716233,SMAATO,0.0
1132762804,TRIPLELIFT,0.0
993090598,UNMATCHED,0.0
314716233,A9TAM,0.0
1132762804,RHEBUS,0.0
301987699,ADVLION,0.0
com.fc.goods.sort.matching.puzzle.triplemaster,CRITEO,0.0
399355755,VERVE,0.0
6743441683,SMAATO,0.0
1089225191,UNMATCHED,0.0
com.amelosinteractive.snake,ADCOLONY,0.0
1389111413,ADCOLONY,0.0
993090598,TRIPLELIFT,0.0
1643481036,MOBILEFUSE,0.0
1389111413,UNMATCHED,0.0
993090598,MOBFOX,0.0
6498883328,UNMATCHED,0.0
6740043080,TAURUSX,0.0
382002079,MOPUB,0.0
1579356887,ADVLION,0.0
com.bstar.intl,TOPON,0.0
6504324020,SMAATO,0.0
1028294311,MINTEGRAL,0.0
399355755,OPENX,0.0
6504324020,PANGLE,0.0
1491074310,TAPJOY,0.0
382002079,ACUITYADS,0.0
6452119853,SMAATO,0.0
399355755,TAPJOY,0.0
1132762804,SMAATO,0.0
com.wood.block.sudoku.puzzle.bm,ZMATICOO,0.0
6452119853,UNMATCHED,0.0
1132762804,VERVE,0.0
382002079,ADCOLONY,0.0
301987699,INMOBI,0.0
1589762792,SMAATO,0.0
314716233,UNMATCHED,0.0
1389111413,OPENX,0.0
993090598,SMAATO,0.0
1089225191,ADVLION,0.0
com.king.farmheroessaga,OPENX,0.0
1602508478,SMAATO,0.0
com.gamma.scan,INMOBI,0.0
com.wood.block.sudoku.puzzle.bm,A9TAM,0.0
6740043080,SMAATO,0.0
6446669987,MOBILEFUSE,0.0
399355755,UNITY,0.0
com.king.farmheroessaga,TAURUSX,0.0
382002079,OPENX,0.0
301987699,PUBMATIC,0.0
com.flightradar24free,INDEX,0.0
1671705818,INMOBI,0.0
com.gamma.scan,TRIPLELIFT,0.0
com.king.farmheroessaga,RUBICON,0.0
com.gamma.scan,MOBFOX,0.0
1644847077,CRITEO,0.0
com.king.farmheroessaga,MOBILEFUSE,0.0
com.Cash.Drama,TAURUSX,0.0
1452526406,PUBMATIC,0.0
399355755,RUBICON,0.0
1491074310,DOUBLECLICK,0.0
399355755,FLURRY,0.0
399355755,SMAATO,0.0
com.lenovo.anyshare.gps,RUBICON,0.0
382002079,RUBICON,0.0
6499209500,UNMATCHED,0.0
6748950306,UNMATCHED,0.0
6504324020,INMOBI,0.0
com.lenovo.anyshare.gps,ACUITYADS,0.0
314716233,RUBICON,0.0
399355755,APPODEAL,0.0
6754384144,INMOBI,0.0
1602508478,UNMATCHED,0.0
com.wood.block.sudoku.puzzle.bm,TAURUSX,0.0
314716233,RHEBUS,0.0
com.king.farmheroessaga,PUBMATIC,0.0
993090598,INDEX,0.0
6446669987,SMAATO,0.0
com.king.farmheroessaga,ADCOLONY,0.0
382002079,PUBMATIC,0.0
1579356887,RHEBUS,0.0
6498883328,DISPLAYIO,0.0
6504324020,VERVE,0.0
6743441683,DOUBLECLICK,0.0
1089225191,VERVE,0.0
399355755,A9TAM,0.0
com.lenovo.anyshare.gps,CRITEO,0.0
1602508478,MOBILEFUSE,0.0
314716233,OPENX,0.0
1643481036,BIGO,0.0
com.lenovo.anyshare.gps,MAILRU,0.0
com.amelosinteractive.snake,RHEBUS,0.0
com.metropcs.metrozone,INDEX,0.0
399355755,MOPUB,0.0
1491074310,APPODEAL,0.0
1503251395,TAURUSX,0.0
com.fc.goods.sort.matching.puzzle.triplemaster,SMAATO,0.0
6498883328,LINE,0.0
1132762804,APPODEAL,0.0
314716233,MOPUB,0.0
1089225191,CRITEO,0.0
1491074310,CRITEO,0.0
1503251395,SMAATO,0.0
1643481036,RHEBUS,0.0
1089225191,DOUBLECLICK,0.0
com.lenovo.anyshare.gps,OPENX,0.0
6446669987,DISPLAYIO,0.0
850417475,INDEX,0.0
1452526406,MOPUB,0.0
1132762804,APPLOVIN,0.0
382002079,CRITEO,0.0
301987699,UNMATCHED,0.0
com.free.vpn.super.hotspot.open,APPLOVIN,0.0
com.flightradar24free,INMOBI,0.0
468996152,MOBILEFUSE,0.0
6446669987,UNITY,0.0
com.amelosinteractive.snake,TAPJOY,0.0
1491074310,UNMATCHED,0.0
com.bstar.intl,SMAATO,0.0
314716233,PUBMATIC,0.0
com.lenovo.anyshare.gps,APPODEAL,0.0
382002079,ADVLION,0.0
399355755,ADVLION,0.0
6446669987,UNMATCHED,0.0
1389111413,TAPJOY,0.0
399355755,PUBMATIC,0.0
6452119853,MOBILEFUSE,0.0
1389111413,PUBMATIC,0.0
1602508478,RHEBUS,0.0
6755425214,UNMATCHED,0.0
1452526406,OPENX,0.0
314716233,APPNEXUS,0.0
1132762804,DOUBLECLICK,0.0
6498883328,CRITEO,0.0
314716233,AOLONE,0.0
1389111413,MOPUB,0.0
382002079,RHEBUS,0.0
314716233,MOBILEFUSE,0.0
1643481036,UNMATCHED,0.0
1491074310,ADVLION,0.0
6751270213,UNMATCHED,0.0
defense.roguelike.cell.shoot.survivor,ZMATICOO,0.0
1644847077,A9TAM,0.0
1028294311,APPLOVIN,0.0
382002079,INDEX,0.0
301987699,SMAATO,0.0
993090598,OPENX,0.0
com.nebula.mahjongtile,TAURUSX,0.0
1389111413,SMAATO,0.0
993090598,PUBMATIC,0.0
1644847077,VERVE,0.0
1491074310,UNITY,0.0
382002079,TRIPLELIFT,0.0
1089225191,SMAATO,0.0
1589762792,MOBILEFUSE,0.0
1389111413,LINE,0.0
1644847077,SMAATO,0.0
6449206831,SMAATO,0.0
314716233,MOBFOX,0.0
1389111413,RUBICON,0.0
1503251395,UNMATCHED,0.0
1589762792,ADVLION,0.0
com.nebula.mahjongtile,A9TAM,0.0
1132762804,A9TAM,0.0
1644847077,UNMATCHED,0.0
6452119853,RHEBUS,0.0
1389111413,VERVE,0.0
382002079,MOBILEFUSE,0.0
1089225191,IRONSOURCE,0.0
1589762792,RHEBUS,0.0
1132762804,UNMATCHED,0.0
6748950306,CRITEO,0.0
com.aws.android,INNERACTIVE_DIRECT,0.0
6452119853,DOUBLECLICK,0.0
1491074310,SMAATO,0.0
382002079,UNMATCHED,0.0
301987699,RUBICON,0.0
com.flightradar24free,MINTEGRAL,0.0
6751270213,A9TAM,0.0
1643481036,SMAATO,0.0
com.king.farmheroessaga,INMOBI,0.0
com.gamma.scan,ACUITYADS,0.0
1452526406,UNMATCHED,0.0
6754384144,UNMATCHED,0.0
382002079,SMAATO,0.0
1644847077,INMOBI,0.0
1589762792,UNMATCHED,0.0
com.lenovo.anyshare.gps,TOPON,0.0
1589762792,PUBMATIC,0.0
850417475,MOBILEFUSE,0.0
6452119853,CRITEO,0.0
1491074310,MOBILEFUSE,0.0
1602508478,CRITEO,0.0
1589762792,CRITEO,0.0
399355755,UNMATCHED,0.0
1028294311,UNMATCHED,0.0
1589762792,UNITY,0.0
1644847077,MOBILEFUSE,0.0
1389111413,MOBFOX,0.0
6740043080,VERVE,0.0
1132762804,RUBICON,0.0
1503251395,INNERACTIVE_DIRECT,0.0
382002079,DISPLAYIO,0.0
com.lenovo.anyshare.gps,INMOBI,0.0
com.lenovo.anyshare.gps,SMAATO,0.0
382002079,VERVE,0.0
1602508478,ADVLION,0.0
premium.gotube.adblock.utube,TAURUSX,0.0
com.storymatrix.drama,RHEBUS,0.0
1207472156,PUBMATIC,0.0
605569663,CRITEO,0.0
1146465836,MOBFOX,0.0
1207472156,OPENX,0.0
388627783,ADVLION,0.0
1442749804,PUBMATIC,0.0
388627783,SMAATO,0.0
com.storymatrix.drama,BIGO,0.0
6504421808,UNMATCHED,0.0
1206967173,INNERACTIVE_DIRECT,0.0
6504421808,MINTEGRAL,0.0
6702018773,UNMATCHED,0.0
1146465836,OPENX,0.0
892521917,MOPUB,0.0
6446890186,CHARTBOOST,0.0
1442749804,LINE,0.0
1442749804,MOBFOX,0.0
6752376239,INMOBI,0.0
com.easybrain.number.puzzle.game,CHARTBOOST,0.0
6752973567,UNMATCHED,0.0
1146465836,PUBMATIC,0.0
1146465836,UNMATCHED,0.0
1207472156,DISPLAYIO,0.0
6752376239,UNMATCHED,0.0
6446890186,DOUBLECLICK,0.0
892521917,PUBMATIC,0.0
892521917,MINTEGRAL,0.0
605569663,ADCOLONY,0.0
1206967173,MOPUB,0.0
1442749804,ACUITYADS,0.0
892521917,MOBILEFUSE,0.0
1206967173,ADVLION,0.0
6446890186,SMAATO,0.0
388627783,MOBFOX,0.0
1207472156,INDEX,0.0
1206967173,TAPJOY,0.0
847492141,RUBICON,0.0
1207472156,TAPJOY,0.0
com.easybrain.crossword.puzzles,MOBILEFUSE,0.0
608206510,MINTEGRAL,0.0
com.miui.videoplayer,ZMATICOO,0.0
com.miui.videoplayer,INMOBI,0.0
605569663,UNMATCHED,0.0
847492141,CHARTBOOST,0.0
605569663,DISPLAYIO,0.0
com.storymatrix.drama,TAURUSX,0.0
847492141,OPENX,0.0
1206967173,UNMATCHED,0.0
com.easybrain.number.puzzle.game,SMAATO,0.0
1146465836,ADCOLONY,0.0
1207472156,ACUITYADS,0.0
1207472156,CRITEO,0.0
1206967173,MOBFOX,0.0
847492141,ADCOLONY,0.0
351331194,UNMATCHED,0.0
1207472156,TRIPLELIFT,0.0
1206967173,MINTEGRAL,0.0
892521917,MOBFOX,0.0
605569663,A9TAM,0.0
com.sled.surfers.game,DOUBLECLICK,0.0
1442749804,INDEX,0.0
com.easybrain.number.puzzle.game,MOPUB,0.0
1207472156,SMAATO,0.0
1207472156,UNMATCHED,0.0
1206967173,TRIPLELIFT,0.0
388627783,UNMATCHED,0.0
com.easybrain.number.puzzle.game,INDEX,0.0
1442749804,SMAATO,0.0
1146465836,SMAATO,0.0
605569663,SMAATO,0.0
892521917,CRITEO,0.0
892521917,SMAATO,0.0
892521917,RHEBUS,0.0
1207472156,DOUBLECLICK,0.0
388627783,PUBMATIC,0.0
6702018773,SMAATO,0.0
605569663,PUBMATIC,0.0
1206967173,ADCOLONY,0.0
6702018773,MOBILEFUSE,0.0
550928207,UNMATCHED,0.0
6446890186,UNMATCHED,0.0
550928207,SMAATO,0.0
351331194,INNERACTIVE_DIRECT,0.0
1442749804,CRITEO,0.0
1207472156,ADVLION,0.0
1207472156,MOPUB,0.0
com.easybrain.number.puzzle.game,RHEBUS,0.0
1146465836,TAPJOY,0.0
351331194,MOPUB,0.0
1206967173,AOLONE,0.0
com.easybrain.number.puzzle.game,OPENX,0.0
com.easybrain.number.puzzle.game,CRITEO,0.0
1146465836,RUBICON,0.0
351331194,PUBMATIC,0.0
com.flightradar24free,ADVLION,0.0
1442749804,A9TAM,0.0
847492141,UNMATCHED,0.0
550928207,RUBICON,0.0
351331194,RUBICON,0.0
1206967173,APPODEAL,0.0
351331194,INMOBI,0.0
892521917,UNMATCHED,0.0
1206967173,SMAATO,0.0
com.easybrain.number.puzzle.game,PANGLE,0.0
1442749804,MOBILEFUSE,0.0
351331194,VERVE,0.0
550928207,IRONSOURCE,0.0
892521917,RUBICON,0.0
6702018773,RHEBUS,0.0
847492141,MOPUB,0.0
6446890186,RHEBUS,0.0
388627783,RUBICON,0.0
605569663,MOPUB,0.0
6446890186,MOBILEFUSE,0.0
608206510,ADCOLONY,0.0
1667538256,DOUBLECLICK,0.0
1638253339,PANGLE,0.0
1638253339,UNMATCHED,0.0
6446354191,SMAATO,0.0
6446354191,MOBILEFUSE,0.0
1600871388,ACUITYADS,0.0
1667538256,SMAATO,0.0
1638253339,LINE,0.0
1667538256,RHEBUS,0.0
1600871388,TAURUSX,0.0
6446354191,UNMATCHED,0.0
1667538256,CHARTBOOST,0.0
6502341730,MOBILEFUSE,0.0
puzzle.yarn.fever.unravel.puzzle,DOUBLECLICK,0.0
com.flightradar24free,TRIPLELIFT,0.0
6446354191,APPODEAL,0.0
1638253339,VERVE,0.0
1445472541,SMAATO,0.0
1600871388,CHARTBOOST,0.0
1638253339,SMAATO,0.0
6502341730,RHEBUS,0.0
1667538256,MOBILEFUSE,0.0
6446354191,CRITEO,0.0
1600871388,UNMATCHED,0.0
1638253339,ADPOPCORN,0.0
com.ludo.king,TAURUSX,0.0
com.ig.screwdom,DOUBLECLICK,0.0
1633296501,UNMATCHED,0.0
1667538256,UNMATCHED,0.0
jp.naver.linemanga.android,DISPLAYIO,0.0
com.screw3d.match.nuts.bolts.pin.jam.away.puzzle,BIGO,0.0
com.mobilityware.Spades,CHARTBOOST,0.0
358899126,TRIPLELIFT,0.0
1633296501,MINTEGRAL,0.0
398157427,UNMATCHED,0.0
1635289326,SMAATO,0.0
com.applabstudios.ai.mail.homescreen.inbox,BIGO,0.0
498477945,VERVE,0.0
6444407009,UNMATCHED,0.0
com.screw3d.match.nuts.bolts.pin.jam.away.puzzle,CHARTBOOST,0.0
6444407009,MOBILEFUSE,0.0
1557392270,MOBILEFUSE,0.0
jp.gocro.smartnews.android,INDEX,0.0
kidultlovin.word.zen,RHEBUS,0.0
1635289326,A9TAM,0.0
com.flow.mobile,TAURUSX,0.0
727296976,OPENX,0.0
1445472541,MOBFOX,0.0
com.flightradar24free,VERVE,0.0
468996152,MOPUB,0.0
1635289326,MOBILEFUSE,0.0
kidultlovin.word.zen,TAURUSX,0.0
com.screw3d.match.nuts.bolts.pin.jam.away.puzzle,RHEBUS,0.0
com.mobilityware.spider,MOPUB,0.0
1514542157,OPERA,0.0
6446891577,DOUBLECLICK,0.0
jp.naver.linemanga.android,LINE,0.0
632064380,DOUBLECLICK,0.0
at.ner.SolitaireKlondike,BIGO,0.0
6737214802,MINTEGRAL,0.0
at.ner.SolitaireKlondike,PUBMATIC,0.0
jp.gocro.smartnews.android,PUBMATIC,0.0
632064380,APPODEAL,0.0
com.mobilityware.spider,APPNEXUS,0.0
6746331323,SMAATO,0.0
com.screw3d.match.nuts.bolts.pin.jam.away.puzzle,SMAATO,0.0
jp.gocro.smartnews.android,RHEBUS,0.0
6746465127,UNMATCHED,0.0
com.tranzmate,INMOBI,0.0
1514542157,MOBILEFUSE,0.0
358899126,SMAATO,0.0
6444407009,SMAATO,0.0
632064380,A9TAM,0.0
6547858927,MOBILEFUSE,0.0
358899126,MOBFOX,0.0
6547858927,UNMATCHED,0.0
579581125,PUBMATIC,0.0
632064380,ADVLION,0.0
632064380,VERVE,0.0
jp.naver.linemanga.android,UNITY,0.0
com.ludo.king,MOBFOX,0.0
498477945,ACUITYADS,0.0
com.tranzmate,PUBMATIC,0.0
6444946155,UNMATCHED,0.0
com.mobilityware.spider,PUBMATIC,0.0
jp.gocro.smartnews.android,MOPUB,0.0
358899126,UNMATCHED,0.0
1544750895,UNMATCHED,0.0
358899126,CHARTBOOST,0.0
579581125,ADVLION,0.0
6446891577,UNMATCHED,0.0
1557392270,ACUITYADS,0.0
1514542157,CRITEO,0.0
1635289326,UNMATCHED,0.0
com.flow.mobile,RHEBUS,0.0
1445472541,UNMATCHED,0.0
632064380,TRIPLELIFT,0.0
6446197181,UNMATCHED,0.0
358899126,OPENX,0.0
356928178,OPENX,0.0
356928178,SMAATO,0.0
6636495643,VERVE,0.0
632064380,SMAATO,0.0
6444407009,DOUBLECLICK,0.0
kidultlovin.word.zen,APPLOVIN,0.0
com.mobilityware.spider,INMOBI,0.0
579581125,TRIPLELIFT,0.0
1514542157,RHEBUS,0.0
1635289326,VERVE,0.0
498477945,UNITY,0.0
jp.naver.linemanga.android,MINTEGRAL,0.0
1445472541,TAURUSX,0.0
com.loomgames.pixelflow,DOUBLECLICK,0.0
com.mobilityware.spider,BIGO,0.0
1514542157,ADVLION,0.0
358899126,ACUITYADS,0.0
1470373330,TAURUSX,0.0
1514542157,MOBFOX,0.0
6746465127,MINTEGRAL,0.0
live.shorttv.apps,IRONSOURCE,0.0
358899126,MOBILEFUSE,0.0
kidultlovin.word.zen,DISPLAYIO,0.0
1390423469,MOPUB,0.0
jp.gocro.smartnews.android,CHARTBOOST,0.0
6547858927,SMAATO,0.0
358899126,PUBMATIC,0.0
1635289326,CRITEO,0.0
6444312211,SMAATO,0.0
com.mobilityware.Spades,BIGO,0.0
579581125,RUBICON,0.0
1470373330,UNMATCHED,0.0
jp.gocro.smartnews.android,A9TAM,0.0
6636495643,UNMATCHED,0.0
358899126,RUBICON,0.0
6446891577,SMAATO,0.0
1390423469,OPERA,0.0
6737214802,UNMATCHED,0.0
com.mobilityware.Spades,SMAATO,0.0
1073936461,UNMATCHED,0.0
jp.naver.linemanga.android,VERVE,0.0
6737214802,VERVE,0.0
358899126,MOPUB,0.0
com.mobilityware.spider,AOLONE,0.0
com.mobilityware.Spades,INNERACTIVE_DIRECT,0.0
727296976,ADVLION,0.0
632064380,UNMATCHED,0.0
498477945,IRONSOURCE,0.0
6446891577,MOBILEFUSE,0.0
com.mobilityware.spider,DISPLAYIO,0.0
jp.naver.linemanga.android,OPERA,0.0
632064380,MOPUB,0.0
com.mobilityware.Spades,MOBILEFUSE,0.0
358899126,APPODEAL,0.0
com.flow.mobile,BIGO,0.0
6737214802,BIGO,0.0
632064380,PUBMATIC,0.0
1635289326,DOUBLECLICK,0.0
com.mobilityware.Spades,INMOBI,0.0
727296976,INMOBI,0.0
727296976,APPODEAL,0.0
6741703805,SMAATO,0.0
com.mobilityware.Spades,DISPLAYIO,0.0
358899126,A9TAM,0.0
com.mobilityware.spider,OPENX,0.0
com.mobilityware.spider,SMAATO,0.0
6502341730,CRITEO,0.0
com.mobilityware.spider,CRITEO,0.0
com.screw3d.match.nuts.bolts.pin.jam.away.puzzle,CRITEO,0.0
com.screw3d.match.nuts.bolts.pin.jam.away.puzzle,TAURUSX,0.0
com.applabstudios.ai.mail.homescreen.inbox,MINTEGRAL,0.0
jp.naver.linemanga.android,BIGO,0.0
com.mobilityware.spider,PANGLE,0.0
632064380,OPERA,0.0
1390423469,UNMATCHED,0.0
632064380,OPENX,0.0
358899126,ADCOLONY,0.0
1390423469,BIGO,0.0
1073936461,PUBMATIC,0.0
727296976,INNERACTIVE_DIRECT,0.0
com.ludo.king,TRIPLELIFT,0.0
6502341730,SMAATO,0.0
jp.naver.linemanga.android,PANGLE,0.0
727296976,ADCOLONY,0.0
6746331323,UNMATCHED,0.0
com.ig.screwdom,SMAATO,0.0
418987775,A9,0.0
418987775,MOBILEFUSE,0.0
1562817072,MINTEGRAL,0.0
6751533084,UNMATCHED,0.0
418987775,MOPUB,0.0
418987775,RUBICON,0.0
1562817072,A9TAM,0.0
418987775,SMAATO,0.0
6502341730,UNMATCHED,0.0
com.ig.screwdom,VERVE,0.0
418987775,OPENX,0.0
com.ezt.pdfreader.pdfviewer,INMOBI,0.0
1500855883,BIGO,0.0
1562817072,SMAATO,0.0
1562817072,UNMATCHED,0.0
418987775,UNITY,0.0
1445472541,DOUBLECLICK,0.0
418987775,MOBFOX,0.0
1562817072,LINE,0.0
1562817072,CHARTBOOST,0.0
418987775,PUBMATIC,0.0
com.ezt.pdfreader.pdfviewer,INNERACTIVE_DIRECT,0.0
418987775,ACUITYADS,0.0
1086101495,UNMATCHED,0.0
727296976,SMAATO,0.0
com.playit.videoplayer,SMAATO,0.0
6502597181,SMAATO,0.0
easy.sudoku.puzzle.solver.free,DISPLAYIO,0.0
1562817072,MOBILEFUSE,0.0
1500855883,UNMATCHED,0.0
1562817072,RHEBUS,0.0
1531594277,UNMATCHED,0.0
418987775,TRIPLELIFT,0.0
418987775,A9TAM,0.0
418987775,ADVLION,0.0
418987775,RHEBUS,0.0
1562817072,PUBMATIC,0.0
1562817072,OPERA,0.0
1086101495,MOPUB,0.0
com.newreading.goodreels,TAURUSX,0.0
puzzle.yarn.fever.unravel.puzzle,SMAATO,0.0
6444312211,DOUBLECLICK,0.0
com.easybrain.crossword.puzzles,SMAATO,0.0
608206510,SMAATO,0.0
468996152,ADVLION,0.0
1562817072,MOPUB,0.0
com.playit.videoplayer,MOBFOX,0.0
com.Beauchamp.Messenger.external,BIGO,0.0
418987775,AOLONE,0.0
easy.sudoku.puzzle.solver.free,TRIPLELIFT,0.0
com.ludo.king,INDEX,0.0
easy.sudoku.puzzle.solver.free,PUBMATIC,0.0
easy.sudoku.puzzle.solver.free,SMAATO,0.0
1073936461,SMAATO,0.0
com.Beauchamp.Messenger.external,APPODEAL,0.0
com.Gamnest.CandyRace,TAURUSX,0.0
easy.sudoku.puzzle.solver.free,MOBILEFUSE,0.0
easy.sudoku.puzzle.solver.free,RUBICON,0.0
1544750895,OPERA,0.0
398157427,MOPUB,0.0
com.Beauchamp.Messenger.external,VERVE,0.0
easy.sudoku.puzzle.solver.free,MOBFOX,0.0
6444312211,CRITEO,0.0
easy.sudoku.puzzle.solver.free,ACUITYADS,0.0
easy.sudoku.puzzle.solver.free,CRITEO,0.0
1544750895,VERVE,0.0
com.zynga.words3,PUBMATIC,0.0
417571834,FLURRY,0.0
1545567989,TAURUSX,0.0
com.zynga.words3,TRIPLELIFT,0.0
com.pieyel.scrabble,OPERA,0.0
jigsaw.puzzle.game.banana,SMAATO,0.0
com.zynga.words3,RHEBUS,0.0
com.ludo.king,ADCOLONY,0.0
com.ig.screwdom,INMOBI,0.0
608206510,RUBICON,0.0
jigsaw.puzzle.game.banana,TAURUSX,0.0
com.eyecon.global,ADCOLONY,0.0
jigsaw.puzzle.game.banana,DISPLAYIO,0.0
1545567989,TRIPLELIFT,0.0
553834731,OPENX,0.0
jigsaw.puzzle.game.banana,MOBILEFUSE,0.0
com.niam.smartswitch.phonecloneapp.easytransfer,PANGLE,0.0
417571834,OPENX,0.0
1463509237,INNERACTIVE_DIRECT,0.0
1545567989,OPERA,0.0
1545567989,SMAATO,0.0
1545567989,OPENX,0.0
jigsaw.puzzle.game.banana,RUBICON,0.0
6444312211,UNMATCHED,0.0
com.duolingo,IRONSOURCE,0.0
553834731,TRIPLELIFT,0.0
417571834,SMAATO,0.0
417571834,A9TAM,0.0
1545567989,CRITEO,0.0
com.zynga.words3,CRITEO,0.0
417571834,UNMATCHED,0.0
com.zynga.words3,ACUITYADS,0.0
1545567989,UNMATCHED,0.0
jigsaw.puzzle.game.banana,CRITEO,0.0
com.pieyel.scrabble,UNITY,0.0
com.pieyel.scrabble,TAPJOY,0.0
398157427,SMAATO,0.0
6444312211,MOBILEFUSE,0.0
417571834,MOPUB,0.0
1545567989,MOPUB,0.0
553834731,UNMATCHED,0.0
553834731,INDEX,0.0
553834731,ADVLION,0.0
553834731,MINTEGRAL,0.0
jp.naver.linemanga.android,DOUBLECLICK,0.0
com.pieyel.scrabble,BIGO,0.0
1545567989,ADVLION,0.0
1545567989,RHEBUS,0.0
1545567989,RUBICON,0.0
417571834,ACUITYADS,0.0
com.pieyel.scrabble,CRITEO,0.0
com.ludo.king,SMAATO,0.0
com.eyecon.global,APPLOVIN,0.0
com.zynga.words3,RUBICON,0.0
jigsaw.puzzle.game.banana,INNERACTIVE_DIRECT,0.0
com.zynga.words3,BIGO,0.0
com.pieyel.scrabble,MOPUB,0.0
com.pieyel.scrabble,ACUITYADS,0.0
com.zynga.words3,MOBILEFUSE,0.0
com.pieyel.scrabble,SMAATO,0.0
1545567989,INDEX,0.0
417571834,ADVLION,0.0
jigsaw.puzzle.game.banana,ACUITYADS,0.0
com.pieyel.scrabble,MOBILEFUSE,0.0
com.zynga.words3,ADCOLONY,0.0
727296976,RUBICON,0.0
com.ig.screwdom,TAURUSX,0.0
com.loomgames.pixelflow,VERVE,0.0
553834731,MOBILEFUSE,0.0
553834731,PUBMATIC,0.0
1545567989,MOBILEFUSE,0.0
417571834,INMOBI,0.0
com.pieyel.scrabble,TRIPLELIFT,0.0
1545567989,ACUITYADS,0.0
398157427,INDEX,0.0
jigsaw.puzzle.game.banana,PUBMATIC,0.0
417571834,RUBICON,0.0
553834731,RHEBUS,0.0
jp.naver.linemanga.android,IRONSOURCE,0.0
727296976,UNMATCHED,0.0
1445472541,APPLOVIN,0.0
jp.naver.linemanga.android,ADCOLONY,0.0
jp.naver.linemanga.android,TAPJOY,0.0
jp.naver.linemanga.android,RUBICON,0.0
727296976,TAPJOY,0.0
997362197,APPODEAL,0.0
com.supercell.hayday,ADVLION,0.0
com.blockchainvault,TAPJOY,0.0
997362197,CHARTBOOST,0.0
428312806,UNMATCHED,0.0
1499081620,VERVE,0.0
445338486,MOPUB,0.0
com.snaptube.premium,SMAATO,0.0
com.ludo.king,PUBMATIC,0.0
997362197,ADVLION,0.0
445338486,UNMATCHED,0.0
com.ibragunduz.applockpro,TAURUSX,0.0
997362197,UNMATCHED,0.0
445338486,ADVLION,0.0
1660171117,SMAATO,0.0
com.snaptube.premium,MINTEGRAL,0.0
com.blockchainvault,APPLOVIN,0.0
727296976,PUBMATIC,0.0
1499081620,LIFTOFF,0.0
1499081620,INDEX,0.0
445338486,OPENX,0.0
1499081620,MOBILEFUSE,0.0
com.blockchainvault,SMAATO,0.0
com.pixel.art.coloring.color.number,MOBILEFUSE,0.0
com.GybeGames.ColorBlockJam,CRITEO,0.0
6479528256,UNMATCHED,0.0
6467129396,SMAATO,0.0
1197354394,MOPUB,0.0
com.GybeGames.ColorBlockJam,APPLOVIN,0.0
6450917563,CRITEO,0.0
com.miui.cleaner,VERVE,0.0
com.viber.voip,OPERA,0.0
com.blockchainvault,DOUBLECLICK,0.0
kr.co.psynet,ADVLION,0.0
com.pixel.art.coloring.color.number,ACUITYADS,0.0
com.miui.cleaner,INMOBI,0.0
428312806,PUBMATIC,0.0
6733244789,UNMATCHED,0.0
1423046460,CRITEO,0.0
428312806,RUBICON,0.0
com.pixel.art.coloring.color.number,MOPUB,0.0
com.pixel.art.coloring.color.number,BIGO,0.0
6739069151,MOBILEFUSE,0.0
com.GybeGames.ColorBlockJam,CHARTBOOST,0.0
6450917563,VERVE,0.0
1660171117,MOBILEFUSE,0.0
com.ludo.king,OPENX,0.0
608206510,UNMATCHED,0.0
608206510,TRIPLELIFT,0.0
com.miui.cleaner,ZMATICOO,0.0
1197354394,PUBMATIC,0.0
428312806,APPLOVIN,0.0
com.pixel.art.coloring.color.number,MOBFOX,0.0
com.viber.voip,SMAATO,0.0
com.supercell.hayday,UNITY,0.0
com.miui.cleaner,CRITEO,0.0
com.supercell.hayday,TAURUSX,0.0
com.pixel.art.coloring.color.number,DOUBLECLICK,0.0
com.inmobi.weather,RHEBUS,0.0
1423046460,TAPJOY,0.0
1521236603,IRONSOURCE,0.0
1197354394,ACUITYADS,0.0
6450917563,UNMATCHED,0.0
445338486,SMAATO,0.0
1660171117,PUBMATIC,0.0
com.pixel.art.coloring.color.number,ADVLION,0.0
com.inmobi.weather,PUBMATIC,0.0
1644099880,SMAATO,0.0
kr.co.psynet,ADPOPCORN,0.0
com.miui.cleaner,SMAATO,0.0
445338486,A9TAM,0.0
1423046460,SMAATO,0.0
com.pixel.art.coloring.color.number,PUBMATIC,0.0
com.ibragunduz.applockpro,PUBMATIC,0.0
com.pixel.art.coloring.color.number,TRIPLELIFT,0.0
com.pixel.art.coloring.color.number,TAPJOY,0.0
6758326278,UNMATCHED,0.0
6450917563,CHARTBOOST,0.0
com.inmobi.weather,INNERACTIVE_DIRECT,0.0
428312806,MOPUB,0.0
997362197,MOPUB,0.0
com.viber.voip,CRITEO,0.0
997362197,SMAATO,0.0
com.pixel.art.coloring.color.number,APPNEXUS,0.0
1423046460,MOPUB,0.0
445338486,APPODEAL,0.0
1499081620,ADVLION,0.0
com.ibragunduz.applockpro,SMAATO,0.0
6739069151,RHEBUS,0.0
com.miui.cleaner,BIGO,0.0
6467129396,MOBILEFUSE,0.0
1423046460,OPENX,0.0
kr.co.psynet,MINTEGRAL,0.0
6450917563,SMAATO,0.0
6450917563,MOBILEFUSE,0.0
445338486,PUBMATIC,0.0
com.pixel.art.coloring.color.number,RHEBUS,0.0
997362197,RUBICON,0.0
1423046460,ADCOLONY,0.0
com.viber.voip,ACUITYADS,0.0
1660171117,DOUBLECLICK,0.0
1499081620,TAPJOY,0.0
com.viber.voip,RHEBUS,0.0
6504279468,UNMATCHED,0.0
997362197,OPERA,0.0
kr.co.psynet,PUBMATIC,0.0
1197354394,UNMATCHED,0.0
1197354394,MOBFOX,0.0
com.supercell.hayday,OPENX,0.0
com.ibragunduz.applockpro,RUBICON,0.0
com.snaptube.premium,MOBFOX,0.0
1196764367,ADCOLONY,0.0
445338486,ACUITYADS,0.0
com.snaptube.premium,BIGO,0.0
com.litatom.app,VERVE,0.0
com.inmobi.weather,SMAATO,0.0
com.pixel.art.coloring.color.number,CHARTBOOST,0.0
com.inmobi.weather,MOBILEFUSE,0.0
com.grindrapp.android,TRIPLELIFT,0.0
1660171117,CRITEO,0.0
1197354394,RUBICON,0.0
com.inmobi.weather,A9TAM,0.0
com.miui.cleaner,OPERA,0.0
1660171117,DISPLAYIO,0.0
com.dramawave.app,MINTEGRAL,0.0
com.handmark.expressweather,SMAATO,0.0
428312806,IRONSOURCE,0.0
com.supercell.hayday,BIGO,0.0
com.outfit7.mytalkingangela2,PUBMATIC,0.0
6450917563,APPLOVIN,0.0
997362197,TAURUSX,0.0
1196764367,ACUITYADS,0.0
997362197,MAILRU,0.0
1499081620,OPERA,0.0
997362197,OPENX,0.0
com.snaptube.premium,ADVLION,0.0
com.handmark.expressweather,INNERACTIVE_DIRECT,0.0
1196764367,MOBFOX,0.0
com.supercell.hayday,MINTEGRAL,0.0
com.supercell.hayday,INNERACTIVE_DIRECT,0.0
com.easybrain.sudoku.android,RUBICON,0.0
com.snaptube.premium,APPODEAL,0.0
997362197,VERVE,0.0
com.easybrain.sudoku.android,OPENX,0.0
com.snaptube.premium,VERVE,0.0
com.snaptube.premium,ACUITYADS,0.0
428312806,TRIPLELIFT,0.0
1660171117,UNMATCHED,0.0
com.easybrain.sudoku.android,ADCOLONY,0.0
1196764367,TRIPLELIFT,0.0
com.snaptube.premium,OPERA,0.0
com.miui.cleaner,TAPPX,0.0
445338486,INDEX,0.0
428312806,SMAATO,0.0
1499081620,UNMATCHED,0.0
com.handmark.expressweather,RHEBUS,0.0
com.easybrain.sudoku.android,RHEBUS,0.0
1624606445,CRITEO,0.0
com.litatom.app,TAURUSX,0.0
com.easybrain.sudoku.android,SMAATO,0.0
1196764367,MOBILEFUSE,0.0
com.handmark.expressweather,A9TAM,0.0
com.handmark.expressweather,INDEX,0.0
com.easybrain.sudoku.android,CHARTBOOST,0.0
kr.co.psynet,TAURUSX,0.0
6467129396,RHEBUS,0.0
com.litatom.app,SMAATO,0.0
1197354394,ADVLION,0.0
1197354394,OPENX,0.0
1423046460,VERVE,0.0
com.easybrain.sudoku.android,INDEX,0.0
6739069151,SMAATO,0.0
1595314851,DOUBLECLICK,0.0
1644099880,UNMATCHED,0.0
com.viber.voip,APPODEAL,0.0
6504279468,SMAATO,0.0
1197354394,TAPJOY,0.0
1423046460,RUBICON,0.0
com.grindrapp.android,SMAATO,0.0
com.grindrapp.android,PUBMATIC,0.0
com.easybrain.sudoku.android,MOPUB,0.0
6504279468,CHARTBOOST,0.0
com.grandgames.magicsort,TAURUSX,0.0
com.pixel.art.coloring.color.number,CRITEO,0.0
com.handmark.expressweather,CRITEO,0.0
880178264,SMAATO,0.0
com.grindrapp.android,CRITEO,0.0
1423046460,ADVLION,0.0
1624606445,UNMATCHED,0.0
6733244789,CRITEO,0.0
1104692136,ADCOLONY,0.0
880178264,MOBILEFUSE,0.0
1423046460,LINE,0.0
6739069151,UNMATCHED,0.0
com.litatom.app,MOPUB,0.0
6451208928,CRITEO,0.0
com.grindrapp.android,ADVLION,0.0
com.viber.voip,A9TAM,0.0
com.grindrapp.android,MOPUB,0.0
1521236603,UNMATCHED,0.0
1644099880,CRITEO,0.0
com.pixel.art.coloring.color.number,INDEX,0.0
1196764367,UNMATCHED,0.0
6467129396,UNMATCHED,0.0
com.handmark.expressweather,MOBILEFUSE,0.0
kr.co.psynet,SMAATO,0.0
6503060634,SMAATO,0.0
1595314851,MINTEGRAL,0.0
com.viber.voip,INDEX,0.0
com.viber.voip,PUBMATIC,0.0
com.grandgames.magicsort,BIGO,0.0
com.grindrapp.android,ACUITYADS,0.0
com.handmark.expressweather,PUBMATIC,0.0
6733244789,SMAATO,0.0
1624606445,LINE,0.0
880178264,CRITEO,0.0
6463127238,MOBILEFUSE,0.0
1197354394,RHEBUS,0.0
1196764367,ADVLION,0.0
1423046460,ACUITYADS,0.0
com.grindrapp.android,OPENX,0.0
com.pixel.art.coloring.color.number,SMAATO,0.0
1196764367,PUBMATIC,0.0
1197354394,SMAATO,0.0
1644099880,MOBILEFUSE,0.0
1423046460,UNMATCHED,0.0
1624606445,A9TAM,0.0
com.grindrapp.android,MAX,0.0
1196764367,MOPUB,0.0
1595314851,UNMATCHED,0.0
1466297045,INMOBI,0.0
1643509748,UNMATCHED,0.0
880178264,UNMATCHED,0.0
com.viber.voip,MAILRU,0.0
1153883316,PUBMATIC,0.0
com.viber.voip,VERVE,0.0
6450958246,UNMATCHED,0.0
880178264,PUBMATIC,0.0
com.easybrain.sudoku.android,MOBILEFUSE,0.0
com.pixel.art.coloring.color.number,UNITY,0.0
com.pixel.art.coloring.color.number,OPENX,0.0
com.pixel.art.coloring.color.number,MAILRU,0.0
com.easybrain.sudoku.android,PANGLE,0.0
1482887935,OPERA,0.0
1496354836,ADMIXER,0.0
6504279468,RHEBUS,0.0
com.gimica.ballbounce,SMAATO,0.0
1423046460,PUBMATIC,0.0
468996152,MOBFOX,0.0
com.pixel.art.coloring.color.number,OPERA,0.0
com.miui.videoplayer,CRITEO,0.0
1197354394,CRITEO,0.0
com.miui.videoplayer,ADVLION,0.0
6733244789,RHEBUS,0.0
1420058690,CRITEO,0.0
com.viber.voip,MOPUB,0.0
1197354394,MOBILEFUSE,0.0
880178264,OPENX,0.0
6642698438,LINE,0.0
1420058690,ADVLION,0.0
1153883316,ADVLION,0.0
com.viber.voip,TRIPLELIFT,0.0
1196764367,SMAATO,0.0
com.viber.voip,RUBICON,0.0
com.miui.global.packageinstaller,CRITEO,0.0
500962489,MOBILEFUSE,0.0
500962489,PUBMATIC,0.0
1466297045,UNITY,0.0
com.outfit7.mytalkingangela2,MOBFOX,0.0
com.peoplefun.wordcross,ADCOLONY,0.0
com.kiloo.subwaysurf,CHARTBOOST,0.0
1153883316,MOBFOX,0.0
com.peoplefun.wordcross,ACUITYADS,0.0
1196764367,RHEBUS,0.0
com.mobilefootie.wc2010,RUBICON,0.0
500962489,RUBICON,0.0
com.mobilefootie.wc2010,INDEX,0.0
714796093,VERVE,0.0
com.handmark.expressweather,RUBICON,0.0
6503060634,CRITEO,0.0
6754862574,TAURUSX,0.0
1420058690,MOBILEFUSE,0.0
469463298,VERVE,0.0
500962489,CRITEO,0.0
com.litatom.app,PUBMATIC,0.0
1153883316,UNITY,0.0
6642698438,SMAATO,0.0
469463298,PUBMATIC,0.0
com.miui.global.packageinstaller,SMAATO,0.0
1624606445,TAPJOY,0.0
com.miui.global.packageinstaller,BIGO,0.0
1466297045,UNMATCHED,0.0
6642698438,UNMATCHED,0.0
1466297045,MOBFOX,0.0
com.peoplefun.wordcross,ADVLION,0.0
714796093,ADVLION,0.0
com.studio27.MelonPlayground,DOUBLECLICK,0.0
714796093,SMAATO,0.0
1196764367,APPNEXUS,0.0
1104692136,UNMATCHED,0.0
1496354836,CRITEO,0.0
com.kiloo.subwaysurf,TAURUSX,0.0
1153883316,APPLOVIN,0.0
com.miui.global.packageinstaller,ZMATICOO,0.0
6642698438,RHEBUS,0.0
com.handmark.expressweather,ACUITYADS,0.0
714796093,OPENX,0.0
500962489,ACUITYADS,0.0
6514312894,UNMATCHED,0.0
714796093,UNMATCHED,0.0
1196764367,AOLONE,0.0
1466297045,RUBICON,0.0
1153883316,APPODEAL,0.0
6467129657,MOBILEFUSE,0.0
1153883316,SMAATO,0.0
1420058690,TRIPLELIFT,0.0
714796093,MINTEGRAL,0.0
1153883316,UNMATCHED,0.0
1466297045,SMAATO,0.0
com.easybrain.sudoku.android,SUPERSHIP,0.0
com.easybrain.sudoku.android,ACUITYADS,0.0
1153883316,OPENX,0.0
469463298,UNMATCHED,0.0
6467129657,SMAATO,0.0
714796093,PUBMATIC,0.0
com.handmark.expressweather,APPLOVIN,0.0
1153883316,INMOBI,0.0
6642698438,CRITEO,0.0
6754862574,UNMATCHED,0.0
1484468651,ADVLION,0.0
com.grindrapp.android,DOUBLECLICK,0.0
com.peoplefun.wordcross,PUBMATIC,0.0
com.mobilefootie.wc2010,TRIPLELIFT,0.0
500962489,OPENX,0.0
500962489,INDEX,0.0
com.peoplefun.wordcross,AOLONE,0.0
1420058690,PUBMATIC,0.0
com.studio27.MelonPlayground,XIAOMI,0.0
1420058690,OPENX,0.0
com.oakever.arrows,TAURUSX,0.0
com.handmark.expressweather,OPENX,0.0
1482887935,BIGO,0.0
642831690,AOLONE,0.0
com.peoplefun.wordcross,RHEBUS,0.0
com.mobilefootie.wc2010,A9TAM,0.0
com.mobilefootie.wc2010,PUBMATIC,0.0
500962489,UNMATCHED,0.0
1196764367,OPENX,0.0
1484468651,DOUBLECLICK,0.0
500962489,A9TAM,0.0
6467129657,UNMATCHED,0.0
1420058690,ACUITYADS,0.0
com.truecaller,BIGO,0.0
1196764367,RUBICON,0.0
com.app.cricketapp,IRONSOURCE,0.0
com.miui.global.packageinstaller,INMOBI,0.0
com.truecaller,PANGLE,0.0
com.hitappsgames.wordsolitaire,A9TAM,0.0
com.kiloo.subwaysurf,RUBICON,0.0
com.miui.msa.global,ZMATICOO,0.0
com.easybrain.sudoku.android,TRIPLELIFT,0.0
com.mobilefootie.wc2010,CRITEO,0.0
com.peoplefun.wordcross,INDEX,0.0
6590876141,UNMATCHED,0.0
com.mobilefootie.wc2010,OPENX,0.0
553834731,MOBFOX,0.0
500962489,MOBFOX,0.0
1080465358,MOPUB,0.0
1104692136,MINTEGRAL,0.0
com.pieyel.scrabble,VERVE,0.0
1482887935,CRITEO,0.0
1466297045,MINTEGRAL,0.0
1420058690,MOPUB,0.0
com.bitsmedia.android.muslimpro,MINTEGRAL,0.0
1466297045,MOPUB,0.0
469463298,SMAATO,0.0
com.intsig.camscanner,APPODEAL,0.0
com.zynga.words3,SMAATO,0.0
com.handmark.expressweather,MOPUB,0.0
1153883316,RUBICON,0.0
6514312894,MINTEGRAL,0.0
1545567989,PUBMATIC,0.0
1080465358,CRITEO,0.0
com.mobilefootie.wc2010,SMAATO,0.0
1466297045,PUBMATIC,0.0
553834731,SMAATO,0.0
6590876141,RHEBUS,0.0
com.easybrain.sudoku.android,CRITEO,0.0
1484468651,UNMATCHED,0.0
jigsaw.puzzle.game.banana,UNITY,0.0
1420058690,UNMATCHED,0.0
1080465358,OPENX,0.0
com.peoplefun.wordcross,MOBILEFUSE,0.0
553834731,ADCOLONY,0.0
1153883316,IRONSOURCE,0.0
com.truecaller,INDEX,0.0
com.app.cricketapp,PANGLE,0.0
com.duolingo,PANGLE,0.0
com.kiloo.subwaysurf,ADCOLONY,0.0
com.bitsmedia.android.muslimpro,ACUITYADS,0.0
714796093,CRITEO,0.0
553834731,TAURUSX,0.0
com.peoplefun.wordcross,MOPUB,0.0
1080465358,IRONSOURCE,0.0
com.outfit7.mytalkingangela2,SMAATO,0.0
com.zynga.words3,INDEX,0.0
1196764367,CRITEO,0.0
642831690,SMAATO,0.0
500962489,SMAATO,0.0
1463509237,UNMATCHED,0.0
500962489,RHEBUS,0.0
com.bitsmedia.android.muslimpro,OPENX,0.0
1420058690,SMAATO,0.0
com.pieyel.scrabble,ADCOLONY,0.0
com.peoplefun.wordcross,SMAATO,0.0
com.intsig.camscanner,ADVLION,0.0
com.bitsmedia.android.muslimpro,INMOBI,0.0
417571834,OPERA,0.0
6590876141,CRITEO,0.0
1080465358,ADVLION,0.0
1080465358,UNITY,0.0
1545567989,PANGLE,0.0
1080465358,ADCOLONY,0.0
1080465358,APPODEAL,0.0
1080465358,PUBMATIC,0.0
com.zynga.words3,MOPUB,0.0
1080465358,SMAATO,0.0
com.bitsmedia.android.muslimpro,PANGLE,0.0
1080465358,TAPPX,0.0
553834731,RUBICON,0.0
1080465358,UNMATCHED,0.0
com.intsig.camscanner,OPENX,0.0
com.intsig.camscanner,SMAATO,0.0
com.pieyel.scrabble,RHEBUS,0.0
com.miniclip.carrom,ADCOLONY,0.0
com.easybrain.sudoku.android,PUBMATIC,0.0
570060128,MOPUB,0.0
com.pieyel.scrabble,RUBICON,0.0
6473000893,UNMATCHED,0.0
1664415775,UNMATCHED,0.0
com.bitsmedia.android.muslimpro,TRIPLELIFT,0.0
com.zynga.words3,AOLONE,0.0
1025707485,TAURUSX,0.0
com.bitsmedia.android.muslimpro,A9TAM,0.0
1080465358,RHEBUS,0.0
com.intsig.camscanner,PUBMATIC,0.0
6590876141,MOBILEFUSE,0.0
com.bitsmedia.android.muslimpro,SMAATO,0.0
569077959,PUBMATIC,0.0
1080465358,RUBICON,0.0
6590876141,SMAATO,0.0
1664415775,ADCOLONY,0.0
com.truecaller,IRONSOURCE,0.0
com.intsig.camscanner,ACUITYADS,0.0
com.intsig.camscanner,INMOBI,0.0
com.bitsmedia.android.muslimpro,INNERACTIVE_DIRECT,0.0
com.truecaller,PUBMATIC,0.0
306310789,CRITEO,0.0
com.truecaller,DOUBLECLICK,0.0
1080465358,OPERA,0.0
1370293473,UNMATCHED,0.0
com.bitsmedia.android.muslimpro,PUBMATIC,0.0
com.miui.msa.global,BIGO,0.0
com.intsig.camscanner,BIGO,0.0
com.truecaller,SMAATO,0.0
com.truecaller,DISPLAYIO,0.0
com.miniclip.carrom,MOPUB,0.0
1025707485,UNMATCHED,0.0
1080465358,INMOBI,0.0
com.aura.news.hashtag.news,A9TAM,0.0
com.truecaller,MOPUB,0.0
642831690,LIFTOFF,0.0
1496354836,PUBMATIC,0.0
569077959,UNMATCHED,0.0
306310789,INDEX,0.0
1482887935,INDEX,0.0
1482887935,PUBMATIC,0.0
com.miui.videoplayer,OPERA,0.0
6448176203,UNMATCHED,0.0
1538433480,SMAATO,0.0
1366502697,UNMATCHED,0.0
1466197423,SMAATO,0.0
1214223596,UNMATCHED,0.0
444741112,MOPUB,0.0
1466197423,CRITEO,0.0
6449486871,UNMATCHED,0.0
1466197423,ADVLION,0.0
444741112,TAPJOY,0.0
1538912205,CRITEO,0.0
1214223596,TAPJOY,0.0
306310789,OPENX,0.0
1466197423,TAURUSX,0.0
444741112,RUBICON,0.0
1466197423,ACUITYADS,0.0
1538433480,CRITEO,0.0
1562817072,TAPJOY,0.0
1466197423,MOBILEFUSE,0.0
6502597181,APPODEAL,0.0
1214223596,ADVLION,0.0
1466197423,RHEBUS,0.0
1466197423,MOBFOX,0.0
418987775,CHARTBOOST,0.0
444741112,UNMATCHED,0.0
1466197423,OPENX,0.0
1538433480,UNMATCHED,0.0
1562817072,ADVLION,0.0
444741112,PUBMATIC,0.0
com.gogo.launcher,BIGO,0.0
1214223596,PUBMATIC,0.0
418987775,UNMATCHED,0.0
444741112,SMAATO,0.0
com.playit.videoplayer,RUBICON,0.0
1466197423,PUBMATIC,0.0
6502597181,UNMATCHED,0.0
1214223596,ACUITYADS,0.0
1538433480,RHEBUS,0.0
1214223596,MOPUB,0.0
1562817072,TAURUSX,0.0
1214223596,CRITEO,0.0
1538912205,SMAATO,0.0
1214223596,MOBFOX,0.0
6502597181,VERVE,0.0
1366502697,ADCOLONY,0.0
1214223596,SMAATO,0.0
444741112,A9TAM,0.0
1562817072,ADCOLONY,0.0
1366502697,MOPUB,0.0
1214223596,MOBILEFUSE,0.0
1214223596,RHEBUS,0.0
1562817072,DOUBLECLICK,0.0
1366502697,ACUITYADS,0.0
444741112,OPENX,0.0
1466197423,TRIPLELIFT,0.0
418987775,IRONSOURCE,0.0
1538912205,UNMATCHED,0.0
569077959,INNERACTIVE_DIRECT,0.0
6451208928,MOBILEFUSE,0.0
com.playit.videoplayer,MOPUB,0.0
1214223596,OPENX,0.0
444741112,VERVE,0.0
1538433480,VERVE,0.0
1466197423,UNMATCHED,0.0
642831690,UNMATCHED,0.0
642831690,APPNEXUS,0.0
295646461,SMAATO,0.0
1617391485,ACUITYADS,0.0
1617391485,OPERA,0.0
295646461,INDEX,0.0
295646461,RHEBUS,0.0
698255242,OPENX,0.0
1617391485,ADVLION,0.0
295646461,INMOBI,0.0
1357464684,A9TAM,0.0
1229618961,ACUITYADS,0.0
1229618961,OPERA,0.0
1229618961,RHEBUS,0.0
1357464684,OPENX,0.0
1215933788,SMAATO,0.0
1357464684,ADVLION,0.0
1617391485,ADCOLONY,0.0
6503060634,UNMATCHED,0.0
642831690,MOBILEFUSE,0.0
1215933788,MOPUB,0.0
698255242,UNMATCHED,0.0
295646461,RUBICON,0.0
1617391485,CRITEO,0.0
6670430706,MINTEGRAL,0.0
1617391485,APPODEAL,0.0
com.mobilityware.solitaire,MINTEGRAL,0.0
io.voodoo.holeio,OPENX,0.0
1569776448,UNMATCHED,0.0
295646461,TRIPLELIFT,0.0
1617391485,MOBFOX,0.0
306310789,CHARTBOOST,0.0
6747875092,ZMATICOO,0.0
com.camerasideas.instashot,MAILRU,0.0
1229618961,PUBMATIC,0.0
1569776448,RHEBUS,0.0
com.mobilityware.solitaire,PUBMATIC,0.0
1229618961,RUBICON,0.0
com.easybrain.block.puzzle.games,ADVLION,0.0
com.easybrain.block.puzzle.games,ACUITYADS,0.0
com.callapp.contacts,CHARTBOOST,0.0
766443283,APPLOVIN,0.0
295646461,MOPUB,0.0
1215933788,INDEX,0.0
840919914,ADCOLONY,0.0
com.callapp.contacts,TRIPLELIFT,0.0
1215933788,OPENX,0.0
com.camerasideas.instashot,PUBMATIC,0.0
com.camerasideas.instashot,SMAATO,0.0
com.radio.pocketfm,CHARTBOOST,0.0
766443283,TAURUSX,0.0
com.easybrain.block.puzzle.games,CHARTBOOST,0.0
in.playsimple.wordsearch,SMAATO,0.0
com.camerasideas.instashot,RHEBUS,0.0
1215933788,PUBMATIC,0.0
1617391485,SMAATO,0.0
569077959,SMAATO,0.0
840919914,PUBMATIC,0.0
506627515,OPENX,0.0
698255242,PUBMATIC,0.0
506627515,RUBICON,0.0
6740326134,UNMATCHED,0.0
295646461,ADCOLONY,0.0
in.playsimple.wordsearch,TAURUSX,0.0
net.supertreat.solitaire,UNITY,0.0
840919914,SMAATO,0.0
com.callapp.contacts,RUBICON,0.0
1357464684,SMAATO,0.0
1215933788,MOBILEFUSE,0.0
com.fingersoft.hcr2,TAPJOY,0.0
com.mobilityware.solitaire,BIGO,0.0
1357464684,UNMATCHED,0.0
io.voodoo.holeio,ADCOLONY,0.0
840919914,RHEBUS,0.0
1580601028,IRONSOURCE,0.0
1569776448,ADCOLONY,0.0
com.mobilityware.solitaire,OPENX,0.0
840919914,ADMIXER,0.0
com.worldance.drama,TAURUSX,0.0
1229618961,CRITEO,0.0
1357464684,PUBMATIC,0.0
6747875092,DOUBLECLICK,0.0
com.android.thememanager,SMAATO,0.0
1229618961,ADCOLONY,0.0
1569776448,CRITEO,0.0
com.easybrain.block.puzzle.games,MOBILEFUSE,0.0
1215933788,ADVLION,0.0
com.easybrain.block.puzzle.games,INDEX,0.0
506627515,SMAATO,0.0
766443283,APPODEAL,0.0
com.callapp.contacts,MOBILEFUSE,0.0
6523424272,UNMATCHED,0.0
1215933788,RHEBUS,0.0
6743091090,UNMATCHED,0.0
com.mobilityware.solitaire,VERVE,0.0
com.radio.pocketfm,CRITEO,0.0
6743091090,MOBILEFUSE,0.0
com.camerasideas.instashot,MOPUB,0.0
295646461,AOLONE,0.0
com.callapp.contacts,MOPUB,0.0
6743091090,A9TAM,0.0
1569776448,MOBILEFUSE,0.0
766443283,UNMATCHED,0.0
295646461,APPNEXUS,0.0
6670430706,UNMATCHED,0.0
1496354836,UNITY,0.0
642831690,ADCOLONY,0.0
com.oakever.tiletrip,SMAATO,0.0
com.callapp.contacts,OPENX,0.0
698255242,OPERA,0.0
io.voodoo.holeio,MOPUB,0.0
com.easybrain.block.puzzle.games,SMAATO,0.0
295646461,UNMATCHED,0.0
840919914,ACUITYADS,0.0
506627515,DOUBLECLICK,0.0
com.callapp.contacts,APPLOVIN,0.0
840919914,UNMATCHED,0.0
698255242,TAURUSX,0.0
1580601028,SMAATO,0.0
com.camerasideas.instashot,APPODEAL,0.0
in.playsimple.wordsearch,RHEBUS,0.0
1617391485,UNMATCHED,0.0
com.easybrain.block.puzzle.games,PUBMATIC,0.0
com.callapp.contacts,DOUBLECLICK,0.0
295646461,ADVLION,0.0
com.mobilityware.solitaire,CRITEO,0.0
com.callapp.contacts,INDEX,0.0
jp.gocro.smartnews.android,MOBFOX,0.0
com.easybrain.block.puzzle.games,RHEBUS,0.0
579581125,TAPPX,0.0
1557392270,RHEBUS,0.0
1557392270,SMAATO,0.0
in.playsimple.wordsearch,MOBILEFUSE,0.0
6448392144,BIGO,0.0
1617391485,A9TAM,0.0
1557392270,ADVLION,0.0
1215933788,RUBICON,0.0
jp.gocro.smartnews.android,SMAATO,0.0
at.ner.SolitaireKlondike,OPENX,0.0
579581125,A9TAM,0.0
506627515,MINTEGRAL,0.0
356928178,PUBMATIC,0.0
579581125,UNMATCHED,0.0
jp.gocro.smartnews.android,OPENX,0.0
com.oakever.tiletrip,CRITEO,0.0
jp.gocro.smartnews.android,CRITEO,0.0
579581125,SMAATO,0.0
com.miui.home,BIGO,0.0
1617391485,PANGLE,0.0
579581125,CRITEO,0.0
840919914,ADVLION,0.0
579581125,MOBILEFUSE,0.0
com.easybrain.block.puzzle.games,ADCOLONY,0.0
1514542157,PUBMATIC,0.0
at.ner.SolitaireKlondike,SMAATO,0.0
6448392144,TAURUSX,0.0
1215933788,TRIPLELIFT,0.0
com.tranzmate,OPENX,0.0
com.callapp.contacts,ACUITYADS,0.0
com.vivo.appstore,MINTEGRAL,0.0
com.android.thememanager,ADVLION,0.0
6448392144,ADCOLONY,0.0
kidultlovin.word.zen,CRITEO,0.0
video.downloader.videodownloader,VERVE,0.0
net.supertreat.solitaire,DOUBLECLICK,0.0
1514542157,UNMATCHED,0.0
com.mobilityware.solitaire,RUBICON,0.0
579581125,CHARTBOOST,0.0
698255242,VERVE,0.0
1514542157,TRIPLELIFT,0.0
jp.gocro.smartnews.android,RUBICON,0.0
com.tranzmate,RUBICON,0.0
1215933788,TAPJOY,0.0
1557392270,CRITEO,0.0
jp.gocro.smartnews.android,DISPLAYIO,0.0
579581125,MOPUB,0.0
6743091090,SMAATO,0.0
jp.gocro.smartnews.android,TRIPLELIFT,0.0
jp.gocro.smartnews.android,LOOPME,0.0
356928178,INDEX,0.0
com.mobilityware.solitaire,MOBILEFUSE,0.0
com.tranzmate,SMAATO,0.0
1617391485,RHEBUS,0.0
1557392270,UNMATCHED,0.0
com.mobilityware.solitaire,AOLONE,0.0
579581125,MOBFOX,0.0
356928178,RUBICON,0.0
6448392144,SMAATO,0.0
com.callapp.contacts,NIMBUS,0.0
1557392270,PUBMATIC,0.0
com.netshort.abroad,BIGO,0.0
356928178,UNMATCHED,0.0
6747875092,CRITEO,0.0
com.billiardsgame.ballking,BIGO,0.0
1514542157,ACUITYADS,0.0
579581125,RHEBUS,0.0
6747875092,SMAATO,0.0
579581125,DISPLAYIO,0.0
1569776448,SMAATO,0.0
579581125,PANGLE,0.0
com.callapp.contacts,RHEBUS,0.0
1514542157,ADCOLONY,0.0
1514542157,SMAATO,0.0
kidultlovin.word.zen,SMAATO,0.0
com.netshort.abroad,TAURUSX,0.0
com.tranzmate,ADVLION,0.0
jp.gocro.smartnews.android,MOBILEFUSE,0.0
1514542157,DOUBLECLICK,0.0
295646461,MOBILEFUSE,0.0
video.downloader.videodownloader,SMAATO,0.0
579581125,INDEX,0.0
1514542157,OPENX,0.0
306310789,TRIPLELIFT,0.0
6754363534,DOUBLECLICK,0.0
io.voodoo.holeio,BIGO,0.0
6448392144,UNMATCHED,0.0
1617391485,RUBICON,0.0
com.fingersoft.hcr2,BIGO,0.0
6468921495,IRONSOURCE,0.0
295646461,PUBMATIC,0.0
766443283,INMOBI,0.0
com.worldance.drama,DOUBLECLICK,0.0
com.easybrain.block.puzzle.games,RUBICON,0.0
com.android.thememanager,UNITY,0.0
1617391485,MINTEGRAL,0.0
1215933788,CRITEO,0.0
com.easybrain.block.puzzle.games,MOPUB,0.0
6743091090,VERVE,0.0
295646461,UNITY,0.0
com.android.thememanager,ZMATICOO,0.0
io.voodoo.holeio,CHARTBOOST,0.0
6523424272,UNITY,0.0
com.camerasideas.instashot,INDEX,0.0
com.oakever.tiletrip,DISPLAYIO,0.0
com.easybrain.block.puzzle.games,SUPERSHIP,0.0
com.callapp.contacts,MOBFOX,0.0
1215933788,UNMATCHED,0.0
com.radio.pocketfm,MOBILEFUSE,0.0
com.fingersoft.hcr2,RUBICON,0.0
com.hwqgrhhjfd.idlefastfood,CHARTBOOST,0.0
698255242,RUBICON,0.0
6468921495,SMAATO,0.0
com.camerasideas.instashot,ACUITYADS,0.0
1580601028,CRITEO,0.0
com.mobilityware.solitaire,MOPUB,0.0
com.android.thememanager,BIGO,0.0
6468921495,CRITEO,0.0
506627515,INNERACTIVE_DIRECT,0.0
com.ecffri.arrows,TAURUSX,0.0
979101825,APPLOVIN,0.0
6754363534,MINTEGRAL,0.0
840919914,CRITEO,0.0
com.easybrain.block.puzzle.games,PANGLE,0.0
766443283,ADVLION,0.0
1617391485,MOBILEFUSE,0.0
6468921495,UNMATCHED,0.0
1569776448,TAPJOY,0.0
6754363534,UNMATCHED,0.0
com.easybrain.block.puzzle.games,CRITEO,0.0
1580601028,UNMATCHED,0.0
1215933788,VERVE,0.0
1215933788,ADCOLONY,0.0
com.UCMobile.intl,OPERA,0.0
1496354836,ADVLION,0.0
642831690,CHARTBOOST,0.0
468996152,SMAATO,0.0
506627515,UNMATCHED,0.0
com.oakever.tiletrip,RHEBUS,0.0
1229618961,ADVLION,0.0
1569776448,LINE,0.0
506627515,APPODEAL,0.0
1229618961,UNMATCHED,0.0
com.mobilityware.solitaire,RHEBUS,0.0
com.hwqgrhhjfd.idlefastfood,SMAATO,0.0
com.callapp.contacts,AOLONE,0.0
6468921495,DISPLAYIO,0.0
com.radio.pocketfm,SMAATO,0.0
1357464684,MOPUB,0.0
506627515,UNITY,0.0
com.callapp.contacts,SMAATO,0.0
1617391485,PUBMATIC,0.0
com.camerasideas.instashot,TAURUSX,0.0
766443283,MOPUB,0.0
1215933788,ACUITYADS,0.0
6747875092,UNMATCHED,0.0
com.easybrain.block.puzzle.games,OPENX,0.0
com.mobilityware.solitaire,TRIPLELIFT,0.0
com.callapp.contacts,CRITEO,0.0
295646461,OPENX,0.0
295646461,A9TAM,0.0
642831690,MOPUB,0.0
com.callapp.contacts,ADCOLONY,0.0
766443283,VERVE,0.0
1215933788,UNITY,0.0
com.mobilityware.solitaire,SMAATO,0.0
com.hwqgrhhjfd.idlefastfood,TAPJOY,0.0
295646461,ACUITYADS,0.0
com.mobilityware.solitaire,INMOBI,0.0
766443283,RUBICON,0.0
6468921495,MOBILEFUSE,0.0
com.callapp.contacts,PUBMATIC,0.0
979101825,UNMATCHED,0.0
295646461,MOBFOX,0.0
com.easybrain.block.puzzle.games,TRIPLELIFT,0.0
1215933788,MOBFOX,0.0
6689516283,MOBILEFUSE,0.0
321916506,OPENX,0.0
306310789,DISPLAYIO,0.0
1618041797,CRITEO,0.0
1410235921,UNMATCHED,0.0
solitaire.patience.card.games.klondike.free,UNITY,0.0
1618041797,PANGLE,0.0
6449190344,SMAATO,0.0
321916506,INDEX,0.0
321916506,MOPUB,0.0
games.vaveda.militaryoverturn,SMAATO,0.0
306310789,MOPUB,0.0
306310789,UNMATCHED,0.0
6755183085,UNMATCHED,0.0
com.picsart.studio,MOBFOX,0.0
solitaire.patience.card.games.klondike.free,CRITEO,0.0
6689516283,UNMATCHED,0.0
com.UCMobile.intl,INMOBI,0.0
solitaire.patience.card.games.klondike.free,SMAATO,0.0
com.picsart.studio,SMAATO,0.0
com.robtopx.geometryjumplite,ACUITYADS,0.0
games.vaveda.militaryoverturn,RHEBUS,0.0
642831690,TRIPLELIFT,0.0
solitaire.patience.card.games.klondike.free,RHEBUS,0.0
com.picsart.studio,APPODEAL,0.0
games.vaveda.militaryoverturn,ADCOLONY,0.0
com.picsart.studio,TRIPLELIFT,0.0
6689516283,APPODEAL,0.0
com.picsart.studio,TAURUSX,0.0
321916506,UNMATCHED,0.0
6449190344,VERVE,0.0
1543351744,UNMATCHED,0.0
306310789,SMAATO,0.0
games.vaveda.militaryoverturn,CRITEO,0.0
1618041797,RHEBUS,0.0
321916506,PUBMATIC,0.0
6449190344,UNMATCHED,0.0
306310789,PUBMATIC,0.0
solitaire.patience.card.games.klondike.free,ADVLION,0.0
6689516283,VERVE,0.0
solitaire.patience.card.games.klondike.free,OPENX,0.0
6449190344,TOPON,0.0
642831690,RUBICON,0.0
6689516283,CRITEO,0.0
com.robtopx.geometryjumplite,RHEBUS,0.0
solitaire.patience.card.games.klondike.free,MOBILEFUSE,0.0
com.picsart.studio,ADVLION,0.0
com.picsart.studio,PUBMATIC,0.0
com.robtopx.geometryjumplite,OPERA,0.0
com.picsart.studio,RHEBUS,0.0
321916506,RHEBUS,0.0
com.UCMobile.intl,ACUITYADS,0.0
1496354836,LINE,0.0
solitaire.patience.card.games.klondike.free,MOPUB,0.0
com.robtopx.geometryjumplite,TAURUSX,0.0
321916506,MINTEGRAL,0.0
1618041797,UNMATCHED,0.0
6689516283,SMAATO,0.0
solitaire.patience.card.games.klondike.free,CHARTBOOST,0.0
321916506,SMAATO,0.0
321916506,CRITEO,0.0
com.UCMobile.intl,MOBFOX,0.0
com.picsart.studio,CRITEO,0.0
366247306,TAURUSX,0.0
366247306,OPENX,0.0
1600525061,CRITEO,0.0
512939461,ADVLION,0.0
solitaire.patience.card.games.klondike.free,LOOPME,0.0
1502193377,SMAATO,0.0
1466346433,UNMATCHED,0.0
366247306,UNMATCHED,0.0
com.ea.gp.fifamobile,RHEBUS,0.0
com.ea.gp.fifamobile,DOUBLECLICK,0.0
com.vitastudio.mahjong,MOBILEFUSE,0.0
com.ea.gp.fifamobile,TAURUSX,0.0
1502193377,TAPJOY,0.0
321916506,RUBICON,0.0
com.picsart.studio,MOPUB,0.0
512939461,RUBICON,0.0
1600525061,TAURUSX,0.0
1502193377,LINE,0.0
6754900673,UNMATCHED,0.0
com.easybrain.number.puzzle.game,MOBILEFUSE,0.0
1618041797,ZMATICOO,0.0
1502193377,APPODEAL,0.0
512939461,UNMATCHED,0.0
512939461,ADCOLONY,0.0
366247306,INDEX,0.0
games.vaveda.militaryoverturn,PUBMATIC,0.0
1600525061,INMOBI,0.0
1207472156,MOBFOX,0.0
512939461,OPERA,0.0
com.ea.gp.fifamobile,TAPJOY,0.0
1502193377,ADVLION,0.0
com.easybrain.number.puzzle.game,TAURUSX,0.0
com.vitastudio.mahjong,CRITEO,0.0
366247306,RHEBUS,0.0
1623318294,TAURUSX,0.0
351331194,INDEX,0.0
6754558455,UNMATCHED,0.0
1618041797,SMAATO,0.0
com.picsart.studio,ACUITYADS,0.0
6451208928,UNMATCHED,0.0
569077959,RUBICON,0.0
1496354836,RHEBUS,0.0
512939461,ACUITYADS,0.0
1207472156,RHEBUS,0.0
366247306,CRITEO,0.0
512939461,SMAATO,0.0
1502193377,UNMATCHED,0.0
1206967173,RUBICON,0.0
512939461,MOBFOX,0.0
1502193377,ACUITYADS,0.0
1502193377,PANGLE,0.0
1207472156,ADCOLONY,0.0
com.vitastudio.mahjong,ZMATICOO,0.0
321916506,MOBILEFUSE,0.0
com.goldendragon.luckyblessing,INMOBI,0.0
512939461,APPNEXUS,0.0
1623318294,UNMATCHED,0.0
512939461,TAPJOY,0.0
512939461,CRITEO,0.0
1206967173,OPENX,0.0
512939461,OPENX,0.0
366247306,OPERA,0.0
366247306,SMAATO,0.0
com.easybrain.number.puzzle.game,RUBICON,0.0
easy.launcher,SMAATO,0.0
6511238101,CRITEO,0.0
6448176203,TAURUSX,0.0
1442749804,ADVLION,0.0
366247306,MOBILEFUSE,0.0
366247306,A9TAM,0.0
6446891679,MOBILEFUSE,0.0
1600525061,VERVE,0.0
1502193377,MOBFOX,0.0
1420294918,CRITEO,0.0
512939461,CHARTBOOST,0.0
892521917,ADCOLONY,0.0
com.vitastudio.mahjong,SMAATO,0.0
366247306,PUBMATIC,0.0
com.vitastudio.mahjong,XIAOMI,0.0
351331194,A9TAM,0.0
com.samsung.android.app.spage,SMAATO,0.0
1420294918,INDEX,0.0
1502193377,PUBMATIC,0.0
1442749804,RHEBUS,0.0
366247306,ACUITYADS,0.0
com.fugo.wow,MOBFOX,0.0
366247306,RUBICON,0.0
512939461,PUBMATIC,0.0
6511238101,APPLOVIN,0.0
1623318294,ACUITYADS,0.0
com.vitastudio.mahjong,DISPLAYIO,0.0
com.easybrain.number.puzzle.game,TRIPLELIFT,0.0
1600525061,SMAATO,0.0
com.vitastudio.mahjong,RHEBUS,0.0
kjv.bible.kingjamesbible,TAURUSX,0.0
1207472156,RUBICON,0.0
1492722342,TAPJOY,0.0
6451208928,SMAATO,0.0
com.vitastudio.mahjong,PUBMATIC,0.0
6752376239,BIGO,0.0
1600525061,UNMATCHED,0.0
1176027022,UNMATCHED,0.0
6511238101,UNMATCHED,0.0
easy.launcher,NIMBUS,0.0
com.fugo.wow,ADCOLONY,0.0
kjv.bible.kingjamesbible,CHARTBOOST,0.0
1193508329,ADCOLONY,0.0
1206967173,PUBMATIC,0.0
1193508329,RHEBUS,0.0
1176027022,MOBFOX,0.0
kjv.bible.kingjamesbible,VERVE,0.0
550928207,INDEX,0.0
1193508329,UNMATCHED,0.0
1193508329,MOBILEFUSE,0.0
com.miniclip.eightballpool,ADCOLONY,0.0
388627783,OPERA,0.0
com.firsttouchgames.dls7,CHARTBOOST,0.0
6511238101,APPODEAL,0.0
1193508329,TRIPLELIFT,0.0
com.fugo.wow,OPENX,0.0
com.samsung.android.app.spage,VERVE,0.0
com.easybrain.art.puzzle,CRITEO,0.0
1496354836,ADCOLONY,0.0
6752376239,INNERACTIVE_DIRECT,0.0
642831690,PUBMATIC,0.0
io.supercent.linkedcubic,APPLOVIN,0.0
com.michatapp.im,IRONSOURCE,0.0
1207472156,MOBILEFUSE,0.0
1193508329,PUBMATIC,0.0
1420294918,MOBILEFUSE,0.0
1190849728,CRITEO,0.0
1207472156,AOLONE,0.0
6446891679,UNMATCHED,0.0
6751056652,UNMATCHED,0.0
1492722342,OPERA,0.0
com.fugo.wow,PANGLE,0.0
6449243946,APPLOVIN,0.0
com.UCMobile.intl,RUBICON,0.0
1176027022,DOUBLECLICK,0.0
com.storymatrix.drama,CHARTBOOST,0.0
1193508329,CHARTBOOST,0.0
io.supercent.linkedcubic,MOBILEFUSE,0.0
easy.launcher,INMOBI,0.0
1442749804,UNMATCHED,0.0
com.easybrain.art.puzzle,PANGLE,0.0
1420294918,TRIPLELIFT,0.0
1492722342,ADCOLONY,0.0
com.miniclip.eightballpool,ACUITYADS,0.0
io.supercent.linkedcubic,SMAATO,0.0
1190849728,RHEBUS,0.0
642831690,OPENX,0.0
6511238101,VERVE,0.0
6511238101,NIMBUS,0.0
6751056652,DOUBLECLICK,0.0
1176027022,OPERA,0.0
com.easybrain.art.puzzle,RHEBUS,0.0
com.fugo.wow,MOPUB,0.0
1193508329,ACUITYADS,0.0
1420294918,UNITY,0.0
1492722342,MINTEGRAL,0.0
com.bigwinepot.nwdn.international,TAURUSX,0.0
1193508329,MOBFOX,0.0
com.fugo.wow,RUBICON,0.0
1193508329,ADVLION,0.0
1193508329,INDEX,0.0
1420294918,PUBMATIC,0.0
1420294918,OPENX,0.0
1193508329,SMAATO,0.0
io.supercent.linkedcubic,TAURUSX,0.0
6449243946,VERVE,0.0
com.easybrain.art.puzzle,MOBFOX,0.0
569077959,CHARTBOOST,0.0
306310789,MOBILEFUSE,0.0
1193508329,AOLONE,0.0
6482849843,BIGO,0.0
com.miniclip.eightballpool,TAPJOY,0.0
1572726361,INMOBI,0.0
com.xm.csee,TAURUSX,0.0
com.fugo.wow,MAILRU,0.0
1344700142,INNERACTIVE_DIRECT,0.0
com.king.candycrushsaga,PUBMATIC,0.0
easy.launcher,BIGO,0.0
com.firsttouchgames.dls7,BIGO,0.0
6742221896,SMAATO,0.0
6482849843,TAURUSX,0.0
1420294918,ADVLION,0.0
1269540854,RHEBUS,0.0
1641107226,PANGLE,0.0
com.samsung.android.app.spage,INMOBI,0.0
6446890132,MOBILEFUSE,0.0
com.king.candycrushsaga,MINTEGRAL,0.0
1420294918,ACUITYADS,0.0
1269540854,MOBILEFUSE,0.0
1572726361,UNMATCHED,0.0
1176027022,PUBMATIC,0.0
1382466301,MOPUB,0.0
com.UCMobile.intl,OPENX,0.0
6446890132,APPODEAL,0.0
1572726361,UNITY,0.0
1193508329,RUBICON,0.0
com.king.candycrushsaga,SMAATO,0.0
1269540854,UNMATCHED,0.0
1193508329,APPNEXUS,0.0
6479727880,UNMATCHED,0.0
6742221896,APPODEAL,0.0
com.michatapp.im,ADCOLONY,0.0
com.king.candycrushsaga,RUBICON,0.0
com.king.candycrushsaga,OPENX,0.0
1193508329,PANGLE,0.0
1190849728,MOBFOX,0.0
6742221896,BIGO,0.0
884006786,UNMATCHED,0.0
com.fugo.wow,A9TAM,0.0
6464002625,ZMATICOO,0.0
1572726361,CRITEO,0.0
com.miniclip.eightballpool,RUBICON,0.0
1344700142,UNMATCHED,0.0
6464002625,UNMATCHED,0.0
6742221896,INMOBI,0.0
1572726361,SMAATO,0.0
6446005634,CHARTBOOST,0.0
com.michatapp.im,TAURUSX,0.0
6449243946,SMAATO,0.0
642831690,ADVLION,0.0
1572726361,MOPUB,0.0
1572726361,MOBILEFUSE,0.0
com.fugo.wow,SMAATO,0.0
1269540854,INDEX,0.0
1641107226,TAPJOY,0.0
com.miniclip.eightballpool,CHARTBOOST,0.0
1269540854,SMAATO,0.0
6742221896,CRITEO,0.0
6511238101,SMAATO,0.0
1572726361,PUBMATIC,0.0
6742221896,VERVE,0.0
io.supercent.linkedcubic,PANGLE,0.0
1382466301,MOBILEFUSE,0.0
1269540854,MOPUB,0.0
6482849843,CRITEO,0.0
com.miniclip.eightballpool,BIGO,0.0
1269540854,TAPJOY,0.0
6464002625,TAURUSX,0.0
6446005634,UNMATCHED,0.0
1572726361,ADVLION,0.0
1269540854,ACUITYADS,0.0
com.king.candycrushsaga,TRIPLELIFT,0.0
1269540854,MOBFOX,0.0
1193508329,OPENX,0.0
1193508329,MOPUB,0.0
com.easybrain.art.puzzle,SMAATO,0.0
1269540854,RUBICON,0.0
1269540854,PUBMATIC,0.0
com.fugo.wow,DOUBLECLICK,0.0
1269540854,ADVLION,0.0
1641107226,UNMATCHED,0.0
kjv.bible.kingjamesbible,SMAATO,0.0
com.king.candycrushsaga,MOBILEFUSE,0.0
6446890132,SMAATO,0.0
1420294918,RHEBUS,0.0
ai.character.app,TAURUSX,0.0
6742221896,MOBILEFUSE,0.0
6751056652,VERVE,0.0
1190849728,ACUITYADS,0.0
1344700142,VERVE,0.0
com.xm.csee,TOPON,0.0
com.fugo.wow,PUBMATIC,0.0
com.king.candycrushsaga,PANGLE,0.0
6446890132,UNMATCHED,0.0
1608987929,UNMATCHED,0.0
ai.character.app,INMOBI,0.0
6482849843,SMAATO,0.0
com.king.candycrushsaga,ADCOLONY,0.0
com.aws.android,PUBMATIC,0.0
894546091,ADVLION,0.0
6449206831,UNMATCHED,0.0
894546091,PUBMATIC,0.0
1269540854,CRITEO,0.0
com.metropcs.metrozone,UNITY,0.0
1519174001,MOPUB,0.0
894546091,MOBFOX,0.0
894546091,SMAATO,0.0
com.metropcs.metrozone,RHEBUS,0.0
com.aws.android,SMAATO,0.0
com.metropcs.metrozone,PUBMATIC,0.0
com.aws.android,A9TAM,0.0
479280326,RHEBUS,0.0
1404165333,ADCOLONY,0.0
com.metropcs.metrozone,NIMBUS,0.0
850417475,MINTEGRAL,0.0
894546091,TRIPLELIFT,0.0
850417475,RUBICON,0.0
1519174001,ADVLION,0.0
1608987929,MINTEGRAL,0.0
1404165333,MOBFOX,0.0
1671991909,UNMATCHED,0.0
com.metropcs.metrozone,BIGO,0.0
1671991909,CHARTBOOST,0.0
com.metropcs.metrozone,ACUITYADS,0.0
com.Hadiz.Yogaflex,APPLOVIN,0.0
479280326,PUBMATIC,0.0
com.aws.android,ADCOLONY,0.0
com.aws.android,MOBILEFUSE,0.0
1519174001,MOBFOX,0.0
com.metropcs.metrozone,ADCOLONY,0.0
com.metropcs.metrozone,TRIPLELIFT,0.0
1519174001,TRIPLELIFT,0.0
6692629257,CRITEO,0.0
479280326,UNMATCHED,0.0
1176027022,ADVLION,0.0
1519174001,MOBILEFUSE,0.0
850417475,ADCOLONY,0.0
6692629257,DOUBLECLICK,0.0
850417475,OPENX,0.0
com.Hadiz.Yogaflex,TAURUSX,0.0
1519174001,OPENX,0.0
479280326,AOLONE,0.0
com.metropcs.metrozone,A9TAM,0.0
com.metropcs.metrozone,SMAATO,0.0
com.aws.android,CRITEO,0.0
850417475,PUBMATIC,0.0
com.aws.android,RHEBUS,0.0
com.aws.android,MOBFOX,0.0
894546091,INDEX,0.0
479280326,RUBICON,0.0
com.pinger.textfree,SMAATO,0.0
1671991909,MOBILEFUSE,0.0
894546091,MOPUB,0.0
com.aws.android,RUBICON,0.0
479280326,A9,0.0
850417475,ADVLION,0.0
com.metropcs.metrozone,IRONSOURCE,0.0
com.fxroyale.app,PANGLE,0.0
479280326,ADCOLONY,0.0
1519174001,SMAATO,0.0
com.aws.android,ACUITYADS,0.0
1519174001,OPERA,0.0
1671991909,RHEBUS,0.0
850417475,TRIPLELIFT,0.0
850417475,UNMATCHED,0.0
479280326,A9TAM,0.0
479280326,ADVLION,0.0
com.aws.android,CHARTBOOST,0.0
com.metropcs.metrozone,CONNATIX,0.0
6449206831,VERVE,0.0
894546091,RUBICON,0.0
1519174001,PUBMATIC,0.0
com.metropcs.metrozone,DISPLAYIO,0.0
6692629257,UNMATCHED,0.0
6449206831,INMOBI,0.0
6692629257,SMAATO,0.0
1519174001,PANGLE,0.0
com.metropcs.metrozone,APPODEAL,0.0
1519174001,UNMATCHED,0.0
1519174001,CRITEO,0.0
com.aws.android,TAURUSX,0.0
com.fxroyale.app,IRONSOURCE,0.0
1543351744,DOUBLECLICK,0.0
com.metropcs.metrozone,CRITEO,0.0
com.aws.android,OPENX,0.0
free.vpn.unblock.proxy.vpnmaster,TAURUSX,0.0
894546091,A9TAM,0.0
6692629257,A9TAM,0.0
894546091,DISPLAYIO,0.0
894546091,UNMATCHED,0.0
com.metropcs.metrozone,OPERA,0.0
1519174001,RHEBUS,0.0
1671991909,SMAATO,0.0
479280326,CRITEO,0.0
479280326,MOBILEFUSE,0.0
1404165333,MOPUB,0.0
com.aws.android,ADVLION,0.0
479280326,SMAATO,0.0
1496354836,OPENX,0.0
894546091,OPENX,0.0
6692629257,CHARTBOOST,0.0
479280326,OPENX,0.0
1404165333,UNMATCHED,0.0
884006786,TOPON,0.0
6742221896,UNMATCHED,0.0
1492722342,DOUBLECLICK,0.0
com.king.candycrushsaga,RHEBUS,0.0
com.king.candycrushsaga,BIGO,0.0
1420294918,UNMATCHED,0.0
6482849843,UNMATCHED,0.0
com.king.candycrushsaga,INDEX,0.0
1176027022,RHEBUS,0.0
com.miniclip.eightballpool,MOPUB,0.0
1190849728,ADVLION,0.0
easy.launcher,MINTEGRAL,0.0
1420294918,MOBFOX,0.0
com.miniclip.eightballpool,TAURUSX,0.0
1420294918,SMAATO,0.0
1382466301,SMAATO,0.0
1193508329,CRITEO,0.0
1492722342,UNMATCHED,0.0
6446891679,SMAATO,0.0
1420294918,TAPJOY,0.0
1190849728,APPNEXUS,0.0
com.pinger.textfree,PUBMATIC,0.0
6473000893,MOBILEFUSE,0.0
6449243946,CHARTBOOST,0.0
1465731199,ADCOLONY,0.0
1658958534,SMAATO,0.0
com.pinger.textfree,A9TAM,0.0
6463127238,UNMATCHED,0.0
306310789,RUBICON,0.0
570060128,OPENX,0.0
com.miui.videoplayer,MOBFOX,0.0
com.miui.videoplayer,VERVE,0.0
1190849728,PUBMATIC,0.0
1382466301,CRITEO,0.0
1482887935,UNMATCHED,0.0
1465731199,SMAATO,0.0
1190849728,AOLONE,0.0
one.cryptoguru.cryptotradingacademy,IRONSOURCE,0.0
1190849728,CHARTBOOST,0.0
com.easybrain.art.puzzle,MOBILEFUSE,0.0
6474685600,INNERACTIVE_DIRECT,0.0
1452227871,RUBICON,0.0
1407852246,MOPUB,0.0
com.microsoft.microsoftsolitairecollection,ADVLION,0.0
1452227871,ACUITYADS,0.0
com.pinger.textfree,ADVLION,0.0
com.domobile.applockwatcher,SMAATO,0.0
com.domobile.applockwatcher,BIGO,0.0
1502447854,TAPJOY,0.0
com.microsoft.microsoftsolitairecollection,SMAATO,0.0
1452227871,RHEBUS,0.0
1407852246,PUBMATIC,0.0
921765888,BIGO,0.0
1407852246,CRITEO,0.0
com.easybrain.art.puzzle,RUBICON,0.0
306310789,TAURUSX,0.0
569077959,TRIPLELIFT,0.0
1502447854,INDEX,0.0
921765888,ACUITYADS,0.0
501306812,ADCOLONY,0.0
523001403,UNMATCHED,0.0
1407852246,ADCOLONY,0.0
1452227871,PUBMATIC,0.0
1502447854,MOBILEFUSE,0.0
372648912,APPODEAL,0.0
1190849728,OPENX,0.0
597088068,UNITY,0.0
523001403,SMAATO,0.0
372648912,ADCOLONY,0.0
1564391515,IRONSOURCE,0.0
921765888,SMAATO,0.0
501306812,UNMATCHED,0.0
372648912,PUBMATIC,0.0
1502447854,PUBMATIC,0.0
1190849728,INDEX,0.0
6473000893,DOUBLECLICK,0.0
1564391515,SMAATO,0.0
com.domobile.applockwatcher,RHEBUS,0.0
1452227871,MOPUB,0.0
597088068,RUBICON,0.0
372648912,ADVLION,0.0
com.domobile.applockwatcher,ACUITYADS,0.0
1452227871,CRITEO,0.0
523001403,ADCOLONY,0.0
1190849728,RUBICON,0.0
372648912,AOLONE,0.0
921765888,MOPUB,0.0
1502447854,MOBFOX,0.0
372648912,TRIPLELIFT,0.0
1407852246,ADVLION,0.0
372648912,OPENX,0.0
1452227871,TRIPLELIFT,0.0
587366035,UNMATCHED,0.0
1465731199,OPENX,0.0
6451208928,BIGO,0.0
1564391515,UNITY,0.0
1407852246,SMAATO,0.0
587366035,APPODEAL,0.0
921765888,VERVE,0.0
523001403,PUBMATIC,0.0
1407852246,OPERA,0.0
1509453185,CRITEO,0.0
1407852246,APPNEXUS,0.0
1190849728,UNMATCHED,0.0
1502447854,ACUITYADS,0.0
1564391515,RUBICON,0.0
6478063606,SMAATO,0.0
com.domobile.applockwatcher,DOUBLECLICK,0.0
6478063606,VERVE,0.0
597088068,ADCOLONY,0.0
6480174499,UNMATCHED,0.0
587366035,RUBICON,0.0
1382466301,INMOBI,0.0
1502447854,UNMATCHED,0.0
1452227871,UNMATCHED,0.0
com.microsoft.microsoftsolitairecollection,DOUBLECLICK,0.0
501306812,TAPJOY,0.0
921765888,INDEX,0.0
1407852246,SUPERSHIP,0.0
921765888,PUBMATIC,0.0
281940292,MOBFOX,0.0
1452227871,PANGLE,0.0
281940292,INNERACTIVE_DIRECT,0.0
1407852246,OPENX,0.0
1509453185,SMAATO,0.0
501306812,MINTEGRAL,0.0
1274972321,RUBICON,0.0
372648912,MOPUB,0.0
1407852246,INDEX,0.0
921765888,AOLONE,0.0
571801488,VERVE,0.0
1502447854,RUBICON,0.0
587366035,MOPUB,0.0
1382466301,PUBMATIC,0.0
571801488,UNMATCHED,0.0
com.firsttouchgames.dls7,RUBICON,0.0
1496354836,RUBICON,0.0
306310789,ACUITYADS,0.0
1572661625,ADCOLONY,0.0
372648912,MOBILEFUSE,0.0
372648912,CRITEO,0.0
1502447854,DOUBLECLICK,0.0
1564391515,MOBILEFUSE,0.0
1407852246,RHEBUS,0.0
6478063606,MOBILEFUSE,0.0
1407852246,MOBILEFUSE,0.0
571801488,MOBFOX,0.0
6445905219,UNMATCHED,0.0
1190849728,PANGLE,0.0
921765888,RHEBUS,0.0
eu.livesport.FlashScore_com,ACUITYADS,0.0
587366035,OPERA,0.0
921765888,UNMATCHED,0.0
6478063606,A9TAM,0.0
1374403536,PUBMATIC,0.0
6478063606,UNMATCHED,0.0
1564391515,INDEX,0.0
597088068,LINE,0.0
281940292,RHEBUS,0.0
1502447854,ADVLION,0.0
com.pinger.textfree,MOBFOX,0.0
642831690,ACUITYADS,0.0
1572661625,LINE,0.0
1502447854,CRITEO,0.0
1619030760,PANGLE,0.0
921765888,MOBILEFUSE,0.0
com.arrow.out,TAURUSX,0.0
1619030760,VERVE,0.0
1564391515,RHEBUS,0.0
372648912,UNITY,0.0
571801488,UNITY,0.0
523001403,OPENX,0.0
597088068,TAPJOY,0.0
com.gamovation.tileclub,CHARTBOOST,0.0
com.pinger.textfree,RUBICON,0.0
523001403,MOBILEFUSE,0.0
921765888,LIFTOFF,0.0
1564391515,CRITEO,0.0
1542776143,DOUBLECLICK,0.0
372648912,RUBICON,0.0
com.gamovation.tileclub,BIGO,0.0
523001403,MOPUB,0.0
com.sec.android.app.samsungapps,TRIPLELIFT,0.0
597088068,IRONSOURCE,0.0
1564391515,UNMATCHED,0.0
1452227871,AOLONE,0.0
1374403536,UNMATCHED,0.0
6444056676,UNMATCHED,0.0
6449243946,UNMATCHED,0.0
1496354836,SMAATO,0.0
1274972321,RHEBUS,0.0
587366035,MAILRU,0.0
com.domobile.applockwatcher,UNITY,0.0
1509453185,BIGO,0.0
281940292,OPENX,0.0
921765888,CRITEO,0.0
com.sofascore.results,INDEX,0.0
1452227871,SMAATO,0.0
com.arrow.out,SMAATO,0.0
1619030760,UNMATCHED,0.0
372648912,SMAATO,0.0
6480174499,SMAATO,0.0
1274972321,CRITEO,0.0
com.football.soccer.league,NIMBUS,0.0
com.pinger.textfree,APPLOVIN,0.0
6445905219,TAURUSX,0.0
1407852246,DOUBLECLICK,0.0
1509453185,UNMATCHED,0.0
com.microsoft.microsoftsolitairecollection,PUBMATIC,0.0
591560124,RUBICON,0.0
1288430163,RUBICON,0.0
597088068,UNMATCHED,0.0
587366035,TAURUSX,0.0
372648912,RHEBUS,0.0
eu.livesport.FlashScore_com,INMOBI,0.0
587366035,SMAATO,0.0
382617920,ADVLION,0.0
com.pinger.textfree,TAPJOY,0.0
io.randomco.travel,IRONSOURCE,0.0
587366035,CRITEO,0.0
com.microsoft.microsoftsolitairecollection,OPENX,0.0
1407852246,UNMATCHED,0.0
281940292,APPNEXUS,0.0
597088068,PANGLE,0.0
com.gamovation.tileclub,IRONSOURCE,0.0
921765888,RUBICON,0.0
eu.livesport.FlashScore_com,APPLOVIN,0.0
1502447854,OPENX,0.0
com.microsoft.microsoftsolitairecollection,RUBICON,0.0
1407852246,LOOPME,0.0
com.gamovation.tileclub,CRITEO,0.0
1658958534,UNMATCHED,0.0
1564391515,CHARTBOOST,0.0
1452227871,INNERACTIVE_DIRECT,0.0
6474685600,UNMATCHED,0.0
1502447854,SMAATO,0.0
com.gamovation.tileclub,RHEBUS,0.0
597088068,MINTEGRAL,0.0
523001403,APPODEAL,0.0
6474685600,INMOBI,0.0
372648912,UNMATCHED,0.0
com.king.candycrushsodasaga,TAURUSX,0.0
com.firsttouchgames.dls7,ACUITYADS,0.0
6503060634,RHEBUS,0.0
6451208928,VERVE,0.0
1407852246,AOLONE,0.0
597088068,INMOBI,0.0
1452227871,OPERA,0.0
372648912,A9TAM,0.0
net.zedge.android,INDEX,0.0
1407852246,ACUITYADS,0.0
921765888,ADCOLONY,0.0
1509453185,DISPLAYIO,0.0
587366035,OPENX,0.0
382617920,SMAATO,0.0
1190849728,ADMIXER,0.0
1619030760,INMOBI,0.0
com.domobile.applockwatcher,ADCOLONY,0.0
1564391515,MOPUB,0.0
597088068,DOUBLECLICK,0.0
591560124,TRIPLELIFT,0.0
921765888,TAPJOY,0.0
587366035,ACUITYADS,0.0
921765888,A9TAM,0.0
1502447854,NIMBUS,0.0
591560124,TAPJOY,0.0
1190849728,TRIPLELIFT,0.0
com.UCMobile.intl,TAURUSX,0.0
372648912,ACUITYADS,0.0
1452227871,OPENX,0.0
1407852246,TRIPLELIFT,0.0
921765888,OPENX,0.0
net.zedge.android,MOPUB,0.0
1564391515,ADVLION,0.0
1407852246,RUBICON,0.0
6445905219,CHARTBOOST,0.0
1619030760,TAURUSX,0.0
net.zedge.android,TAPPX,0.0
1465731199,UNMATCHED,0.0
587366035,PUBMATIC,0.0
1407852246,MOBFOX,0.0
587366035,MOBFOX,0.0
501306812,UNITY,0.0
com.football.soccer.league,TAURUSX,0.0
372648912,MOBFOX,0.0
591560124,MOBFOX,0.0
1382466301,OPENX,0.0
306310789,ADVLION,0.0
net.zedge.android,ADVLION,0.0
net.zedge.android,TRIPLELIFT,0.0
1190849728,MOPUB,0.0
382617920,VERVE,0.0
591560124,SMAATO,0.0
com.easybrain.art.puzzle,TRIPLELIFT,0.0
1452992954,RUBICON,0.0
1318181304,CRITEO,0.0
com.football.soccer.league,ACUITYADS,0.0
1318181304,VERVE,0.0
6737022506,UNMATCHED,0.0
com.king.candycrushsodasaga,MOBILEFUSE,0.0
1318181304,A9TAM,0.0
592331499,PUBMATIC,0.0
com.sofascore.results,PUBMATIC,0.0
1452992954,MOPUB,0.0
1318181304,PUBMATIC,0.0
com.sofascore.results,CRITEO,0.0
6449243946,CRITEO,0.0
com.easybrain.art.puzzle,CHARTBOOST,0.0
642831690,CRITEO,0.0
569077959,VERVE,0.0
468996152,TRIPLELIFT,0.0
1443446174,APPODEAL,0.0
fr.vinted,SMAATO,0.0
com.football.soccer.league,VERVE,0.0
592331499,ADVLION,0.0
1355464544,MOPUB,0.0
591560124,ACUITYADS,0.0
com.easybrain.art.puzzle,OPENX,0.0
1452992954,CRITEO,0.0
1452992954,TRIPLELIFT,0.0
com.football.soccer.league,PUBMATIC,0.0
fr.vinted,TRIPLELIFT,0.0
1355464544,A9TAM,0.0
com.king.candycrushsodasaga,PUBMATIC,0.0
com.pinger.textfree,MOBILEFUSE,0.0
6473000893,RHEBUS,0.0
1318181304,MOBILEFUSE,0.0
592331499,OPENX,0.0
591560124,MOPUB,0.0
1635760774,A9TAM,0.0
724594093,PUBMATIC,0.0
1355464544,UNMATCHED,0.0
com.sofascore.results,RUBICON,0.0
1382466301,UNMATCHED,0.0
382233851,INDEX,0.0
6499293031,DOUBLECLICK,0.0
1369521645,RHEBUS,0.0
1486214495,PUBMATIC,0.0
1369521645,ACUITYADS,0.0
1635760774,SMAATO,0.0
com.lemon.lvoverseas,BIGO,0.0
com.football.soccer.league,OPERA,0.0
1486214495,CHARTBOOST,0.0
1452992954,SUPERSHIP,0.0
1625097467,CRITEO,0.0
com.scores365,RUBICON,0.0
382233851,MOBFOX,0.0
1635760774,UNMATCHED,0.0
6504122823,UNMATCHED,0.0
com.gamovation.tileclub,MINTEGRAL,0.0
1625097467,BIGO,0.0
com.firsttouchgames.dls7,TAURUSX,0.0
1486214495,OPENX,0.0
1130153523,UNMATCHED,0.0
com.scores365,SMAATO,0.0
570060128,PUBMATIC,0.0
1598997500,UNMATCHED,0.0
1452992954,RHEBUS,0.0
1369521645,RUBICON,0.0
1452992954,OPENX,0.0
wp.wattpad,A9TAM,0.0
1486214495,TAPJOY,0.0
382233851,UNMATCHED,0.0
6444056676,VERVE,0.0
1452992954,PUBMATIC,0.0
1452992954,SMAATO,0.0
6504122823,DOUBLECLICK,0.0
com.gamovation.tileclub,SMAATO,0.0
wp.wattpad,OPENX,0.0
382233851,RUBICON,0.0
1130153523,TOPON,0.0
com.easybrain.art.puzzle,MOPUB,0.0
1486214495,ADCOLONY,0.0
1443446174,ADCOLONY,0.0
6504122823,MINTEGRAL,0.0
6737022506,SMAATO,0.0
724594093,TAPJOY,0.0
382233851,SMAATO,0.0
724594093,MINTEGRAL,0.0
382617920,RUBICON,0.0
1318181304,IRONSOURCE,0.0
834185106,RUBICON,0.0
724594093,RUBICON,0.0
591560124,OPENX,0.0
wp.wattpad,SMAATO,0.0
1130153523,VERVE,0.0
6504122823,SMAATO,0.0
1190849728,MAILRU,0.0
724594093,LINE,0.0
fr.vinted,DOUBLECLICK,0.0
1369521645,MOPUB,0.0
1355464544,MOBILEFUSE,0.0
1369521645,DOUBLECLICK,0.0
com.scores365,INMOBI,0.0
724594093,OPERA,0.0
6745003362,UNMATCHED,0.0
fr.vinted,A9TAM,0.0
1452992954,CHARTBOOST,0.0
wp.wattpad,TRIPLELIFT,0.0
net.zedge.android,OPERA,0.0
1486214495,MOBFOX,0.0
382233851,ADVLION,0.0
wp.wattpad,RUBICON,0.0
1190849728,OPERA,0.0
1369521645,CRITEO,0.0
1318181304,OPENX,0.0
1369521645,PUBMATIC,0.0
1443446174,UNMATCHED,0.0
724594093,SUPERSHIP,0.0
382233851,CRITEO,0.0
net.zedge.android,SMAATO,0.0
1318181304,ADVLION,0.0
1452992954,MOBILEFUSE,0.0
6755815731,UNMATCHED,0.0
1190849728,MOBILEFUSE,0.0
com.UCMobile.intl,SMAATO,0.0
569077959,INDEX,0.0
1318181304,OPERA,0.0
1318181304,SMAATO,0.0
382617920,TRIPLELIFT,0.0
1318181304,APPODEAL,0.0
1452992954,PANGLE,0.0
382617920,MOPUB,0.0
com.pinger.textfree,OPENX,0.0
1318181304,RHEBUS,0.0
592331499,MINTEGRAL,0.0
591560124,PUBMATIC,0.0
6747492600,SMAATO,0.0
834185106,TAPJOY,0.0
1176147574,PUBMATIC,0.0
1382466301,MOBFOX,0.0
569077959,RHEBUS,0.0
1452992954,ACUITYADS,0.0
fr.vinted,CRITEO,0.0
com.sofascore.results,MOPUB,0.0
fr.vinted,ADVLION,0.0
1452992954,MAILRU,0.0
net.zedge.android,MINTEGRAL,0.0
1190849728,SMAATO,0.0
1318181304,TAPJOY,0.0
592331499,RUBICON,0.0
382617920,A9TAM,0.0
1443446174,MOBFOX,0.0
592331499,UNMATCHED,0.0
382617920,INDEX,0.0
1382466301,RUBICON,0.0
6451208928,A9TAM,0.0
1443446174,LIFTOFF,0.0
1452992954,INDEX,0.0
382617920,OPENX,0.0
592331499,UNITY,0.0
6751225067,UNMATCHED,0.0
591560124,UNMATCHED,0.0
834185106,UNMATCHED,0.0
1635760774,ADCOLONY,0.0
1176147574,OPENX,0.0
834185106,DOUBLECLICK,0.0
1635760774,OPERA,0.0
1176147574,RUBICON,0.0
1465731199,MOBILEFUSE,0.0
6499293031,UNMATCHED,0.0
1443446174,VERVE,0.0
591560124,A9TAM,0.0
6499293031,CHARTBOOST,0.0
1452992954,AOLONE,0.0
591560124,ADVLION,0.0
1318181304,CHARTBOOST,0.0
fr.vinted,RUBICON,0.0
1318181304,MOPUB,0.0
1163786766,AOLONE,0.0
com.outfit7.mytalkingtom2,ACUITYADS,0.0
fr.vinted,PUBMATIC,0.0
net.zedge.android,PUBMATIC,0.0
382617920,APPLOVIN,0.0
1382466301,ADVLION,0.0
642831690,INDEX,0.0
543186831,ADCOLONY,0.0
6463127238,CRITEO,0.0
com.mi.globalbrowser,MOBFOX,0.0
com.outfit7.mytalkingtom2,ADVLION,0.0
com.instabridge.android,APPODEAL,0.0
com.mxtech.videoplayer.ad,TRIPLELIFT,0.0
526641427,CRITEO,0.0
1197961218,TAURUSX,0.0
1635760774,RHEBUS,0.0
1671315416,SMAATO,0.0
com.mxtech.videoplayer.ad,A9TAM,0.0
com.dywx.larkplayer,INMOBI,0.0
834185106,MOPUB,0.0
com.sofascore.results,TAURUSX,0.0
com.superplaystudios.dicedreams,DOUBLECLICK,0.0
com.enflick.android.TextNow,TRIPLELIFT,0.0
1212951043,UNMATCHED,0.0
1355464544,INMOBI,0.0
1163786766,MOBFOX,0.0
com.offerup,SMAATO,0.0
592331499,VERVE,0.0
591560124,ADCOLONY,0.0
526641427,MOBILEFUSE,0.0
com.dywx.larkplayer,MOBFOX,0.0
6744975195,MINTEGRAL,0.0
1443446174,A9TAM,0.0
com.mxtech.videoplayer.ad,PUBMATIC,0.0
1503128132,VERVE,0.0
com.enflick.android.TextNow,SMAATO,0.0
6751222488,UNMATCHED,0.0
526641427,MOBFOX,0.0
com.gamovation.tileclub,TAURUSX,0.0
1212951043,OPENX,0.0
1163786766,SMAATO,0.0
1318181304,RUBICON,0.0
ball.sort.puzzle.color.sorting.bubble.games,PUBMATIC,0.0
1163786766,INNERACTIVE_DIRECT,0.0
592331499,TRIPLELIFT,0.0
543186831,UNITY,0.0
1176147574,UNMATCHED,0.0
6463127238,DOUBLECLICK,0.0
1503128132,SMAATO,0.0
6471572249,SMAATO,0.0
com.dywx.larkplayer,IRONSOURCE,0.0
1635760774,CRITEO,0.0
com.outfit7.mytalkingtom2,SMAATO,0.0
1487882541,MOPUB,0.0
com.outfit7.mytalkingtom2,TAPPX,0.0
1452992954,UNMATCHED,0.0
net.zedge.android,BIGO,0.0
com.macrovideo.v380pro,TAURUSX,0.0
com.dywx.larkplayer,TAURUSX,0.0
6747492600,UNMATCHED,0.0
6749456493,SMAATO,0.0
com.instabridge.android,VERVE,0.0
ball.sort.puzzle.color.sorting.bubble.games,CHARTBOOST,0.0
592331499,SMAATO,0.0
net.zedge.android,CHARTBOOST,0.0
com.instabridge.android,NIMBUS,0.0
com.outfit7.mytalkingtom2,RUBICON,0.0
com.outfit7.mytalkingtom2,MOBILEFUSE,0.0
1635760774,ACUITYADS,0.0
1487882541,ADVLION,0.0
com.dywx.larkplayer,APPODEAL,0.0
com.outfit7.mytalkingtom2,MOBFOX,0.0
com.metro.minus1,SMAATO,0.0
543186831,TAPJOY,0.0
com.offerup,TRIPLELIFT,0.0
com.outfit7.mytalkingtom2,OPENX,0.0
1355464544,SMAATO,0.0
com.mi.globalbrowser,ZMATICOO,0.0
6443760593,PANGLE,0.0
com.dywx.larkplayer,OPENX,0.0
1318181304,UNMATCHED,0.0
1176147574,SMAATO,0.0
com.football.soccer.league,CRITEO,0.0
569077959,INMOBI,0.0
com.offerup,INDEX,0.0
6499209744,MINTEGRAL,0.0
1443446174,TAPJOY,0.0
com.dywx.larkplayer,SMAATO,0.0
1212951043,ADCOLONY,0.0
1318181304,INDEX,0.0
382617920,UNMATCHED,0.0
1163786766,MOPUB,0.0
1163786766,CHARTBOOST,0.0
com.offerup,TAPPX,0.0
1212951043,PUBMATIC,0.0
com.king.candycrushsodasaga,OPENX,0.0
1212951043,TRIPLELIFT,0.0
6741408932,CRITEO,0.0
1503128132,UNMATCHED,0.0
com.dywx.larkplayer,PUBMATIC,0.0
1197961218,SMAATO,0.0
1671315416,TAURUSX,0.0
ball.sort.puzzle.color.sorting.bubble.games,SMAATO,0.0
1163786766,ADVLION,0.0
com.king.candycrushsodasaga,ADCOLONY,0.0
com.sofascore.results,SMAATO,0.0
com.outfit7.mytalkingtom2,A9TAM,0.0
com.outfit7.mytalkingtom2,INNERACTIVE_DIRECT,0.0
com.dywx.larkplayer,ADVLION,0.0
com.enflick.android.TextNow,INDEX,0.0
591560124,OPERA,0.0
com.outfit7.mytalkingtom2,MAILRU,0.0
6741408932,VERVE,0.0
6749456493,UNMATCHED,0.0
com.outfit7.mytalkingtom2,PUBMATIC,0.0
com.gamovation.tileclub,UNITY,0.0
com.outfit7.mytalkingtom2,VERVE,0.0
com.dywx.larkplayer,APPLOVIN,0.0
1197961218,MOBILEFUSE,0.0
com.enflick.android.TextNow,MOPUB,0.0
1163786766,ADMIXER,0.0
com.outfit7.mytalkingtom2,TAPJOY,0.0
1163786766,RUBICON,0.0
1212951043,CRITEO,0.0
591560124,BIGO,0.0
6444056676,SMAATO,0.0
306310789,MOBFOX,0.0
com.UCMobile.intl,ADVLION,0.0
ball.sort.puzzle.color.sorting.bubble.games,MOBILEFUSE,0.0
1163786766,APPODEAL,0.0
1163786766,OPENX,0.0
com.enflick.android.TextNow,RUBICON,0.0
com.sofascore.results,VERVE,0.0
com.offerup,RHEBUS,0.0
1163786766,INDEX,0.0
1197961218,UNMATCHED,0.0
com.offerup,VERVE,0.0
382617920,INNERACTIVE_DIRECT,0.0
6499209744,UNMATCHED,0.0
com.enflick.android.TextNow,MOBILEFUSE,0.0
com.enflick.android.TextNow,LOOPME,0.0
1212951043,RHEBUS,0.0
ball.sort.puzzle.color.sorting.bubble.games,BIGO,0.0
com.offerup,MOBILEFUSE,0.0
ball.sort.puzzle.color.sorting.bubble.games,TAPJOY,0.0
1212951043,RUBICON,0.0
1176147574,TAPPX,0.0
382617920,CRITEO,0.0
1671315416,UNMATCHED,0.0
1163786766,UNMATCHED,0.0
1163786766,PUBMATIC,0.0
1212951043,SMAATO,0.0
382617920,TAPPX,0.0
6741408932,UNMATCHED,0.0
com.enflick.android.TextNow,A9TAM,0.0
6443760593,UNMATCHED,0.0
1671315416,TOPON,0.0
net.zedge.android,ACUITYADS,0.0
ball.sort.puzzle.color.sorting.bubble.games,RHEBUS,0.0
6744975195,UNMATCHED,0.0
ball.sort.puzzle.color.sorting.bubble.games,TAURUSX,0.0
514485964,ADCOLONY,0.0
1212951043,MOBILEFUSE,0.0
395979574,CRITEO,0.0
1212951043,ACUITYADS,0.0
io.voodoo.paper2,ADVLION,0.0
6444056676,DOUBLECLICK,0.0
net.zedge.android,MOBFOX,0.0
569077959,ADCOLONY,0.0
io.voodoo.paper2,MOPUB,0.0
net.zedge.android,A9TAM,0.0
com.tripledot.solitaire,OPENX,0.0
com.football.soccer.league,INMOBI,0.0
6754243057,UNMATCHED,0.0
com.sofascore.results,PANGLE,0.0
com.tripledot.solitaire,RUBICON,0.0
1176147574,INDEX,0.0
514485964,UNMATCHED,0.0
com.gamovation.tileclub,MOBILEFUSE,0.0
514485964,SMAATO,0.0
382617920,PUBMATIC,0.0
395979574,MOBFOX,0.0
com.gamovation.tileclub,APPLOVIN,0.0
com.gamovation.tileclub,A9TAM,0.0
306310789,A9TAM,0.0
com.tripledot.solitaire,SMAATO,0.0
569077959,MOPUB,0.0
890378044,VERVE,0.0
1496354836,TRIPLELIFT,0.0
io.voodoo.paper2,OPENX,0.0
com.miui.videoplayer,TAPPX,0.0
6744317674,UNMATCHED,0.0
com.king.candycrushsodasaga,TRIPLELIFT,0.0
io.voodoo.paper2,TAURUSX,0.0
591560124,AOLONE,0.0
395979574,MINTEGRAL,0.0
com.king.candycrushsodasaga,SMAATO,0.0
890378044,ADVLION,0.0
569077959,ADVLION,0.0
com.king.candycrushsodasaga,RUBICON,0.0
com.sofascore.results,OPENX,0.0
514485964,UNITY,0.0
com.football.soccer.league,SMAATO,0.0
514485964,BIGO,0.0
com.king.candycrushsodasaga,INDEX,0.0
514485964,PUBMATIC,0.0
569077959,AOLONE,0.0
514485964,A9TAM,0.0
591560124,IRONSOURCE,0.0
6749132002,UNMATCHED,0.0
net.zedge.android,RHEBUS,0.0
395979574,RUBICON,0.0
382617920,APPNEXUS,0.0
890378044,UNMATCHED,0.0
642831690,RHEBUS,0.0
com.tripledot.solitaire,MOPUB,0.0
514485964,TAPJOY,0.0
395979574,DISPLAYIO,0.0
1496354836,MOBILEFUSE,0.0
com.UCMobile.intl,TRIPLELIFT,0.0
1482887935,SMAATO,0.0
1095569891,A9TAM,0.0
6444837964,UNMATCHED,0.0
sorting.games.goods.sort.triple.match3d.puzzle.stuff,RHEBUS,0.0
1235581326,DOUBLECLICK,0.0
517539894,TRIPLELIFT,0.0
1095569891,RUBICON,0.0
1095569891,PUBMATIC,0.0
1095569891,DOUBLECLICK,0.0
305343404,SMAATO,0.0
1235581326,PUBMATIC,0.0
517539894,IRONSOURCE,0.0
305343404,INDEX,0.0
517539894,RUBICON,0.0
1577533842,CRITEO,0.0
517539894,ADVLION,0.0
1235581326,SMAATO,0.0
517539894,INDEX,0.0
1235581326,AOLONE,0.0
305343404,VERVE,0.0
6451208928,DOUBLECLICK,0.0
6473000893,INMOBI,0.0
com.huub.tiger,SMAATO,0.0
305343404,UNMATCHED,0.0
517539894,CHARTBOOST,0.0
1235581326,CHARTBOOST,0.0
305343404,DISPLAYIO,0.0
6742812903,LINE,0.0
305343404,ACUITYADS,0.0
1577533842,LINE,0.0
6742812903,UNMATCHED,0.0
1095569891,UNMATCHED,0.0
305343404,PUBMATIC,0.0
1235581326,ADCOLONY,0.0
305343404,INMOBI,0.0
305343404,OPERA,0.0
6475168012,UNMATCHED,0.0
305343404,TAURUSX,0.0
6473000893,SMAATO,0.0
1235581326,RUBICON,0.0
1235581326,TAPJOY,0.0
6475168012,SMAATO,0.0
1095569891,CRITEO,0.0
1095569891,MOBFOX,0.0
305343404,RUBICON,0.0
517539894,CRITEO,0.0
1577533842,ADCOLONY,0.0
517539894,INMOBI,0.0
1235581326,MOPUB,0.0
6444837964,LINE,0.0
1095569891,SMAATO,0.0
1577533842,UNMATCHED,0.0
1577533842,MOBILEFUSE,0.0
1095569891,OPERA,0.0
1577533842,SMAATO,0.0
6463127238,SMAATO,0.0
1095569891,RHEBUS,0.0
517539894,MOPUB,0.0
305343404,CRITEO,0.0
305343404,TRIPLELIFT,0.0
880047117,UNMATCHED,0.0
1235581326,UNMATCHED,0.0
sorting.games.goods.sort.triple.match3d.puzzle.stuff,MOBILEFUSE,0.0
1095569891,INDEX,0.0
1577533842,TAURUSX,0.0
880047117,NIMBUS,0.0
880047117,ADCOLONY,0.0
sorting.games.goods.sort.triple.match3d.puzzle.stuff,SMAATO,0.0
517539894,A9TAM,0.0
6499306806,SMAATO,0.0
1095569891,MOBILEFUSE,0.0
1577533842,A9TAM,0.0
880047117,RUBICON,0.0
305343404,ADVLION,0.0
305343404,A9TAM,0.0
305343404,RHEBUS,0.0
517539894,UNMATCHED,0.0
com.miniclip.cricketleague,IRONSOURCE,0.0
com.miniclip.cricketleague,UNITY,0.0
1095569891,ACUITYADS,0.0
6740510106,SMAATO,0.0
1011626777,TOPON,0.0
com.samsung.android.game.gamehome,VERVE,0.0
6474133872,UNMATCHED,0.0
880047117,CHARTBOOST,0.0
com.matteljv.uno,INNERACTIVE_DIRECT,0.0
1388988209,UNMATCHED,0.0
6474133872,VERVE,0.0
1496354836,MOBFOX,0.0
306310789,OPERA,0.0
com.dubox.drive,CRITEO,0.0
com.dubox.drive,PUBMATIC,0.0
com.dubox.drive,DISPLAYIO,0.0
6499306806,RHEBUS,0.0
6740510106,CHARTBOOST,0.0
880047117,MOBILEFUSE,0.0
880047117,VERVE,0.0
com.dubox.drive,ADVLION,0.0
880047117,SMAATO,0.0
com.samsung.android.game.gamehome,APPODEAL,0.0
880047117,ADVLION,0.0
com.dubox.drive,VERVE,0.0
1011626777,INMOBI,0.0
6499306806,UNMATCHED,0.0
com.dubox.drive,LOOPME,0.0
880047117,DOUBLECLICK,0.0
6503060634,LINE,0.0
com.Hadiz.Holeucaneat,APPLOVIN,0.0
com.Hadiz.Holeucaneat,TAURUSX,0.0
880047117,OPENX,0.0
com.matteljv.uno,TAURUSX,0.0
880047117,PUBMATIC,0.0
com.matteljv.uno,BIGO,0.0
880047117,A9TAM,0.0
com.dubox.drive,SMAATO,0.0
com.samsung.android.game.gamehome,INMOBI,0.0
880047117,IRONSOURCE,0.0
880047117,APPODEAL,0.0
6499306806,CHARTBOOST,0.0
6740510106,UNMATCHED,0.0
329218549,VERVE,0.0
com.audiomack,PUBMATIC,0.0
6474133872,SMAATO,0.0
com.samsung.android.game.gamehome,RUBICON,0.0
1011626777,UNMATCHED,0.0
642831690,MOBFOX,0.0
1496354836,ACUITYADS,0.0
570060128,UNMATCHED,0.0
416048305,PUBMATIC,0.0
429610587,APPNEXUS,0.0
429610587,IRONSOURCE,0.0
1324604053,INDEX,0.0
416048305,UNMATCHED,0.0
329218549,A9TAM,0.0
1324604053,AOLONE,0.0
com.audiomack,A9TAM,0.0
429610587,AOLONE,0.0
6504332779,UNMATCHED,0.0
429610587,SMAATO,0.0
329218549,SMAATO,0.0
429610587,RUBICON,0.0
1324604053,SMAATO,0.0
6758184735,BIGO,0.0
com.audiomack,MOPUB,0.0
1454213029,DOUBLECLICK,0.0
6547835725,SMAATO,0.0
429610587,PUBMATIC,0.0
429610587,ADCOLONY,0.0
359917414,OPENX,0.0
com.resultadosfutbol.mobile,INDEX,0.0
1454213029,APPODEAL,0.0
com.audiomack,PANGLE,0.0
359917414,DISPLAYIO,0.0
com.resultadosfutbol.mobile,PUBMATIC,0.0
336435697,SMAATO,0.0
336435697,CRITEO,0.0
359917414,SMAATO,0.0
393048976,MOBILEFUSE,0.0
416048305,VERVE,0.0
6547835725,DOUBLECLICK,0.0
1444990764,MINTEGRAL,0.0
com.gimica.treasuremaster,CHARTBOOST,0.0
com.miui.player,ZMATICOO,0.0
6547835725,UNMATCHED,0.0
336435697,APPODEAL,0.0
359917414,MOBILEFUSE,0.0
429610587,CHARTBOOST,0.0
1324604053,SUPERSHIP,0.0
free.tube.premium.advanced.tuber,MOPUB,0.0
1444990764,ADVLION,0.0
com.miui.player,OPERA,0.0
429610587,UNMATCHED,0.0
com.gimica.treasuremaster,ADVLION,0.0
com.yolo.hiddenobjects,SMAATO,0.0
6504332779,CRITEO,0.0
com.soccer.score.star,TAURUSX,0.0
com.gimica.treasuremaster,SMAATO,0.0
416048305,TRIPLELIFT,0.0
329218549,UNMATCHED,0.0
416048305,ACUITYADS,0.0
com.audiomack,TRIPLELIFT,0.0
com.resultadosfutbol.mobile,IRONSOURCE,0.0
com.audiomack,VERVE,0.0
488575683,MOPUB,0.0
336435697,OPERA,0.0
336435697,RUBICON,0.0
336435697,UNMATCHED,0.0
1383187127,UNMATCHED,0.0
1324604053,PUBMATIC,0.0
488575683,A9TAM,0.0
416048305,UNITY,0.0
6453522960,DOUBLECLICK,0.0
1667538616,MOBILEFUSE,0.0
393048976,RUBICON,0.0
488575683,TRIPLELIFT,0.0
1324604053,RUBICON,0.0
336435697,OPENX,0.0
6453522960,SMAATO,0.0
com.resultadosfutbol.mobile,RUBICON,0.0
com.audiomack,MOBFOX,0.0
free.tube.premium.advanced.tuber,SMAATO,0.0
com.soccer.score.star,VERVE,0.0
com.soccer.score.star,TRIPLELIFT,0.0
1454213029,UNMATCHED,0.0
1444990764,PUBMATIC,0.0
329218549,INMOBI,0.0
359917414,AOLONE,0.0
488575683,CRITEO,0.0
1444990764,IRONSOURCE,0.0
429610587,DISPLAYIO,0.0
359917414,MINTEGRAL,0.0
com.miui.player,VERVE,0.0
com.audiomack,ACUITYADS,0.0
359917414,RHEBUS,0.0
429610587,ACUITYADS,0.0
com.gimica.treasuremaster,DOUBLECLICK,0.0
com.Gamnest.BarberSalon,TAURUSX,0.0
488575683,SMAATO,0.0
336435697,PUBMATIC,0.0
359917414,UNMATCHED,0.0
free.tube.premium.advanced.tuber,IRONSOURCE,0.0
416048305,SMAATO,0.0
com.resultadosfutbol.mobile,MINTEGRAL,0.0
1383187127,CRITEO,0.0
free.tube.premium.advanced.tuber,RHEBUS,0.0
393048976,INNERACTIVE_DIRECT,0.0
329218549,CHARTBOOST,0.0
1444990764,MOPUB,0.0
com.resultadosfutbol.mobile,ACUITYADS,0.0
359917414,A9,0.0
429610587,UNITY,0.0
336435697,INMOBI,0.0
488575683,PUBMATIC,0.0
336435697,DOUBLECLICK,0.0
6453522960,CHARTBOOST,0.0
com.soccer.score.star,PUBMATIC,0.0
1383187127,AOLONE,0.0
com.soccer.score.star,MOBFOX,0.0
488575683,RUBICON,0.0
1383187127,MOBFOX,0.0
1667538616,SMAATO,0.0
336435697,ADVLION,0.0
1667538616,UNMATCHED,0.0
393048976,A9TAM,0.0
1444990764,SMAATO,0.0
6504849169,TAURUSX,0.0
1444990764,OPENX,0.0
1383187127,TAPJOY,0.0
1383187127,OPENX,0.0
free.tube.premium.advanced.tuber,RUBICON,0.0
336435697,BIGO,0.0
336435697,MOPUB,0.0
free.tube.premium.advanced.tuber,VERVE,0.0
com.miui.player,BIGO,0.0
336435697,RHEBUS,0.0
1383187127,MOPUB,0.0
1444990764,MOBFOX,0.0
393048976,PUBMATIC,0.0
336435697,MOBFOX,0.0
393048976,OPENX,0.0
488575683,INDEX,0.0
com.gimica.treasuremaster,MOBILEFUSE,0.0
com.miui.player,ADVLION,0.0
com.miui.player,MOBFOX,0.0
com.miui.player,CRITEO,0.0
488575683,UNMATCHED,0.0
com.miui.player,INMOBI,0.0
336435697,TRIPLELIFT,0.0
free.tube.premium.advanced.tuber,ADVLION,0.0
free.tube.premium.advanced.tuber,CRITEO,0.0
1383187127,RUBICON,0.0
com.miui.player,TAURUSX,0.0
1383187127,LINE,0.0
1444990764,APPLOVIN,0.0
336435697,LOOPME,0.0
com.miui.player,PUBMATIC,0.0
com.miui.player,TAPPX,0.0
336435697,TAURUSX,0.0
393048976,SMAATO,0.0
1383187127,PUBMATIC,0.0
com.soccer.score.star,SMAATO,0.0
com.soccer.score.star,ACUITYADS,0.0
1383187127,VERVE,0.0
free.tube.premium.advanced.tuber,MOBFOX,0.0
com.soccer.score.star,CRITEO,0.0
com.miui.player,SMAATO,0.0
free.tube.premium.advanced.tuber,APPODEAL,0.0
336435697,APPLOVIN,0.0
com.newleaf.app.android.victor,TAURUSX,0.0
6504849169,UNMATCHED,0.0
com.soccer.score.star,INMOBI,0.0
1383187127,SMAATO,0.0
com.rovio.baba,RUBICON,0.0
io.supercent.pizzaidle,CRITEO,0.0
357218860,RHEBUS,0.0
com.rovio.baba,PANGLE,0.0
com.rovio.baba,DOUBLECLICK,0.0
1383187127,ADCOLONY,0.0
io.supercent.pizzaidle,PUBMATIC,0.0
1550945606,TAPJOY,0.0
357218860,TRIPLELIFT,0.0
1550945606,PUBMATIC,0.0
357218860,UNMATCHED,0.0
com.weather.Weather,RUBICON,0.0
6505095234,DOUBLECLICK,0.0
com.weather.Weather,SMAATO,0.0
com.weather.Weather,OPENX,0.0
1342112505,PANGLE,0.0
6505095234,LINE,0.0
1342112505,UNMATCHED,0.0
357218860,INDEX,0.0
393048976,UNMATCHED,0.0
com.soccer.score.star,NIMBUS,0.0
1444990764,UNMATCHED,0.0
1496354836,UNMATCHED,0.0
com.weather.Weather,A9TAM,0.0
357218860,A9TAM,0.0
6505095234,CRITEO,0.0
com.weather.Weather,PUBMATIC,0.0
1550945606,ADCOLONY,0.0
com.tripledot.woodoku,ADCOLONY,0.0
com.tripledot.woodoku,PUBMATIC,0.0
com.weather.Weather,RHEBUS,0.0
com.weather.Weather,MOPUB,0.0
6505095234,VERVE,0.0
357218860,BIGO,0.0
6505095234,SMAATO,0.0
6448104157,CRITEO,0.0
357218860,PUBMATIC,0.0
com.tripledot.woodoku,RUBICON,0.0
1550945606,VERVE,0.0
1550945606,RUBICON,0.0
com.weather.Weather,TRIPLELIFT,0.0
com.rovio.baba,A9TAM,0.0
357218860,MOBILEFUSE,0.0
1550945606,TRIPLELIFT,0.0
6744547461,TAURUSX,0.0
io.supercent.pizzaidle,MOBILEFUSE,0.0
com.weather.Weather,INDEX,0.0
com.xiaomi.mipicks,SMAATO,0.0
com.rovio.baba,SMAATO,0.0
com.tripledot.woodoku,OPENX,0.0
1550945606,NIMBUS,0.0
com.tripledot.woodoku,UNITY,0.0
io.supercent.pizzaidle,CHARTBOOST,0.0
6756913359,UNMATCHED,0.0
com.tripledot.woodoku,RHEBUS,0.0
357218860,APPODEAL,0.0
357218860,AOLONE,0.0
io.supercent.pizzaidle,APPLOVIN,0.0
1550945606,ADVLION,0.0
1342112505,PUBMATIC,0.0
357218860,CHARTBOOST,0.0
1550945606,UNMATCHED,0.0
6448104157,UNMATCHED,0.0
com.rovio.baba,ADCOLONY,0.0
357218860,OPERA,0.0
6448104157,SMAATO,0.0
com.xiaomi.mipicks,PANGLE,0.0
357218860,MOBFOX,0.0
6448104157,MOBILEFUSE,0.0
1550945606,INMOBI,0.0
com.weather.Weather,MINTEGRAL,0.0
com.xiaomi.mipicks,BIGO,0.0
io.supercent.pizzaidle,SMAATO,0.0
357218860,MOPUB,0.0
357218860,ADCOLONY,0.0
357218860,DOUBLECLICK,0.0
1342112505,SMAATO,0.0
1342112505,MOBILEFUSE,0.0
com.xiaomi.mipicks,VERVE,0.0
357218860,SMAATO,0.0
6756913359,SMAATO,0.0
6744547461,UNMATCHED,0.0
357218860,OPENX,0.0
com.tripledot.woodoku,TAPPX,0.0
com.weather.Weather,ACUITYADS,0.0
6744547461,SMAATO,0.0
com.rovio.baba,CHARTBOOST,0.0
1550945606,SMAATO,0.0
com.tripledot.woodoku,CRITEO,0.0
357218860,MEDIALAB,0.0
6505095234,UNMATCHED,0.0
com.gimica.ballbounce,DOUBLECLICK,0.0
357218860,RUBICON,0.0
357218860,ACUITYADS,0.0
com.tripledot.woodoku,MOBILEFUSE,0.0
1550945606,CHARTBOOST,0.0
com.tripledot.woodoku,SMAATO,0.0
com.tripledot.woodoku,ACUITYADS,0.0
com.weather.Weather,MOBILEFUSE,0.0
com.awesome.puzzlehexasort,SMAATO,0.0
com.vincentb.MobControl,TAURUSX,0.0
319881193,AOLONE,0.0
912390687,MOBILEFUSE,0.0
com.youmusic.magictiles,CRITEO,0.0
912390687,IRONSOURCE,0.0
com.JindoBlu.OfflineGames,TAURUSX,0.0
com.JindoBlu.OfflineGames,SMAATO,0.0
com.easybrain.arrow.puzzle.game,TAURUSX,0.0
6633425539,CRITEO,0.0
6741703805,TAURUSX,0.0
com.youmusic.magictiles,TAURUSX,0.0
com.vincentb.MobControl,SMAATO,0.0
com.vincentb.MobControl,MOPUB,0.0
1191435163,MOBILEFUSE,0.0
com.vincentb.MobControl,ADCOLONY,0.0
912390687,APPNEXUS,0.0
912390687,ADVLION,0.0
319881193,RHEBUS,0.0
651510680,MOPUB,0.0
1317978215,TAPJOY,0.0
1191435163,MOPUB,0.0
1191435163,CRITEO,0.0
6465991018,PANGLE,0.0
319881193,MAX,0.0
com.easybrain.arrow.puzzle.game,SMAATO,0.0
651510680,A9TAM,0.0
912390687,A9TAM,0.0
912390687,INMOBI,0.0
1578681725,MOBILEFUSE,0.0
6608975929,CRITEO,0.0
com.youmusic.magictiles,OPENX,0.0
6633425539,UNMATCHED,0.0
1317978215,ADCOLONY,0.0
651510680,RUBICON,0.0
1638139403,UNMATCHED,0.0
6471265311,UNMATCHED,0.0
6479238647,INMOBI,0.0
com.badoo.mobile,INDEX,0.0
6633425539,VERVE,0.0
1462911602,ADCOLONY,0.0
6479238647,UNMATCHED,0.0
com.superking.parchisi.star,PANGLE,0.0
1578681725,SMAATO,0.0
6633425539,DOUBLECLICK,0.0
651510680,ADCOLONY,0.0
1638139403,SMAATO,0.0
com.badoo.mobile,INMOBI,0.0
com.badoo.mobile,PANGLE,0.0
com.badoo.mobile,A9TAM,0.0
ai.socialapps.speakmaster,RHEBUS,0.0
1191435163,ACUITYADS,0.0
6479238647,MOBILEFUSE,0.0
com.badoo.mobile,INNERACTIVE_DIRECT,0.0
1472419762,ADVLION,0.0
com.superking.parchisi.star,PUBMATIC,0.0
1462911602,CHARTBOOST,0.0
1331794412,MOBFOX,0.0
319881193,PUBMATIC,0.0
651510680,VERVE,0.0
6471265311,MOBILEFUSE,0.0
com.badoo.mobile,MOPUB,0.0
1331794412,RUBICON,0.0
6471265311,SMAATO,0.0
1454213029,ADCOLONY,0.0
416048305,RUBICON,0.0
416048305,MOBFOX,0.0
com.badoo.mobile,ACUITYADS,0.0
ai.socialapps.speakmaster,INMOBI,0.0
com.youmusic.magictiles,A9TAM,0.0
1324604053,UNMATCHED,0.0
6608975929,MOBILEFUSE,0.0
1454213029,TAPJOY,0.0
329218549,ADCOLONY,0.0
359917414,ADVLION,0.0
1638139403,TAURUSX,0.0
359917414,RUBICON,0.0
1331794412,PUBMATIC,0.0
com.audiomack,RHEBUS,0.0
6608975929,RHEBUS,0.0
329218549,TRIPLELIFT,0.0
359917414,CRITEO,0.0
1454213029,RUBICON,0.0
com.badoo.mobile,TAURUSX,0.0
1472419762,OPERA,0.0
1610874732,INNERACTIVE_DIRECT,0.0
359917414,PUBMATIC,0.0
com.herofightinggames.duck.blast,TAURUSX,0.0
429610587,A9TAM,0.0
com.superking.parchisi.star,INMOBI,0.0
429610587,INDEX,0.0
ai.socialapps.speakmaster,KONTEXT,0.0
429610587,MINTEGRAL,0.0
com.badoo.mobile,RUBICON,0.0
com.audiomack,LIFTOFF,0.0
com.badoo.mobile,SMAATO,0.0
1324604053,MOPUB,0.0
1324604053,OPERA,0.0
1324604053,ACUITYADS,0.0
ai.socialapps.speakmaster,CHARTBOOST,0.0
com.youmusic.magictiles,LIFTOFF,0.0
1578681725,DOUBLECLICK,0.0
1454213029,VERVE,0.0
1462911602,UNMATCHED,0.0
429610587,TRIPLELIFT,0.0
6453522960,CRITEO,0.0
6758184735,UNMATCHED,0.0
1331794412,MOPUB,0.0
1324604053,CRITEO,0.0
1462911602,OPERA,0.0
com.audiomack,SMAATO,0.0
com.badoo.mobile,APPLOVIN,0.0
com.resultadosfutbol.mobile,OPENX,0.0
416048305,MINTEGRAL,0.0
6504332779,SMAATO,0.0
ai.socialapps.speakmaster,UNITY,0.0
319881193,OPENX,0.0
651510680,OPENX,0.0
359917414,APPNEXUS,0.0
6465991018,UNMATCHED,0.0
6608975929,UNMATCHED,0.0
6479238647,SMAATO,0.0
359917414,MOBFOX,0.0
1331794412,ADCOLONY,0.0
1324604053,TRIPLELIFT,0.0
6608975929,SMAATO,0.0
6453522960,UNMATCHED,0.0
com.badoo.mobile,OPENX,0.0
com.resultadosfutbol.mobile,TRIPLELIFT,0.0
359917414,MOPUB,0.0
1324604053,RHEBUS,0.0
1331794412,UNMATCHED,0.0
912390687,RUBICON,0.0
1578681725,UNMATCHED,0.0
6453522960,A9TAM,0.0
6479238647,RHEBUS,0.0
1324604053,MOBILEFUSE,0.0
com.audiomack,ADCOLONY,0.0
com.audiomack,MOBILEFUSE,0.0
com.block.juggle,PANGLE,0.0
429610587,ADVLION,0.0
com.block.juggle,CRITEO,0.0
1324604053,PANGLE,0.0
319881193,TAURUSX,0.0
329218549,APPLOVIN,0.0
359917414,TRIPLELIFT,0.0
com.yolo.hiddenobjects,TAURUSX,0.0
com.puzzlegames.puzzlebrickslegend,TAURUSX,0.0
ai.socialapps.speakmaster,VERVE,0.0
1331794412,RHEBUS,0.0
912390687,UNMATCHED,0.0
ai.socialapps.speakmaster,SMAATO,0.0
1331794412,SMAATO,0.0
com.youmusic.magictiles,SMAATO,0.0
416048305,OPENX,0.0
1317978215,UNMATCHED,0.0
com.block.juggle,RHEBUS,0.0
ai.socialapps.speakmaster,INNERACTIVE_DIRECT,0.0
429610587,MOPUB,0.0
com.vincentb.MobControl,BIGO,0.0
com.block.juggle,SMAATO,0.0
1472419762,PANGLE,0.0
429610587,MOBILEFUSE,0.0
1191435163,OPENX,0.0
com.block.juggle,CHARTBOOST,0.0
6754098532,UNMATCHED,0.0
ai.socialapps.speakmaster,IRONSOURCE,0.0
com.hotmini.drama.hot,MINTEGRAL,0.0
com.vincentb.MobControl,A9TAM,0.0
1610874732,MINTEGRAL,0.0
com.resultadosfutbol.mobile,ADCOLONY,0.0
651510680,UNMATCHED,0.0
651510680,CRITEO,0.0
premium.gotube.adblock.utube,APPLOVIN,0.0
329218549,MOPUB,0.0
premium.gotube.adblock.utube,MOBFOX,0.0
468996152,UNMATCHED,0.0
468996152,INDEX,0.0
6547835725,BIGO,0.0
468996152,VERVE,0.0
com.miui.videoplayer,BIGO,0.0
com.miui.videoplayer,TAURUSX,0.0
