blocklist_id,exchange,source_app_id,applies_to,blocklist_created_at_date,blocklist_expires_at_date,blocklist_origin,blocklist_reason_code,blocklist_comment,is_auto_blocklist,blocklist_creator_email,campaign_id,campaign_group_id,app_id,customer_id,block_level,is_indefinite
442079,All exchanges,com.mast.status.video.edit,all,2023-08-14,,internal,traffic-quality,Exceptionally high click volume,No,matt.johnson@liftoff.io,None,None,None,None,global,True
6178758,All exchanges,mingle.android.mingle2,all,2024-03-22,,internal,traffic-quality,DoubleVerify blocklist,No,matt.johnson@liftoff.io,None,None,None,None,global,True
8299290,All exchanges,6670163770,all,2025-02-04,,internal,traffic-quality,"Fraudulent apps: Poor ROAS (<5%), high spend DV IVT, high reject rates, low RPI / high % easy target events",No,plaw@liftoff.io,None,None,None,None,global,True
8308574,All exchanges,com.hotplay.eatingballs,all,2025-02-07,,internal,traffic-quality,Fraudulent apps,No,plaw@liftoff.io,None,None,None,None,global,True
8308574,All exchanges,com.hotplay.babyexcavator,all,2025-02-07,,internal,traffic-quality,Fraudulent apps,No,plaw@liftoff.io,None,None,None,None,global,True
8412369,All exchanges,6740261141,all,2025-03-17,,internal,traffic-quality,Install farming apps,No,plaw@liftoff.io,None,None,None,None,global,True
8442927,VUNGLE,com.gm11.bingocraze,all,2025-03-31,,internal,traffic-quality,Extremely high blocklist recidivism (>=10 blocks in 2024),No,matt.johnson@liftoff.io,None,None,None,None,global,True
8710936,All exchanges,com.sh.triple.match.master.tile.games,all,2025-06-21,,internal,traffic-quality,Fraudulent Developers ABL,Yes,-,None,None,None,None,global,True
8710918,All exchanges,com.sh.fidget.toys.mini.relaxing.antistress.games,all,2025-06-21,,internal,traffic-quality,Fraudulent Developers ABL,Yes,-,None,None,None,None,global,True
8756129,All exchanges,com.yg.templeballs,all,2025-07-09,,internal,traffic-quality,Fraudulent Developers ABL,Yes,-,None,None,None,None,global,True
8756115,All exchanges,com.yg.sf.minigames,all,2025-07-09,,internal,traffic-quality,Fraudulent Developers ABL,Yes,-,None,None,None,None,global,True
8790542,All exchanges,6478136569,all,2025-07-30,,internal,traffic-quality,Fraudulent Developers ABL,Yes,-,None,None,None,None,global,True
8790853,All exchanges,6745766164,all,2025-07-30,,internal,traffic-quality,Fraudulent Developers ABL,Yes,-,None,None,None,None,global,True
8791041,All exchanges,6741000770,all,2025-07-30,,internal,traffic-quality,Fraudulent Developers ABL,Yes,-,None,None,None,None,global,True
8790215,All exchanges,com.sogame.goo.qddm,all,2025-07-30,,internal,traffic-quality,Fraudulent Developers ABL,Yes,-,None,None,None,None,global,True
8791123,All exchanges,6473073392,all,2025-07-30,,internal,traffic-quality,Fraudulent Developers ABL,Yes,-,None,None,None,None,global,True
8790633,All exchanges,6746161378,all,2025-07-30,,internal,traffic-quality,Fraudulent Developers ABL,Yes,-,None,None,None,None,global,True
8791329,All exchanges,6745195682,all,2025-07-30,,internal,traffic-quality,Fraudulent Developers ABL,Yes,-,None,None,None,None,global,True
8790581,All exchanges,1523445785,all,2025-07-30,,internal,traffic-quality,Fraudulent Developers ABL,Yes,-,None,None,None,None,global,True
8793576,All exchanges,6744578718,all,2025-08-01,,internal,traffic-quality,Fraudulent Developers ABL,Yes,-,None,None,None,None,global,True
8819173,All exchanges,com.sh.mini.kitchen.set.fever.restaurants.chef.cooking.games,all,2025-08-13,,internal,traffic-quality,Fraudulent Developers ABL,Yes,-,None,None,None,None,global,True
8833146,All exchanges,6746799256,all,2025-08-22,,internal,traffic-quality,Fraudulent Developers ABL,Yes,-,None,None,None,None,global,True
8835998,All exchanges,6749830206,all,2025-08-23,,internal,traffic-quality,Fraudulent Developers ABL,Yes,-,None,None,None,None,global,True
9163248,All exchanges,com.meteor.downloader.videodownloader,all,2025-09-10,,internal,traffic-quality,Fraudulent Developers ABL,Yes,-,None,None,None,None,global,True
9714857,All exchanges,6458049689,all,2025-10-15,,internal,traffic-quality,Fraudulent Developers ABL,Yes,-,None,None,None,None,global,True
10336730,All exchanges,com.yg.ticfungames,all,2025-11-18,,internal,traffic-quality,Fraudulent Developers ABL,Yes,-,None,None,None,None,global,True
10349625,All exchanges,com.comfun.callbreak.card.game,all,2025-11-19,,internal,traffic-quality,Fraudulent Developers ABL,Yes,-,None,None,None,None,global,True
10349567,All exchanges,com.mindyourlogic.brain.test.logic.puzzle.emoji.iq,all,2025-11-19,,internal,traffic-quality,Fraudulent Developers ABL,Yes,-,None,None,None,None,global,True
10349703,All exchanges,endless.nightmare.weird.hospital.horror.scary.free.android,all,2025-11-19,,internal,traffic-quality,Fraudulent Developers ABL,Yes,-,None,None,None,None,global,True
10349659,All exchanges,free.video.downloader.freevideodownloader2021.video.saver.videosaverlite,all,2025-11-19,,internal,traffic-quality,Fraudulent Developers ABL,Yes,-,None,None,None,None,global,True
10349639,All exchanges,com.cash_earning_app.earnking,all,2025-11-19,,internal,traffic-quality,Fraudulent Developers ABL,Yes,-,None,None,None,None,global,True
10349540,All exchanges,com.gameone.candycruiseswap.free,all,2025-11-19,,internal,traffic-quality,Fraudulent Developers ABL,Yes,-,None,None,None,None,global,True
10349590,All exchanges,com.match.cheftreat.android,all,2025-11-19,,internal,traffic-quality,Fraudulent Developers ABL,Yes,-,None,None,None,None,global,True
10349652,All exchanges,com.horus.zombie.war,all,2025-11-19,,internal,traffic-quality,Fraudulent Developers ABL,Yes,-,None,None,None,None,global,True
10391301,All exchanges,com.rayole.games.dungeon.escape,all,2025-11-25,,internal,traffic-quality,Fraudulent Developers ABL,Yes,-,None,None,None,None,global,True
10391077,All exchanges,com.rayole.games.stack.blocks,all,2025-11-25,,internal,traffic-quality,Fraudulent Developers ABL,Yes,-,None,None,None,None,global,True
10479955,All exchanges,com.goodtimegames.blackjack.blackjack21.cash.win.money.poker.casino,all,2025-12-05,,internal,traffic-quality,Fraudulent Developers ABL,Yes,-,None,None,None,None,global,True
10877481,VUNGLE,1574142720,all,2026-01-22,,internal,traffic-quality,Anomaly rejections,No,plaw@liftoff.io,None,None,None,None,global,True
11196868,All exchanges,com.rayole.games.bird.climb,all,2026-03-04,,internal,traffic-quality,Fraudulent Developers ABL,Yes,-,None,None,None,None,global,True
11508493,All exchanges,com.akxgames.akx.com,all,2026-03-26,,internal,traffic-quality,"Fraudulent bundles
https://liftoffio.slack.com/archives/C02QR6T98SU/p1774378444334859?thread_ts=1774282238.086299&cid=C02QR6T98SU",No,plaw@liftoff.io,None,None,None,None,global,True
11508493,All exchanges,com.fusionmind.obby1jumpperclick,all,2026-03-26,,internal,traffic-quality,"Fraudulent bundles
https://liftoffio.slack.com/archives/C02QR6T98SU/p1774378444334859?thread_ts=1774282238.086299&cid=C02QR6T98SU",No,plaw@liftoff.io,None,None,None,None,global,True
11508493,All exchanges,com.fusionmind.memecatstamagochi,all,2026-03-26,,internal,traffic-quality,"Fraudulent bundles
https://liftoffio.slack.com/archives/C02QR6T98SU/p1774378444334859?thread_ts=1774282238.086299&cid=C02QR6T98SU",No,plaw@liftoff.io,None,None,None,None,global,True
11508493,All exchanges,com.hospital.smart.organize.game,all,2026-03-26,,internal,traffic-quality,"Fraudulent bundles
https://liftoffio.slack.com/archives/C02QR6T98SU/p1774378444334859?thread_ts=1774282238.086299&cid=C02QR6T98SU",No,plaw@liftoff.io,None,None,None,None,global,True
11508493,All exchanges,com.flashlight.bright.led.torch.android,all,2026-03-26,,internal,traffic-quality,"Fraudulent bundles
https://liftoffio.slack.com/archives/C02QR6T98SU/p1774378444334859?thread_ts=1774282238.086299&cid=C02QR6T98SU",No,plaw@liftoff.io,None,None,None,None,global,True
11508493,All exchanges,com.nuts.girl.and,all,2026-03-26,,internal,traffic-quality,"Fraudulent bundles
https://liftoffio.slack.com/archives/C02QR6T98SU/p1774378444334859?thread_ts=1774282238.086299&cid=C02QR6T98SU",No,plaw@liftoff.io,None,None,None,None,global,True
11508493,All exchanges,com.sparktube,all,2026-03-26,,internal,traffic-quality,"Fraudulent bundles
https://liftoffio.slack.com/archives/C02QR6T98SU/p1774378444334859?thread_ts=1774282238.086299&cid=C02QR6T98SU",No,plaw@liftoff.io,None,None,None,None,global,True
11508493,All exchanges,com.record.health.bp,all,2026-03-26,,internal,traffic-quality,"Fraudulent bundles
https://liftoffio.slack.com/archives/C02QR6T98SU/p1774378444334859?thread_ts=1774282238.086299&cid=C02QR6T98SU",No,plaw@liftoff.io,None,None,None,None,global,True
11508493,All exchanges,com.mahjong.tile.and,all,2026-03-26,,internal,traffic-quality,"Fraudulent bundles
https://liftoffio.slack.com/archives/C02QR6T98SU/p1774378444334859?thread_ts=1774282238.086299&cid=C02QR6T98SU",No,plaw@liftoff.io,None,None,None,None,global,True
11508493,All exchanges,com.natural.stands.dutch.setting,all,2026-03-26,,internal,traffic-quality,"Fraudulent bundles
https://liftoffio.slack.com/archives/C02QR6T98SU/p1774378444334859?thread_ts=1774282238.086299&cid=C02QR6T98SU",No,plaw@liftoff.io,None,None,None,None,global,True
11508493,All exchanges,com.xphygame.birdshuffle,all,2026-03-26,,internal,traffic-quality,"Fraudulent bundles
https://liftoffio.slack.com/archives/C02QR6T98SU/p1774378444334859?thread_ts=1774282238.086299&cid=C02QR6T98SU",No,plaw@liftoff.io,None,None,None,None,global,True
11594877,All exchanges,bc.ball.cleanerx,all,2026-03-30,,internal,traffic-quality,Poor quality apps / malware discovered when unblocking sources for TEMU,No,matt.johnson@liftoff.io,None,None,None,None,global,True
11594877,All exchanges,heartratemonitor.heartrate.pulse.pulseapp,all,2026-03-30,,internal,traffic-quality,Poor quality apps / malware discovered when unblocking sources for TEMU,No,matt.johnson@liftoff.io,None,None,None,None,global,True
11571006,VUNGLE,me.funkin.fnf,all,2026-03-30,2026-06-28,internal,traffic-quality,Exchange level install farming ABL,Yes,-,None,None,None,None,global,False
11704193,VUNGLE,6758976553,all,2026-04-05,2026-07-04,internal,traffic-quality,Exchange level install farming ABL,Yes,-,None,None,None,None,global,False
11704198,VUNGLE,6758753238,all,2026-04-05,2026-07-04,internal,traffic-quality,Exchange level install farming ABL,Yes,-,None,None,None,None,global,False
11708629,VUNGLE,6758688072,all,2026-04-06,2026-07-05,internal,traffic-quality,Exchange level install farming ABL,Yes,-,None,None,None,None,global,False
11764463,All exchanges,dk.tactile.cookiecats,all,2026-04-13,,internal,traffic-quality,High UUIDv4 noncompliance (Malformed GAID investigation),No,matt.johnson@liftoff.io,None,None,None,None,global,True
11764463,All exchanges,com.mergegames.monsterandstory.gp,all,2026-04-13,,internal,traffic-quality,High UUIDv4 noncompliance (Malformed GAID investigation),No,matt.johnson@liftoff.io,None,None,None,None,global,True
11764463,All exchanges,dk.tactile.cookiecatspop,all,2026-04-13,,internal,traffic-quality,High UUIDv4 noncompliance (Malformed GAID investigation),No,matt.johnson@liftoff.io,None,None,None,None,global,True
11764463,All exchanges,com.strawdogstudios.simonscatpoptime,all,2026-04-13,,internal,traffic-quality,High UUIDv4 noncompliance (Malformed GAID investigation),No,matt.johnson@liftoff.io,None,None,None,None,global,True
11777657,VUNGLE,com.carrom.board.friends.freeonline.live,all,2026-04-15,2026-07-14,internal,traffic-quality,Exchange level install farming ABL,Yes,-,None,None,None,None,global,False
11800716,All exchanges,com.rayolesoftware.cash.daddy,all,2026-04-19,,internal,traffic-quality,Fraudulent Developers ABL,Yes,-,None,None,None,None,global,True
11800715,All exchanges,com.rayolesoftware.count.earn,all,2026-04-19,,internal,traffic-quality,Fraudulent Developers ABL,Yes,-,None,None,None,None,global,True
11972167,VUNGLE,com.language.translate.all.voice.translator,all,2026-05-07,,internal,traffic-quality,"High user CTR + poor d7 ROAS
notes: removed managed pubs: 805603214, com.lordix.addonsforminecraftpe, jp.ponta.myponta (prior id: 10912556)",No,matt.johnson@liftoff.io,None,None,None,None,global,True
11972167,VUNGLE,com.iz.baby.world.kids.learning.games.balloon.popping.educational,all,2026-05-07,,internal,traffic-quality,"High user CTR + poor d7 ROAS
notes: removed managed pubs: 805603214, com.lordix.addonsforminecraftpe, jp.ponta.myponta (prior id: 10912556)",No,matt.johnson@liftoff.io,None,None,None,None,global,True
11972167,VUNGLE,kr.rapportlabs.damoa,all,2026-05-07,,internal,traffic-quality,"High user CTR + poor d7 ROAS
notes: removed managed pubs: 805603214, com.lordix.addonsforminecraftpe, jp.ponta.myponta (prior id: 10912556)",No,matt.johnson@liftoff.io,None,None,None,None,global,True
11972167,VUNGLE,bg.xssoftware.ladypopular.fashionarena,all,2026-05-07,,internal,traffic-quality,"High user CTR + poor d7 ROAS
notes: removed managed pubs: 805603214, com.lordix.addonsforminecraftpe, jp.ponta.myponta (prior id: 10912556)",No,matt.johnson@liftoff.io,None,None,None,None,global,True
11972167,VUNGLE,com.happyverse.statussaver,all,2026-05-07,,internal,traffic-quality,"High user CTR + poor d7 ROAS
notes: removed managed pubs: 805603214, com.lordix.addonsforminecraftpe, jp.ponta.myponta (prior id: 10912556)",No,matt.johnson@liftoff.io,None,None,None,None,global,True
11972167,VUNGLE,com.changdu.moboshort,all,2026-05-07,,internal,traffic-quality,"High user CTR + poor d7 ROAS
notes: removed managed pubs: 805603214, com.lordix.addonsforminecraftpe, jp.ponta.myponta (prior id: 10912556)",No,matt.johnson@liftoff.io,None,None,None,None,global,True
11972167,VUNGLE,1010739052,all,2026-05-07,,internal,traffic-quality,"High user CTR + poor d7 ROAS
notes: removed managed pubs: 805603214, com.lordix.addonsforminecraftpe, jp.ponta.myponta (prior id: 10912556)",No,matt.johnson@liftoff.io,None,None,None,None,global,True
11972167,VUNGLE,737698958,all,2026-05-07,,internal,traffic-quality,"High user CTR + poor d7 ROAS
notes: removed managed pubs: 805603214, com.lordix.addonsforminecraftpe, jp.ponta.myponta (prior id: 10912556)",No,matt.johnson@liftoff.io,None,None,None,None,global,True
11972167,VUNGLE,1530383706,all,2026-05-07,,internal,traffic-quality,"High user CTR + poor d7 ROAS
notes: removed managed pubs: 805603214, com.lordix.addonsforminecraftpe, jp.ponta.myponta (prior id: 10912556)",No,matt.johnson@liftoff.io,None,None,None,None,global,True
11972167,VUNGLE,com.funny.filter.quiz.choicegames.effect,all,2026-05-07,,internal,traffic-quality,"High user CTR + poor d7 ROAS
notes: removed managed pubs: 805603214, com.lordix.addonsforminecraftpe, jp.ponta.myponta (prior id: 10912556)",No,matt.johnson@liftoff.io,None,None,None,None,global,True
11972167,VUNGLE,com.sereal.short.app,all,2026-05-07,,internal,traffic-quality,"High user CTR + poor d7 ROAS
notes: removed managed pubs: 805603214, com.lordix.addonsforminecraftpe, jp.ponta.myponta (prior id: 10912556)",No,matt.johnson@liftoff.io,None,None,None,None,global,True
12261186,All exchanges,6764274634,all,2026-05-26,2026-06-26,internal,traffic-quality,View Master Click Signals ABL,Yes,-,None,None,None,None,global,False
12261721,All exchanges,6736828525,all,2026-05-26,2026-06-26,internal,traffic-quality,High new device and cellular mismatch rate ABL,Yes,-,None,None,None,None,global,False
12269155,All exchanges,6468666010,all,2026-05-27,2026-06-27,internal,traffic-quality,View Master Click Signals ABL,Yes,-,None,None,None,None,global,False
12269138,All exchanges,batalsoft.band.live.rock,all,2026-05-27,2026-06-27,internal,traffic-quality,View Master Click Signals ABL,Yes,-,None,None,None,None,global,False
12269156,All exchanges,6764761311,all,2026-05-27,2026-06-27,internal,traffic-quality,View Master Click Signals ABL,Yes,-,None,None,None,None,global,False
12269151,All exchanges,1331367687,all,2026-05-27,2026-06-27,internal,traffic-quality,View Master Click Signals ABL,Yes,-,None,None,None,None,global,False
12295238,All exchanges,com.rayole.software.tap.master,all,2026-05-28,,internal,traffic-quality,Fraudulent Developers ABL,Yes,-,None,None,None,None,global,True
12302741,All exchanges,com.app.turkishnaw,all,2026-05-29,,internal,traffic-quality,"Non-performant apps tied to suspicious Bigo seller IDs
https://docs.google.com/spreadsheets/d/1hy0o3hLjgKEPRYm8tAQA1X8gUphfhikgS3Wb3sd6eJE/edit?gid=63260040#gid=63260040",No,plaw@liftoff.io,None,None,None,None,global,True
12302733,All exchanges,com.horror.sprunky.beast.sound,all,2026-05-29,,internal,traffic-quality,Fraudulent apps identified via adhoc analysis: https://docs.google.com/document/d/1-lQ0h3WdTkYkWIO027QYvBxUVF2yRJrMh6-rKZaWeog,No,plaw@liftoff.io,None,None,None,None,global,True
12302733,All exchanges,554936942,all,2026-05-29,,internal,traffic-quality,Fraudulent apps identified via adhoc analysis: https://docs.google.com/document/d/1-lQ0h3WdTkYkWIO027QYvBxUVF2yRJrMh6-rKZaWeog,No,plaw@liftoff.io,None,None,None,None,global,True
12302733,All exchanges,com.gamehouse.jq.jewel.quest.match3.puzzle.adventure.fun.relax.tiles.boosters.casual,all,2026-05-29,,internal,traffic-quality,Fraudulent apps identified via adhoc analysis: https://docs.google.com/document/d/1-lQ0h3WdTkYkWIO027QYvBxUVF2yRJrMh6-rKZaWeog,No,plaw@liftoff.io,None,None,None,None,global,True
12302741,All exchanges,com.RTU.OneLevelThree,all,2026-05-29,,internal,traffic-quality,"Non-performant apps tied to suspicious Bigo seller IDs
https://docs.google.com/spreadsheets/d/1hy0o3hLjgKEPRYm8tAQA1X8gUphfhikgS3Wb3sd6eJE/edit?gid=63260040#gid=63260040",No,plaw@liftoff.io,None,None,None,None,global,True
12302733,All exchanges,com.picture.jigsaw.puzzle,all,2026-05-29,,internal,traffic-quality,Fraudulent apps identified via adhoc analysis: https://docs.google.com/document/d/1-lQ0h3WdTkYkWIO027QYvBxUVF2yRJrMh6-rKZaWeog,No,plaw@liftoff.io,None,None,None,None,global,True
12302733,All exchanges,6755371603,all,2026-05-29,,internal,traffic-quality,Fraudulent apps identified via adhoc analysis: https://docs.google.com/document/d/1-lQ0h3WdTkYkWIO027QYvBxUVF2yRJrMh6-rKZaWeog,No,plaw@liftoff.io,None,None,None,None,global,True
12302733,All exchanges,com.soulapps.mathbattle,all,2026-05-29,,internal,traffic-quality,Fraudulent apps identified via adhoc analysis: https://docs.google.com/document/d/1-lQ0h3WdTkYkWIO027QYvBxUVF2yRJrMh6-rKZaWeog,No,plaw@liftoff.io,None,None,None,None,global,True
12302733,All exchanges,6503286894,all,2026-05-29,,internal,traffic-quality,Fraudulent apps identified via adhoc analysis: https://docs.google.com/document/d/1-lQ0h3WdTkYkWIO027QYvBxUVF2yRJrMh6-rKZaWeog,No,plaw@liftoff.io,None,None,None,None,global,True
12302733,All exchanges,com.sh.triple.match.master.tile.games,all,2026-05-29,,internal,traffic-quality,Fraudulent apps identified via adhoc analysis: https://docs.google.com/document/d/1-lQ0h3WdTkYkWIO027QYvBxUVF2yRJrMh6-rKZaWeog,No,plaw@liftoff.io,None,None,None,None,global,True
12302741,All exchanges,1532887006,all,2026-05-29,,internal,traffic-quality,"Non-performant apps tied to suspicious Bigo seller IDs
https://docs.google.com/spreadsheets/d/1hy0o3hLjgKEPRYm8tAQA1X8gUphfhikgS3Wb3sd6eJE/edit?gid=63260040#gid=63260040",No,plaw@liftoff.io,None,None,None,None,global,True
12302741,All exchanges,1494293929,all,2026-05-29,,internal,traffic-quality,"Non-performant apps tied to suspicious Bigo seller IDs
https://docs.google.com/spreadsheets/d/1hy0o3hLjgKEPRYm8tAQA1X8gUphfhikgS3Wb3sd6eJE/edit?gid=63260040#gid=63260040",No,plaw@liftoff.io,None,None,None,None,global,True
12302733,All exchanges,ru.codev.wow,all,2026-05-29,,internal,traffic-quality,Fraudulent apps identified via adhoc analysis: https://docs.google.com/document/d/1-lQ0h3WdTkYkWIO027QYvBxUVF2yRJrMh6-rKZaWeog,No,plaw@liftoff.io,None,None,None,None,global,True
12302741,All exchanges,water.sort.puzzle.color.bottles,all,2026-05-29,,internal,traffic-quality,"Non-performant apps tied to suspicious Bigo seller IDs
https://docs.google.com/spreadsheets/d/1hy0o3hLjgKEPRYm8tAQA1X8gUphfhikgS3Wb3sd6eJE/edit?gid=63260040#gid=63260040",No,plaw@liftoff.io,None,None,None,None,global,True
12302733,All exchanges,1466180579,all,2026-05-29,,internal,traffic-quality,Fraudulent apps identified via adhoc analysis: https://docs.google.com/document/d/1-lQ0h3WdTkYkWIO027QYvBxUVF2yRJrMh6-rKZaWeog,No,plaw@liftoff.io,None,None,None,None,global,True
12302741,All exchanges,com.rainbowgames.emerland,all,2026-05-29,,internal,traffic-quality,"Non-performant apps tied to suspicious Bigo seller IDs
https://docs.google.com/spreadsheets/d/1hy0o3hLjgKEPRYm8tAQA1X8gUphfhikgS3Wb3sd6eJE/edit?gid=63260040#gid=63260040",No,plaw@liftoff.io,None,None,None,None,global,True
12302733,All exchanges,com.three.prison.challenge.escape,all,2026-05-29,,internal,traffic-quality,Fraudulent apps identified via adhoc analysis: https://docs.google.com/document/d/1-lQ0h3WdTkYkWIO027QYvBxUVF2yRJrMh6-rKZaWeog,No,plaw@liftoff.io,None,None,None,None,global,True
12302733,All exchanges,com.mm.nature.photo.editor,all,2026-05-29,,internal,traffic-quality,Fraudulent apps identified via adhoc analysis: https://docs.google.com/document/d/1-lQ0h3WdTkYkWIO027QYvBxUVF2yRJrMh6-rKZaWeog,No,plaw@liftoff.io,None,None,None,None,global,True
12302733,All exchanges,com.tt.ojiatsume,all,2026-05-29,,internal,traffic-quality,Fraudulent apps identified via adhoc analysis: https://docs.google.com/document/d/1-lQ0h3WdTkYkWIO027QYvBxUVF2yRJrMh6-rKZaWeog,No,plaw@liftoff.io,None,None,None,None,global,True
12302733,All exchanges,com.cup.street.crime.city.gangster,all,2026-05-29,,internal,traffic-quality,Fraudulent apps identified via adhoc analysis: https://docs.google.com/document/d/1-lQ0h3WdTkYkWIO027QYvBxUVF2yRJrMh6-rKZaWeog,No,plaw@liftoff.io,None,None,None,None,global,True
12302733,All exchanges,6736725852,all,2026-05-29,,internal,traffic-quality,Fraudulent apps identified via adhoc analysis: https://docs.google.com/document/d/1-lQ0h3WdTkYkWIO027QYvBxUVF2yRJrMh6-rKZaWeog,No,plaw@liftoff.io,None,None,None,None,global,True
12302733,All exchanges,com.qtgpz.zero.sixone.pack.gp,all,2026-05-29,,internal,traffic-quality,Fraudulent apps identified via adhoc analysis: https://docs.google.com/document/d/1-lQ0h3WdTkYkWIO027QYvBxUVF2yRJrMh6-rKZaWeog,No,plaw@liftoff.io,None,None,None,None,global,True
12302741,All exchanges,com.rainbowgames.solitaire2018,all,2026-05-29,,internal,traffic-quality,"Non-performant apps tied to suspicious Bigo seller IDs
https://docs.google.com/spreadsheets/d/1hy0o3hLjgKEPRYm8tAQA1X8gUphfhikgS3Wb3sd6eJE/edit?gid=63260040#gid=63260040",No,plaw@liftoff.io,None,None,None,None,global,True
12302733,All exchanges,document.viewer.odt.reader.openoffice,all,2026-05-29,,internal,traffic-quality,Fraudulent apps identified via adhoc analysis: https://docs.google.com/document/d/1-lQ0h3WdTkYkWIO027QYvBxUVF2yRJrMh6-rKZaWeog,No,plaw@liftoff.io,None,None,None,None,global,True
12302741,All exchanges,6471574557,all,2026-05-29,,internal,traffic-quality,"Non-performant apps tied to suspicious Bigo seller IDs
https://docs.google.com/spreadsheets/d/1hy0o3hLjgKEPRYm8tAQA1X8gUphfhikgS3Wb3sd6eJE/edit?gid=63260040#gid=63260040",No,plaw@liftoff.io,None,None,None,None,global,True
12302733,All exchanges,6472626772,all,2026-05-29,,internal,traffic-quality,Fraudulent apps identified via adhoc analysis: https://docs.google.com/document/d/1-lQ0h3WdTkYkWIO027QYvBxUVF2yRJrMh6-rKZaWeog,No,plaw@liftoff.io,None,None,None,None,global,True
12302733,All exchanges,1487212912,all,2026-05-29,,internal,traffic-quality,Fraudulent apps identified via adhoc analysis: https://docs.google.com/document/d/1-lQ0h3WdTkYkWIO027QYvBxUVF2yRJrMh6-rKZaWeog,No,plaw@liftoff.io,None,None,None,None,global,True
12302741,All exchanges,ru.subprogram.guitarsongs,all,2026-05-29,,internal,traffic-quality,"Non-performant apps tied to suspicious Bigo seller IDs
https://docs.google.com/spreadsheets/d/1hy0o3hLjgKEPRYm8tAQA1X8gUphfhikgS3Wb3sd6eJE/edit?gid=63260040#gid=63260040",No,plaw@liftoff.io,None,None,None,None,global,True
12302733,All exchanges,6757776630,all,2026-05-29,,internal,traffic-quality,Fraudulent apps identified via adhoc analysis: https://docs.google.com/document/d/1-lQ0h3WdTkYkWIO027QYvBxUVF2yRJrMh6-rKZaWeog,No,plaw@liftoff.io,None,None,None,None,global,True
12302733,All exchanges,1552406178,all,2026-05-29,,internal,traffic-quality,Fraudulent apps identified via adhoc analysis: https://docs.google.com/document/d/1-lQ0h3WdTkYkWIO027QYvBxUVF2yRJrMh6-rKZaWeog,No,plaw@liftoff.io,None,None,None,None,global,True
12302733,All exchanges,1509907307,all,2026-05-29,,internal,traffic-quality,Fraudulent apps identified via adhoc analysis: https://docs.google.com/document/d/1-lQ0h3WdTkYkWIO027QYvBxUVF2yRJrMh6-rKZaWeog,No,plaw@liftoff.io,None,None,None,None,global,True
12302733,All exchanges,com.passionclub.love.stories,all,2026-05-29,,internal,traffic-quality,Fraudulent apps identified via adhoc analysis: https://docs.google.com/document/d/1-lQ0h3WdTkYkWIO027QYvBxUVF2yRJrMh6-rKZaWeog,No,plaw@liftoff.io,None,None,None,None,global,True
12302733,All exchanges,1556387896,all,2026-05-29,,internal,traffic-quality,Fraudulent apps identified via adhoc analysis: https://docs.google.com/document/d/1-lQ0h3WdTkYkWIO027QYvBxUVF2yRJrMh6-rKZaWeog,No,plaw@liftoff.io,None,None,None,None,global,True
12302741,All exchanges,app.hugly.social_pro,all,2026-05-29,,internal,traffic-quality,"Non-performant apps tied to suspicious Bigo seller IDs
https://docs.google.com/spreadsheets/d/1hy0o3hLjgKEPRYm8tAQA1X8gUphfhikgS3Wb3sd6eJE/edit?gid=63260040#gid=63260040",No,plaw@liftoff.io,None,None,None,None,global,True
12302733,All exchanges,com.lrgame.cookingmerge,all,2026-05-29,,internal,traffic-quality,Fraudulent apps identified via adhoc analysis: https://docs.google.com/document/d/1-lQ0h3WdTkYkWIO027QYvBxUVF2yRJrMh6-rKZaWeog,No,plaw@liftoff.io,None,None,None,None,global,True
12302733,All exchanges,1664686966,all,2026-05-29,,internal,traffic-quality,Fraudulent apps identified via adhoc analysis: https://docs.google.com/document/d/1-lQ0h3WdTkYkWIO027QYvBxUVF2yRJrMh6-rKZaWeog,No,plaw@liftoff.io,None,None,None,None,global,True
12302733,All exchanges,com.rayole.games.dungeon.escape,all,2026-05-29,,internal,traffic-quality,Fraudulent apps identified via adhoc analysis: https://docs.google.com/document/d/1-lQ0h3WdTkYkWIO027QYvBxUVF2yRJrMh6-rKZaWeog,No,plaw@liftoff.io,None,None,None,None,global,True
12302733,All exchanges,com.molibe.audiovoicerecorder.ai,all,2026-05-29,,internal,traffic-quality,Fraudulent apps identified via adhoc analysis: https://docs.google.com/document/d/1-lQ0h3WdTkYkWIO027QYvBxUVF2yRJrMh6-rKZaWeog,No,plaw@liftoff.io,None,None,None,None,global,True
12302733,All exchanges,6757525493,all,2026-05-29,,internal,traffic-quality,Fraudulent apps identified via adhoc analysis: https://docs.google.com/document/d/1-lQ0h3WdTkYkWIO027QYvBxUVF2yRJrMh6-rKZaWeog,No,plaw@liftoff.io,None,None,None,None,global,True
12302733,All exchanges,com.sh.mini.kitchen.set.fever.restaurants.chef.cooking.games,all,2026-05-29,,internal,traffic-quality,Fraudulent apps identified via adhoc analysis: https://docs.google.com/document/d/1-lQ0h3WdTkYkWIO027QYvBxUVF2yRJrMh6-rKZaWeog,No,plaw@liftoff.io,None,None,None,None,global,True
12302741,All exchanges,com.v4andro.videocall.videochat.livevideocall,all,2026-05-29,,internal,traffic-quality,"Non-performant apps tied to suspicious Bigo seller IDs
https://docs.google.com/spreadsheets/d/1hy0o3hLjgKEPRYm8tAQA1X8gUphfhikgS3Wb3sd6eJE/edit?gid=63260040#gid=63260040",No,plaw@liftoff.io,None,None,None,None,global,True
12302733,All exchanges,6444054235,all,2026-05-29,,internal,traffic-quality,Fraudulent apps identified via adhoc analysis: https://docs.google.com/document/d/1-lQ0h3WdTkYkWIO027QYvBxUVF2yRJrMh6-rKZaWeog,No,plaw@liftoff.io,None,None,None,None,global,True
12302733,All exchanges,com.devgame.cats.sea.adventure.kids.treasure.hunt.quest,all,2026-05-29,,internal,traffic-quality,Fraudulent apps identified via adhoc analysis: https://docs.google.com/document/d/1-lQ0h3WdTkYkWIO027QYvBxUVF2yRJrMh6-rKZaWeog,No,plaw@liftoff.io,None,None,None,None,global,True
12302741,All exchanges,1669210469,all,2026-05-29,,internal,traffic-quality,"Non-performant apps tied to suspicious Bigo seller IDs
https://docs.google.com/spreadsheets/d/1hy0o3hLjgKEPRYm8tAQA1X8gUphfhikgS3Wb3sd6eJE/edit?gid=63260040#gid=63260040",No,plaw@liftoff.io,None,None,None,None,global,True
12302741,All exchanges,com.qrgeneratorscanner.meteorainapp,all,2026-05-29,,internal,traffic-quality,"Non-performant apps tied to suspicious Bigo seller IDs
https://docs.google.com/spreadsheets/d/1hy0o3hLjgKEPRYm8tAQA1X8gUphfhikgS3Wb3sd6eJE/edit?gid=63260040#gid=63260040",No,plaw@liftoff.io,None,None,None,None,global,True
12302733,All exchanges,848091833,all,2026-05-29,,internal,traffic-quality,Fraudulent apps identified via adhoc analysis: https://docs.google.com/document/d/1-lQ0h3WdTkYkWIO027QYvBxUVF2yRJrMh6-rKZaWeog,No,plaw@liftoff.io,None,None,None,None,global,True
12302733,All exchanges,com.RedTower.AFourRoulette,all,2026-05-29,,internal,traffic-quality,Fraudulent apps identified via adhoc analysis: https://docs.google.com/document/d/1-lQ0h3WdTkYkWIO027QYvBxUVF2yRJrMh6-rKZaWeog,No,plaw@liftoff.io,None,None,None,None,global,True
12302733,All exchanges,com.alterum.songs.player,all,2026-05-29,,internal,traffic-quality,Fraudulent apps identified via adhoc analysis: https://docs.google.com/document/d/1-lQ0h3WdTkYkWIO027QYvBxUVF2yRJrMh6-rKZaWeog,No,plaw@liftoff.io,None,None,None,None,global,True
12302733,All exchanges,and.lhhpub.mahjongmatch,all,2026-05-29,,internal,traffic-quality,Fraudulent apps identified via adhoc analysis: https://docs.google.com/document/d/1-lQ0h3WdTkYkWIO027QYvBxUVF2yRJrMh6-rKZaWeog,No,plaw@liftoff.io,None,None,None,None,global,True
12302741,All exchanges,wow.wordsofwonders.wordconnect.wordscapes,all,2026-05-29,,internal,traffic-quality,"Non-performant apps tied to suspicious Bigo seller IDs
https://docs.google.com/spreadsheets/d/1hy0o3hLjgKEPRYm8tAQA1X8gUphfhikgS3Wb3sd6eJE/edit?gid=63260040#gid=63260040",No,plaw@liftoff.io,None,None,None,None,global,True
12302741,All exchanges,com.eg.antarctica88,all,2026-05-29,,internal,traffic-quality,"Non-performant apps tied to suspicious Bigo seller IDs
https://docs.google.com/spreadsheets/d/1hy0o3hLjgKEPRYm8tAQA1X8gUphfhikgS3Wb3sd6eJE/edit?gid=63260040#gid=63260040",No,plaw@liftoff.io,None,None,None,None,global,True
12302733,All exchanges,ai.antitheftalarm.donttouchmyphone.iantitheft.whotouchmyphone,all,2026-05-29,,internal,traffic-quality,Fraudulent apps identified via adhoc analysis: https://docs.google.com/document/d/1-lQ0h3WdTkYkWIO027QYvBxUVF2yRJrMh6-rKZaWeog,No,plaw@liftoff.io,None,None,None,None,global,True
12302741,All exchanges,1627929775,all,2026-05-29,,internal,traffic-quality,"Non-performant apps tied to suspicious Bigo seller IDs
https://docs.google.com/spreadsheets/d/1hy0o3hLjgKEPRYm8tAQA1X8gUphfhikgS3Wb3sd6eJE/edit?gid=63260040#gid=63260040",No,plaw@liftoff.io,None,None,None,None,global,True
12302733,All exchanges,triplematch.shelf.offline.driftsand,all,2026-05-29,,internal,traffic-quality,Fraudulent apps identified via adhoc analysis: https://docs.google.com/document/d/1-lQ0h3WdTkYkWIO027QYvBxUVF2yRJrMh6-rKZaWeog,No,plaw@liftoff.io,None,None,None,None,global,True
12302741,All exchanges,6469697137,all,2026-05-29,,internal,traffic-quality,"Non-performant apps tied to suspicious Bigo seller IDs
https://docs.google.com/spreadsheets/d/1hy0o3hLjgKEPRYm8tAQA1X8gUphfhikgS3Wb3sd6eJE/edit?gid=63260040#gid=63260040",No,plaw@liftoff.io,None,None,None,None,global,True
12302733,All exchanges,com.v4andro.videocall.videochat.livevideocall,all,2026-05-29,,internal,traffic-quality,Fraudulent apps identified via adhoc analysis: https://docs.google.com/document/d/1-lQ0h3WdTkYkWIO027QYvBxUVF2yRJrMh6-rKZaWeog,No,plaw@liftoff.io,None,None,None,None,global,True
12302741,All exchanges,1509042572,all,2026-05-29,,internal,traffic-quality,"Non-performant apps tied to suspicious Bigo seller IDs
https://docs.google.com/spreadsheets/d/1hy0o3hLjgKEPRYm8tAQA1X8gUphfhikgS3Wb3sd6eJE/edit?gid=63260040#gid=63260040",No,plaw@liftoff.io,None,None,None,None,global,True
12302733,All exchanges,1483885448,all,2026-05-29,,internal,traffic-quality,Fraudulent apps identified via adhoc analysis: https://docs.google.com/document/d/1-lQ0h3WdTkYkWIO027QYvBxUVF2yRJrMh6-rKZaWeog,No,plaw@liftoff.io,None,None,None,None,global,True
12302733,All exchanges,endless.nightmare.weird.hospital.horror.scary.free.android,all,2026-05-29,,internal,traffic-quality,Fraudulent apps identified via adhoc analysis: https://docs.google.com/document/d/1-lQ0h3WdTkYkWIO027QYvBxUVF2yRJrMh6-rKZaWeog,No,plaw@liftoff.io,None,None,None,None,global,True
12302733,All exchanges,com.seikami.lumber.go,all,2026-05-29,,internal,traffic-quality,Fraudulent apps identified via adhoc analysis: https://docs.google.com/document/d/1-lQ0h3WdTkYkWIO027QYvBxUVF2yRJrMh6-rKZaWeog,No,plaw@liftoff.io,None,None,None,None,global,True
12302733,All exchanges,6741832964,all,2026-05-29,,internal,traffic-quality,Fraudulent apps identified via adhoc analysis: https://docs.google.com/document/d/1-lQ0h3WdTkYkWIO027QYvBxUVF2yRJrMh6-rKZaWeog,No,plaw@liftoff.io,None,None,None,None,global,True
12302733,All exchanges,6747665354,all,2026-05-29,,internal,traffic-quality,Fraudulent apps identified via adhoc analysis: https://docs.google.com/document/d/1-lQ0h3WdTkYkWIO027QYvBxUVF2yRJrMh6-rKZaWeog,No,plaw@liftoff.io,None,None,None,None,global,True
12302733,All exchanges,com.sg.doctor.surgeon.makeover.games,all,2026-05-29,,internal,traffic-quality,Fraudulent apps identified via adhoc analysis: https://docs.google.com/document/d/1-lQ0h3WdTkYkWIO027QYvBxUVF2yRJrMh6-rKZaWeog,No,plaw@liftoff.io,None,None,None,None,global,True
12302741,All exchanges,1619069201,all,2026-05-29,,internal,traffic-quality,"Non-performant apps tied to suspicious Bigo seller IDs
https://docs.google.com/spreadsheets/d/1hy0o3hLjgKEPRYm8tAQA1X8gUphfhikgS3Wb3sd6eJE/edit?gid=63260040#gid=63260040",No,plaw@liftoff.io,None,None,None,None,global,True
12302733,All exchanges,1450264153,all,2026-05-29,,internal,traffic-quality,Fraudulent apps identified via adhoc analysis: https://docs.google.com/document/d/1-lQ0h3WdTkYkWIO027QYvBxUVF2yRJrMh6-rKZaWeog,No,plaw@liftoff.io,None,None,None,None,global,True
12302733,All exchanges,6473073392,all,2026-05-29,,internal,traffic-quality,Fraudulent apps identified via adhoc analysis: https://docs.google.com/document/d/1-lQ0h3WdTkYkWIO027QYvBxUVF2yRJrMh6-rKZaWeog,No,plaw@liftoff.io,None,None,None,None,global,True
12302733,All exchanges,com.bubbleshooter.bubblepopshatter,all,2026-05-29,,internal,traffic-quality,Fraudulent apps identified via adhoc analysis: https://docs.google.com/document/d/1-lQ0h3WdTkYkWIO027QYvBxUVF2yRJrMh6-rKZaWeog,No,plaw@liftoff.io,None,None,None,None,global,True
12302733,All exchanges,486363584,all,2026-05-29,,internal,traffic-quality,Fraudulent apps identified via adhoc analysis: https://docs.google.com/document/d/1-lQ0h3WdTkYkWIO027QYvBxUVF2yRJrMh6-rKZaWeog,No,plaw@liftoff.io,None,None,None,None,global,True
12302733,All exchanges,co.transparentwallpaper.livewallpaper.wallpaperfree,all,2026-05-29,,internal,traffic-quality,Fraudulent apps identified via adhoc analysis: https://docs.google.com/document/d/1-lQ0h3WdTkYkWIO027QYvBxUVF2yRJrMh6-rKZaWeog,No,plaw@liftoff.io,None,None,None,None,global,True
12302733,All exchanges,com.shape.change,all,2026-05-29,,internal,traffic-quality,Fraudulent apps identified via adhoc analysis: https://docs.google.com/document/d/1-lQ0h3WdTkYkWIO027QYvBxUVF2yRJrMh6-rKZaWeog,No,plaw@liftoff.io,None,None,None,None,global,True
12302733,All exchanges,1641638840,all,2026-05-29,,internal,traffic-quality,Fraudulent apps identified via adhoc analysis: https://docs.google.com/document/d/1-lQ0h3WdTkYkWIO027QYvBxUVF2yRJrMh6-rKZaWeog,No,plaw@liftoff.io,None,None,None,None,global,True
12302733,All exchanges,com.VGood.TinyLumberMill,all,2026-05-29,,internal,traffic-quality,Fraudulent apps identified via adhoc analysis: https://docs.google.com/document/d/1-lQ0h3WdTkYkWIO027QYvBxUVF2yRJrMh6-rKZaWeog,No,plaw@liftoff.io,None,None,None,None,global,True
12302733,All exchanges,1669210469,all,2026-05-29,,internal,traffic-quality,Fraudulent apps identified via adhoc analysis: https://docs.google.com/document/d/1-lQ0h3WdTkYkWIO027QYvBxUVF2yRJrMh6-rKZaWeog,No,plaw@liftoff.io,None,None,None,None,global,True
12302733,All exchanges,1639538320,all,2026-05-29,,internal,traffic-quality,Fraudulent apps identified via adhoc analysis: https://docs.google.com/document/d/1-lQ0h3WdTkYkWIO027QYvBxUVF2yRJrMh6-rKZaWeog,No,plaw@liftoff.io,None,None,None,None,global,True
12302741,All exchanges,6740805923,all,2026-05-29,,internal,traffic-quality,"Non-performant apps tied to suspicious Bigo seller IDs
https://docs.google.com/spreadsheets/d/1hy0o3hLjgKEPRYm8tAQA1X8gUphfhikgS3Wb3sd6eJE/edit?gid=63260040#gid=63260040",No,plaw@liftoff.io,None,None,None,None,global,True
12302741,All exchanges,6746245722,all,2026-05-29,,internal,traffic-quality,"Non-performant apps tied to suspicious Bigo seller IDs
https://docs.google.com/spreadsheets/d/1hy0o3hLjgKEPRYm8tAQA1X8gUphfhikgS3Wb3sd6eJE/edit?gid=63260040#gid=63260040",No,plaw@liftoff.io,None,None,None,None,global,True
12302741,All exchanges,it.spaghettiinteractive.tressettepiu,all,2026-05-29,,internal,traffic-quality,"Non-performant apps tied to suspicious Bigo seller IDs
https://docs.google.com/spreadsheets/d/1hy0o3hLjgKEPRYm8tAQA1X8gUphfhikgS3Wb3sd6eJE/edit?gid=63260040#gid=63260040",No,plaw@liftoff.io,None,None,None,None,global,True
12302741,All exchanges,com.pantherwalkietalkie.pushttotalkapp,all,2026-05-29,,internal,traffic-quality,"Non-performant apps tied to suspicious Bigo seller IDs
https://docs.google.com/spreadsheets/d/1hy0o3hLjgKEPRYm8tAQA1X8gUphfhikgS3Wb3sd6eJE/edit?gid=63260040#gid=63260040",No,plaw@liftoff.io,None,None,None,None,global,True
12302741,All exchanges,net.elvista.hearts,all,2026-05-29,,internal,traffic-quality,"Non-performant apps tied to suspicious Bigo seller IDs
https://docs.google.com/spreadsheets/d/1hy0o3hLjgKEPRYm8tAQA1X8gUphfhikgS3Wb3sd6eJE/edit?gid=63260040#gid=63260040",No,plaw@liftoff.io,None,None,None,None,global,True
12302733,All exchanges,1520136416,all,2026-05-29,,internal,traffic-quality,Fraudulent apps identified via adhoc analysis: https://docs.google.com/document/d/1-lQ0h3WdTkYkWIO027QYvBxUVF2yRJrMh6-rKZaWeog,No,plaw@liftoff.io,None,None,None,None,global,True
12302733,All exchanges,1565310917,all,2026-05-29,,internal,traffic-quality,Fraudulent apps identified via adhoc analysis: https://docs.google.com/document/d/1-lQ0h3WdTkYkWIO027QYvBxUVF2yRJrMh6-rKZaWeog,No,plaw@liftoff.io,None,None,None,None,global,True
12302733,All exchanges,6451196310,all,2026-05-29,,internal,traffic-quality,Fraudulent apps identified via adhoc analysis: https://docs.google.com/document/d/1-lQ0h3WdTkYkWIO027QYvBxUVF2yRJrMh6-rKZaWeog,No,plaw@liftoff.io,None,None,None,None,global,True
12302733,All exchanges,6752590225,all,2026-05-29,,internal,traffic-quality,Fraudulent apps identified via adhoc analysis: https://docs.google.com/document/d/1-lQ0h3WdTkYkWIO027QYvBxUVF2yRJrMh6-rKZaWeog,No,plaw@liftoff.io,None,None,None,None,global,True
12302741,All exchanges,by.RTSR.a4robbery,all,2026-05-29,,internal,traffic-quality,"Non-performant apps tied to suspicious Bigo seller IDs
https://docs.google.com/spreadsheets/d/1hy0o3hLjgKEPRYm8tAQA1X8gUphfhikgS3Wb3sd6eJE/edit?gid=63260040#gid=63260040",No,plaw@liftoff.io,None,None,None,None,global,True
12302733,All exchanges,company.reelrush.and,all,2026-05-29,,internal,traffic-quality,Fraudulent apps identified via adhoc analysis: https://docs.google.com/document/d/1-lQ0h3WdTkYkWIO027QYvBxUVF2yRJrMh6-rKZaWeog,No,plaw@liftoff.io,None,None,None,None,global,True
12302733,All exchanges,com.deletemaster3.brain.puzzle,all,2026-05-29,,internal,traffic-quality,Fraudulent apps identified via adhoc analysis: https://docs.google.com/document/d/1-lQ0h3WdTkYkWIO027QYvBxUVF2yRJrMh6-rKZaWeog,No,plaw@liftoff.io,None,None,None,None,global,True
12302741,All exchanges,doubleagames.sproonky.bodycolorswap,all,2026-05-29,,internal,traffic-quality,"Non-performant apps tied to suspicious Bigo seller IDs
https://docs.google.com/spreadsheets/d/1hy0o3hLjgKEPRYm8tAQA1X8gUphfhikgS3Wb3sd6eJE/edit?gid=63260040#gid=63260040",No,plaw@liftoff.io,None,None,None,None,global,True
12302741,All exchanges,sand.box,all,2026-05-29,,internal,traffic-quality,"Non-performant apps tied to suspicious Bigo seller IDs
https://docs.google.com/spreadsheets/d/1hy0o3hLjgKEPRYm8tAQA1X8gUphfhikgS3Wb3sd6eJE/edit?gid=63260040#gid=63260040",No,plaw@liftoff.io,None,None,None,None,global,True
12302733,All exchanges,com.superbox.aos.blockpark,all,2026-05-29,,internal,traffic-quality,Fraudulent apps identified via adhoc analysis: https://docs.google.com/document/d/1-lQ0h3WdTkYkWIO027QYvBxUVF2yRJrMh6-rKZaWeog,No,plaw@liftoff.io,None,None,None,None,global,True
12302733,All exchanges,water.sort.puzzle.color.bottles,all,2026-05-29,,internal,traffic-quality,Fraudulent apps identified via adhoc analysis: https://docs.google.com/document/d/1-lQ0h3WdTkYkWIO027QYvBxUVF2yRJrMh6-rKZaWeog,No,plaw@liftoff.io,None,None,None,None,global,True
12302733,All exchanges,1498901771,all,2026-05-29,,internal,traffic-quality,Fraudulent apps identified via adhoc analysis: https://docs.google.com/document/d/1-lQ0h3WdTkYkWIO027QYvBxUVF2yRJrMh6-rKZaWeog,No,plaw@liftoff.io,None,None,None,None,global,True
12302733,All exchanges,com.Metrafilms.KidsECatsDiscovery,all,2026-05-29,,internal,traffic-quality,Fraudulent apps identified via adhoc analysis: https://docs.google.com/document/d/1-lQ0h3WdTkYkWIO027QYvBxUVF2yRJrMh6-rKZaWeog,No,plaw@liftoff.io,None,None,None,None,global,True
12302733,All exchanges,6458049689,all,2026-05-29,,internal,traffic-quality,Fraudulent apps identified via adhoc analysis: https://docs.google.com/document/d/1-lQ0h3WdTkYkWIO027QYvBxUVF2yRJrMh6-rKZaWeog,No,plaw@liftoff.io,None,None,None,None,global,True
12302733,All exchanges,com.bagofwar.game,all,2026-05-29,,internal,traffic-quality,Fraudulent apps identified via adhoc analysis: https://docs.google.com/document/d/1-lQ0h3WdTkYkWIO027QYvBxUVF2yRJrMh6-rKZaWeog,No,plaw@liftoff.io,None,None,None,None,global,True
12302741,All exchanges,com.naxeexllc.stickman.superhero,all,2026-05-29,,internal,traffic-quality,"Non-performant apps tied to suspicious Bigo seller IDs
https://docs.google.com/spreadsheets/d/1hy0o3hLjgKEPRYm8tAQA1X8gUphfhikgS3Wb3sd6eJE/edit?gid=63260040#gid=63260040",No,plaw@liftoff.io,None,None,None,None,global,True
12302733,All exchanges,6480512679,all,2026-05-29,,internal,traffic-quality,Fraudulent apps identified via adhoc analysis: https://docs.google.com/document/d/1-lQ0h3WdTkYkWIO027QYvBxUVF2yRJrMh6-rKZaWeog,No,plaw@liftoff.io,None,None,None,None,global,True
12302741,All exchanges,com.almondstudio.scanword,all,2026-05-29,,internal,traffic-quality,"Non-performant apps tied to suspicious Bigo seller IDs
https://docs.google.com/spreadsheets/d/1hy0o3hLjgKEPRYm8tAQA1X8gUphfhikgS3Wb3sd6eJE/edit?gid=63260040#gid=63260040",No,plaw@liftoff.io,None,None,None,None,global,True
12302733,All exchanges,com.appsinc.city.trash.truck.driving.games,all,2026-05-29,,internal,traffic-quality,Fraudulent apps identified via adhoc analysis: https://docs.google.com/document/d/1-lQ0h3WdTkYkWIO027QYvBxUVF2yRJrMh6-rKZaWeog,No,plaw@liftoff.io,None,None,None,None,global,True
12302733,All exchanges,1443525538,all,2026-05-29,,internal,traffic-quality,Fraudulent apps identified via adhoc analysis: https://docs.google.com/document/d/1-lQ0h3WdTkYkWIO027QYvBxUVF2yRJrMh6-rKZaWeog,No,plaw@liftoff.io,None,None,None,None,global,True
12302733,All exchanges,1454365869,all,2026-05-29,,internal,traffic-quality,Fraudulent apps identified via adhoc analysis: https://docs.google.com/document/d/1-lQ0h3WdTkYkWIO027QYvBxUVF2yRJrMh6-rKZaWeog,No,plaw@liftoff.io,None,None,None,None,global,True
12302733,All exchanges,6751274183,all,2026-05-29,,internal,traffic-quality,Fraudulent apps identified via adhoc analysis: https://docs.google.com/document/d/1-lQ0h3WdTkYkWIO027QYvBxUVF2yRJrMh6-rKZaWeog,No,plaw@liftoff.io,None,None,None,None,global,True
12302733,All exchanges,421997825,all,2026-05-29,,internal,traffic-quality,Fraudulent apps identified via adhoc analysis: https://docs.google.com/document/d/1-lQ0h3WdTkYkWIO027QYvBxUVF2yRJrMh6-rKZaWeog,No,plaw@liftoff.io,None,None,None,None,global,True
12302733,All exchanges,com.moneymoa.dollarcash,all,2026-05-29,,internal,traffic-quality,Fraudulent apps identified via adhoc analysis: https://docs.google.com/document/d/1-lQ0h3WdTkYkWIO027QYvBxUVF2yRJrMh6-rKZaWeog,No,plaw@liftoff.io,None,None,None,None,global,True
12302741,All exchanges,it.spaghettiinteractive.burracopiu,all,2026-05-29,,internal,traffic-quality,"Non-performant apps tied to suspicious Bigo seller IDs
https://docs.google.com/spreadsheets/d/1hy0o3hLjgKEPRYm8tAQA1X8gUphfhikgS3Wb3sd6eJE/edit?gid=63260040#gid=63260040",No,plaw@liftoff.io,None,None,None,None,global,True
12302733,All exchanges,6739518505,all,2026-05-29,,internal,traffic-quality,Fraudulent apps identified via adhoc analysis: https://docs.google.com/document/d/1-lQ0h3WdTkYkWIO027QYvBxUVF2yRJrMh6-rKZaWeog,No,plaw@liftoff.io,None,None,None,None,global,True
12302741,All exchanges,com.trophygames.energymanager,all,2026-05-29,,internal,traffic-quality,"Non-performant apps tied to suspicious Bigo seller IDs
https://docs.google.com/spreadsheets/d/1hy0o3hLjgKEPRYm8tAQA1X8gUphfhikgS3Wb3sd6eJE/edit?gid=63260040#gid=63260040",No,plaw@liftoff.io,None,None,None,None,global,True
12302733,All exchanges,1518975917,all,2026-05-29,,internal,traffic-quality,Fraudulent apps identified via adhoc analysis: https://docs.google.com/document/d/1-lQ0h3WdTkYkWIO027QYvBxUVF2yRJrMh6-rKZaWeog,No,plaw@liftoff.io,None,None,None,None,global,True
12302733,All exchanges,1606672722,all,2026-05-29,,internal,traffic-quality,Fraudulent apps identified via adhoc analysis: https://docs.google.com/document/d/1-lQ0h3WdTkYkWIO027QYvBxUVF2yRJrMh6-rKZaWeog,No,plaw@liftoff.io,None,None,None,None,global,True
12302733,All exchanges,1643490400,all,2026-05-29,,internal,traffic-quality,Fraudulent apps identified via adhoc analysis: https://docs.google.com/document/d/1-lQ0h3WdTkYkWIO027QYvBxUVF2yRJrMh6-rKZaWeog,No,plaw@liftoff.io,None,None,None,None,global,True
12302733,All exchanges,392936881,all,2026-05-29,,internal,traffic-quality,Fraudulent apps identified via adhoc analysis: https://docs.google.com/document/d/1-lQ0h3WdTkYkWIO027QYvBxUVF2yRJrMh6-rKZaWeog,No,plaw@liftoff.io,None,None,None,None,global,True
12302733,All exchanges,by.RTSR.a4robbery,all,2026-05-29,,internal,traffic-quality,Fraudulent apps identified via adhoc analysis: https://docs.google.com/document/d/1-lQ0h3WdTkYkWIO027QYvBxUVF2yRJrMh6-rKZaWeog,No,plaw@liftoff.io,None,None,None,None,global,True
12302733,All exchanges,1608019937,all,2026-05-29,,internal,traffic-quality,Fraudulent apps identified via adhoc analysis: https://docs.google.com/document/d/1-lQ0h3WdTkYkWIO027QYvBxUVF2yRJrMh6-rKZaWeog,No,plaw@liftoff.io,None,None,None,None,global,True
12302733,All exchanges,com.onyxhook.pointjigsaw,all,2026-05-29,,internal,traffic-quality,Fraudulent apps identified via adhoc analysis: https://docs.google.com/document/d/1-lQ0h3WdTkYkWIO027QYvBxUVF2yRJrMh6-rKZaWeog,No,plaw@liftoff.io,None,None,None,None,global,True
12302733,All exchanges,com.gameone.candycruiseswap.free,all,2026-05-29,,internal,traffic-quality,Fraudulent apps identified via adhoc analysis: https://docs.google.com/document/d/1-lQ0h3WdTkYkWIO027QYvBxUVF2yRJrMh6-rKZaWeog,No,plaw@liftoff.io,None,None,None,None,global,True
12302741,All exchanges,tepteev.ihar.biblia_ave_maria.AOUNVFLAKOECSYLY,all,2026-05-29,,internal,traffic-quality,"Non-performant apps tied to suspicious Bigo seller IDs
https://docs.google.com/spreadsheets/d/1hy0o3hLjgKEPRYm8tAQA1X8gUphfhikgS3Wb3sd6eJE/edit?gid=63260040#gid=63260040",No,plaw@liftoff.io,None,None,None,None,global,True
12302741,All exchanges,com.solitaire.klondike.smart,all,2026-05-29,,internal,traffic-quality,"Non-performant apps tied to suspicious Bigo seller IDs
https://docs.google.com/spreadsheets/d/1hy0o3hLjgKEPRYm8tAQA1X8gUphfhikgS3Wb3sd6eJE/edit?gid=63260040#gid=63260040",No,plaw@liftoff.io,None,None,None,None,global,True
12302741,All exchanges,1608019937,all,2026-05-29,,internal,traffic-quality,"Non-performant apps tied to suspicious Bigo seller IDs
https://docs.google.com/spreadsheets/d/1hy0o3hLjgKEPRYm8tAQA1X8gUphfhikgS3Wb3sd6eJE/edit?gid=63260040#gid=63260040",No,plaw@liftoff.io,None,None,None,None,global,True
12302733,All exchanges,1637573688,all,2026-05-29,,internal,traffic-quality,Fraudulent apps identified via adhoc analysis: https://docs.google.com/document/d/1-lQ0h3WdTkYkWIO027QYvBxUVF2yRJrMh6-rKZaWeog,No,plaw@liftoff.io,None,None,None,None,global,True
12302741,All exchanges,com.hg.takashi.ninjagames,all,2026-05-29,,internal,traffic-quality,"Non-performant apps tied to suspicious Bigo seller IDs
https://docs.google.com/spreadsheets/d/1hy0o3hLjgKEPRYm8tAQA1X8gUphfhikgS3Wb3sd6eJE/edit?gid=63260040#gid=63260040",No,plaw@liftoff.io,None,None,None,None,global,True
12302733,All exchanges,1665166199,all,2026-05-29,,internal,traffic-quality,Fraudulent apps identified via adhoc analysis: https://docs.google.com/document/d/1-lQ0h3WdTkYkWIO027QYvBxUVF2yRJrMh6-rKZaWeog,No,plaw@liftoff.io,None,None,None,None,global,True
12302733,All exchanges,com.rayole.games.stack.blocks,all,2026-05-29,,internal,traffic-quality,Fraudulent apps identified via adhoc analysis: https://docs.google.com/document/d/1-lQ0h3WdTkYkWIO027QYvBxUVF2yRJrMh6-rKZaWeog,No,plaw@liftoff.io,None,None,None,None,global,True
12302733,All exchanges,com.sg.free.prado.car.parking.games,all,2026-05-29,,internal,traffic-quality,Fraudulent apps identified via adhoc analysis: https://docs.google.com/document/d/1-lQ0h3WdTkYkWIO027QYvBxUVF2yRJrMh6-rKZaWeog,No,plaw@liftoff.io,None,None,None,None,global,True
12302733,All exchanges,com.mm.wallpaper,all,2026-05-29,,internal,traffic-quality,Fraudulent apps identified via adhoc analysis: https://docs.google.com/document/d/1-lQ0h3WdTkYkWIO027QYvBxUVF2yRJrMh6-rKZaWeog,No,plaw@liftoff.io,None,None,None,None,global,True
12302733,All exchanges,com.jr.cdxs.stories,all,2026-05-29,,internal,traffic-quality,Fraudulent apps identified via adhoc analysis: https://docs.google.com/document/d/1-lQ0h3WdTkYkWIO027QYvBxUVF2yRJrMh6-rKZaWeog,No,plaw@liftoff.io,None,None,None,None,global,True
12302733,All exchanges,free.video.downloader.freevideodownloader2021.video.saver.videosaverlite,all,2026-05-29,,internal,traffic-quality,Fraudulent apps identified via adhoc analysis: https://docs.google.com/document/d/1-lQ0h3WdTkYkWIO027QYvBxUVF2yRJrMh6-rKZaWeog,No,plaw@liftoff.io,None,None,None,None,global,True
12302733,All exchanges,com.futureswitch.vaultsofcleo,all,2026-05-29,,internal,traffic-quality,Fraudulent apps identified via adhoc analysis: https://docs.google.com/document/d/1-lQ0h3WdTkYkWIO027QYvBxUVF2yRJrMh6-rKZaWeog,No,plaw@liftoff.io,None,None,None,None,global,True
12302733,All exchanges,com.grow.poifarm,all,2026-05-29,,internal,traffic-quality,Fraudulent apps identified via adhoc analysis: https://docs.google.com/document/d/1-lQ0h3WdTkYkWIO027QYvBxUVF2yRJrMh6-rKZaWeog,No,plaw@liftoff.io,None,None,None,None,global,True
12302733,All exchanges,com.carstream.for.android.app,all,2026-05-29,,internal,traffic-quality,Fraudulent apps identified via adhoc analysis: https://docs.google.com/document/d/1-lQ0h3WdTkYkWIO027QYvBxUVF2yRJrMh6-rKZaWeog,No,plaw@liftoff.io,None,None,None,None,global,True
12302741,All exchanges,com.valeryinc.WishImpact,all,2026-05-29,,internal,traffic-quality,"Non-performant apps tied to suspicious Bigo seller IDs
https://docs.google.com/spreadsheets/d/1hy0o3hLjgKEPRYm8tAQA1X8gUphfhikgS3Wb3sd6eJE/edit?gid=63260040#gid=63260040",No,plaw@liftoff.io,None,None,None,None,global,True
12302733,All exchanges,com.calendar.agendaplanner.eventschedule,all,2026-05-29,,internal,traffic-quality,Fraudulent apps identified via adhoc analysis: https://docs.google.com/document/d/1-lQ0h3WdTkYkWIO027QYvBxUVF2yRJrMh6-rKZaWeog,No,plaw@liftoff.io,None,None,None,None,global,True
12302733,All exchanges,1294957719,all,2026-05-29,,internal,traffic-quality,Fraudulent apps identified via adhoc analysis: https://docs.google.com/document/d/1-lQ0h3WdTkYkWIO027QYvBxUVF2yRJrMh6-rKZaWeog,No,plaw@liftoff.io,None,None,None,None,global,True
12302741,All exchanges,com.CDMApps.BitcoinCloudMining,all,2026-05-29,,internal,traffic-quality,"Non-performant apps tied to suspicious Bigo seller IDs
https://docs.google.com/spreadsheets/d/1hy0o3hLjgKEPRYm8tAQA1X8gUphfhikgS3Wb3sd6eJE/edit?gid=63260040#gid=63260040",No,plaw@liftoff.io,None,None,None,None,global,True
12302741,All exchanges,com.avegagames.magic.craft.survival,all,2026-05-29,,internal,traffic-quality,"Non-performant apps tied to suspicious Bigo seller IDs
https://docs.google.com/spreadsheets/d/1hy0o3hLjgKEPRYm8tAQA1X8gUphfhikgS3Wb3sd6eJE/edit?gid=63260040#gid=63260040",No,plaw@liftoff.io,None,None,None,None,global,True
12302733,All exchanges,com.match.cheftreat.android,all,2026-05-29,,internal,traffic-quality,Fraudulent apps identified via adhoc analysis: https://docs.google.com/document/d/1-lQ0h3WdTkYkWIO027QYvBxUVF2yRJrMh6-rKZaWeog,No,plaw@liftoff.io,None,None,None,None,global,True
12302733,All exchanges,ru.projectfirst.leo.runner,all,2026-05-29,,internal,traffic-quality,Fraudulent apps identified via adhoc analysis: https://docs.google.com/document/d/1-lQ0h3WdTkYkWIO027QYvBxUVF2yRJrMh6-rKZaWeog,No,plaw@liftoff.io,None,None,None,None,global,True
12302733,All exchanges,1266569652,all,2026-05-29,,internal,traffic-quality,Fraudulent apps identified via adhoc analysis: https://docs.google.com/document/d/1-lQ0h3WdTkYkWIO027QYvBxUVF2yRJrMh6-rKZaWeog,No,plaw@liftoff.io,None,None,None,None,global,True
12302733,All exchanges,com.uGames.Numbers,all,2026-05-29,,internal,traffic-quality,Fraudulent apps identified via adhoc analysis: https://docs.google.com/document/d/1-lQ0h3WdTkYkWIO027QYvBxUVF2yRJrMh6-rKZaWeog,No,plaw@liftoff.io,None,None,None,None,global,True
12302733,All exchanges,com.meteor.downloader.videodownloader,all,2026-05-29,,internal,traffic-quality,Fraudulent apps identified via adhoc analysis: https://docs.google.com/document/d/1-lQ0h3WdTkYkWIO027QYvBxUVF2yRJrMh6-rKZaWeog,No,plaw@liftoff.io,None,None,None,None,global,True
12302733,All exchanges,com.mm.cryptopulse,all,2026-05-29,,internal,traffic-quality,Fraudulent apps identified via adhoc analysis: https://docs.google.com/document/d/1-lQ0h3WdTkYkWIO027QYvBxUVF2yRJrMh6-rKZaWeog,No,plaw@liftoff.io,None,None,None,None,global,True
12302741,All exchanges,melon.smash,all,2026-05-29,,internal,traffic-quality,"Non-performant apps tied to suspicious Bigo seller IDs
https://docs.google.com/spreadsheets/d/1hy0o3hLjgKEPRYm8tAQA1X8gUphfhikgS3Wb3sd6eJE/edit?gid=63260040#gid=63260040",No,plaw@liftoff.io,None,None,None,None,global,True
12302733,All exchanges,6480453647,all,2026-05-29,,internal,traffic-quality,Fraudulent apps identified via adhoc analysis: https://docs.google.com/document/d/1-lQ0h3WdTkYkWIO027QYvBxUVF2yRJrMh6-rKZaWeog,No,plaw@liftoff.io,None,None,None,None,global,True
12302733,All exchanges,com.de.colore,all,2026-05-29,,internal,traffic-quality,Fraudulent apps identified via adhoc analysis: https://docs.google.com/document/d/1-lQ0h3WdTkYkWIO027QYvBxUVF2yRJrMh6-rKZaWeog,No,plaw@liftoff.io,None,None,None,None,global,True
12302733,All exchanges,6749048485,all,2026-05-29,,internal,traffic-quality,Fraudulent apps identified via adhoc analysis: https://docs.google.com/document/d/1-lQ0h3WdTkYkWIO027QYvBxUVF2yRJrMh6-rKZaWeog,No,plaw@liftoff.io,None,None,None,None,global,True
12302733,All exchanges,com.psv.cats.happy_birthday,all,2026-05-29,,internal,traffic-quality,Fraudulent apps identified via adhoc analysis: https://docs.google.com/document/d/1-lQ0h3WdTkYkWIO027QYvBxUVF2yRJrMh6-rKZaWeog,No,plaw@liftoff.io,None,None,None,None,global,True
12302733,All exchanges,com.mad.wallotaku,all,2026-05-29,,internal,traffic-quality,Fraudulent apps identified via adhoc analysis: https://docs.google.com/document/d/1-lQ0h3WdTkYkWIO027QYvBxUVF2yRJrMh6-rKZaWeog,No,plaw@liftoff.io,None,None,None,None,global,True
12302733,All exchanges,com.cosmicvendHub.cashgame,all,2026-05-29,,internal,traffic-quality,Fraudulent apps identified via adhoc analysis: https://docs.google.com/document/d/1-lQ0h3WdTkYkWIO027QYvBxUVF2yRJrMh6-rKZaWeog,No,plaw@liftoff.io,None,None,None,None,global,True
12302733,All exchanges,com.sh.fidget.toys.mini.relaxing.antistress.games,all,2026-05-29,,internal,traffic-quality,Fraudulent apps identified via adhoc analysis: https://docs.google.com/document/d/1-lQ0h3WdTkYkWIO027QYvBxUVF2yRJrMh6-rKZaWeog,No,plaw@liftoff.io,None,None,None,None,global,True
12302741,All exchanges,king.james.bible.study,all,2026-05-29,,internal,traffic-quality,"Non-performant apps tied to suspicious Bigo seller IDs
https://docs.google.com/spreadsheets/d/1hy0o3hLjgKEPRYm8tAQA1X8gUphfhikgS3Wb3sd6eJE/edit?gid=63260040#gid=63260040",No,plaw@liftoff.io,None,None,None,None,global,True
12302741,All exchanges,intechsolutions.photoenhancer,all,2026-05-29,,internal,traffic-quality,"Non-performant apps tied to suspicious Bigo seller IDs
https://docs.google.com/spreadsheets/d/1hy0o3hLjgKEPRYm8tAQA1X8gUphfhikgS3Wb3sd6eJE/edit?gid=63260040#gid=63260040",No,plaw@liftoff.io,None,None,None,None,global,True
12302741,All exchanges,com.battle_fighting.cartoon_arena,all,2026-05-29,,internal,traffic-quality,"Non-performant apps tied to suspicious Bigo seller IDs
https://docs.google.com/spreadsheets/d/1hy0o3hLjgKEPRYm8tAQA1X8gUphfhikgS3Wb3sd6eJE/edit?gid=63260040#gid=63260040",No,plaw@liftoff.io,None,None,None,None,global,True
12361403,All exchanges,6771365976,all,2026-06-04,2026-07-04,internal,traffic-quality,View Master Click Signals ABL,Yes,-,None,None,None,None,global,False
12366381,All exchanges,com.ferrancatalan.countdowngames,all,2026-06-04,2026-07-04,internal,traffic-quality,High new device and cellular mismatch rate ABL,Yes,-,None,None,None,None,global,False
12380201,All exchanges,1449158911,all,2026-06-05,2026-07-05,internal,traffic-quality,View Master Click Signals ABL,Yes,-,None,None,None,None,global,False
12380212,All exchanges,6772119383,all,2026-06-05,2026-07-05,internal,traffic-quality,View Master Click Signals ABL,Yes,-,None,None,None,None,global,False
12402326,All exchanges,6473182890,all,2026-06-06,2026-07-06,internal,traffic-quality,High new device and cellular mismatch rate ABL,Yes,-,None,None,None,None,global,False
12402325,All exchanges,1671444629,all,2026-06-06,2026-07-06,internal,traffic-quality,High new device and cellular mismatch rate ABL,Yes,-,None,None,None,None,global,False
12397706,All exchanges,com.hpcpj.trasheater,all,2026-06-06,2026-07-06,internal,traffic-quality,View Master Click Signals ABL,Yes,-,None,None,None,None,global,False
12412623,All exchanges,com.nmj.readbook,all,2026-06-08,2026-07-08,internal,traffic-quality,View Master Click Signals ABL,Yes,-,None,None,None,None,global,False
12417464,All exchanges,com.playcus.groovemasters,all,2026-06-09,2026-07-09,internal,traffic-quality,View Master Click Signals ABL,Yes,-,None,None,None,None,global,False
12426117,All exchanges,826333314,all,2026-06-09,2026-07-09,internal,traffic-quality,High new device and cellular mismatch rate ABL,Yes,-,None,None,None,None,global,False
12442203,All exchanges,com.dps.spider.hero.city.recue,all,2026-06-11,2026-07-11,internal,traffic-quality,View Master Click Signals ABL,Yes,-,None,None,None,None,global,False
12442208,All exchanges,6744582123,all,2026-06-11,2026-07-11,internal,traffic-quality,View Master Click Signals ABL,Yes,-,None,None,None,None,global,False
12461685,VUNGLE,1384364363,all,2026-06-12,2026-06-26,internal,traffic-quality,Spend gate source app <> exchange ABL,Yes,-,None,None,None,None,global,False
12454317,All exchanges,com.fm.brookhaven.rp.games,all,2026-06-12,2026-07-12,internal,traffic-quality,View Master Click Signals ABL,Yes,-,None,None,None,None,global,False
12454332,All exchanges,tap.puzzle3d.cube.away,all,2026-06-12,2026-07-12,internal,traffic-quality,View Master Click Signals ABL,Yes,-,None,None,None,None,global,False
12461692,VUNGLE,com.sundaytoz.kakao.poker.service,all,2026-06-12,2026-06-26,internal,traffic-quality,Spend gate source app <> exchange ABL,Yes,-,None,None,None,None,global,False
12454306,All exchanges,6768037042,all,2026-06-12,2026-07-12,internal,traffic-quality,View Master Click Signals ABL,Yes,-,None,None,None,None,global,False
12507633,VUNGLE,com.megalol.quotes,all,2026-06-13,2026-06-27,internal,traffic-quality,Spend gate source app <> exchange ABL hourly,Yes,-,None,None,None,None,global,False
12464013,All exchanges,com.car.last.rush.utngi.game,all,2026-06-13,2026-07-13,internal,traffic-quality,View Master Click Signals ABL,Yes,-,None,None,None,None,global,False
12462174,VUNGLE,6446099491,all,2026-06-13,2026-06-26,internal,traffic-quality,Spend gate source app <> exchange ABL hourly,Yes,-,None,None,None,None,global,False
12464008,All exchanges,com.gergedan.trapgame,all,2026-06-13,2026-07-13,internal,traffic-quality,View Master Click Signals ABL,Yes,-,None,None,None,None,global,False
12536462,VUNGLE,1476836651,all,2026-06-14,2026-06-28,internal,traffic-quality,Spend gate source app <> exchange ABL hourly,Yes,-,None,None,None,None,global,False
12533476,All exchanges,com.downloadervideo.ultra,all,2026-06-14,2026-07-14,internal,traffic-quality,View Master Click Signals ABL,Yes,-,None,None,None,None,global,False
12561407,VUNGLE,6754450264,all,2026-06-16,2026-06-30,internal,traffic-quality,Spend gate source app <> exchange ABL,Yes,-,None,None,None,None,global,False
12674087,All exchanges,com.saeta.location,all,2026-06-18,2026-07-18,internal,traffic-quality,View Master Click Signals ABL,Yes,-,None,None,None,None,global,False
12674071,All exchanges,6770506782,all,2026-06-18,2026-07-18,internal,traffic-quality,View Master Click Signals ABL,Yes,-,None,None,None,None,global,False
12674074,All exchanges,com.instumblr.videosaver.easy,all,2026-06-18,2026-07-18,internal,traffic-quality,View Master Click Signals ABL,Yes,-,None,None,None,None,global,False
12870870,VUNGLE,com.peerplay.megamerge,all,2026-06-19,2026-07-03,internal,traffic-quality,Spend gate source app <> exchange ABL hourly,Yes,-,None,None,None,None,global,False
12949411,VUNGLE,1020486515,all,2026-06-20,2026-07-04,internal,traffic-quality,Spend gate source app <> exchange ABL,Yes,-,None,None,None,None,global,False
13034651,All exchanges,mt.studywithflashcards.playtolearn.educationapp,all,2026-06-21,2026-07-21,internal,traffic-quality,View Master Click Signals ABL,Yes,-,None,None,None,None,global,False
13027255,VUNGLE,1564645413,all,2026-06-21,2026-07-05,internal,traffic-quality,Spend gate source app <> exchange ABL hourly,Yes,-,None,None,None,None,global,False
13037026,VUNGLE,1457846652,all,2026-06-21,2026-07-05,internal,traffic-quality,Spend gate source app <> exchange ABL hourly,Yes,-,None,None,None,None,global,False
13077960,All exchanges,com.gaming.mob.drifting.driving.pro,all,2026-06-22,2026-07-22,internal,traffic-quality,View Master Click Signals ABL,Yes,-,None,None,None,None,global,False
13080316,VUNGLE,6773994281,all,2026-06-22,2026-07-06,internal,traffic-quality,Spend gate source app <> exchange ABL,Yes,-,None,None,None,None,global,False
13059547,VUNGLE,6758211022,all,2026-06-22,2026-07-06,internal,traffic-quality,Spend gate source app <> exchange ABL hourly,Yes,-,None,None,None,None,global,False
13077991,All exchanges,com.fpg.skycar.race,all,2026-06-22,2026-07-22,internal,traffic-quality,View Master Click Signals ABL,Yes,-,None,None,None,None,global,False
13088471,All exchanges,com.ufotosoft.justshot,all,2026-06-23,2026-07-23,internal,traffic-quality,View Master Click Signals ABL,Yes,-,None,None,None,None,global,False
13140618,VUNGLE,6505145935,all,2026-06-24,2026-07-08,internal,traffic-quality,Spend gate source app <> exchange ABL hourly,Yes,-,None,None,None,None,global,False
4061,All exchanges,hotspotshield.android.vpn,all,2019-11-20,,internal,brand,Reverted 3998,No,andry@liftoff.io,None,None,None,None,global,True
4061,All exchanges,795979328,all,2019-11-20,,internal,brand,Reverted 3998,No,andry@liftoff.io,None,None,None,None,global,True
513015,All exchanges,jp.leafnet.android.stampdeco,all,2023-10-20,,internal,misc,COGS Savings,No,matt.johnson@liftoff.io,None,None,None,None,global,True
6145127,All exchanges,com.ElfizMedia.DubstepMusicCreator3RhythmMachineBeatMaker,all,2024-03-09,,internal,traffic-quality,Suspicious install farming source apps with < 10 total target events LO wide,No,plaw@liftoff.io,None,None,None,None,global,True
6637076,All exchanges,6443615831,all,2024-06-24,,internal,traffic-quality,Source app 6443615831 (Farkle - Dice Game) violated UDS key fraud rule as App fraud. It was auto blocked by spend threshold.,No,-,None,None,None,None,global,True
6639751,All exchanges,1519736382,all,2024-07-02,,internal,misc,This app is causing a lot of issues with our PDS/UDS systems. Most likely they have misconfigured how they're sending us IDFV/UIDs.,No,evan@liftoff.io,None,None,None,None,global,True
8299290,All exchanges,mahjongsolitaire.mahjong.solitaire.tile.pair.match,all,2025-02-04,,internal,traffic-quality,"Fraudulent apps: Poor ROAS (<5%), high spend DV IVT, high reject rates, low RPI / high % easy target events",No,plaw@liftoff.io,None,None,None,None,global,True
8308574,All exchanges,com.hotplay.animals,all,2025-02-07,,internal,traffic-quality,Fraudulent apps,No,plaw@liftoff.io,None,None,None,None,global,True
8306199,All exchanges,com.hotplay.puzzlegames,all,2025-02-07,,internal,traffic-quality,Fraudulent apps,No,plaw@liftoff.io,None,None,None,None,global,True
8711020,All exchanges,com.sh.boba.recipe.drink.bubble.tea,all,2025-06-21,,internal,traffic-quality,Fraudulent Developers ABL,Yes,-,None,None,None,None,global,True
8756124,All exchanges,com.yg.two.player.battle,all,2025-07-09,,internal,traffic-quality,Fraudulent Developers ABL,Yes,-,None,None,None,None,global,True
8756121,All exchanges,com.yg.designphone.case,all,2025-07-09,,internal,traffic-quality,Fraudulent Developers ABL,Yes,-,None,None,None,None,global,True
8756118,All exchanges,com.yg.realmotocross,all,2025-07-09,,internal,traffic-quality,Fraudulent Developers ABL,Yes,-,None,None,None,None,global,True
8759627,All exchanges,com.rgs.ultimate.snakezone.survivalgame.endlessclash,all,2025-07-11,,internal,traffic-quality,Fraudulent Developers ABL,Yes,-,None,None,None,None,global,True
8790414,All exchanges,1479825634,all,2025-07-30,,internal,traffic-quality,Fraudulent Developers ABL,Yes,-,None,None,None,None,global,True
8790240,All exchanges,6503892364,all,2025-07-30,,internal,traffic-quality,Fraudulent Developers ABL,Yes,-,None,None,None,None,global,True
8791145,All exchanges,6463469484,all,2025-07-30,,internal,traffic-quality,Fraudulent Developers ABL,Yes,-,None,None,None,None,global,True
8790678,All exchanges,6747374502,all,2025-07-30,,internal,traffic-quality,Fraudulent Developers ABL,Yes,-,None,None,None,None,global,True
8790628,All exchanges,com.app.abus,all,2025-07-30,,internal,traffic-quality,Fraudulent Developers ABL,Yes,-,None,None,None,None,global,True
8791065,All exchanges,6742172479,all,2025-07-30,,internal,traffic-quality,Fraudulent Developers ABL,Yes,-,None,None,None,None,global,True
8791330,All exchanges,com.video.dwonload.play.banana,all,2025-07-30,,internal,traffic-quality,Fraudulent Developers ABL,Yes,-,None,None,None,None,global,True
8790347,All exchanges,6473519961,all,2025-07-30,,internal,traffic-quality,Fraudulent Developers ABL,Yes,-,None,None,None,None,global,True
8790464,All exchanges,1588004069,all,2025-07-30,,internal,traffic-quality,Fraudulent Developers ABL,Yes,-,None,None,None,None,global,True
8790552,All exchanges,6746681379,all,2025-07-30,,internal,traffic-quality,Fraudulent Developers ABL,Yes,-,None,None,None,None,global,True
8793484,All exchanges,6748954227,all,2025-07-31,,internal,traffic-quality,Fraudulent Developers ABL,Yes,-,None,None,None,None,global,True
8816424,All exchanges,com.power.saver.downloader,all,2025-08-11,,internal,traffic-quality,Fraudulent Developers ABL,Yes,-,None,None,None,None,global,True
8824887,All exchanges,6746694663,all,2025-08-16,,internal,traffic-quality,Fraudulent Developers ABL,Yes,-,None,None,None,None,global,True
9329378,All exchanges,com.mobile.momo.player,all,2025-09-24,,internal,traffic-quality,Fraudulent Developers ABL,Yes,-,None,None,None,None,global,True
9684054,All exchanges,6462401102,all,2025-10-12,,internal,traffic-quality,Fraudulent Developers ABL,Yes,-,None,None,None,None,global,True
9714858,All exchanges,1606711349,all,2025-10-15,,internal,traffic-quality,Fraudulent Developers ABL,Yes,-,None,None,None,None,global,True
10242074,All exchanges,com.sogame.mmwbh.admob,all,2025-11-06,,internal,traffic-quality,Fraudulent Developers ABL,Yes,-,None,None,None,None,global,True
10349713,All exchanges,com.playstation.remote.play.psremote,all,2025-11-19,,internal,traffic-quality,Fraudulent Developers ABL,Yes,-,None,None,None,None,global,True
10349575,All exchanges,com.pluto.news,all,2025-11-19,,internal,traffic-quality,Fraudulent Developers ABL,Yes,-,None,None,None,None,global,True
10349528,All exchanges,endless.nightmare.shrine.horror.scary.free.android,all,2025-11-19,,internal,traffic-quality,Fraudulent Developers ABL,Yes,-,None,None,None,None,global,True
10349715,All exchanges,com.comfun.mobile.rumm.asgp,all,2025-11-19,,internal,traffic-quality,Fraudulent Developers ABL,Yes,-,None,None,None,None,global,True
10877157,All exchanges,ninja.hunt.sniper.agent.action.free.android,all,2026-01-22,,internal,traffic-quality,Fraudulent Developers ABL,Yes,-,None,None,None,None,global,True
10877481,VUNGLE,6755900342,all,2026-01-22,,internal,traffic-quality,Anomaly rejections,No,plaw@liftoff.io,None,None,None,None,global,True
10921502,All exchanges,6479234830,all,2026-01-28,,internal,traffic-quality,"High BR volume and CTRs, fake apps as confirmed via app-ads.txt / sellers.json",No,plaw@liftoff.io,None,None,None,None,global,True
10921502,All exchanges,6467189759,all,2026-01-28,,internal,traffic-quality,"High BR volume and CTRs, fake apps as confirmed via app-ads.txt / sellers.json",No,plaw@liftoff.io,None,None,None,None,global,True
10921502,All exchanges,1484750572,all,2026-01-28,,internal,traffic-quality,"High BR volume and CTRs, fake apps as confirmed via app-ads.txt / sellers.json",No,plaw@liftoff.io,None,None,None,None,global,True
10921502,All exchanges,6459449232,all,2026-01-28,,internal,traffic-quality,"High BR volume and CTRs, fake apps as confirmed via app-ads.txt / sellers.json",No,plaw@liftoff.io,None,None,None,None,global,True
10921502,All exchanges,1596254632,all,2026-01-28,,internal,traffic-quality,"High BR volume and CTRs, fake apps as confirmed via app-ads.txt / sellers.json",No,plaw@liftoff.io,None,None,None,None,global,True
11123800,All exchanges,com.alp.hovercraft,all,2026-02-24,,internal,traffic-quality,Spoofed source apps,No,cwong@liftoff.io,None,None,None,None,global,True
11145633,All exchanges,com.moonglabs.epiccricket,all,2026-02-27,,internal,traffic-quality,Identified as fraudulent via Chartboost pre/post managed traffic analysis,No,plaw@liftoff.io,None,None,None,None,global,True
11247882,All exchanges,com.rayole.games.jungle.escape,all,2026-03-10,,internal,traffic-quality,Fraudulent Developers ABL,Yes,-,None,None,None,None,global,True
11430871,All exchanges,6756568910,all,2026-03-20,,internal,traffic-quality,Fraudulent Developers ABL,Yes,-,None,None,None,None,global,True
11508493,All exchanges,com.pdf.paperful.paperfulpdf,all,2026-03-26,,internal,traffic-quality,"Fraudulent bundles
https://liftoffio.slack.com/archives/C02QR6T98SU/p1774378444334859?thread_ts=1774282238.086299&cid=C02QR6T98SU",No,plaw@liftoff.io,None,None,None,None,global,True
11508493,All exchanges,com.meatmatch.eliminatebbq.savorypop.fire,all,2026-03-26,,internal,traffic-quality,"Fraudulent bundles
https://liftoffio.slack.com/archives/C02QR6T98SU/p1774378444334859?thread_ts=1774282238.086299&cid=C02QR6T98SU",No,plaw@liftoff.io,None,None,None,None,global,True
11508493,All exchanges,com.smallpaddle.luckywatersortmaster,all,2026-03-26,,internal,traffic-quality,"Fraudulent bundles
https://liftoffio.slack.com/archives/C02QR6T98SU/p1774378444334859?thread_ts=1774282238.086299&cid=C02QR6T98SU",No,plaw@liftoff.io,None,None,None,None,global,True
11508493,All exchanges,com.hotplay.pop.antistress,all,2026-03-26,,internal,traffic-quality,"Fraudulent bundles
https://liftoffio.slack.com/archives/C02QR6T98SU/p1774378444334859?thread_ts=1774282238.086299&cid=C02QR6T98SU",No,plaw@liftoff.io,None,None,None,None,global,True
11508493,All exchanges,com.trickytreat.ballbash.jackolantern.halloween,all,2026-03-26,,internal,traffic-quality,"Fraudulent bundles
https://liftoffio.slack.com/archives/C02QR6T98SU/p1774378444334859?thread_ts=1774282238.086299&cid=C02QR6T98SU",No,plaw@liftoff.io,None,None,None,None,global,True
11508493,All exchanges,com.walk.bucks,all,2026-03-26,,internal,traffic-quality,"Fraudulent bundles
https://liftoffio.slack.com/archives/C02QR6T98SU/p1774378444334859?thread_ts=1774282238.086299&cid=C02QR6T98SU",No,plaw@liftoff.io,None,None,None,None,global,True
11508493,All exchanges,com.again.snap.music.downloader.all.songs.vid.tube.free.mp3.app,all,2026-03-26,,internal,traffic-quality,"Fraudulent bundles
https://liftoffio.slack.com/archives/C02QR6T98SU/p1774378444334859?thread_ts=1774282238.086299&cid=C02QR6T98SU",No,plaw@liftoff.io,None,None,None,None,global,True
11508493,All exchanges,com.funnybox.reentuod.bruoneo,all,2026-03-26,,internal,traffic-quality,"Fraudulent bundles
https://liftoffio.slack.com/archives/C02QR6T98SU/p1774378444334859?thread_ts=1774282238.086299&cid=C02QR6T98SU",No,plaw@liftoff.io,None,None,None,None,global,True
11508493,All exchanges,com.smallclickergamer.luckymatchpathjourney,all,2026-03-26,,internal,traffic-quality,"Fraudulent bundles
https://liftoffio.slack.com/archives/C02QR6T98SU/p1774378444334859?thread_ts=1774282238.086299&cid=C02QR6T98SU",No,plaw@liftoff.io,None,None,None,None,global,True
11594877,All exchanges,pcb.phone.cleaner.booster,all,2026-03-30,,internal,traffic-quality,Poor quality apps / malware discovered when unblocking sources for TEMU,No,matt.johnson@liftoff.io,None,None,None,None,global,True
11704196,VUNGLE,com.UnityUserco.EscapeHauntedHouseOnline,all,2026-04-05,2026-07-04,internal,traffic-quality,Exchange level install farming ABL,Yes,-,None,None,None,None,global,False
11708570,VUNGLE,6758889366,all,2026-04-06,2026-07-05,internal,traffic-quality,Exchange level install farming ABL,Yes,-,None,None,None,None,global,False
11708575,VUNGLE,6760108245,all,2026-04-06,2026-07-05,internal,traffic-quality,Exchange level install farming ABL,Yes,-,None,None,None,None,global,False
11714702,VUNGLE,6760742676,all,2026-04-08,2026-07-07,internal,traffic-quality,Exchange level install farming ABL,Yes,-,None,None,None,None,global,False
11718221,VUNGLE,6757605778,all,2026-04-09,2026-07-08,internal,traffic-quality,Exchange level install farming ABL,Yes,-,None,None,None,None,global,False
11742607,VUNGLE,6760811029,all,2026-04-10,2026-07-09,internal,traffic-quality,Exchange level install farming ABL,Yes,-,None,None,None,None,global,False
11751258,VUNGLE,6759840145,all,2026-04-11,2026-07-10,internal,traffic-quality,Exchange level install farming ABL,Yes,-,None,None,None,None,global,False
11763032,VUNGLE,6757406440,all,2026-04-13,2026-07-12,internal,traffic-quality,Exchange level install farming ABL,Yes,-,None,None,None,None,global,False
11764463,All exchanges,dk.tactile.beebrilliantblast,all,2026-04-13,,internal,traffic-quality,High UUIDv4 noncompliance (Malformed GAID investigation),No,matt.johnson@liftoff.io,None,None,None,None,global,True
11764463,All exchanges,com.vegas.casino.free.lucky.bonus.jackpot.dragon.slots,all,2026-04-13,,internal,traffic-quality,High UUIDv4 noncompliance (Malformed GAID investigation),No,matt.johnson@liftoff.io,None,None,None,None,global,True
11764463,All exchanges,com.mergegames.queenscastle.gp,all,2026-04-13,,internal,traffic-quality,High UUIDv4 noncompliance (Malformed GAID investigation),No,matt.johnson@liftoff.io,None,None,None,None,global,True
11791994,VUNGLE,6758239572,all,2026-04-17,2026-07-16,internal,traffic-quality,Exchange level install farming ABL,Yes,-,None,None,None,None,global,False
11972167,VUNGLE,com.funstage.gta.ma.sizzlinghot,all,2026-05-07,,internal,traffic-quality,"High user CTR + poor d7 ROAS
notes: removed managed pubs: 805603214, com.lordix.addonsforminecraftpe, jp.ponta.myponta (prior id: 10912556)",No,matt.johnson@liftoff.io,None,None,None,None,global,True
11972167,VUNGLE,com.pepiplay.pepihospital2,all,2026-05-07,,internal,traffic-quality,"High user CTR + poor d7 ROAS
notes: removed managed pubs: 805603214, com.lordix.addonsforminecraftpe, jp.ponta.myponta (prior id: 10912556)",No,matt.johnson@liftoff.io,None,None,None,None,global,True
11972167,VUNGLE,com.ksgmobileinc.lobstermaniaslots,all,2026-05-07,,internal,traffic-quality,"High user CTR + poor d7 ROAS
notes: removed managed pubs: 805603214, com.lordix.addonsforminecraftpe, jp.ponta.myponta (prior id: 10912556)",No,matt.johnson@liftoff.io,None,None,None,None,global,True
11972167,VUNGLE,com.draw.drawing.glow.art.doodle,all,2026-05-07,,internal,traffic-quality,"High user CTR + poor d7 ROAS
notes: removed managed pubs: 805603214, com.lordix.addonsforminecraftpe, jp.ponta.myponta (prior id: 10912556)",No,matt.johnson@liftoff.io,None,None,None,None,global,True
11972167,VUNGLE,com.aaagame.aaacasino,all,2026-05-07,,internal,traffic-quality,"High user CTR + poor d7 ROAS
notes: removed managed pubs: 805603214, com.lordix.addonsforminecraftpe, jp.ponta.myponta (prior id: 10912556)",No,matt.johnson@liftoff.io,None,None,None,None,global,True
11972167,VUNGLE,com.alkobyshai.crosswordsheb,all,2026-05-07,,internal,traffic-quality,"High user CTR + poor d7 ROAS
notes: removed managed pubs: 805603214, com.lordix.addonsforminecraftpe, jp.ponta.myponta (prior id: 10912556)",No,matt.johnson@liftoff.io,None,None,None,None,global,True
11972167,VUNGLE,706099830,all,2026-05-07,,internal,traffic-quality,"High user CTR + poor d7 ROAS
notes: removed managed pubs: 805603214, com.lordix.addonsforminecraftpe, jp.ponta.myponta (prior id: 10912556)",No,matt.johnson@liftoff.io,None,None,None,None,global,True
11972167,VUNGLE,com.bubadu.doctorkids,all,2026-05-07,,internal,traffic-quality,"High user CTR + poor d7 ROAS
notes: removed managed pubs: 805603214, com.lordix.addonsforminecraftpe, jp.ponta.myponta (prior id: 10912556)",No,matt.johnson@liftoff.io,None,None,None,None,global,True
11972167,VUNGLE,com.ardrawing.trace.sketch.paint,all,2026-05-07,,internal,traffic-quality,"High user CTR + poor d7 ROAS
notes: removed managed pubs: 805603214, com.lordix.addonsforminecraftpe, jp.ponta.myponta (prior id: 10912556)",No,matt.johnson@liftoff.io,None,None,None,None,global,True
11972167,VUNGLE,com.gotogames.funbridge,all,2026-05-07,,internal,traffic-quality,"High user CTR + poor d7 ROAS
notes: removed managed pubs: 805603214, com.lordix.addonsforminecraftpe, jp.ponta.myponta (prior id: 10912556)",No,matt.johnson@liftoff.io,None,None,None,None,global,True
11972167,VUNGLE,com.pixel.art.coloring.color.number.paint.animal,all,2026-05-07,,internal,traffic-quality,"High user CTR + poor d7 ROAS
notes: removed managed pubs: 805603214, com.lordix.addonsforminecraftpe, jp.ponta.myponta (prior id: 10912556)",No,matt.johnson@liftoff.io,None,None,None,None,global,True
11972167,VUNGLE,com.yoursify.diy.wallpaper.collage.craft.cutout.photo,all,2026-05-07,,internal,traffic-quality,"High user CTR + poor d7 ROAS
notes: removed managed pubs: 805603214, com.lordix.addonsforminecraftpe, jp.ponta.myponta (prior id: 10912556)",No,matt.johnson@liftoff.io,None,None,None,None,global,True
11972167,VUNGLE,com.crazyart.art.puzzle.jigsaw.game,all,2026-05-07,,internal,traffic-quality,"High user CTR + poor d7 ROAS
notes: removed managed pubs: 805603214, com.lordix.addonsforminecraftpe, jp.ponta.myponta (prior id: 10912556)",No,matt.johnson@liftoff.io,None,None,None,None,global,True
11972167,VUNGLE,com.airhorn.funny.prank.sounds,all,2026-05-07,,internal,traffic-quality,"High user CTR + poor d7 ROAS
notes: removed managed pubs: 805603214, com.lordix.addonsforminecraftpe, jp.ponta.myponta (prior id: 10912556)",No,matt.johnson@liftoff.io,None,None,None,None,global,True
11972167,VUNGLE,com.rud.twelvelocks6,all,2026-05-07,,internal,traffic-quality,"High user CTR + poor d7 ROAS
notes: removed managed pubs: 805603214, com.lordix.addonsforminecraftpe, jp.ponta.myponta (prior id: 10912556)",No,matt.johnson@liftoff.io,None,None,None,None,global,True
11972167,VUNGLE,com.draw.drawing.pixel.art.color.coloring.by.number,all,2026-05-07,,internal,traffic-quality,"High user CTR + poor d7 ROAS
notes: removed managed pubs: 805603214, com.lordix.addonsforminecraftpe, jp.ponta.myponta (prior id: 10912556)",No,matt.johnson@liftoff.io,None,None,None,None,global,True
12281928,All exchanges,com.money.tracker.smart.budget.helper,all,2026-05-28,2026-06-28,internal,traffic-quality,View Master Click Signals ABL,Yes,-,None,None,None,None,global,False
12302733,All exchanges,com.supp.browser.web.umairk,all,2026-05-29,,internal,traffic-quality,Fraudulent apps identified via adhoc analysis: https://docs.google.com/document/d/1-lQ0h3WdTkYkWIO027QYvBxUVF2yRJrMh6-rKZaWeog,No,plaw@liftoff.io,None,None,None,None,global,True
12302733,All exchanges,com.katanlabs.famimart,all,2026-05-29,,internal,traffic-quality,Fraudulent apps identified via adhoc analysis: https://docs.google.com/document/d/1-lQ0h3WdTkYkWIO027QYvBxUVF2yRJrMh6-rKZaWeog,No,plaw@liftoff.io,None,None,None,None,global,True
12302741,All exchanges,1640670179,all,2026-05-29,,internal,traffic-quality,"Non-performant apps tied to suspicious Bigo seller IDs
https://docs.google.com/spreadsheets/d/1hy0o3hLjgKEPRYm8tAQA1X8gUphfhikgS3Wb3sd6eJE/edit?gid=63260040#gid=63260040",No,plaw@liftoff.io,None,None,None,None,global,True
12302733,All exchanges,com.mobgame.vikingrunner.merge.run,all,2026-05-29,,internal,traffic-quality,Fraudulent apps identified via adhoc analysis: https://docs.google.com/document/d/1-lQ0h3WdTkYkWIO027QYvBxUVF2yRJrMh6-rKZaWeog,No,plaw@liftoff.io,None,None,None,None,global,True
12302733,All exchanges,hotspotshield.android.vpn,all,2026-05-29,,internal,traffic-quality,Fraudulent apps identified via adhoc analysis: https://docs.google.com/document/d/1-lQ0h3WdTkYkWIO027QYvBxUVF2yRJrMh6-rKZaWeog,No,plaw@liftoff.io,None,None,None,None,global,True
12302741,All exchanges,com.smart.switch.copy.all.data.phoneclone,all,2026-05-29,,internal,traffic-quality,"Non-performant apps tied to suspicious Bigo seller IDs
https://docs.google.com/spreadsheets/d/1hy0o3hLjgKEPRYm8tAQA1X8gUphfhikgS3Wb3sd6eJE/edit?gid=63260040#gid=63260040",No,plaw@liftoff.io,None,None,None,None,global,True
12302733,All exchanges,1531670603,all,2026-05-29,,internal,traffic-quality,Fraudulent apps identified via adhoc analysis: https://docs.google.com/document/d/1-lQ0h3WdTkYkWIO027QYvBxUVF2yRJrMh6-rKZaWeog,No,plaw@liftoff.io,None,None,None,None,global,True
12302733,All exchanges,com.lemix.tankfortress,all,2026-05-29,,internal,traffic-quality,Fraudulent apps identified via adhoc analysis: https://docs.google.com/document/d/1-lQ0h3WdTkYkWIO027QYvBxUVF2yRJrMh6-rKZaWeog,No,plaw@liftoff.io,None,None,None,None,global,True
12302733,All exchanges,com.roller.coaster.scream.loudly.jusan.game,all,2026-05-29,,internal,traffic-quality,Fraudulent apps identified via adhoc analysis: https://docs.google.com/document/d/1-lQ0h3WdTkYkWIO027QYvBxUVF2yRJrMh6-rKZaWeog,No,plaw@liftoff.io,None,None,None,None,global,True
12302741,All exchanges,com.mgc.crime.santa,all,2026-05-29,,internal,traffic-quality,"Non-performant apps tied to suspicious Bigo seller IDs
https://docs.google.com/spreadsheets/d/1hy0o3hLjgKEPRYm8tAQA1X8gUphfhikgS3Wb3sd6eJE/edit?gid=63260040#gid=63260040",No,plaw@liftoff.io,None,None,None,None,global,True
12302733,All exchanges,6741057379,all,2026-05-29,,internal,traffic-quality,Fraudulent apps identified via adhoc analysis: https://docs.google.com/document/d/1-lQ0h3WdTkYkWIO027QYvBxUVF2yRJrMh6-rKZaWeog,No,plaw@liftoff.io,None,None,None,None,global,True
12302733,All exchanges,com.PSVStudio.Pooches.holiday.beach_adventures,all,2026-05-29,,internal,traffic-quality,Fraudulent apps identified via adhoc analysis: https://docs.google.com/document/d/1-lQ0h3WdTkYkWIO027QYvBxUVF2yRJrMh6-rKZaWeog,No,plaw@liftoff.io,None,None,None,None,global,True
12302741,All exchanges,com.TGZS.TDZ4,all,2026-05-29,,internal,traffic-quality,"Non-performant apps tied to suspicious Bigo seller IDs
https://docs.google.com/spreadsheets/d/1hy0o3hLjgKEPRYm8tAQA1X8gUphfhikgS3Wb3sd6eJE/edit?gid=63260040#gid=63260040",No,plaw@liftoff.io,None,None,None,None,global,True
12302733,All exchanges,1630754153,all,2026-05-29,,internal,traffic-quality,Fraudulent apps identified via adhoc analysis: https://docs.google.com/document/d/1-lQ0h3WdTkYkWIO027QYvBxUVF2yRJrMh6-rKZaWeog,No,plaw@liftoff.io,None,None,None,None,global,True
12302733,All exchanges,com.wordpz.word.blocken,all,2026-05-29,,internal,traffic-quality,Fraudulent apps identified via adhoc analysis: https://docs.google.com/document/d/1-lQ0h3WdTkYkWIO027QYvBxUVF2yRJrMh6-rKZaWeog,No,plaw@liftoff.io,None,None,None,None,global,True
12302733,All exchanges,6739696715,all,2026-05-29,,internal,traffic-quality,Fraudulent apps identified via adhoc analysis: https://docs.google.com/document/d/1-lQ0h3WdTkYkWIO027QYvBxUVF2yRJrMh6-rKZaWeog,No,plaw@liftoff.io,None,None,None,None,global,True
12302733,All exchanges,com.molibe.freetarot,all,2026-05-29,,internal,traffic-quality,Fraudulent apps identified via adhoc analysis: https://docs.google.com/document/d/1-lQ0h3WdTkYkWIO027QYvBxUVF2yRJrMh6-rKZaWeog,No,plaw@liftoff.io,None,None,None,None,global,True
12302741,All exchanges,1559784375,all,2026-05-29,,internal,traffic-quality,"Non-performant apps tied to suspicious Bigo seller IDs
https://docs.google.com/spreadsheets/d/1hy0o3hLjgKEPRYm8tAQA1X8gUphfhikgS3Wb3sd6eJE/edit?gid=63260040#gid=63260040",No,plaw@liftoff.io,None,None,None,None,global,True
12302733,All exchanges,com.mobile.momo.player,all,2026-05-29,,internal,traffic-quality,Fraudulent apps identified via adhoc analysis: https://docs.google.com/document/d/1-lQ0h3WdTkYkWIO027QYvBxUVF2yRJrMh6-rKZaWeog,No,plaw@liftoff.io,None,None,None,None,global,True
12302733,All exchanges,com.haishifang.blackmusic,all,2026-05-29,,internal,traffic-quality,Fraudulent apps identified via adhoc analysis: https://docs.google.com/document/d/1-lQ0h3WdTkYkWIO027QYvBxUVF2yRJrMh6-rKZaWeog,No,plaw@liftoff.io,None,None,None,None,global,True
12302733,All exchanges,com.LastCall.CarCrashArena,all,2026-05-29,,internal,traffic-quality,Fraudulent apps identified via adhoc analysis: https://docs.google.com/document/d/1-lQ0h3WdTkYkWIO027QYvBxUVF2yRJrMh6-rKZaWeog,No,plaw@liftoff.io,None,None,None,None,global,True
12302733,All exchanges,6462401102,all,2026-05-29,,internal,traffic-quality,Fraudulent apps identified via adhoc analysis: https://docs.google.com/document/d/1-lQ0h3WdTkYkWIO027QYvBxUVF2yRJrMh6-rKZaWeog,No,plaw@liftoff.io,None,None,None,None,global,True
12302733,All exchanges,com.wood.craft.idle.master,all,2026-05-29,,internal,traffic-quality,Fraudulent apps identified via adhoc analysis: https://docs.google.com/document/d/1-lQ0h3WdTkYkWIO027QYvBxUVF2yRJrMh6-rKZaWeog,No,plaw@liftoff.io,None,None,None,None,global,True
12302733,All exchanges,com.gamessoft.realdrift.car.driving.games,all,2026-05-29,,internal,traffic-quality,Fraudulent apps identified via adhoc analysis: https://docs.google.com/document/d/1-lQ0h3WdTkYkWIO027QYvBxUVF2yRJrMh6-rKZaWeog,No,plaw@liftoff.io,None,None,None,None,global,True
12302741,All exchanges,com.LastCall.OperSueta,all,2026-05-29,,internal,traffic-quality,"Non-performant apps tied to suspicious Bigo seller IDs
https://docs.google.com/spreadsheets/d/1hy0o3hLjgKEPRYm8tAQA1X8gUphfhikgS3Wb3sd6eJE/edit?gid=63260040#gid=63260040",No,plaw@liftoff.io,None,None,None,None,global,True
12302741,All exchanges,com.NiceGame.CarOnlines,all,2026-05-29,,internal,traffic-quality,"Non-performant apps tied to suspicious Bigo seller IDs
https://docs.google.com/spreadsheets/d/1hy0o3hLjgKEPRYm8tAQA1X8gUphfhikgS3Wb3sd6eJE/edit?gid=63260040#gid=63260040",No,plaw@liftoff.io,None,None,None,None,global,True
12302733,All exchanges,com.NiceGame.CarOnlines,all,2026-05-29,,internal,traffic-quality,Fraudulent apps identified via adhoc analysis: https://docs.google.com/document/d/1-lQ0h3WdTkYkWIO027QYvBxUVF2yRJrMh6-rKZaWeog,No,plaw@liftoff.io,None,None,None,None,global,True
12302733,All exchanges,com.sha.opencity.attack.gang,all,2026-05-29,,internal,traffic-quality,Fraudulent apps identified via adhoc analysis: https://docs.google.com/document/d/1-lQ0h3WdTkYkWIO027QYvBxUVF2yRJrMh6-rKZaWeog,No,plaw@liftoff.io,None,None,None,None,global,True
12302741,All exchanges,cloner.infocus.whatclone.whatsweb,all,2026-05-29,,internal,traffic-quality,"Non-performant apps tied to suspicious Bigo seller IDs
https://docs.google.com/spreadsheets/d/1hy0o3hLjgKEPRYm8tAQA1X8gUphfhikgS3Wb3sd6eJE/edit?gid=63260040#gid=63260040",No,plaw@liftoff.io,None,None,None,None,global,True
12302733,All exchanges,1466292431,all,2026-05-29,,internal,traffic-quality,Fraudulent apps identified via adhoc analysis: https://docs.google.com/document/d/1-lQ0h3WdTkYkWIO027QYvBxUVF2yRJrMh6-rKZaWeog,No,plaw@liftoff.io,None,None,None,None,global,True
12302733,All exchanges,6465757616,all,2026-05-29,,internal,traffic-quality,Fraudulent apps identified via adhoc analysis: https://docs.google.com/document/d/1-lQ0h3WdTkYkWIO027QYvBxUVF2yRJrMh6-rKZaWeog,No,plaw@liftoff.io,None,None,None,None,global,True
12302733,All exchanges,org.mupen64plusae.v3.fzurita,all,2026-05-29,,internal,traffic-quality,Fraudulent apps identified via adhoc analysis: https://docs.google.com/document/d/1-lQ0h3WdTkYkWIO027QYvBxUVF2yRJrMh6-rKZaWeog,No,plaw@liftoff.io,None,None,None,None,global,True
12302741,All exchanges,net.astrangestudio.noff,all,2026-05-29,,internal,traffic-quality,"Non-performant apps tied to suspicious Bigo seller IDs
https://docs.google.com/spreadsheets/d/1hy0o3hLjgKEPRYm8tAQA1X8gUphfhikgS3Wb3sd6eJE/edit?gid=63260040#gid=63260040",No,plaw@liftoff.io,None,None,None,None,global,True
12302733,All exchanges,1637040599,all,2026-05-29,,internal,traffic-quality,Fraudulent apps identified via adhoc analysis: https://docs.google.com/document/d/1-lQ0h3WdTkYkWIO027QYvBxUVF2yRJrMh6-rKZaWeog,No,plaw@liftoff.io,None,None,None,None,global,True
12302733,All exchanges,com.superbox.aos.jewelstown,all,2026-05-29,,internal,traffic-quality,Fraudulent apps identified via adhoc analysis: https://docs.google.com/document/d/1-lQ0h3WdTkYkWIO027QYvBxUVF2yRJrMh6-rKZaWeog,No,plaw@liftoff.io,None,None,None,None,global,True
12302741,All exchanges,6744304775,all,2026-05-29,,internal,traffic-quality,"Non-performant apps tied to suspicious Bigo seller IDs
https://docs.google.com/spreadsheets/d/1hy0o3hLjgKEPRYm8tAQA1X8gUphfhikgS3Wb3sd6eJE/edit?gid=63260040#gid=63260040",No,plaw@liftoff.io,None,None,None,None,global,True
12302733,All exchanges,1479008577,all,2026-05-29,,internal,traffic-quality,Fraudulent apps identified via adhoc analysis: https://docs.google.com/document/d/1-lQ0h3WdTkYkWIO027QYvBxUVF2yRJrMh6-rKZaWeog,No,plaw@liftoff.io,None,None,None,None,global,True
12302733,All exchanges,1247362774,all,2026-05-29,,internal,traffic-quality,Fraudulent apps identified via adhoc analysis: https://docs.google.com/document/d/1-lQ0h3WdTkYkWIO027QYvBxUVF2yRJrMh6-rKZaWeog,No,plaw@liftoff.io,None,None,None,None,global,True
12302741,All exchanges,com.wordsearch.wordpuzzle.free,all,2026-05-29,,internal,traffic-quality,"Non-performant apps tied to suspicious Bigo seller IDs
https://docs.google.com/spreadsheets/d/1hy0o3hLjgKEPRYm8tAQA1X8gUphfhikgS3Wb3sd6eJE/edit?gid=63260040#gid=63260040",No,plaw@liftoff.io,None,None,None,None,global,True
12302733,All exchanges,1459059300,all,2026-05-29,,internal,traffic-quality,Fraudulent apps identified via adhoc analysis: https://docs.google.com/document/d/1-lQ0h3WdTkYkWIO027QYvBxUVF2yRJrMh6-rKZaWeog,No,plaw@liftoff.io,None,None,None,None,global,True
12302733,All exchanges,6746228581,all,2026-05-29,,internal,traffic-quality,Fraudulent apps identified via adhoc analysis: https://docs.google.com/document/d/1-lQ0h3WdTkYkWIO027QYvBxUVF2yRJrMh6-rKZaWeog,No,plaw@liftoff.io,None,None,None,None,global,True
12302733,All exchanges,6744312946,all,2026-05-29,,internal,traffic-quality,Fraudulent apps identified via adhoc analysis: https://docs.google.com/document/d/1-lQ0h3WdTkYkWIO027QYvBxUVF2yRJrMh6-rKZaWeog,No,plaw@liftoff.io,None,None,None,None,global,True
12302733,All exchanges,com.mm.acleaner,all,2026-05-29,,internal,traffic-quality,Fraudulent apps identified via adhoc analysis: https://docs.google.com/document/d/1-lQ0h3WdTkYkWIO027QYvBxUVF2yRJrMh6-rKZaWeog,No,plaw@liftoff.io,None,None,None,None,global,True
12302733,All exchanges,com.xd.hide.and.seek,all,2026-05-29,,internal,traffic-quality,Fraudulent apps identified via adhoc analysis: https://docs.google.com/document/d/1-lQ0h3WdTkYkWIO027QYvBxUVF2yRJrMh6-rKZaWeog,No,plaw@liftoff.io,None,None,None,None,global,True
12302741,All exchanges,6450400097,all,2026-05-29,,internal,traffic-quality,"Non-performant apps tied to suspicious Bigo seller IDs
https://docs.google.com/spreadsheets/d/1hy0o3hLjgKEPRYm8tAQA1X8gUphfhikgS3Wb3sd6eJE/edit?gid=63260040#gid=63260040",No,plaw@liftoff.io,None,None,None,None,global,True
12302733,All exchanges,6746681379,all,2026-05-29,,internal,traffic-quality,Fraudulent apps identified via adhoc analysis: https://docs.google.com/document/d/1-lQ0h3WdTkYkWIO027QYvBxUVF2yRJrMh6-rKZaWeog,No,plaw@liftoff.io,None,None,None,None,global,True
12302741,All exchanges,1526599527,all,2026-05-29,,internal,traffic-quality,"Non-performant apps tied to suspicious Bigo seller IDs
https://docs.google.com/spreadsheets/d/1hy0o3hLjgKEPRYm8tAQA1X8gUphfhikgS3Wb3sd6eJE/edit?gid=63260040#gid=63260040",No,plaw@liftoff.io,None,None,None,None,global,True
12302741,All exchanges,info.secondreality.fishingBaron,all,2026-05-29,,internal,traffic-quality,"Non-performant apps tied to suspicious Bigo seller IDs
https://docs.google.com/spreadsheets/d/1hy0o3hLjgKEPRYm8tAQA1X8gUphfhikgS3Wb3sd6eJE/edit?gid=63260040#gid=63260040",No,plaw@liftoff.io,None,None,None,None,global,True
12302733,All exchanges,com.video.dwonload.play.banana,all,2026-05-29,,internal,traffic-quality,Fraudulent apps identified via adhoc analysis: https://docs.google.com/document/d/1-lQ0h3WdTkYkWIO027QYvBxUVF2yRJrMh6-rKZaWeog,No,plaw@liftoff.io,None,None,None,None,global,True
12302741,All exchanges,english.tagalog.bible,all,2026-05-29,,internal,traffic-quality,"Non-performant apps tied to suspicious Bigo seller IDs
https://docs.google.com/spreadsheets/d/1hy0o3hLjgKEPRYm8tAQA1X8gUphfhikgS3Wb3sd6eJE/edit?gid=63260040#gid=63260040",No,plaw@liftoff.io,None,None,None,None,global,True
12302733,All exchanges,1606711349,all,2026-05-29,,internal,traffic-quality,Fraudulent apps identified via adhoc analysis: https://docs.google.com/document/d/1-lQ0h3WdTkYkWIO027QYvBxUVF2yRJrMh6-rKZaWeog,No,plaw@liftoff.io,None,None,None,None,global,True
12302733,All exchanges,com.stickman.heroes.battle.of.warriors.stickmanwarriors,all,2026-05-29,,internal,traffic-quality,Fraudulent apps identified via adhoc analysis: https://docs.google.com/document/d/1-lQ0h3WdTkYkWIO027QYvBxUVF2yRJrMh6-rKZaWeog,No,plaw@liftoff.io,None,None,None,None,global,True
12302733,All exchanges,1612037250,all,2026-05-29,,internal,traffic-quality,Fraudulent apps identified via adhoc analysis: https://docs.google.com/document/d/1-lQ0h3WdTkYkWIO027QYvBxUVF2yRJrMh6-rKZaWeog,No,plaw@liftoff.io,None,None,None,None,global,True
12302733,All exchanges,547166701,all,2026-05-29,,internal,traffic-quality,Fraudulent apps identified via adhoc analysis: https://docs.google.com/document/d/1-lQ0h3WdTkYkWIO027QYvBxUVF2yRJrMh6-rKZaWeog,No,plaw@liftoff.io,None,None,None,None,global,True
12302741,All exchanges,christian.bible,all,2026-05-29,,internal,traffic-quality,"Non-performant apps tied to suspicious Bigo seller IDs
https://docs.google.com/spreadsheets/d/1hy0o3hLjgKEPRYm8tAQA1X8gUphfhikgS3Wb3sd6eJE/edit?gid=63260040#gid=63260040",No,plaw@liftoff.io,None,None,None,None,global,True
12302733,All exchanges,com.changdu.ereader3.th,all,2026-05-29,,internal,traffic-quality,Fraudulent apps identified via adhoc analysis: https://docs.google.com/document/d/1-lQ0h3WdTkYkWIO027QYvBxUVF2yRJrMh6-rKZaWeog,No,plaw@liftoff.io,None,None,None,None,global,True
12302741,All exchanges,1411304149,all,2026-05-29,,internal,traffic-quality,"Non-performant apps tied to suspicious Bigo seller IDs
https://docs.google.com/spreadsheets/d/1hy0o3hLjgKEPRYm8tAQA1X8gUphfhikgS3Wb3sd6eJE/edit?gid=63260040#gid=63260040",No,plaw@liftoff.io,None,None,None,None,global,True
12302733,All exchanges,com.mobileguru.candyfever2.free,all,2026-05-29,,internal,traffic-quality,Fraudulent apps identified via adhoc analysis: https://docs.google.com/document/d/1-lQ0h3WdTkYkWIO027QYvBxUVF2yRJrMh6-rKZaWeog,No,plaw@liftoff.io,None,None,None,None,global,True
12302741,All exchanges,com.aleson.casefiveanimatronicsfnaf,all,2026-05-29,,internal,traffic-quality,"Non-performant apps tied to suspicious Bigo seller IDs
https://docs.google.com/spreadsheets/d/1hy0o3hLjgKEPRYm8tAQA1X8gUphfhikgS3Wb3sd6eJE/edit?gid=63260040#gid=63260040",No,plaw@liftoff.io,None,None,None,None,global,True
12302733,All exchanges,6478919347,all,2026-05-29,,internal,traffic-quality,Fraudulent apps identified via adhoc analysis: https://docs.google.com/document/d/1-lQ0h3WdTkYkWIO027QYvBxUVF2yRJrMh6-rKZaWeog,No,plaw@liftoff.io,None,None,None,None,global,True
12302733,All exchanges,ball.strike.shoot.pool.king8,all,2026-05-29,,internal,traffic-quality,Fraudulent apps identified via adhoc analysis: https://docs.google.com/document/d/1-lQ0h3WdTkYkWIO027QYvBxUVF2yRJrMh6-rKZaWeog,No,plaw@liftoff.io,None,None,None,None,global,True
12302733,All exchanges,com.cup.zombie.squad.battle.royale,all,2026-05-29,,internal,traffic-quality,Fraudulent apps identified via adhoc analysis: https://docs.google.com/document/d/1-lQ0h3WdTkYkWIO027QYvBxUVF2yRJrMh6-rKZaWeog,No,plaw@liftoff.io,None,None,None,None,global,True
12302733,All exchanges,tepteev.ihar.biblia_takatifu.AOURLCUBZSMVVVVE,all,2026-05-29,,internal,traffic-quality,Fraudulent apps identified via adhoc analysis: https://docs.google.com/document/d/1-lQ0h3WdTkYkWIO027QYvBxUVF2yRJrMh6-rKZaWeog,No,plaw@liftoff.io,None,None,None,None,global,True
12302741,All exchanges,com.victorsharov.mywaterapp,all,2026-05-29,,internal,traffic-quality,"Non-performant apps tied to suspicious Bigo seller IDs
https://docs.google.com/spreadsheets/d/1hy0o3hLjgKEPRYm8tAQA1X8gUphfhikgS3Wb3sd6eJE/edit?gid=63260040#gid=63260040",No,plaw@liftoff.io,None,None,None,None,global,True
12302733,All exchanges,1476429715,all,2026-05-29,,internal,traffic-quality,Fraudulent apps identified via adhoc analysis: https://docs.google.com/document/d/1-lQ0h3WdTkYkWIO027QYvBxUVF2yRJrMh6-rKZaWeog,No,plaw@liftoff.io,None,None,None,None,global,True
12302733,All exchanges,com.funlab.escape.maze.slither.puzzle,all,2026-05-29,,internal,traffic-quality,Fraudulent apps identified via adhoc analysis: https://docs.google.com/document/d/1-lQ0h3WdTkYkWIO027QYvBxUVF2yRJrMh6-rKZaWeog,No,plaw@liftoff.io,None,None,None,None,global,True
12302741,All exchanges,com.modheaven,all,2026-05-29,,internal,traffic-quality,"Non-performant apps tied to suspicious Bigo seller IDs
https://docs.google.com/spreadsheets/d/1hy0o3hLjgKEPRYm8tAQA1X8gUphfhikgS3Wb3sd6eJE/edit?gid=63260040#gid=63260040",No,plaw@liftoff.io,None,None,None,None,global,True
12302733,All exchanges,sheep.animal.parking.puzzle.game.jam,all,2026-05-29,,internal,traffic-quality,Fraudulent apps identified via adhoc analysis: https://docs.google.com/document/d/1-lQ0h3WdTkYkWIO027QYvBxUVF2yRJrMh6-rKZaWeog,No,plaw@liftoff.io,None,None,None,None,global,True
12302733,All exchanges,6615081560,all,2026-05-29,,internal,traffic-quality,Fraudulent apps identified via adhoc analysis: https://docs.google.com/document/d/1-lQ0h3WdTkYkWIO027QYvBxUVF2yRJrMh6-rKZaWeog,No,plaw@liftoff.io,None,None,None,None,global,True
12302741,All exchanges,com.appon.cookingstar,all,2026-05-29,,internal,traffic-quality,"Non-performant apps tied to suspicious Bigo seller IDs
https://docs.google.com/spreadsheets/d/1hy0o3hLjgKEPRYm8tAQA1X8gUphfhikgS3Wb3sd6eJE/edit?gid=63260040#gid=63260040",No,plaw@liftoff.io,None,None,None,None,global,True
12302733,All exchanges,com.mmb.docscan,all,2026-05-29,,internal,traffic-quality,Fraudulent apps identified via adhoc analysis: https://docs.google.com/document/d/1-lQ0h3WdTkYkWIO027QYvBxUVF2yRJrMh6-rKZaWeog,No,plaw@liftoff.io,None,None,None,None,global,True
12302733,All exchanges,word.connect.jam.puzzle.association.game,all,2026-05-29,,internal,traffic-quality,Fraudulent apps identified via adhoc analysis: https://docs.google.com/document/d/1-lQ0h3WdTkYkWIO027QYvBxUVF2yRJrMh6-rKZaWeog,No,plaw@liftoff.io,None,None,None,None,global,True
12302733,All exchanges,com.rud.twelvelocks6,all,2026-05-29,,internal,traffic-quality,Fraudulent apps identified via adhoc analysis: https://docs.google.com/document/d/1-lQ0h3WdTkYkWIO027QYvBxUVF2yRJrMh6-rKZaWeog,No,plaw@liftoff.io,None,None,None,None,global,True
12302733,All exchanges,com.tmtmapp.readkr,all,2026-05-29,,internal,traffic-quality,Fraudulent apps identified via adhoc analysis: https://docs.google.com/document/d/1-lQ0h3WdTkYkWIO027QYvBxUVF2yRJrMh6-rKZaWeog,No,plaw@liftoff.io,None,None,None,None,global,True
12302733,All exchanges,1411304149,all,2026-05-29,,internal,traffic-quality,Fraudulent apps identified via adhoc analysis: https://docs.google.com/document/d/1-lQ0h3WdTkYkWIO027QYvBxUVF2yRJrMh6-rKZaWeog,No,plaw@liftoff.io,None,None,None,None,global,True
12302733,All exchanges,1134789937,all,2026-05-29,,internal,traffic-quality,Fraudulent apps identified via adhoc analysis: https://docs.google.com/document/d/1-lQ0h3WdTkYkWIO027QYvBxUVF2yRJrMh6-rKZaWeog,No,plaw@liftoff.io,None,None,None,None,global,True
12302733,All exchanges,com.power.saver.downloader,all,2026-05-29,,internal,traffic-quality,Fraudulent apps identified via adhoc analysis: https://docs.google.com/document/d/1-lQ0h3WdTkYkWIO027QYvBxUVF2yRJrMh6-rKZaWeog,No,plaw@liftoff.io,None,None,None,None,global,True
12302741,All exchanges,6745762049,all,2026-05-29,,internal,traffic-quality,"Non-performant apps tied to suspicious Bigo seller IDs
https://docs.google.com/spreadsheets/d/1hy0o3hLjgKEPRYm8tAQA1X8gUphfhikgS3Wb3sd6eJE/edit?gid=63260040#gid=63260040",No,plaw@liftoff.io,None,None,None,None,global,True
12302733,All exchanges,1571487050,all,2026-05-29,,internal,traffic-quality,Fraudulent apps identified via adhoc analysis: https://docs.google.com/document/d/1-lQ0h3WdTkYkWIO027QYvBxUVF2yRJrMh6-rKZaWeog,No,plaw@liftoff.io,None,None,None,None,global,True
12302733,All exchanges,1380831764,all,2026-05-29,,internal,traffic-quality,Fraudulent apps identified via adhoc analysis: https://docs.google.com/document/d/1-lQ0h3WdTkYkWIO027QYvBxUVF2yRJrMh6-rKZaWeog,No,plaw@liftoff.io,None,None,None,None,global,True
12302733,All exchanges,com.real.tcolorring,all,2026-05-29,,internal,traffic-quality,Fraudulent apps identified via adhoc analysis: https://docs.google.com/document/d/1-lQ0h3WdTkYkWIO027QYvBxUVF2yRJrMh6-rKZaWeog,No,plaw@liftoff.io,None,None,None,None,global,True
12302733,All exchanges,com.cup.mobile.base.test,all,2026-05-29,,internal,traffic-quality,Fraudulent apps identified via adhoc analysis: https://docs.google.com/document/d/1-lQ0h3WdTkYkWIO027QYvBxUVF2yRJrMh6-rKZaWeog,No,plaw@liftoff.io,None,None,None,None,global,True
12302733,All exchanges,com.talkingcat.catsimulator.banana,all,2026-05-29,,internal,traffic-quality,Fraudulent apps identified via adhoc analysis: https://docs.google.com/document/d/1-lQ0h3WdTkYkWIO027QYvBxUVF2yRJrMh6-rKZaWeog,No,plaw@liftoff.io,None,None,None,None,global,True
12302733,All exchanges,com.appmind.radios.fi,all,2026-05-29,,internal,traffic-quality,Fraudulent apps identified via adhoc analysis: https://docs.google.com/document/d/1-lQ0h3WdTkYkWIO027QYvBxUVF2yRJrMh6-rKZaWeog,No,plaw@liftoff.io,None,None,None,None,global,True
12302733,All exchanges,1617268672,all,2026-05-29,,internal,traffic-quality,Fraudulent apps identified via adhoc analysis: https://docs.google.com/document/d/1-lQ0h3WdTkYkWIO027QYvBxUVF2yRJrMh6-rKZaWeog,No,plaw@liftoff.io,None,None,None,None,global,True
12302741,All exchanges,com.GameCat.SchoolboyEscape,all,2026-05-29,,internal,traffic-quality,"Non-performant apps tied to suspicious Bigo seller IDs
https://docs.google.com/spreadsheets/d/1hy0o3hLjgKEPRYm8tAQA1X8gUphfhikgS3Wb3sd6eJE/edit?gid=63260040#gid=63260040",No,plaw@liftoff.io,None,None,None,None,global,True
12302741,All exchanges,com.crosswordshop2,all,2026-05-29,,internal,traffic-quality,"Non-performant apps tied to suspicious Bigo seller IDs
https://docs.google.com/spreadsheets/d/1hy0o3hLjgKEPRYm8tAQA1X8gUphfhikgS3Wb3sd6eJE/edit?gid=63260040#gid=63260040",No,plaw@liftoff.io,None,None,None,None,global,True
12302733,All exchanges,6740177168,all,2026-05-29,,internal,traffic-quality,Fraudulent apps identified via adhoc analysis: https://docs.google.com/document/d/1-lQ0h3WdTkYkWIO027QYvBxUVF2yRJrMh6-rKZaWeog,No,plaw@liftoff.io,None,None,None,None,global,True
12302733,All exchanges,com.block.dash.blast.puzzle.blockgame,all,2026-05-29,,internal,traffic-quality,Fraudulent apps identified via adhoc analysis: https://docs.google.com/document/d/1-lQ0h3WdTkYkWIO027QYvBxUVF2yRJrMh6-rKZaWeog,No,plaw@liftoff.io,None,None,None,None,global,True
12302733,All exchanges,com.cashfast.playtoearn,all,2026-05-29,,internal,traffic-quality,Fraudulent apps identified via adhoc analysis: https://docs.google.com/document/d/1-lQ0h3WdTkYkWIO027QYvBxUVF2yRJrMh6-rKZaWeog,No,plaw@liftoff.io,None,None,None,None,global,True
12302733,All exchanges,com.tchinnova.multigerador,all,2026-05-29,,internal,traffic-quality,Fraudulent apps identified via adhoc analysis: https://docs.google.com/document/d/1-lQ0h3WdTkYkWIO027QYvBxUVF2yRJrMh6-rKZaWeog,No,plaw@liftoff.io,None,None,None,None,global,True
12302733,All exchanges,mmapps.mobile.magnifier,all,2026-05-29,,internal,traffic-quality,Fraudulent apps identified via adhoc analysis: https://docs.google.com/document/d/1-lQ0h3WdTkYkWIO027QYvBxUVF2yRJrMh6-rKZaWeog,No,plaw@liftoff.io,None,None,None,None,global,True
12302733,All exchanges,endless.nightmare.shrine.horror.scary.free.android,all,2026-05-29,,internal,traffic-quality,Fraudulent apps identified via adhoc analysis: https://docs.google.com/document/d/1-lQ0h3WdTkYkWIO027QYvBxUVF2yRJrMh6-rKZaWeog,No,plaw@liftoff.io,None,None,None,None,global,True
12302741,All exchanges,com.sigmateam.alienshootermobile.free,all,2026-05-29,,internal,traffic-quality,"Non-performant apps tied to suspicious Bigo seller IDs
https://docs.google.com/spreadsheets/d/1hy0o3hLjgKEPRYm8tAQA1X8gUphfhikgS3Wb3sd6eJE/edit?gid=63260040#gid=63260040",No,plaw@liftoff.io,None,None,None,None,global,True
12302733,All exchanges,asmr.cleaning.laplace,all,2026-05-29,,internal,traffic-quality,Fraudulent apps identified via adhoc analysis: https://docs.google.com/document/d/1-lQ0h3WdTkYkWIO027QYvBxUVF2yRJrMh6-rKZaWeog,No,plaw@liftoff.io,None,None,None,None,global,True
12302741,All exchanges,com.alp.hovercraft,all,2026-05-29,,internal,traffic-quality,"Non-performant apps tied to suspicious Bigo seller IDs
https://docs.google.com/spreadsheets/d/1hy0o3hLjgKEPRYm8tAQA1X8gUphfhikgS3Wb3sd6eJE/edit?gid=63260040#gid=63260040",No,plaw@liftoff.io,None,None,None,None,global,True
12302741,All exchanges,com.D_one_Games.Spaghetti_Game_3D,all,2026-05-29,,internal,traffic-quality,"Non-performant apps tied to suspicious Bigo seller IDs
https://docs.google.com/spreadsheets/d/1hy0o3hLjgKEPRYm8tAQA1X8gUphfhikgS3Wb3sd6eJE/edit?gid=63260040#gid=63260040",No,plaw@liftoff.io,None,None,None,None,global,True
12302733,All exchanges,com.ig.water.flow,all,2026-05-29,,internal,traffic-quality,Fraudulent apps identified via adhoc analysis: https://docs.google.com/document/d/1-lQ0h3WdTkYkWIO027QYvBxUVF2yRJrMh6-rKZaWeog,No,plaw@liftoff.io,None,None,None,None,global,True
12302741,All exchanges,screentouch.sensitivityrepair,all,2026-05-29,,internal,traffic-quality,"Non-performant apps tied to suspicious Bigo seller IDs
https://docs.google.com/spreadsheets/d/1hy0o3hLjgKEPRYm8tAQA1X8gUphfhikgS3Wb3sd6eJE/edit?gid=63260040#gid=63260040",No,plaw@liftoff.io,None,None,None,None,global,True
12302733,All exchanges,6471549755,all,2026-05-29,,internal,traffic-quality,Fraudulent apps identified via adhoc analysis: https://docs.google.com/document/d/1-lQ0h3WdTkYkWIO027QYvBxUVF2yRJrMh6-rKZaWeog,No,plaw@liftoff.io,None,None,None,None,global,True
12302733,All exchanges,1608313467,all,2026-05-29,,internal,traffic-quality,Fraudulent apps identified via adhoc analysis: https://docs.google.com/document/d/1-lQ0h3WdTkYkWIO027QYvBxUVF2yRJrMh6-rKZaWeog,No,plaw@liftoff.io,None,None,None,None,global,True
12302733,All exchanges,ai.video.photo.animator.face.dance.animation,all,2026-05-29,,internal,traffic-quality,Fraudulent apps identified via adhoc analysis: https://docs.google.com/document/d/1-lQ0h3WdTkYkWIO027QYvBxUVF2yRJrMh6-rKZaWeog,No,plaw@liftoff.io,None,None,None,None,global,True
12302741,All exchanges,com.BaldPanther.MadGran.Scary.Horror.Escape,all,2026-05-29,,internal,traffic-quality,"Non-performant apps tied to suspicious Bigo seller IDs
https://docs.google.com/spreadsheets/d/1hy0o3hLjgKEPRYm8tAQA1X8gUphfhikgS3Wb3sd6eJE/edit?gid=63260040#gid=63260040",No,plaw@liftoff.io,None,None,None,None,global,True
12302733,All exchanges,com.GameCat.SchoolboyEscape,all,2026-05-29,,internal,traffic-quality,Fraudulent apps identified via adhoc analysis: https://docs.google.com/document/d/1-lQ0h3WdTkYkWIO027QYvBxUVF2yRJrMh6-rKZaWeog,No,plaw@liftoff.io,None,None,None,None,global,True
12302733,All exchanges,com.playcharge.shuffle,all,2026-05-29,,internal,traffic-quality,Fraudulent apps identified via adhoc analysis: https://docs.google.com/document/d/1-lQ0h3WdTkYkWIO027QYvBxUVF2yRJrMh6-rKZaWeog,No,plaw@liftoff.io,None,None,None,None,global,True
12302741,All exchanges,com.turborilla.bmx2,all,2026-05-29,,internal,traffic-quality,"Non-performant apps tied to suspicious Bigo seller IDs
https://docs.google.com/spreadsheets/d/1hy0o3hLjgKEPRYm8tAQA1X8gUphfhikgS3Wb3sd6eJE/edit?gid=63260040#gid=63260040",No,plaw@liftoff.io,None,None,None,None,global,True
12302733,All exchanges,com.kuyisi.mahjong.traveler.game,all,2026-05-29,,internal,traffic-quality,Fraudulent apps identified via adhoc analysis: https://docs.google.com/document/d/1-lQ0h3WdTkYkWIO027QYvBxUVF2yRJrMh6-rKZaWeog,No,plaw@liftoff.io,None,None,None,None,global,True
12302733,All exchanges,554067740,all,2026-05-29,,internal,traffic-quality,Fraudulent apps identified via adhoc analysis: https://docs.google.com/document/d/1-lQ0h3WdTkYkWIO027QYvBxUVF2yRJrMh6-rKZaWeog,No,plaw@liftoff.io,None,None,None,None,global,True
12302733,All exchanges,com.cleverside.ballsortpuzzle,all,2026-05-29,,internal,traffic-quality,Fraudulent apps identified via adhoc analysis: https://docs.google.com/document/d/1-lQ0h3WdTkYkWIO027QYvBxUVF2yRJrMh6-rKZaWeog,No,plaw@liftoff.io,None,None,None,None,global,True
12302741,All exchanges,com.LastCall.CarCrashArena,all,2026-05-29,,internal,traffic-quality,"Non-performant apps tied to suspicious Bigo seller IDs
https://docs.google.com/spreadsheets/d/1hy0o3hLjgKEPRYm8tAQA1X8gUphfhikgS3Wb3sd6eJE/edit?gid=63260040#gid=63260040",No,plaw@liftoff.io,None,None,None,None,global,True
12302741,All exchanges,1476429715,all,2026-05-29,,internal,traffic-quality,"Non-performant apps tied to suspicious Bigo seller IDs
https://docs.google.com/spreadsheets/d/1hy0o3hLjgKEPRYm8tAQA1X8gUphfhikgS3Wb3sd6eJE/edit?gid=63260040#gid=63260040",No,plaw@liftoff.io,None,None,None,None,global,True
12302733,All exchanges,mahjongsolitaire.mahjong.solitaire.tile.pair.match,all,2026-05-29,,internal,traffic-quality,Fraudulent apps identified via adhoc analysis: https://docs.google.com/document/d/1-lQ0h3WdTkYkWIO027QYvBxUVF2yRJrMh6-rKZaWeog,No,plaw@liftoff.io,None,None,None,None,global,True
12302733,All exchanges,com.PSVStudio.BarboskinsSkate,all,2026-05-29,,internal,traffic-quality,Fraudulent apps identified via adhoc analysis: https://docs.google.com/document/d/1-lQ0h3WdTkYkWIO027QYvBxUVF2yRJrMh6-rKZaWeog,No,plaw@liftoff.io,None,None,None,None,global,True
12302733,All exchanges,com.watersort.qtgpz084.gp,all,2026-05-29,,internal,traffic-quality,Fraudulent apps identified via adhoc analysis: https://docs.google.com/document/d/1-lQ0h3WdTkYkWIO027QYvBxUVF2yRJrMh6-rKZaWeog,No,plaw@liftoff.io,None,None,None,None,global,True
12302733,All exchanges,1494686273,all,2026-05-29,,internal,traffic-quality,Fraudulent apps identified via adhoc analysis: https://docs.google.com/document/d/1-lQ0h3WdTkYkWIO027QYvBxUVF2yRJrMh6-rKZaWeog,No,plaw@liftoff.io,None,None,None,None,global,True
12302741,All exchanges,com.stardust.tarotscope,all,2026-05-29,,internal,traffic-quality,"Non-performant apps tied to suspicious Bigo seller IDs
https://docs.google.com/spreadsheets/d/1hy0o3hLjgKEPRYm8tAQA1X8gUphfhikgS3Wb3sd6eJE/edit?gid=63260040#gid=63260040",No,plaw@liftoff.io,None,None,None,None,global,True
12302733,All exchanges,1386718098,all,2026-05-29,,internal,traffic-quality,Fraudulent apps identified via adhoc analysis: https://docs.google.com/document/d/1-lQ0h3WdTkYkWIO027QYvBxUVF2yRJrMh6-rKZaWeog,No,plaw@liftoff.io,None,None,None,None,global,True
12302733,All exchanges,1499936245,all,2026-05-29,,internal,traffic-quality,Fraudulent apps identified via adhoc analysis: https://docs.google.com/document/d/1-lQ0h3WdTkYkWIO027QYvBxUVF2yRJrMh6-rKZaWeog,No,plaw@liftoff.io,None,None,None,None,global,True
12302733,All exchanges,big.two.poker.pusoy.dos.capsa.banting.thirteen.multiplayer.game,all,2026-05-29,,internal,traffic-quality,Fraudulent apps identified via adhoc analysis: https://docs.google.com/document/d/1-lQ0h3WdTkYkWIO027QYvBxUVF2yRJrMh6-rKZaWeog,No,plaw@liftoff.io,None,None,None,None,global,True
12302733,All exchanges,6747374502,all,2026-05-29,,internal,traffic-quality,Fraudulent apps identified via adhoc analysis: https://docs.google.com/document/d/1-lQ0h3WdTkYkWIO027QYvBxUVF2yRJrMh6-rKZaWeog,No,plaw@liftoff.io,None,None,None,None,global,True
12302741,All exchanges,6451466693,all,2026-05-29,,internal,traffic-quality,"Non-performant apps tied to suspicious Bigo seller IDs
https://docs.google.com/spreadsheets/d/1hy0o3hLjgKEPRYm8tAQA1X8gUphfhikgS3Wb3sd6eJE/edit?gid=63260040#gid=63260040",No,plaw@liftoff.io,None,None,None,None,global,True
12302741,All exchanges,tepteev.ihar.biblia_takatifu.AOURLCUBZSMVVVVE,all,2026-05-29,,internal,traffic-quality,"Non-performant apps tied to suspicious Bigo seller IDs
https://docs.google.com/spreadsheets/d/1hy0o3hLjgKEPRYm8tAQA1X8gUphfhikgS3Wb3sd6eJE/edit?gid=63260040#gid=63260040",No,plaw@liftoff.io,None,None,None,None,global,True
12302733,All exchanges,6463597943,all,2026-05-29,,internal,traffic-quality,Fraudulent apps identified via adhoc analysis: https://docs.google.com/document/d/1-lQ0h3WdTkYkWIO027QYvBxUVF2yRJrMh6-rKZaWeog,No,plaw@liftoff.io,None,None,None,None,global,True
12302733,All exchanges,6745597750,all,2026-05-29,,internal,traffic-quality,Fraudulent apps identified via adhoc analysis: https://docs.google.com/document/d/1-lQ0h3WdTkYkWIO027QYvBxUVF2yRJrMh6-rKZaWeog,No,plaw@liftoff.io,None,None,None,None,global,True
12302733,All exchanges,6471257321,all,2026-05-29,,internal,traffic-quality,Fraudulent apps identified via adhoc analysis: https://docs.google.com/document/d/1-lQ0h3WdTkYkWIO027QYvBxUVF2yRJrMh6-rKZaWeog,No,plaw@liftoff.io,None,None,None,None,global,True
12302741,All exchanges,com.V.GGames.REC.O.R.D,all,2026-05-29,,internal,traffic-quality,"Non-performant apps tied to suspicious Bigo seller IDs
https://docs.google.com/spreadsheets/d/1hy0o3hLjgKEPRYm8tAQA1X8gUphfhikgS3Wb3sd6eJE/edit?gid=63260040#gid=63260040",No,plaw@liftoff.io,None,None,None,None,global,True
12302733,All exchanges,com.sh.boba.recipe.drink.bubble.tea,all,2026-05-29,,internal,traffic-quality,Fraudulent apps identified via adhoc analysis: https://docs.google.com/document/d/1-lQ0h3WdTkYkWIO027QYvBxUVF2yRJrMh6-rKZaWeog,No,plaw@liftoff.io,None,None,None,None,global,True
12302733,All exchanges,after.dark.game,all,2026-05-29,,internal,traffic-quality,Fraudulent apps identified via adhoc analysis: https://docs.google.com/document/d/1-lQ0h3WdTkYkWIO027QYvBxUVF2yRJrMh6-rKZaWeog,No,plaw@liftoff.io,None,None,None,None,global,True
12302733,All exchanges,6450400097,all,2026-05-29,,internal,traffic-quality,Fraudulent apps identified via adhoc analysis: https://docs.google.com/document/d/1-lQ0h3WdTkYkWIO027QYvBxUVF2yRJrMh6-rKZaWeog,No,plaw@liftoff.io,None,None,None,None,global,True
12302733,All exchanges,com.icegame.fruitlink,all,2026-05-29,,internal,traffic-quality,Fraudulent apps identified via adhoc analysis: https://docs.google.com/document/d/1-lQ0h3WdTkYkWIO027QYvBxUVF2yRJrMh6-rKZaWeog,No,plaw@liftoff.io,None,None,None,None,global,True
12302733,All exchanges,com.smart.switch.copy.all.data.phoneclone,all,2026-05-29,,internal,traffic-quality,Fraudulent apps identified via adhoc analysis: https://docs.google.com/document/d/1-lQ0h3WdTkYkWIO027QYvBxUVF2yRJrMh6-rKZaWeog,No,plaw@liftoff.io,None,None,None,None,global,True
12302733,All exchanges,com.xvideostudio.videodownload,all,2026-05-29,,internal,traffic-quality,Fraudulent apps identified via adhoc analysis: https://docs.google.com/document/d/1-lQ0h3WdTkYkWIO027QYvBxUVF2yRJrMh6-rKZaWeog,No,plaw@liftoff.io,None,None,None,None,global,True
12302733,All exchanges,6743643018,all,2026-05-29,,internal,traffic-quality,Fraudulent apps identified via adhoc analysis: https://docs.google.com/document/d/1-lQ0h3WdTkYkWIO027QYvBxUVF2yRJrMh6-rKZaWeog,No,plaw@liftoff.io,None,None,None,None,global,True
12302733,All exchanges,com.psv.lol.surprise.kids_shopping_mall,all,2026-05-29,,internal,traffic-quality,Fraudulent apps identified via adhoc analysis: https://docs.google.com/document/d/1-lQ0h3WdTkYkWIO027QYvBxUVF2yRJrMh6-rKZaWeog,No,plaw@liftoff.io,None,None,None,None,global,True
12302733,All exchanges,6480020380,all,2026-05-29,,internal,traffic-quality,Fraudulent apps identified via adhoc analysis: https://docs.google.com/document/d/1-lQ0h3WdTkYkWIO027QYvBxUVF2yRJrMh6-rKZaWeog,No,plaw@liftoff.io,None,None,None,None,global,True
12302733,All exchanges,com.traveler.journey,all,2026-05-29,,internal,traffic-quality,Fraudulent apps identified via adhoc analysis: https://docs.google.com/document/d/1-lQ0h3WdTkYkWIO027QYvBxUVF2yRJrMh6-rKZaWeog,No,plaw@liftoff.io,None,None,None,None,global,True
12302741,All exchanges,1075567730,all,2026-05-29,,internal,traffic-quality,"Non-performant apps tied to suspicious Bigo seller IDs
https://docs.google.com/spreadsheets/d/1hy0o3hLjgKEPRYm8tAQA1X8gUphfhikgS3Wb3sd6eJE/edit?gid=63260040#gid=63260040",No,plaw@liftoff.io,None,None,None,None,global,True
12302733,All exchanges,623158699,all,2026-05-29,,internal,traffic-quality,Fraudulent apps identified via adhoc analysis: https://docs.google.com/document/d/1-lQ0h3WdTkYkWIO027QYvBxUVF2yRJrMh6-rKZaWeog,No,plaw@liftoff.io,None,None,None,None,global,True
12302741,All exchanges,com.keplerians.icescream4,all,2026-05-29,,internal,traffic-quality,"Non-performant apps tied to suspicious Bigo seller IDs
https://docs.google.com/spreadsheets/d/1hy0o3hLjgKEPRYm8tAQA1X8gUphfhikgS3Wb3sd6eJE/edit?gid=63260040#gid=63260040",No,plaw@liftoff.io,None,None,None,None,global,True
12302733,All exchanges,com.hw.pixel.shoot.master,all,2026-05-29,,internal,traffic-quality,Fraudulent apps identified via adhoc analysis: https://docs.google.com/document/d/1-lQ0h3WdTkYkWIO027QYvBxUVF2yRJrMh6-rKZaWeog,No,plaw@liftoff.io,None,None,None,None,global,True
12302741,All exchanges,phone.clone.forall.android.fast.switchphone,all,2026-05-29,,internal,traffic-quality,"Non-performant apps tied to suspicious Bigo seller IDs
https://docs.google.com/spreadsheets/d/1hy0o3hLjgKEPRYm8tAQA1X8gUphfhikgS3Wb3sd6eJE/edit?gid=63260040#gid=63260040",No,plaw@liftoff.io,None,None,None,None,global,True
12302733,All exchanges,com.WetBox.Kuzbass,all,2026-05-29,,internal,traffic-quality,Fraudulent apps identified via adhoc analysis: https://docs.google.com/document/d/1-lQ0h3WdTkYkWIO027QYvBxUVF2yRJrMh6-rKZaWeog,No,plaw@liftoff.io,None,None,None,None,global,True
12302733,All exchanges,6739537711,all,2026-05-29,,internal,traffic-quality,Fraudulent apps identified via adhoc analysis: https://docs.google.com/document/d/1-lQ0h3WdTkYkWIO027QYvBxUVF2yRJrMh6-rKZaWeog,No,plaw@liftoff.io,None,None,None,None,global,True
12302741,All exchanges,6615081560,all,2026-05-29,,internal,traffic-quality,"Non-performant apps tied to suspicious Bigo seller IDs
https://docs.google.com/spreadsheets/d/1hy0o3hLjgKEPRYm8tAQA1X8gUphfhikgS3Wb3sd6eJE/edit?gid=63260040#gid=63260040",No,plaw@liftoff.io,None,None,None,None,global,True
12302741,All exchanges,ru.egoroffsoft.kinoscreen,all,2026-05-29,,internal,traffic-quality,"Non-performant apps tied to suspicious Bigo seller IDs
https://docs.google.com/spreadsheets/d/1hy0o3hLjgKEPRYm8tAQA1X8gUphfhikgS3Wb3sd6eJE/edit?gid=63260040#gid=63260040",No,plaw@liftoff.io,None,None,None,None,global,True
12302741,All exchanges,nextbot.backrooms.shooter.two,all,2026-05-29,,internal,traffic-quality,"Non-performant apps tied to suspicious Bigo seller IDs
https://docs.google.com/spreadsheets/d/1hy0o3hLjgKEPRYm8tAQA1X8gUphfhikgS3Wb3sd6eJE/edit?gid=63260040#gid=63260040",No,plaw@liftoff.io,None,None,None,None,global,True
12302733,All exchanges,nextbot.backrooms.shooter.two,all,2026-05-29,,internal,traffic-quality,Fraudulent apps identified via adhoc analysis: https://docs.google.com/document/d/1-lQ0h3WdTkYkWIO027QYvBxUVF2yRJrMh6-rKZaWeog,No,plaw@liftoff.io,None,None,None,None,global,True
12302733,All exchanges,com.vectorlabzlimited.nut.sort.color.match3d,all,2026-05-29,,internal,traffic-quality,Fraudulent apps identified via adhoc analysis: https://docs.google.com/document/d/1-lQ0h3WdTkYkWIO027QYvBxUVF2yRJrMh6-rKZaWeog,No,plaw@liftoff.io,None,None,None,None,global,True
12302741,All exchanges,6450622838,all,2026-05-29,,internal,traffic-quality,"Non-performant apps tied to suspicious Bigo seller IDs
https://docs.google.com/spreadsheets/d/1hy0o3hLjgKEPRYm8tAQA1X8gUphfhikgS3Wb3sd6eJE/edit?gid=63260040#gid=63260040",No,plaw@liftoff.io,None,None,None,None,global,True
12302741,All exchanges,kitchen.digital.weight.scales.helper.recipebook,all,2026-05-29,,internal,traffic-quality,"Non-performant apps tied to suspicious Bigo seller IDs
https://docs.google.com/spreadsheets/d/1hy0o3hLjgKEPRYm8tAQA1X8gUphfhikgS3Wb3sd6eJE/edit?gid=63260040#gid=63260040",No,plaw@liftoff.io,None,None,None,None,global,True
12302733,All exchanges,1526599527,all,2026-05-29,,internal,traffic-quality,Fraudulent apps identified via adhoc analysis: https://docs.google.com/document/d/1-lQ0h3WdTkYkWIO027QYvBxUVF2yRJrMh6-rKZaWeog,No,plaw@liftoff.io,None,None,None,None,global,True
12302733,All exchanges,1624660874,all,2026-05-29,,internal,traffic-quality,Fraudulent apps identified via adhoc analysis: https://docs.google.com/document/d/1-lQ0h3WdTkYkWIO027QYvBxUVF2yRJrMh6-rKZaWeog,No,plaw@liftoff.io,None,None,None,None,global,True
12302733,All exchanges,ninja.hunt.sniper.agent.action.free.android,all,2026-05-29,,internal,traffic-quality,Fraudulent apps identified via adhoc analysis: https://docs.google.com/document/d/1-lQ0h3WdTkYkWIO027QYvBxUVF2yRJrMh6-rKZaWeog,No,plaw@liftoff.io,None,None,None,None,global,True
12302733,All exchanges,1584343172,all,2026-05-29,,internal,traffic-quality,Fraudulent apps identified via adhoc analysis: https://docs.google.com/document/d/1-lQ0h3WdTkYkWIO027QYvBxUVF2yRJrMh6-rKZaWeog,No,plaw@liftoff.io,None,None,None,None,global,True
12302733,All exchanges,1075567730,all,2026-05-29,,internal,traffic-quality,Fraudulent apps identified via adhoc analysis: https://docs.google.com/document/d/1-lQ0h3WdTkYkWIO027QYvBxUVF2yRJrMh6-rKZaWeog,No,plaw@liftoff.io,None,None,None,None,global,True
12302733,All exchanges,6753225145,all,2026-05-29,,internal,traffic-quality,Fraudulent apps identified via adhoc analysis: https://docs.google.com/document/d/1-lQ0h3WdTkYkWIO027QYvBxUVF2yRJrMh6-rKZaWeog,No,plaw@liftoff.io,None,None,None,None,global,True
12302733,All exchanges,1329183062,all,2026-05-29,,internal,traffic-quality,Fraudulent apps identified via adhoc analysis: https://docs.google.com/document/d/1-lQ0h3WdTkYkWIO027QYvBxUVF2yRJrMh6-rKZaWeog,No,plaw@liftoff.io,None,None,None,None,global,True
12302733,All exchanges,1559784375,all,2026-05-29,,internal,traffic-quality,Fraudulent apps identified via adhoc analysis: https://docs.google.com/document/d/1-lQ0h3WdTkYkWIO027QYvBxUVF2yRJrMh6-rKZaWeog,No,plaw@liftoff.io,None,None,None,None,global,True
12302733,All exchanges,com.PSVStudio.LuntikMinigames,all,2026-05-29,,internal,traffic-quality,Fraudulent apps identified via adhoc analysis: https://docs.google.com/document/d/1-lQ0h3WdTkYkWIO027QYvBxUVF2yRJrMh6-rKZaWeog,No,plaw@liftoff.io,None,None,None,None,global,True
12302733,All exchanges,com.gpscamera.map.location.geotagphoto,all,2026-05-29,,internal,traffic-quality,Fraudulent apps identified via adhoc analysis: https://docs.google.com/document/d/1-lQ0h3WdTkYkWIO027QYvBxUVF2yRJrMh6-rKZaWeog,No,plaw@liftoff.io,None,None,None,None,global,True
12302741,All exchanges,1584343172,all,2026-05-29,,internal,traffic-quality,"Non-performant apps tied to suspicious Bigo seller IDs
https://docs.google.com/spreadsheets/d/1hy0o3hLjgKEPRYm8tAQA1X8gUphfhikgS3Wb3sd6eJE/edit?gid=63260040#gid=63260040",No,plaw@liftoff.io,None,None,None,None,global,True
12302733,All exchanges,com.extbel.BusinessBillionaireEmpire,all,2026-05-29,,internal,traffic-quality,Fraudulent apps identified via adhoc analysis: https://docs.google.com/document/d/1-lQ0h3WdTkYkWIO027QYvBxUVF2yRJrMh6-rKZaWeog,No,plaw@liftoff.io,None,None,None,None,global,True
12302733,All exchanges,6503622930,all,2026-05-29,,internal,traffic-quality,Fraudulent apps identified via adhoc analysis: https://docs.google.com/document/d/1-lQ0h3WdTkYkWIO027QYvBxUVF2yRJrMh6-rKZaWeog,No,plaw@liftoff.io,None,None,None,None,global,True
12302733,All exchanges,com.mgc.crime.santa,all,2026-05-29,,internal,traffic-quality,Fraudulent apps identified via adhoc analysis: https://docs.google.com/document/d/1-lQ0h3WdTkYkWIO027QYvBxUVF2yRJrMh6-rKZaWeog,No,plaw@liftoff.io,None,None,None,None,global,True
12304589,All exchanges,6767201123,all,2026-05-30,2026-06-30,internal,traffic-quality,View Master Click Signals ABL,Yes,-,None,None,None,None,global,False
12311053,All exchanges,live.earth.map.gps.satellite.track,all,2026-05-31,2026-06-30,internal,traffic-quality,View Master Click Signals ABL,Yes,-,None,None,None,None,global,False
12317922,All exchanges,com.bestringtoneappsinc.oldphoneringtones,all,2026-06-01,2026-07-01,internal,traffic-quality,View Master Click Signals ABL,Yes,-,None,None,None,None,global,False
12322228,All exchanges,902582006,all,2026-06-01,2026-07-01,internal,traffic-quality,High new device and cellular mismatch rate ABL,Yes,-,None,None,None,None,global,False
12342867,All exchanges,6768257680,all,2026-06-03,2026-07-03,internal,traffic-quality,View Master Click Signals ABL,Yes,-,None,None,None,None,global,False
12361392,All exchanges,1518953204,all,2026-06-04,2026-07-04,internal,traffic-quality,View Master Click Signals ABL,Yes,-,None,None,None,None,global,False
12388503,All exchanges,6746846920,all,2026-06-05,2026-07-05,internal,traffic-quality,High new device and cellular mismatch rate ABL,Yes,-,None,None,None,None,global,False
12388504,All exchanges,6461165891,all,2026-06-05,2026-07-05,internal,traffic-quality,High new device and cellular mismatch rate ABL,Yes,-,None,None,None,None,global,False
12402323,All exchanges,1034155669,all,2026-06-06,2026-07-06,internal,traffic-quality,High new device and cellular mismatch rate ABL,Yes,-,None,None,None,None,global,False
12397695,All exchanges,6772092429,all,2026-06-06,2026-07-06,internal,traffic-quality,View Master Click Signals ABL,Yes,-,None,None,None,None,global,False
12407011,All exchanges,6476254307,all,2026-06-07,2026-07-07,internal,traffic-quality,High new device and cellular mismatch rate ABL,Yes,-,None,None,None,None,global,False
12414623,All exchanges,1559376500,all,2026-06-08,2026-07-08,internal,traffic-quality,High new device and cellular mismatch rate ABL,Yes,-,None,None,None,None,global,False
12417467,All exchanges,com.rocks.music.videoplayer,all,2026-06-09,2026-07-09,internal,traffic-quality,View Master Click Signals ABL,Yes,-,None,None,None,None,global,False
12442204,All exchanges,1614068540,all,2026-06-11,2026-07-11,internal,traffic-quality,View Master Click Signals ABL,Yes,-,None,None,None,None,global,False
12442200,All exchanges,com.topnewgames.bus.driving.games.free,all,2026-06-11,2026-07-11,internal,traffic-quality,View Master Click Signals ABL,Yes,-,None,None,None,None,global,False
12461691,VUNGLE,6772915615,all,2026-06-12,2026-06-26,internal,traffic-quality,Spend gate source app <> exchange ABL,Yes,-,None,None,None,None,global,False
12461672,VUNGLE,6764254658,all,2026-06-12,2026-06-26,internal,traffic-quality,Spend gate source app <> exchange ABL,Yes,-,None,None,None,None,global,False
12462165,VUNGLE,com.qr.code.scanner.barcode.reader.qrcodescanner,all,2026-06-12,2026-06-26,internal,traffic-quality,Spend gate source app <> exchange ABL hourly,Yes,-,None,None,None,None,global,False
12479980,VUNGLE,6744863908,all,2026-06-13,2026-06-27,internal,traffic-quality,Spend gate source app <> exchange ABL,Yes,-,None,None,None,None,global,False
12535583,VUNGLE,com.rovio.smalltownmurders,all,2026-06-14,2026-06-28,internal,traffic-quality,Spend gate source app <> exchange ABL,Yes,-,None,None,None,None,global,False
12536468,VUNGLE,1599937506,all,2026-06-14,2026-06-28,internal,traffic-quality,Spend gate source app <> exchange ABL hourly,Yes,-,None,None,None,None,global,False
12535611,VUNGLE,play.roshka.holefill,all,2026-06-14,2026-06-28,internal,traffic-quality,Spend gate source app <> exchange ABL,Yes,-,None,None,None,None,global,False
12544834,All exchanges,6477595528,all,2026-06-15,2026-07-15,internal,traffic-quality,View Master Click Signals ABL,Yes,-,None,None,None,None,global,False
12674075,All exchanges,com.primexvpn.primexvpn.fastvpn.app,all,2026-06-18,2026-07-18,internal,traffic-quality,View Master Click Signals ABL,Yes,-,None,None,None,None,global,False
12674063,All exchanges,com.vd.aether.downloader,all,2026-06-18,2026-07-18,internal,traffic-quality,View Master Click Signals ABL,Yes,-,None,None,None,None,global,False
12783186,VUNGLE,1045982280,all,2026-06-19,2026-07-03,internal,traffic-quality,Spend gate source app <> exchange ABL hourly,Yes,-,None,None,None,None,global,False
12788199,VUNGLE,1483457500,all,2026-06-19,2026-07-03,internal,traffic-quality,Spend gate source app <> exchange ABL hourly,Yes,-,None,None,None,None,global,False
12930199,All exchanges,uk.co.highapp.map.gps.radar,all,2026-06-20,2026-07-20,internal,traffic-quality,View Master Click Signals ABL,Yes,-,None,None,None,None,global,False
12984846,VUNGLE,6740766965,all,2026-06-20,2026-07-04,internal,traffic-quality,Spend gate source app <> exchange ABL hourly,Yes,-,None,None,None,None,global,False
13036979,All exchanges,nati.toallasrud.vedu,all,2026-06-21,2026-06-28,internal,traffic-quality,Android US Install gate,Yes,-,None,None,None,None,global,False
13036668,VUNGLE,com.kkgames.idleswordmaster,all,2026-06-21,2026-07-05,internal,traffic-quality,Spend gate source app <> exchange ABL,Yes,-,None,None,None,None,global,False
13036980,All exchanges,nati.toallasrud.vedu,all,2026-06-21,2026-06-28,internal,traffic-quality,Android US Install gate,Yes,-,None,None,None,None,global,False
13036989,All exchanges,com.camerasideas.instashot,all,2026-06-21,2026-06-28,internal,traffic-quality,Android US Install gate,Yes,-,None,None,None,None,global,False
13034622,All exchanges,com.fpl.car.race,all,2026-06-21,2026-07-21,internal,traffic-quality,View Master Click Signals ABL,Yes,-,None,None,None,None,global,False
13036990,All exchanges,com.camerasideas.instashot,all,2026-06-21,2026-06-28,internal,traffic-quality,Android US Install gate,Yes,-,None,None,None,None,global,False
13077952,All exchanges,com.vd.video.downloader.fv,all,2026-06-22,2026-07-22,internal,traffic-quality,View Master Click Signals ABL,Yes,-,None,None,None,None,global,False
13080351,VUNGLE,6748637350,all,2026-06-22,2026-07-06,internal,traffic-quality,Spend gate source app <> exchange ABL hourly,Yes,-,None,None,None,None,global,False
13080289,VUNGLE,6761116576,all,2026-06-22,2026-07-06,internal,traffic-quality,Spend gate source app <> exchange ABL,Yes,-,None,None,None,None,global,False
13080282,VUNGLE,com.apperfun.hub,all,2026-06-22,2026-07-06,internal,traffic-quality,Spend gate source app <> exchange ABL,Yes,-,None,None,None,None,global,False
13088451,All exchanges,piano.music.pop.tiles.game.beat.boom,all,2026-06-23,2026-07-23,internal,traffic-quality,View Master Click Signals ABL,Yes,-,None,None,None,None,global,False
13088475,All exchanges,com.pdf.reader.viewer.document.app,all,2026-06-23,2026-07-23,internal,traffic-quality,View Master Click Signals ABL,Yes,-,None,None,None,None,global,False
13123993,VUNGLE,6741471925,all,2026-06-23,2026-07-07,internal,traffic-quality,Spend gate source app <> exchange ABL hourly,Yes,-,None,None,None,None,global,False
13243808,VUNGLE,440045374,all,2026-06-24,2026-07-08,internal,traffic-quality,Spend gate source app <> exchange ABL hourly,Yes,-,None,None,None,None,global,False
13200890,VUNGLE,1477775889,all,2026-06-24,2026-07-08,internal,traffic-quality,Spend gate source app <> exchange ABL hourly,Yes,-,None,None,None,None,global,False
3624,All exchanges,com.scorp.who,all,2019-06-07,,internal,traffic-quality,Very dodgy app. Nearly 100% engagement injection rejection from Adjust,No,matt.johnson@liftoff.io,None,None,None,None,global,True
4061,All exchanges,com.p1.chompsms,all,2019-11-20,,internal,brand,Reverted 3998,No,andry@liftoff.io,None,None,None,None,global,True
513015,All exchanges,com.zebrack,all,2023-10-20,,internal,misc,COGS Savings,No,matt.johnson@liftoff.io,None,None,None,None,global,True
6637092,All exchanges,6468482482,all,2024-06-24,,internal,traffic-quality,Source app 6468482482 (Rune Mage 2) violated UDS key fraud rule as App fraud. It was auto blocked by spend threshold.,No,-,None,None,None,None,global,True
8299290,All exchanges,solitaire.jigsaw.puzzle.design.artgallery.home.decorate.klondike,all,2025-02-04,,internal,traffic-quality,"Fraudulent apps: Poor ROAS (<5%), high spend DV IVT, high reject rates, low RPI / high % easy target events",No,plaw@liftoff.io,None,None,None,None,global,True
8299290,All exchanges,com.xilli.collagemaker.photoeffects.photoeditor,all,2025-02-04,,internal,traffic-quality,"Fraudulent apps: Poor ROAS (<5%), high spend DV IVT, high reject rates, low RPI / high % easy target events",No,plaw@liftoff.io,None,None,None,None,global,True
8743144,All exchanges,com.lite.tera.iplayerbox,all,2025-07-04,,internal,traffic-quality,Human security flagged apps Jul 2025,No,matt.johnson@liftoff.io,None,None,None,None,global,True
8756113,All exchanges,com.yg.balls.parkour,all,2025-07-09,,internal,traffic-quality,Fraudulent Developers ABL,Yes,-,None,None,None,None,global,True
8756131,All exchanges,com.yg.toys.games,all,2025-07-09,,internal,traffic-quality,Fraudulent Developers ABL,Yes,-,None,None,None,None,global,True
8790961,All exchanges,com.gems.block.surprise,all,2025-07-30,,internal,traffic-quality,Fraudulent Developers ABL,Yes,-,None,None,None,None,global,True
8790892,All exchanges,com.king.kingdom.final,all,2025-07-30,,internal,traffic-quality,Fraudulent Developers ABL,Yes,-,None,None,None,None,global,True
8790817,All exchanges,6448167959,all,2025-07-30,,internal,traffic-quality,Fraudulent Developers ABL,Yes,-,None,None,None,None,global,True
10391092,All exchanges,com.rayole.games.knife.ninja,all,2025-11-25,,internal,traffic-quality,Fraudulent Developers ABL,Yes,-,None,None,None,None,global,True
10877481,VUNGLE,1571972385,all,2026-01-22,,internal,traffic-quality,Anomaly rejections,No,plaw@liftoff.io,None,None,None,None,global,True
11508493,All exchanges,com.ballgame.bubble.shooter.puzzle.free,all,2026-03-26,,internal,traffic-quality,"Fraudulent bundles
https://liftoffio.slack.com/archives/C02QR6T98SU/p1774378444334859?thread_ts=1774282238.086299&cid=C02QR6T98SU",No,plaw@liftoff.io,None,None,None,None,global,True
11508493,All exchanges,com.novamahjong.puzzlegame,all,2026-03-26,,internal,traffic-quality,"Fraudulent bundles
https://liftoffio.slack.com/archives/C02QR6T98SU/p1774378444334859?thread_ts=1774282238.086299&cid=C02QR6T98SU",No,plaw@liftoff.io,None,None,None,None,global,True
11508493,All exchanges,com.digi_trade_new,all,2026-03-26,,internal,traffic-quality,"Fraudulent bundles
https://liftoffio.slack.com/archives/C02QR6T98SU/p1774378444334859?thread_ts=1774282238.086299&cid=C02QR6T98SU",No,plaw@liftoff.io,None,None,None,None,global,True
11508493,All exchanges,com.story.blast.video.play,all,2026-03-26,,internal,traffic-quality,"Fraudulent bundles
https://liftoffio.slack.com/archives/C02QR6T98SU/p1774378444334859?thread_ts=1774282238.086299&cid=C02QR6T98SU",No,plaw@liftoff.io,None,None,None,None,global,True
11508493,All exchanges,com.paddlegamer.luckyscrewsort,all,2026-03-26,,internal,traffic-quality,"Fraudulent bundles
https://liftoffio.slack.com/archives/C02QR6T98SU/p1774378444334859?thread_ts=1774282238.086299&cid=C02QR6T98SU",No,plaw@liftoff.io,None,None,None,None,global,True
11508493,All exchanges,com.fusionmind.tocalifeworld,all,2026-03-26,,internal,traffic-quality,"Fraudulent bundles
https://liftoffio.slack.com/archives/C02QR6T98SU/p1774378444334859?thread_ts=1774282238.086299&cid=C02QR6T98SU",No,plaw@liftoff.io,None,None,None,None,global,True
11508493,All exchanges,com.goldreels.cashdrama,all,2026-03-26,,internal,traffic-quality,"Fraudulent bundles
https://liftoffio.slack.com/archives/C02QR6T98SU/p1774378444334859?thread_ts=1774282238.086299&cid=C02QR6T98SU",No,plaw@liftoff.io,None,None,None,None,global,True
11508493,All exchanges,com.tsixfiv.blockgp,all,2026-03-26,,internal,traffic-quality,"Fraudulent bundles
https://liftoffio.slack.com/archives/C02QR6T98SU/p1774378444334859?thread_ts=1774282238.086299&cid=C02QR6T98SU",No,plaw@liftoff.io,None,None,None,None,global,True
11508493,All exchanges,com.luckypaw.bingowheel.cashpanda.fun,all,2026-03-26,,internal,traffic-quality,"Fraudulent bundles
https://liftoffio.slack.com/archives/C02QR6T98SU/p1774378444334859?thread_ts=1774282238.086299&cid=C02QR6T98SU",No,plaw@liftoff.io,None,None,None,None,global,True
11508493,All exchanges,com.kokoj.pusherpopquest,all,2026-03-26,,internal,traffic-quality,"Fraudulent bundles
https://liftoffio.slack.com/archives/C02QR6T98SU/p1774378444334859?thread_ts=1774282238.086299&cid=C02QR6T98SU",No,plaw@liftoff.io,None,None,None,None,global,True
11594877,All exchanges,com.Hadiz.Pillowchase,all,2026-03-30,,internal,traffic-quality,Poor quality apps / malware discovered when unblocking sources for TEMU,No,matt.johnson@liftoff.io,None,None,None,None,global,True
11594877,All exchanges,com.hd.live.wallpaper.hd.parallax,all,2026-03-30,,internal,traffic-quality,Poor quality apps / malware discovered when unblocking sources for TEMU,No,matt.johnson@liftoff.io,None,None,None,None,global,True
11657675,All exchanges,6760768086,all,2026-04-01,,internal,traffic-quality,Fraudulent Developers ABL,Yes,-,None,None,None,None,global,True
11708572,VUNGLE,6758730791,all,2026-04-06,2026-07-05,internal,traffic-quality,Exchange level install farming ABL,Yes,-,None,None,None,None,global,False
11751247,VUNGLE,6757535132,all,2026-04-11,2026-07-10,internal,traffic-quality,Exchange level install farming ABL,Yes,-,None,None,None,None,global,False
11764463,All exchanges,com.gamehouse.tx,all,2026-04-13,,internal,traffic-quality,High UUIDv4 noncompliance (Malformed GAID investigation),No,matt.johnson@liftoff.io,None,None,None,None,global,True
11764463,All exchanges,com.brainy.prankster.puzzle,all,2026-04-13,,internal,traffic-quality,High UUIDv4 noncompliance (Malformed GAID investigation),No,matt.johnson@liftoff.io,None,None,None,None,global,True
11785833,All exchanges,com.vivo.magazine,all,2026-04-16,,internal,traffic-quality,Suspicious / fraudulent app,No,plaw@liftoff.io,None,None,None,None,global,True
11803065,All exchanges,1070462618,all,2026-04-20,,internal,traffic-quality,Source app 1070462618 (Hero Emblems II) violated UDS key fraud rule as App fraud. It was auto blocked by spend threshold.,No,-,None,None,None,None,global,True
11972167,VUNGLE,1620131885,all,2026-05-07,,internal,traffic-quality,"High user CTR + poor d7 ROAS
notes: removed managed pubs: 805603214, com.lordix.addonsforminecraftpe, jp.ponta.myponta (prior id: 10912556)",No,matt.johnson@liftoff.io,None,None,None,None,global,True
11972167,VUNGLE,brokenscreenprank.crackedscreen.prankapp.pranksounds,all,2026-05-07,,internal,traffic-quality,"High user CTR + poor d7 ROAS
notes: removed managed pubs: 805603214, com.lordix.addonsforminecraftpe, jp.ponta.myponta (prior id: 10912556)",No,matt.johnson@liftoff.io,None,None,None,None,global,True
11972167,VUNGLE,eu.bandainamcoent.mytamagotchiforever,all,2026-05-07,,internal,traffic-quality,"High user CTR + poor d7 ROAS
notes: removed managed pubs: 805603214, com.lordix.addonsforminecraftpe, jp.ponta.myponta (prior id: 10912556)",No,matt.johnson@liftoff.io,None,None,None,None,global,True
11972167,VUNGLE,974135847,all,2026-05-07,,internal,traffic-quality,"High user CTR + poor d7 ROAS
notes: removed managed pubs: 805603214, com.lordix.addonsforminecraftpe, jp.ponta.myponta (prior id: 10912556)",No,matt.johnson@liftoff.io,None,None,None,None,global,True
11972167,VUNGLE,408841149,all,2026-05-07,,internal,traffic-quality,"High user CTR + poor d7 ROAS
notes: removed managed pubs: 805603214, com.lordix.addonsforminecraftpe, jp.ponta.myponta (prior id: 10912556)",No,matt.johnson@liftoff.io,None,None,None,None,global,True
12218033,All exchanges,net.bat.store,all,2026-05-21,,internal,traffic-quality,"Transsion OEM bloatware, Secure-D flagged, shell company structure",No,plaw@liftoff.io,None,None,None,None,global,True
12261190,All exchanges,com.Alxbear.MakeUpRefreshYourself,all,2026-05-26,2026-06-26,internal,traffic-quality,View Master Click Signals ABL,Yes,-,None,None,None,None,global,False
12261189,All exchanges,games.joker.pisticlub,all,2026-05-26,2026-06-26,internal,traffic-quality,View Master Click Signals ABL,Yes,-,None,None,None,None,global,False
12269145,All exchanges,com.royal.king.rescue,all,2026-05-27,2026-06-27,internal,traffic-quality,View Master Click Signals ABL,Yes,-,None,None,None,None,global,False
12281927,All exchanges,com.szckhd.jwgly.azvn,all,2026-05-28,2026-06-28,internal,traffic-quality,View Master Click Signals ABL,Yes,-,None,None,None,None,global,False
12302733,All exchanges,de.nullzwoapps.app.dynamo,all,2026-05-29,,internal,traffic-quality,Fraudulent apps identified via adhoc analysis: https://docs.google.com/document/d/1-lQ0h3WdTkYkWIO027QYvBxUVF2yRJrMh6-rKZaWeog,No,plaw@liftoff.io,None,None,None,None,global,True
12302733,All exchanges,1664439556,all,2026-05-29,,internal,traffic-quality,Fraudulent apps identified via adhoc analysis: https://docs.google.com/document/d/1-lQ0h3WdTkYkWIO027QYvBxUVF2yRJrMh6-rKZaWeog,No,plaw@liftoff.io,None,None,None,None,global,True
12302733,All exchanges,1638860459,all,2026-05-29,,internal,traffic-quality,Fraudulent apps identified via adhoc analysis: https://docs.google.com/document/d/1-lQ0h3WdTkYkWIO027QYvBxUVF2yRJrMh6-rKZaWeog,No,plaw@liftoff.io,None,None,None,None,global,True
12302733,All exchanges,6458741147,all,2026-05-29,,internal,traffic-quality,Fraudulent apps identified via adhoc analysis: https://docs.google.com/document/d/1-lQ0h3WdTkYkWIO027QYvBxUVF2yRJrMh6-rKZaWeog,No,plaw@liftoff.io,None,None,None,None,global,True
12302741,All exchanges,6502976033,all,2026-05-29,,internal,traffic-quality,"Non-performant apps tied to suspicious Bigo seller IDs
https://docs.google.com/spreadsheets/d/1hy0o3hLjgKEPRYm8tAQA1X8gUphfhikgS3Wb3sd6eJE/edit?gid=63260040#gid=63260040",No,plaw@liftoff.io,None,None,None,None,global,True
12302733,All exchanges,6480590877,all,2026-05-29,,internal,traffic-quality,Fraudulent apps identified via adhoc analysis: https://docs.google.com/document/d/1-lQ0h3WdTkYkWIO027QYvBxUVF2yRJrMh6-rKZaWeog,No,plaw@liftoff.io,None,None,None,None,global,True
12302741,All exchanges,com.stickman.killer.backflip,all,2026-05-29,,internal,traffic-quality,"Non-performant apps tied to suspicious Bigo seller IDs
https://docs.google.com/spreadsheets/d/1hy0o3hLjgKEPRYm8tAQA1X8gUphfhikgS3Wb3sd6eJE/edit?gid=63260040#gid=63260040",No,plaw@liftoff.io,None,None,None,None,global,True
12302733,All exchanges,ru.caravangames.BonVoyage,all,2026-05-29,,internal,traffic-quality,Fraudulent apps identified via adhoc analysis: https://docs.google.com/document/d/1-lQ0h3WdTkYkWIO027QYvBxUVF2yRJrMh6-rKZaWeog,No,plaw@liftoff.io,None,None,None,None,global,True
12302741,All exchanges,1365548683,all,2026-05-29,,internal,traffic-quality,"Non-performant apps tied to suspicious Bigo seller IDs
https://docs.google.com/spreadsheets/d/1hy0o3hLjgKEPRYm8tAQA1X8gUphfhikgS3Wb3sd6eJE/edit?gid=63260040#gid=63260040",No,plaw@liftoff.io,None,None,None,None,global,True
12302733,All exchanges,1579627034,all,2026-05-29,,internal,traffic-quality,Fraudulent apps identified via adhoc analysis: https://docs.google.com/document/d/1-lQ0h3WdTkYkWIO027QYvBxUVF2yRJrMh6-rKZaWeog,No,plaw@liftoff.io,None,None,None,None,global,True
12302741,All exchanges,com.hkapps.sealdownloader,all,2026-05-29,,internal,traffic-quality,"Non-performant apps tied to suspicious Bigo seller IDs
https://docs.google.com/spreadsheets/d/1hy0o3hLjgKEPRYm8tAQA1X8gUphfhikgS3Wb3sd6eJE/edit?gid=63260040#gid=63260040",No,plaw@liftoff.io,None,None,None,None,global,True
12302733,All exchanges,games.my.sniper.wild.hunting,all,2026-05-29,,internal,traffic-quality,Fraudulent apps identified via adhoc analysis: https://docs.google.com/document/d/1-lQ0h3WdTkYkWIO027QYvBxUVF2yRJrMh6-rKZaWeog,No,plaw@liftoff.io,None,None,None,None,global,True
12302733,All exchanges,com.FailGames.RealCarCrash,all,2026-05-29,,internal,traffic-quality,Fraudulent apps identified via adhoc analysis: https://docs.google.com/document/d/1-lQ0h3WdTkYkWIO027QYvBxUVF2yRJrMh6-rKZaWeog,No,plaw@liftoff.io,None,None,None,None,global,True
12302741,All exchanges,1618981273,all,2026-05-29,,internal,traffic-quality,"Non-performant apps tied to suspicious Bigo seller IDs
https://docs.google.com/spreadsheets/d/1hy0o3hLjgKEPRYm8tAQA1X8gUphfhikgS3Wb3sd6eJE/edit?gid=63260040#gid=63260040",No,plaw@liftoff.io,None,None,None,None,global,True
12302741,All exchanges,com.ai.ask.chat.chatgpt.chatbot,all,2026-05-29,,internal,traffic-quality,"Non-performant apps tied to suspicious Bigo seller IDs
https://docs.google.com/spreadsheets/d/1hy0o3hLjgKEPRYm8tAQA1X8gUphfhikgS3Wb3sd6eJE/edit?gid=63260040#gid=63260040",No,plaw@liftoff.io,None,None,None,None,global,True
12302733,All exchanges,com.spheresort.yhk,all,2026-05-29,,internal,traffic-quality,Fraudulent apps identified via adhoc analysis: https://docs.google.com/document/d/1-lQ0h3WdTkYkWIO027QYvBxUVF2yRJrMh6-rKZaWeog,No,plaw@liftoff.io,None,None,None,None,global,True
12302733,All exchanges,6738692917,all,2026-05-29,,internal,traffic-quality,Fraudulent apps identified via adhoc analysis: https://docs.google.com/document/d/1-lQ0h3WdTkYkWIO027QYvBxUVF2yRJrMh6-rKZaWeog,No,plaw@liftoff.io,None,None,None,None,global,True
12302741,All exchanges,6444185560,all,2026-05-29,,internal,traffic-quality,"Non-performant apps tied to suspicious Bigo seller IDs
https://docs.google.com/spreadsheets/d/1hy0o3hLjgKEPRYm8tAQA1X8gUphfhikgS3Wb3sd6eJE/edit?gid=63260040#gid=63260040",No,plaw@liftoff.io,None,None,None,None,global,True
12302733,All exchanges,com.commute.eightchaos,all,2026-05-29,,internal,traffic-quality,Fraudulent apps identified via adhoc analysis: https://docs.google.com/document/d/1-lQ0h3WdTkYkWIO027QYvBxUVF2yRJrMh6-rKZaWeog,No,plaw@liftoff.io,None,None,None,None,global,True
12302741,All exchanges,com.neighbor.darkriddle3.strangehill,all,2026-05-29,,internal,traffic-quality,"Non-performant apps tied to suspicious Bigo seller IDs
https://docs.google.com/spreadsheets/d/1hy0o3hLjgKEPRYm8tAQA1X8gUphfhikgS3Wb3sd6eJE/edit?gid=63260040#gid=63260040",No,plaw@liftoff.io,None,None,None,None,global,True
12302741,All exchanges,concordancia.biblica.espanol.biblia.reina.valera,all,2026-05-29,,internal,traffic-quality,"Non-performant apps tied to suspicious Bigo seller IDs
https://docs.google.com/spreadsheets/d/1hy0o3hLjgKEPRYm8tAQA1X8gUphfhikgS3Wb3sd6eJE/edit?gid=63260040#gid=63260040",No,plaw@liftoff.io,None,None,None,None,global,True
12302733,All exchanges,com.sg.fashion.makeover.dressup.game,all,2026-05-29,,internal,traffic-quality,Fraudulent apps identified via adhoc analysis: https://docs.google.com/document/d/1-lQ0h3WdTkYkWIO027QYvBxUVF2yRJrMh6-rKZaWeog,No,plaw@liftoff.io,None,None,None,None,global,True
12302733,All exchanges,1644671834,all,2026-05-29,,internal,traffic-quality,Fraudulent apps identified via adhoc analysis: https://docs.google.com/document/d/1-lQ0h3WdTkYkWIO027QYvBxUVF2yRJrMh6-rKZaWeog,No,plaw@liftoff.io,None,None,None,None,global,True
12302733,All exchanges,com.card.freecell.solitaire,all,2026-05-29,,internal,traffic-quality,Fraudulent apps identified via adhoc analysis: https://docs.google.com/document/d/1-lQ0h3WdTkYkWIO027QYvBxUVF2yRJrMh6-rKZaWeog,No,plaw@liftoff.io,None,None,None,None,global,True
12302741,All exchanges,com.photo.vault.calculator,all,2026-05-29,,internal,traffic-quality,"Non-performant apps tied to suspicious Bigo seller IDs
https://docs.google.com/spreadsheets/d/1hy0o3hLjgKEPRYm8tAQA1X8gUphfhikgS3Wb3sd6eJE/edit?gid=63260040#gid=63260040",No,plaw@liftoff.io,None,None,None,None,global,True
12302733,All exchanges,6503579350,all,2026-05-29,,internal,traffic-quality,Fraudulent apps identified via adhoc analysis: https://docs.google.com/document/d/1-lQ0h3WdTkYkWIO027QYvBxUVF2yRJrMh6-rKZaWeog,No,plaw@liftoff.io,None,None,None,None,global,True
12302741,All exchanges,com.shapesclimber.physicslineracing,all,2026-05-29,,internal,traffic-quality,"Non-performant apps tied to suspicious Bigo seller IDs
https://docs.google.com/spreadsheets/d/1hy0o3hLjgKEPRYm8tAQA1X8gUphfhikgS3Wb3sd6eJE/edit?gid=63260040#gid=63260040",No,plaw@liftoff.io,None,None,None,None,global,True
12302733,All exchanges,1522443519,all,2026-05-29,,internal,traffic-quality,Fraudulent apps identified via adhoc analysis: https://docs.google.com/document/d/1-lQ0h3WdTkYkWIO027QYvBxUVF2yRJrMh6-rKZaWeog,No,plaw@liftoff.io,None,None,None,None,global,True
12302733,All exchanges,com.peepholeteam.quotegram,all,2026-05-29,,internal,traffic-quality,Fraudulent apps identified via adhoc analysis: https://docs.google.com/document/d/1-lQ0h3WdTkYkWIO027QYvBxUVF2yRJrMh6-rKZaWeog,No,plaw@liftoff.io,None,None,None,None,global,True
12302733,All exchanges,com.cti.cinetvin,all,2026-05-29,,internal,traffic-quality,Fraudulent apps identified via adhoc analysis: https://docs.google.com/document/d/1-lQ0h3WdTkYkWIO027QYvBxUVF2yRJrMh6-rKZaWeog,No,plaw@liftoff.io,None,None,None,None,global,True
12302733,All exchanges,1478861703,all,2026-05-29,,internal,traffic-quality,Fraudulent apps identified via adhoc analysis: https://docs.google.com/document/d/1-lQ0h3WdTkYkWIO027QYvBxUVF2yRJrMh6-rKZaWeog,No,plaw@liftoff.io,None,None,None,None,global,True
12302741,All exchanges,ru.DmitryLomakin.NuclearSubmarineInc,all,2026-05-29,,internal,traffic-quality,"Non-performant apps tied to suspicious Bigo seller IDs
https://docs.google.com/spreadsheets/d/1hy0o3hLjgKEPRYm8tAQA1X8gUphfhikgS3Wb3sd6eJE/edit?gid=63260040#gid=63260040",No,plaw@liftoff.io,None,None,None,None,global,True
12302733,All exchanges,app.real.flashlight,all,2026-05-29,,internal,traffic-quality,Fraudulent apps identified via adhoc analysis: https://docs.google.com/document/d/1-lQ0h3WdTkYkWIO027QYvBxUVF2yRJrMh6-rKZaWeog,No,plaw@liftoff.io,None,None,None,None,global,True
12302733,All exchanges,1625127917,all,2026-05-29,,internal,traffic-quality,Fraudulent apps identified via adhoc analysis: https://docs.google.com/document/d/1-lQ0h3WdTkYkWIO027QYvBxUVF2yRJrMh6-rKZaWeog,No,plaw@liftoff.io,None,None,None,None,global,True
12302733,All exchanges,com.ladkivideocall.girlvideocall,all,2026-05-29,,internal,traffic-quality,Fraudulent apps identified via adhoc analysis: https://docs.google.com/document/d/1-lQ0h3WdTkYkWIO027QYvBxUVF2yRJrMh6-rKZaWeog,No,plaw@liftoff.io,None,None,None,None,global,True
12302733,All exchanges,com.funzilla.triple.goods,all,2026-05-29,,internal,traffic-quality,Fraudulent apps identified via adhoc analysis: https://docs.google.com/document/d/1-lQ0h3WdTkYkWIO027QYvBxUVF2yRJrMh6-rKZaWeog,No,plaw@liftoff.io,None,None,None,None,global,True
12302733,All exchanges,1451810395,all,2026-05-29,,internal,traffic-quality,Fraudulent apps identified via adhoc analysis: https://docs.google.com/document/d/1-lQ0h3WdTkYkWIO027QYvBxUVF2yRJrMh6-rKZaWeog,No,plaw@liftoff.io,None,None,None,None,global,True
12302733,All exchanges,com.shiba.nightlife,all,2026-05-29,,internal,traffic-quality,Fraudulent apps identified via adhoc analysis: https://docs.google.com/document/d/1-lQ0h3WdTkYkWIO027QYvBxUVF2yRJrMh6-rKZaWeog,No,plaw@liftoff.io,None,None,None,None,global,True
12302741,All exchanges,com.lemonsquad.simulatorbs,all,2026-05-29,,internal,traffic-quality,"Non-performant apps tied to suspicious Bigo seller IDs
https://docs.google.com/spreadsheets/d/1hy0o3hLjgKEPRYm8tAQA1X8gUphfhikgS3Wb3sd6eJE/edit?gid=63260040#gid=63260040",No,plaw@liftoff.io,None,None,None,None,global,True
12302741,All exchanges,com.keplerians.angryking,all,2026-05-29,,internal,traffic-quality,"Non-performant apps tied to suspicious Bigo seller IDs
https://docs.google.com/spreadsheets/d/1hy0o3hLjgKEPRYm8tAQA1X8gUphfhikgS3Wb3sd6eJE/edit?gid=63260040#gid=63260040",No,plaw@liftoff.io,None,None,None,None,global,True
12302733,All exchanges,qr.bar.code.scanner.scan.reader.qrcodescanner,all,2026-05-29,,internal,traffic-quality,Fraudulent apps identified via adhoc analysis: https://docs.google.com/document/d/1-lQ0h3WdTkYkWIO027QYvBxUVF2yRJrMh6-rKZaWeog,No,plaw@liftoff.io,None,None,None,None,global,True
12302741,All exchanges,com.parkour.obby.modmine,all,2026-05-29,,internal,traffic-quality,"Non-performant apps tied to suspicious Bigo seller IDs
https://docs.google.com/spreadsheets/d/1hy0o3hLjgKEPRYm8tAQA1X8gUphfhikgS3Wb3sd6eJE/edit?gid=63260040#gid=63260040",No,plaw@liftoff.io,None,None,None,None,global,True
12302733,All exchanges,6444798951,all,2026-05-29,,internal,traffic-quality,Fraudulent apps identified via adhoc analysis: https://docs.google.com/document/d/1-lQ0h3WdTkYkWIO027QYvBxUVF2yRJrMh6-rKZaWeog,No,plaw@liftoff.io,None,None,None,None,global,True
12302733,All exchanges,com.food.sort.grill.skewer.match.games.puzzle,all,2026-05-29,,internal,traffic-quality,Fraudulent apps identified via adhoc analysis: https://docs.google.com/document/d/1-lQ0h3WdTkYkWIO027QYvBxUVF2yRJrMh6-rKZaWeog,No,plaw@liftoff.io,None,None,None,None,global,True
12302733,All exchanges,1668978545,all,2026-05-29,,internal,traffic-quality,Fraudulent apps identified via adhoc analysis: https://docs.google.com/document/d/1-lQ0h3WdTkYkWIO027QYvBxUVF2yRJrMh6-rKZaWeog,No,plaw@liftoff.io,None,None,None,None,global,True
12302733,All exchanges,1286370741,all,2026-05-29,,internal,traffic-quality,Fraudulent apps identified via adhoc analysis: https://docs.google.com/document/d/1-lQ0h3WdTkYkWIO027QYvBxUVF2yRJrMh6-rKZaWeog,No,plaw@liftoff.io,None,None,None,None,global,True
12302733,All exchanges,com.tearfulmerge.google,all,2026-05-29,,internal,traffic-quality,Fraudulent apps identified via adhoc analysis: https://docs.google.com/document/d/1-lQ0h3WdTkYkWIO027QYvBxUVF2yRJrMh6-rKZaWeog,No,plaw@liftoff.io,None,None,None,None,global,True
12302733,All exchanges,com.darkriddle2.storymode,all,2026-05-29,,internal,traffic-quality,Fraudulent apps identified via adhoc analysis: https://docs.google.com/document/d/1-lQ0h3WdTkYkWIO027QYvBxUVF2yRJrMh6-rKZaWeog,No,plaw@liftoff.io,None,None,None,None,global,True
12302733,All exchanges,jp.co.pocke.android.zutsu,all,2026-05-29,,internal,traffic-quality,Fraudulent apps identified via adhoc analysis: https://docs.google.com/document/d/1-lQ0h3WdTkYkWIO027QYvBxUVF2yRJrMh6-rKZaWeog,No,plaw@liftoff.io,None,None,None,None,global,True
12302733,All exchanges,com.xd.rainbow.find.daddy,all,2026-05-29,,internal,traffic-quality,Fraudulent apps identified via adhoc analysis: https://docs.google.com/document/d/1-lQ0h3WdTkYkWIO027QYvBxUVF2yRJrMh6-rKZaWeog,No,plaw@liftoff.io,None,None,None,None,global,True
12302733,All exchanges,com.ktsoev.citrus,all,2026-05-29,,internal,traffic-quality,Fraudulent apps identified via adhoc analysis: https://docs.google.com/document/d/1-lQ0h3WdTkYkWIO027QYvBxUVF2yRJrMh6-rKZaWeog,No,plaw@liftoff.io,None,None,None,None,global,True
12302741,All exchanges,1308012908,all,2026-05-29,,internal,traffic-quality,"Non-performant apps tied to suspicious Bigo seller IDs
https://docs.google.com/spreadsheets/d/1hy0o3hLjgKEPRYm8tAQA1X8gUphfhikgS3Wb3sd6eJE/edit?gid=63260040#gid=63260040",No,plaw@liftoff.io,None,None,None,None,global,True
12302733,All exchanges,1573861950,all,2026-05-29,,internal,traffic-quality,Fraudulent apps identified via adhoc analysis: https://docs.google.com/document/d/1-lQ0h3WdTkYkWIO027QYvBxUVF2yRJrMh6-rKZaWeog,No,plaw@liftoff.io,None,None,None,None,global,True
12302741,All exchanges,com.mastobaev.pyramid,all,2026-05-29,,internal,traffic-quality,"Non-performant apps tied to suspicious Bigo seller IDs
https://docs.google.com/spreadsheets/d/1hy0o3hLjgKEPRYm8tAQA1X8gUphfhikgS3Wb3sd6eJE/edit?gid=63260040#gid=63260040",No,plaw@liftoff.io,None,None,None,None,global,True
12302741,All exchanges,com.screencraft.app,all,2026-05-29,,internal,traffic-quality,"Non-performant apps tied to suspicious Bigo seller IDs
https://docs.google.com/spreadsheets/d/1hy0o3hLjgKEPRYm8tAQA1X8gUphfhikgS3Wb3sd6eJE/edit?gid=63260040#gid=63260040",No,plaw@liftoff.io,None,None,None,None,global,True
12302741,All exchanges,1494889863,all,2026-05-29,,internal,traffic-quality,"Non-performant apps tied to suspicious Bigo seller IDs
https://docs.google.com/spreadsheets/d/1hy0o3hLjgKEPRYm8tAQA1X8gUphfhikgS3Wb3sd6eJE/edit?gid=63260040#gid=63260040",No,plaw@liftoff.io,None,None,None,None,global,True
12302733,All exchanges,com.Parkour.Escape.Obby.Master,all,2026-05-29,,internal,traffic-quality,Fraudulent apps identified via adhoc analysis: https://docs.google.com/document/d/1-lQ0h3WdTkYkWIO027QYvBxUVF2yRJrMh6-rKZaWeog,No,plaw@liftoff.io,None,None,None,None,global,True
12302733,All exchanges,com.note.writeyourself.day,all,2026-05-29,,internal,traffic-quality,Fraudulent apps identified via adhoc analysis: https://docs.google.com/document/d/1-lQ0h3WdTkYkWIO027QYvBxUVF2yRJrMh6-rKZaWeog,No,plaw@liftoff.io,None,None,None,None,global,True
12302733,All exchanges,com.mm.mycalpal,all,2026-05-29,,internal,traffic-quality,Fraudulent apps identified via adhoc analysis: https://docs.google.com/document/d/1-lQ0h3WdTkYkWIO027QYvBxUVF2yRJrMh6-rKZaWeog,No,plaw@liftoff.io,None,None,None,None,global,True
12302733,All exchanges,1017311881,all,2026-05-29,,internal,traffic-quality,Fraudulent apps identified via adhoc analysis: https://docs.google.com/document/d/1-lQ0h3WdTkYkWIO027QYvBxUVF2yRJrMh6-rKZaWeog,No,plaw@liftoff.io,None,None,None,None,global,True
12302741,All exchanges,1611957727,all,2026-05-29,,internal,traffic-quality,"Non-performant apps tied to suspicious Bigo seller IDs
https://docs.google.com/spreadsheets/d/1hy0o3hLjgKEPRYm8tAQA1X8gUphfhikgS3Wb3sd6eJE/edit?gid=63260040#gid=63260040",No,plaw@liftoff.io,None,None,None,None,global,True
12302741,All exchanges,com.blitzteam.battleprime,all,2026-05-29,,internal,traffic-quality,"Non-performant apps tied to suspicious Bigo seller IDs
https://docs.google.com/spreadsheets/d/1hy0o3hLjgKEPRYm8tAQA1X8gUphfhikgS3Wb3sd6eJE/edit?gid=63260040#gid=63260040",No,plaw@liftoff.io,None,None,None,None,global,True
12302733,All exchanges,com.YTKAgames.RussianPlayground,all,2026-05-29,,internal,traffic-quality,Fraudulent apps identified via adhoc analysis: https://docs.google.com/document/d/1-lQ0h3WdTkYkWIO027QYvBxUVF2yRJrMh6-rKZaWeog,No,plaw@liftoff.io,None,None,None,None,global,True
12302741,All exchanges,com.jrustonapps.mytidetimes,all,2026-05-29,,internal,traffic-quality,"Non-performant apps tied to suspicious Bigo seller IDs
https://docs.google.com/spreadsheets/d/1hy0o3hLjgKEPRYm8tAQA1X8gUphfhikgS3Wb3sd6eJE/edit?gid=63260040#gid=63260040",No,plaw@liftoff.io,None,None,None,None,global,True
12302733,All exchanges,1614255010,all,2026-05-29,,internal,traffic-quality,Fraudulent apps identified via adhoc analysis: https://docs.google.com/document/d/1-lQ0h3WdTkYkWIO027QYvBxUVF2yRJrMh6-rKZaWeog,No,plaw@liftoff.io,None,None,None,None,global,True
12302733,All exchanges,1613095212,all,2026-05-29,,internal,traffic-quality,Fraudulent apps identified via adhoc analysis: https://docs.google.com/document/d/1-lQ0h3WdTkYkWIO027QYvBxUVF2yRJrMh6-rKZaWeog,No,plaw@liftoff.io,None,None,None,None,global,True
12302733,All exchanges,com.friendlygames.beauty.match.tripple.sexy.adult.date.tile.game,all,2026-05-29,,internal,traffic-quality,Fraudulent apps identified via adhoc analysis: https://docs.google.com/document/d/1-lQ0h3WdTkYkWIO027QYvBxUVF2yRJrMh6-rKZaWeog,No,plaw@liftoff.io,None,None,None,None,global,True
12302741,All exchanges,962993853,all,2026-05-29,,internal,traffic-quality,"Non-performant apps tied to suspicious Bigo seller IDs
https://docs.google.com/spreadsheets/d/1hy0o3hLjgKEPRYm8tAQA1X8gUphfhikgS3Wb3sd6eJE/edit?gid=63260040#gid=63260040",No,plaw@liftoff.io,None,None,None,None,global,True
12302741,All exchanges,kz.codev.wowua,all,2026-05-29,,internal,traffic-quality,"Non-performant apps tied to suspicious Bigo seller IDs
https://docs.google.com/spreadsheets/d/1hy0o3hLjgKEPRYm8tAQA1X8gUphfhikgS3Wb3sd6eJE/edit?gid=63260040#gid=63260040",No,plaw@liftoff.io,None,None,None,None,global,True
12302733,All exchanges,com.shooter.free.andr,all,2026-05-29,,internal,traffic-quality,Fraudulent apps identified via adhoc analysis: https://docs.google.com/document/d/1-lQ0h3WdTkYkWIO027QYvBxUVF2yRJrMh6-rKZaWeog,No,plaw@liftoff.io,None,None,None,None,global,True
12302733,All exchanges,com.shapesclimber.physicslineracing,all,2026-05-29,,internal,traffic-quality,Fraudulent apps identified via adhoc analysis: https://docs.google.com/document/d/1-lQ0h3WdTkYkWIO027QYvBxUVF2yRJrMh6-rKZaWeog,No,plaw@liftoff.io,None,None,None,None,global,True
12302741,All exchanges,1498647947,all,2026-05-29,,internal,traffic-quality,"Non-performant apps tied to suspicious Bigo seller IDs
https://docs.google.com/spreadsheets/d/1hy0o3hLjgKEPRYm8tAQA1X8gUphfhikgS3Wb3sd6eJE/edit?gid=63260040#gid=63260040",No,plaw@liftoff.io,None,None,None,None,global,True
12302733,All exchanges,1230057073,all,2026-05-29,,internal,traffic-quality,Fraudulent apps identified via adhoc analysis: https://docs.google.com/document/d/1-lQ0h3WdTkYkWIO027QYvBxUVF2yRJrMh6-rKZaWeog,No,plaw@liftoff.io,None,None,None,None,global,True
12302733,All exchanges,6450138816,all,2026-05-29,,internal,traffic-quality,Fraudulent apps identified via adhoc analysis: https://docs.google.com/document/d/1-lQ0h3WdTkYkWIO027QYvBxUVF2yRJrMh6-rKZaWeog,No,plaw@liftoff.io,None,None,None,None,global,True
12302741,All exchanges,1582977163,all,2026-05-29,,internal,traffic-quality,"Non-performant apps tied to suspicious Bigo seller IDs
https://docs.google.com/spreadsheets/d/1hy0o3hLjgKEPRYm8tAQA1X8gUphfhikgS3Wb3sd6eJE/edit?gid=63260040#gid=63260040",No,plaw@liftoff.io,None,None,None,None,global,True
12302741,All exchanges,com.zelenapp.oneblock,all,2026-05-29,,internal,traffic-quality,"Non-performant apps tied to suspicious Bigo seller IDs
https://docs.google.com/spreadsheets/d/1hy0o3hLjgKEPRYm8tAQA1X8gUphfhikgS3Wb3sd6eJE/edit?gid=63260040#gid=63260040",No,plaw@liftoff.io,None,None,None,None,global,True
12302741,All exchanges,6746277626,all,2026-05-29,,internal,traffic-quality,"Non-performant apps tied to suspicious Bigo seller IDs
https://docs.google.com/spreadsheets/d/1hy0o3hLjgKEPRYm8tAQA1X8gUphfhikgS3Wb3sd6eJE/edit?gid=63260040#gid=63260040",No,plaw@liftoff.io,None,None,None,None,global,True
12302733,All exchanges,1474895183,all,2026-05-29,,internal,traffic-quality,Fraudulent apps identified via adhoc analysis: https://docs.google.com/document/d/1-lQ0h3WdTkYkWIO027QYvBxUVF2yRJrMh6-rKZaWeog,No,plaw@liftoff.io,None,None,None,None,global,True
12302733,All exchanges,962993853,all,2026-05-29,,internal,traffic-quality,Fraudulent apps identified via adhoc analysis: https://docs.google.com/document/d/1-lQ0h3WdTkYkWIO027QYvBxUVF2yRJrMh6-rKZaWeog,No,plaw@liftoff.io,None,None,None,None,global,True
12302741,All exchanges,1017311881,all,2026-05-29,,internal,traffic-quality,"Non-performant apps tied to suspicious Bigo seller IDs
https://docs.google.com/spreadsheets/d/1hy0o3hLjgKEPRYm8tAQA1X8gUphfhikgS3Wb3sd6eJE/edit?gid=63260040#gid=63260040",No,plaw@liftoff.io,None,None,None,None,global,True
12302741,All exchanges,com.chillingo.catapultkingfree.android.row,all,2026-05-29,,internal,traffic-quality,"Non-performant apps tied to suspicious Bigo seller IDs
https://docs.google.com/spreadsheets/d/1hy0o3hLjgKEPRYm8tAQA1X8gUphfhikgS3Wb3sd6eJE/edit?gid=63260040#gid=63260040",No,plaw@liftoff.io,None,None,None,None,global,True
12302733,All exchanges,6755722933,all,2026-05-29,,internal,traffic-quality,Fraudulent apps identified via adhoc analysis: https://docs.google.com/document/d/1-lQ0h3WdTkYkWIO027QYvBxUVF2yRJrMh6-rKZaWeog,No,plaw@liftoff.io,None,None,None,None,global,True
12302733,All exchanges,com.minecraft_mcpe_addon.cars_mod,all,2026-05-29,,internal,traffic-quality,Fraudulent apps identified via adhoc analysis: https://docs.google.com/document/d/1-lQ0h3WdTkYkWIO027QYvBxUVF2yRJrMh6-rKZaWeog,No,plaw@liftoff.io,None,None,None,None,global,True
12302733,All exchanges,com.dream.house.design.husa.game,all,2026-05-29,,internal,traffic-quality,Fraudulent apps identified via adhoc analysis: https://docs.google.com/document/d/1-lQ0h3WdTkYkWIO027QYvBxUVF2yRJrMh6-rKZaWeog,No,plaw@liftoff.io,None,None,None,None,global,True
12302741,All exchanges,1572616704,all,2026-05-29,,internal,traffic-quality,"Non-performant apps tied to suspicious Bigo seller IDs
https://docs.google.com/spreadsheets/d/1hy0o3hLjgKEPRYm8tAQA1X8gUphfhikgS3Wb3sd6eJE/edit?gid=63260040#gid=63260040",No,plaw@liftoff.io,None,None,None,None,global,True
12302733,All exchanges,com.mm.GlobeTime,all,2026-05-29,,internal,traffic-quality,Fraudulent apps identified via adhoc analysis: https://docs.google.com/document/d/1-lQ0h3WdTkYkWIO027QYvBxUVF2yRJrMh6-rKZaWeog,No,plaw@liftoff.io,None,None,None,None,global,True
12302741,All exchanges,com.kryptow.bookreaditalian,all,2026-05-29,,internal,traffic-quality,"Non-performant apps tied to suspicious Bigo seller IDs
https://docs.google.com/spreadsheets/d/1hy0o3hLjgKEPRYm8tAQA1X8gUphfhikgS3Wb3sd6eJE/edit?gid=63260040#gid=63260040",No,plaw@liftoff.io,None,None,None,None,global,True
12302741,All exchanges,com.AG.atomMerge,all,2026-05-29,,internal,traffic-quality,"Non-performant apps tied to suspicious Bigo seller IDs
https://docs.google.com/spreadsheets/d/1hy0o3hLjgKEPRYm8tAQA1X8gUphfhikgS3Wb3sd6eJE/edit?gid=63260040#gid=63260040",No,plaw@liftoff.io,None,None,None,None,global,True
12302733,All exchanges,1632742662,all,2026-05-29,,internal,traffic-quality,Fraudulent apps identified via adhoc analysis: https://docs.google.com/document/d/1-lQ0h3WdTkYkWIO027QYvBxUVF2yRJrMh6-rKZaWeog,No,plaw@liftoff.io,None,None,None,None,global,True
12302733,All exchanges,1580864714,all,2026-05-29,,internal,traffic-quality,Fraudulent apps identified via adhoc analysis: https://docs.google.com/document/d/1-lQ0h3WdTkYkWIO027QYvBxUVF2yRJrMh6-rKZaWeog,No,plaw@liftoff.io,None,None,None,None,global,True
12302733,All exchanges,749118884,all,2026-05-29,,internal,traffic-quality,Fraudulent apps identified via adhoc analysis: https://docs.google.com/document/d/1-lQ0h3WdTkYkWIO027QYvBxUVF2yRJrMh6-rKZaWeog,No,plaw@liftoff.io,None,None,None,None,global,True
12302741,All exchanges,com.keplerians.evilnun2,all,2026-05-29,,internal,traffic-quality,"Non-performant apps tied to suspicious Bigo seller IDs
https://docs.google.com/spreadsheets/d/1hy0o3hLjgKEPRYm8tAQA1X8gUphfhikgS3Wb3sd6eJE/edit?gid=63260040#gid=63260040",No,plaw@liftoff.io,None,None,None,None,global,True
12302733,All exchanges,1450525958,all,2026-05-29,,internal,traffic-quality,Fraudulent apps identified via adhoc analysis: https://docs.google.com/document/d/1-lQ0h3WdTkYkWIO027QYvBxUVF2yRJrMh6-rKZaWeog,No,plaw@liftoff.io,None,None,None,None,global,True
12302733,All exchanges,com.photo.vault.calculator,all,2026-05-29,,internal,traffic-quality,Fraudulent apps identified via adhoc analysis: https://docs.google.com/document/d/1-lQ0h3WdTkYkWIO027QYvBxUVF2yRJrMh6-rKZaWeog,No,plaw@liftoff.io,None,None,None,None,global,True
12302733,All exchanges,com.devgame.kidecatssupermarket,all,2026-05-29,,internal,traffic-quality,Fraudulent apps identified via adhoc analysis: https://docs.google.com/document/d/1-lQ0h3WdTkYkWIO027QYvBxUVF2yRJrMh6-rKZaWeog,No,plaw@liftoff.io,None,None,None,None,global,True
12302733,All exchanges,1318292856,all,2026-05-29,,internal,traffic-quality,Fraudulent apps identified via adhoc analysis: https://docs.google.com/document/d/1-lQ0h3WdTkYkWIO027QYvBxUVF2yRJrMh6-rKZaWeog,No,plaw@liftoff.io,None,None,None,None,global,True
12302733,All exchanges,com.jigsawgame.relaxpuzzle,all,2026-05-29,,internal,traffic-quality,Fraudulent apps identified via adhoc analysis: https://docs.google.com/document/d/1-lQ0h3WdTkYkWIO027QYvBxUVF2yRJrMh6-rKZaWeog,No,plaw@liftoff.io,None,None,None,None,global,True
12302733,All exchanges,1564045421,all,2026-05-29,,internal,traffic-quality,Fraudulent apps identified via adhoc analysis: https://docs.google.com/document/d/1-lQ0h3WdTkYkWIO027QYvBxUVF2yRJrMh6-rKZaWeog,No,plaw@liftoff.io,None,None,None,None,global,True
12302733,All exchanges,com.fullmetalgamedev.animalraceflyingzoo,all,2026-05-29,,internal,traffic-quality,Fraudulent apps identified via adhoc analysis: https://docs.google.com/document/d/1-lQ0h3WdTkYkWIO027QYvBxUVF2yRJrMh6-rKZaWeog,No,plaw@liftoff.io,None,None,None,None,global,True
12302741,All exchanges,com.tankcraft_tank_battle.game,all,2026-05-29,,internal,traffic-quality,"Non-performant apps tied to suspicious Bigo seller IDs
https://docs.google.com/spreadsheets/d/1hy0o3hLjgKEPRYm8tAQA1X8gUphfhikgS3Wb3sd6eJE/edit?gid=63260040#gid=63260040",No,plaw@liftoff.io,None,None,None,None,global,True
12302733,All exchanges,6757424352,all,2026-05-29,,internal,traffic-quality,Fraudulent apps identified via adhoc analysis: https://docs.google.com/document/d/1-lQ0h3WdTkYkWIO027QYvBxUVF2yRJrMh6-rKZaWeog,No,plaw@liftoff.io,None,None,None,None,global,True
12302741,All exchanges,com.rainbowgames.mahjong,all,2026-05-29,,internal,traffic-quality,"Non-performant apps tied to suspicious Bigo seller IDs
https://docs.google.com/spreadsheets/d/1hy0o3hLjgKEPRYm8tAQA1X8gUphfhikgS3Wb3sd6eJE/edit?gid=63260040#gid=63260040",No,plaw@liftoff.io,None,None,None,None,global,True
12302741,All exchanges,com.darkriddle2.storymode,all,2026-05-29,,internal,traffic-quality,"Non-performant apps tied to suspicious Bigo seller IDs
https://docs.google.com/spreadsheets/d/1hy0o3hLjgKEPRYm8tAQA1X8gUphfhikgS3Wb3sd6eJE/edit?gid=63260040#gid=63260040",No,plaw@liftoff.io,None,None,None,None,global,True
12302733,All exchanges,1524804183,all,2026-05-29,,internal,traffic-quality,Fraudulent apps identified via adhoc analysis: https://docs.google.com/document/d/1-lQ0h3WdTkYkWIO027QYvBxUVF2yRJrMh6-rKZaWeog,No,plaw@liftoff.io,None,None,None,None,global,True
12302733,All exchanges,car.traffic.jam.craze.escape.frenzy,all,2026-05-29,,internal,traffic-quality,Fraudulent apps identified via adhoc analysis: https://docs.google.com/document/d/1-lQ0h3WdTkYkWIO027QYvBxUVF2yRJrMh6-rKZaWeog,No,plaw@liftoff.io,None,None,None,None,global,True
12302733,All exchanges,com.Underground.Survivor,all,2026-05-29,,internal,traffic-quality,Fraudulent apps identified via adhoc analysis: https://docs.google.com/document/d/1-lQ0h3WdTkYkWIO027QYvBxUVF2yRJrMh6-rKZaWeog,No,plaw@liftoff.io,None,None,None,None,global,True
12302733,All exchanges,com.gt.euro.truck.game,all,2026-05-29,,internal,traffic-quality,Fraudulent apps identified via adhoc analysis: https://docs.google.com/document/d/1-lQ0h3WdTkYkWIO027QYvBxUVF2yRJrMh6-rKZaWeog,No,plaw@liftoff.io,None,None,None,None,global,True
12302741,All exchanges,ru.subprogram.guitarsongs.vint,all,2026-05-29,,internal,traffic-quality,"Non-performant apps tied to suspicious Bigo seller IDs
https://docs.google.com/spreadsheets/d/1hy0o3hLjgKEPRYm8tAQA1X8gUphfhikgS3Wb3sd6eJE/edit?gid=63260040#gid=63260040",No,plaw@liftoff.io,None,None,None,None,global,True
12302733,All exchanges,6450642180,all,2026-05-29,,internal,traffic-quality,Fraudulent apps identified via adhoc analysis: https://docs.google.com/document/d/1-lQ0h3WdTkYkWIO027QYvBxUVF2yRJrMh6-rKZaWeog,No,plaw@liftoff.io,None,None,None,None,global,True
12302733,All exchanges,com.nb.brainrot.sandbox.meme.tung.sahur.tralalero.brr,all,2026-05-29,,internal,traffic-quality,Fraudulent apps identified via adhoc analysis: https://docs.google.com/document/d/1-lQ0h3WdTkYkWIO027QYvBxUVF2yRJrMh6-rKZaWeog,No,plaw@liftoff.io,None,None,None,None,global,True
12302733,All exchanges,com.cats.kids_cars,all,2026-05-29,,internal,traffic-quality,Fraudulent apps identified via adhoc analysis: https://docs.google.com/document/d/1-lQ0h3WdTkYkWIO027QYvBxUVF2yRJrMh6-rKZaWeog,No,plaw@liftoff.io,None,None,None,None,global,True
12302733,All exchanges,6753864624,all,2026-05-29,,internal,traffic-quality,Fraudulent apps identified via adhoc analysis: https://docs.google.com/document/d/1-lQ0h3WdTkYkWIO027QYvBxUVF2yRJrMh6-rKZaWeog,No,plaw@liftoff.io,None,None,None,None,global,True
12302741,All exchanges,org.bible.amplified.bible.app,all,2026-05-29,,internal,traffic-quality,"Non-performant apps tied to suspicious Bigo seller IDs
https://docs.google.com/spreadsheets/d/1hy0o3hLjgKEPRYm8tAQA1X8gUphfhikgS3Wb3sd6eJE/edit?gid=63260040#gid=63260040",No,plaw@liftoff.io,None,None,None,None,global,True
12302733,All exchanges,free.fun.card.game.solitaire.klondike.freecell.uno,all,2026-05-29,,internal,traffic-quality,Fraudulent apps identified via adhoc analysis: https://docs.google.com/document/d/1-lQ0h3WdTkYkWIO027QYvBxUVF2yRJrMh6-rKZaWeog,No,plaw@liftoff.io,None,None,None,None,global,True
12302733,All exchanges,1524477967,all,2026-05-29,,internal,traffic-quality,Fraudulent apps identified via adhoc analysis: https://docs.google.com/document/d/1-lQ0h3WdTkYkWIO027QYvBxUVF2yRJrMh6-rKZaWeog,No,plaw@liftoff.io,None,None,None,None,global,True
12302741,All exchanges,com.TrofyGames.HockeyStars3D,all,2026-05-29,,internal,traffic-quality,"Non-performant apps tied to suspicious Bigo seller IDs
https://docs.google.com/spreadsheets/d/1hy0o3hLjgKEPRYm8tAQA1X8gUphfhikgS3Wb3sd6eJE/edit?gid=63260040#gid=63260040",No,plaw@liftoff.io,None,None,None,None,global,True
12302733,All exchanges,sweet.candy.camera,all,2026-05-29,,internal,traffic-quality,Fraudulent apps identified via adhoc analysis: https://docs.google.com/document/d/1-lQ0h3WdTkYkWIO027QYvBxUVF2yRJrMh6-rKZaWeog,No,plaw@liftoff.io,None,None,None,None,global,True
12302733,All exchanges,com.tnk.fgt,all,2026-05-29,,internal,traffic-quality,Fraudulent apps identified via adhoc analysis: https://docs.google.com/document/d/1-lQ0h3WdTkYkWIO027QYvBxUVF2yRJrMh6-rKZaWeog,No,plaw@liftoff.io,None,None,None,None,global,True
12302733,All exchanges,6753664361,all,2026-05-29,,internal,traffic-quality,Fraudulent apps identified via adhoc analysis: https://docs.google.com/document/d/1-lQ0h3WdTkYkWIO027QYvBxUVF2yRJrMh6-rKZaWeog,No,plaw@liftoff.io,None,None,None,None,global,True
12302741,All exchanges,app.artworkout.learn.how.to.draw,all,2026-05-29,,internal,traffic-quality,"Non-performant apps tied to suspicious Bigo seller IDs
https://docs.google.com/spreadsheets/d/1hy0o3hLjgKEPRYm8tAQA1X8gUphfhikgS3Wb3sd6eJE/edit?gid=63260040#gid=63260040",No,plaw@liftoff.io,None,None,None,None,global,True
12302741,All exchanges,1639555059,all,2026-05-29,,internal,traffic-quality,"Non-performant apps tied to suspicious Bigo seller IDs
https://docs.google.com/spreadsheets/d/1hy0o3hLjgKEPRYm8tAQA1X8gUphfhikgS3Wb3sd6eJE/edit?gid=63260040#gid=63260040",No,plaw@liftoff.io,None,None,None,None,global,True
12302733,All exchanges,com.fs.block,all,2026-05-29,,internal,traffic-quality,Fraudulent apps identified via adhoc analysis: https://docs.google.com/document/d/1-lQ0h3WdTkYkWIO027QYvBxUVF2yRJrMh6-rKZaWeog,No,plaw@liftoff.io,None,None,None,None,global,True
12302733,All exchanges,com.alarm.clock.tools,all,2026-05-29,,internal,traffic-quality,Fraudulent apps identified via adhoc analysis: https://docs.google.com/document/d/1-lQ0h3WdTkYkWIO027QYvBxUVF2yRJrMh6-rKZaWeog,No,plaw@liftoff.io,None,None,None,None,global,True
12302733,All exchanges,com.sabuj.roy.kumar.trendai,all,2026-05-29,,internal,traffic-quality,Fraudulent apps identified via adhoc analysis: https://docs.google.com/document/d/1-lQ0h3WdTkYkWIO027QYvBxUVF2yRJrMh6-rKZaWeog,No,plaw@liftoff.io,None,None,None,None,global,True
12302733,All exchanges,com.mmb.filemanager,all,2026-05-29,,internal,traffic-quality,Fraudulent apps identified via adhoc analysis: https://docs.google.com/document/d/1-lQ0h3WdTkYkWIO027QYvBxUVF2yRJrMh6-rKZaWeog,No,plaw@liftoff.io,None,None,None,None,global,True
12302741,All exchanges,guru.sudoku.offline.free.puzzle.games,all,2026-05-29,,internal,traffic-quality,"Non-performant apps tied to suspicious Bigo seller IDs
https://docs.google.com/spreadsheets/d/1hy0o3hLjgKEPRYm8tAQA1X8gUphfhikgS3Wb3sd6eJE/edit?gid=63260040#gid=63260040",No,plaw@liftoff.io,None,None,None,None,global,True
12302733,All exchanges,com.quantumgames.skyscraper,all,2026-05-29,,internal,traffic-quality,Fraudulent apps identified via adhoc analysis: https://docs.google.com/document/d/1-lQ0h3WdTkYkWIO027QYvBxUVF2yRJrMh6-rKZaWeog,No,plaw@liftoff.io,None,None,None,None,global,True
12302733,All exchanges,com.PSVStudio.Luntik.skazki.na.noch,all,2026-05-29,,internal,traffic-quality,Fraudulent apps identified via adhoc analysis: https://docs.google.com/document/d/1-lQ0h3WdTkYkWIO027QYvBxUVF2yRJrMh6-rKZaWeog,No,plaw@liftoff.io,None,None,None,None,global,True
12302741,All exchanges,1162693632,all,2026-05-29,,internal,traffic-quality,"Non-performant apps tied to suspicious Bigo seller IDs
https://docs.google.com/spreadsheets/d/1hy0o3hLjgKEPRYm8tAQA1X8gUphfhikgS3Wb3sd6eJE/edit?gid=63260040#gid=63260040",No,plaw@liftoff.io,None,None,None,None,global,True
12302733,All exchanges,6756115702,all,2026-05-29,,internal,traffic-quality,Fraudulent apps identified via adhoc analysis: https://docs.google.com/document/d/1-lQ0h3WdTkYkWIO027QYvBxUVF2yRJrMh6-rKZaWeog,No,plaw@liftoff.io,None,None,None,None,global,True
12302733,All exchanges,447553564,all,2026-05-29,,internal,traffic-quality,Fraudulent apps identified via adhoc analysis: https://docs.google.com/document/d/1-lQ0h3WdTkYkWIO027QYvBxUVF2yRJrMh6-rKZaWeog,No,plaw@liftoff.io,None,None,None,None,global,True
12302733,All exchanges,6736892055,all,2026-05-29,,internal,traffic-quality,Fraudulent apps identified via adhoc analysis: https://docs.google.com/document/d/1-lQ0h3WdTkYkWIO027QYvBxUVF2yRJrMh6-rKZaWeog,No,plaw@liftoff.io,None,None,None,None,global,True
12302733,All exchanges,com.wordgame.wordcross.puzzle,all,2026-05-29,,internal,traffic-quality,Fraudulent apps identified via adhoc analysis: https://docs.google.com/document/d/1-lQ0h3WdTkYkWIO027QYvBxUVF2yRJrMh6-rKZaWeog,No,plaw@liftoff.io,None,None,None,None,global,True
12302733,All exchanges,6653828904,all,2026-05-29,,internal,traffic-quality,Fraudulent apps identified via adhoc analysis: https://docs.google.com/document/d/1-lQ0h3WdTkYkWIO027QYvBxUVF2yRJrMh6-rKZaWeog,No,plaw@liftoff.io,None,None,None,None,global,True
12302733,All exchanges,1477606785,all,2026-05-29,,internal,traffic-quality,Fraudulent apps identified via adhoc analysis: https://docs.google.com/document/d/1-lQ0h3WdTkYkWIO027QYvBxUVF2yRJrMh6-rKZaWeog,No,plaw@liftoff.io,None,None,None,None,global,True
12302733,All exchanges,971601423,all,2026-05-29,,internal,traffic-quality,Fraudulent apps identified via adhoc analysis: https://docs.google.com/document/d/1-lQ0h3WdTkYkWIO027QYvBxUVF2yRJrMh6-rKZaWeog,No,plaw@liftoff.io,None,None,None,None,global,True
12302733,All exchanges,solitaire.royale.win.cash.out,all,2026-05-29,,internal,traffic-quality,Fraudulent apps identified via adhoc analysis: https://docs.google.com/document/d/1-lQ0h3WdTkYkWIO027QYvBxUVF2yRJrMh6-rKZaWeog,No,plaw@liftoff.io,None,None,None,None,global,True
12302733,All exchanges,com.jigsawgame.biblestyle,all,2026-05-29,,internal,traffic-quality,Fraudulent apps identified via adhoc analysis: https://docs.google.com/document/d/1-lQ0h3WdTkYkWIO027QYvBxUVF2yRJrMh6-rKZaWeog,No,plaw@liftoff.io,None,None,None,None,global,True
12302733,All exchanges,com.rayole.games.knife.ninja,all,2026-05-29,,internal,traffic-quality,Fraudulent apps identified via adhoc analysis: https://docs.google.com/document/d/1-lQ0h3WdTkYkWIO027QYvBxUVF2yRJrMh6-rKZaWeog,No,plaw@liftoff.io,None,None,None,None,global,True
12302741,All exchanges,com.jamalmagomedov.FPVKamikazeDrone,all,2026-05-29,,internal,traffic-quality,"Non-performant apps tied to suspicious Bigo seller IDs
https://docs.google.com/spreadsheets/d/1hy0o3hLjgKEPRYm8tAQA1X8gUphfhikgS3Wb3sd6eJE/edit?gid=63260040#gid=63260040",No,plaw@liftoff.io,None,None,None,None,global,True
12302733,All exchanges,com.tankcraft_tank_battle.game,all,2026-05-29,,internal,traffic-quality,Fraudulent apps identified via adhoc analysis: https://docs.google.com/document/d/1-lQ0h3WdTkYkWIO027QYvBxUVF2yRJrMh6-rKZaWeog,No,plaw@liftoff.io,None,None,None,None,global,True
12302741,All exchanges,com.ulab.treasurehunter,all,2026-05-29,,internal,traffic-quality,"Non-performant apps tied to suspicious Bigo seller IDs
https://docs.google.com/spreadsheets/d/1hy0o3hLjgKEPRYm8tAQA1X8gUphfhikgS3Wb3sd6eJE/edit?gid=63260040#gid=63260040",No,plaw@liftoff.io,None,None,None,None,global,True
12302733,All exchanges,jp.jig.product.whowatch.viewer,all,2026-05-29,,internal,traffic-quality,Fraudulent apps identified via adhoc analysis: https://docs.google.com/document/d/1-lQ0h3WdTkYkWIO027QYvBxUVF2yRJrMh6-rKZaWeog,No,plaw@liftoff.io,None,None,None,None,global,True
12302741,All exchanges,com.net.accelerator,all,2026-05-29,,internal,traffic-quality,"Non-performant apps tied to suspicious Bigo seller IDs
https://docs.google.com/spreadsheets/d/1hy0o3hLjgKEPRYm8tAQA1X8gUphfhikgS3Wb3sd6eJE/edit?gid=63260040#gid=63260040",No,plaw@liftoff.io,None,None,None,None,global,True
12302733,All exchanges,com.screencraft.app,all,2026-05-29,,internal,traffic-quality,Fraudulent apps identified via adhoc analysis: https://docs.google.com/document/d/1-lQ0h3WdTkYkWIO027QYvBxUVF2yRJrMh6-rKZaWeog,No,plaw@liftoff.io,None,None,None,None,global,True
12302733,All exchanges,radio.slovensko.sk.online.fm,all,2026-05-29,,internal,traffic-quality,Fraudulent apps identified via adhoc analysis: https://docs.google.com/document/d/1-lQ0h3WdTkYkWIO027QYvBxUVF2yRJrMh6-rKZaWeog,No,plaw@liftoff.io,None,None,None,None,global,True
12302733,All exchanges,com.two.two.four.eight.match.numbers.games,all,2026-05-29,,internal,traffic-quality,Fraudulent apps identified via adhoc analysis: https://docs.google.com/document/d/1-lQ0h3WdTkYkWIO027QYvBxUVF2yRJrMh6-rKZaWeog,No,plaw@liftoff.io,None,None,None,None,global,True
12302733,All exchanges,485690959,all,2026-05-29,,internal,traffic-quality,Fraudulent apps identified via adhoc analysis: https://docs.google.com/document/d/1-lQ0h3WdTkYkWIO027QYvBxUVF2yRJrMh6-rKZaWeog,No,plaw@liftoff.io,None,None,None,None,global,True
12302741,All exchanges,com.swordjelly.ninja,all,2026-05-29,,internal,traffic-quality,"Non-performant apps tied to suspicious Bigo seller IDs
https://docs.google.com/spreadsheets/d/1hy0o3hLjgKEPRYm8tAQA1X8gUphfhikgS3Wb3sd6eJE/edit?gid=63260040#gid=63260040",No,plaw@liftoff.io,None,None,None,None,global,True
12302733,All exchanges,com.seam.notes,all,2026-05-29,,internal,traffic-quality,Fraudulent apps identified via adhoc analysis: https://docs.google.com/document/d/1-lQ0h3WdTkYkWIO027QYvBxUVF2yRJrMh6-rKZaWeog,No,plaw@liftoff.io,None,None,None,None,global,True
12302741,All exchanges,com.ffaug.universalplayer,all,2026-05-29,,internal,traffic-quality,"Non-performant apps tied to suspicious Bigo seller IDs
https://docs.google.com/spreadsheets/d/1hy0o3hLjgKEPRYm8tAQA1X8gUphfhikgS3Wb3sd6eJE/edit?gid=63260040#gid=63260040",No,plaw@liftoff.io,None,None,None,None,global,True
12302733,All exchanges,1643814460,all,2026-05-29,,internal,traffic-quality,Fraudulent apps identified via adhoc analysis: https://docs.google.com/document/d/1-lQ0h3WdTkYkWIO027QYvBxUVF2yRJrMh6-rKZaWeog,No,plaw@liftoff.io,None,None,None,None,global,True
12327634,All exchanges,6448256277,all,2026-06-02,2026-07-02,internal,traffic-quality,View Master Click Signals ABL,Yes,-,None,None,None,None,global,False
12366380,All exchanges,com.appsfabrica.oneweekdiet,all,2026-06-04,2026-07-04,internal,traffic-quality,High new device and cellular mismatch rate ABL,Yes,-,None,None,None,None,global,False
12361375,All exchanges,com.aichat.chabot.aiassistant,all,2026-06-04,2026-07-04,internal,traffic-quality,View Master Click Signals ABL,Yes,-,None,None,None,None,global,False
12361380,All exchanges,com.begonia.matchmygarden,all,2026-06-04,2026-07-04,internal,traffic-quality,View Master Click Signals ABL,Yes,-,None,None,None,None,global,False
12388506,All exchanges,1527997198,all,2026-06-05,2026-07-05,internal,traffic-quality,High new device and cellular mismatch rate ABL,Yes,-,None,None,None,None,global,False
12380220,All exchanges,com.abi.backpack.attack,all,2026-06-05,2026-07-05,internal,traffic-quality,View Master Click Signals ABL,Yes,-,None,None,None,None,global,False
12405418,All exchanges,com.rhythm.rush.piano.music.tile.song.games.guitar.tiles,all,2026-06-07,2026-07-07,internal,traffic-quality,View Master Click Signals ABL,Yes,-,None,None,None,None,global,False
12405448,All exchanges,6773257790,all,2026-06-07,2026-07-07,internal,traffic-quality,View Master Click Signals ABL,Yes,-,None,None,None,None,global,False
12407008,All exchanges,1480711265,all,2026-06-07,2026-07-07,internal,traffic-quality,High new device and cellular mismatch rate ABL,Yes,-,None,None,None,None,global,False
12435425,All exchanges,com.fpg.asmr.salon,all,2026-06-10,2026-07-10,internal,traffic-quality,View Master Click Signals ABL,Yes,-,None,None,None,None,global,False
12461682,VUNGLE,com.prank.sounds.funny.effects.fart.airhorn,all,2026-06-12,2026-06-26,internal,traffic-quality,Spend gate source app <> exchange ABL,Yes,-,None,None,None,None,global,False
12454331,All exchanges,games.joker.chicken.go,all,2026-06-12,2026-07-12,internal,traffic-quality,View Master Click Signals ABL,Yes,-,None,None,None,None,global,False
12452640,VUNGLE,co.vulcanlabs.miracastandroid,all,2026-06-12,2026-06-26,internal,traffic-quality,Spend gate source app <> exchange ABL hourly,Yes,-,None,None,None,None,global,False
12462152,VUNGLE,6774915114,all,2026-06-12,2026-06-26,internal,traffic-quality,Spend gate source app <> exchange ABL hourly,Yes,-,None,None,None,None,global,False
12533469,All exchanges,6746828191,all,2026-06-14,2026-07-14,internal,traffic-quality,View Master Click Signals ABL,Yes,-,None,None,None,None,global,False
12544838,All exchanges,com.KatanLabs.mazeball3d,all,2026-06-15,2026-07-15,internal,traffic-quality,View Master Click Signals ABL,Yes,-,None,None,None,None,global,False
12565056,All exchanges,com.gps.location.live.earth.map.diriving.direction.weather.voice.navigation,all,2026-06-17,2026-07-17,internal,traffic-quality,View Master Click Signals ABL,Yes,-,None,None,None,None,global,False
12565049,All exchanges,games.joker.find.box,all,2026-06-17,2026-07-17,internal,traffic-quality,View Master Click Signals ABL,Yes,-,None,None,None,None,global,False
12565157,All exchanges,com.wifianalyzer.wifispotsmater.wifipasswordkey,all,2026-06-17,2026-07-17,internal,traffic-quality,View Master Click Signals ABL,Yes,-,None,None,None,None,global,False
12693076,VUNGLE,6773746823,all,2026-06-18,2026-07-02,internal,traffic-quality,Spend gate source app <> exchange ABL,Yes,-,None,None,None,None,global,False
12910143,All exchanges,com.happybat.slinkysort3d,all,2026-06-20,2026-06-27,internal,traffic-quality,Android US Install gate,Yes,-,None,None,None,None,global,False
12944249,VUNGLE,1116791611,all,2026-06-20,2026-07-04,internal,traffic-quality,Spend gate source app <> exchange ABL hourly,Yes,-,None,None,None,None,global,False
12900131,VUNGLE,622851626,all,2026-06-20,2026-07-04,internal,traffic-quality,Spend gate source app <> exchange ABL hourly,Yes,-,None,None,None,None,global,False
12910142,All exchanges,com.happybat.slinkysort3d,all,2026-06-20,2026-06-27,internal,traffic-quality,Android US Install gate,Yes,-,None,None,None,None,global,False
13036631,VUNGLE,622851626,all,2026-06-21,2026-07-05,internal,traffic-quality,Spend gate source app <> exchange ABL,Yes,-,None,None,None,None,global,False
13036994,All exchanges,com.olx.southasia,all,2026-06-21,2026-06-28,internal,traffic-quality,Android US Install gate,Yes,-,None,None,None,None,global,False
13036993,All exchanges,com.olx.southasia,all,2026-06-21,2026-06-28,internal,traffic-quality,Android US Install gate,Yes,-,None,None,None,None,global,False
13034626,All exchanges,com.pragma.speeddial,all,2026-06-21,2026-07-21,internal,traffic-quality,View Master Click Signals ABL,Yes,-,None,None,None,None,global,False
13077962,All exchanges,com.yunosolutions.australiacalendar,all,2026-06-22,2026-07-22,internal,traffic-quality,View Master Click Signals ABL,Yes,-,None,None,None,None,global,False
13103825,VUNGLE,com.zynga.crosswordswithfriends,all,2026-06-23,2026-07-07,internal,traffic-quality,Spend gate source app <> exchange ABL,Yes,-,None,None,None,None,global,False
13088454,All exchanges,com.babloo.commando.adventure.shooting,all,2026-06-23,2026-07-23,internal,traffic-quality,View Master Click Signals ABL,Yes,-,None,None,None,None,global,False
13128996,All exchanges,mahjong.solitaire.puzzle.game,all,2026-06-23,2026-06-30,internal,traffic-quality,Android US Install gate,Yes,-,None,None,None,None,global,False
13128995,All exchanges,mahjong.solitaire.puzzle.game,all,2026-06-23,2026-06-30,internal,traffic-quality,Android US Install gate,Yes,-,None,None,None,None,global,False
13155665,VUNGLE,1530149551,all,2026-06-24,2026-07-08,internal,traffic-quality,Spend gate source app <> exchange ABL hourly,Yes,-,None,None,None,None,global,False
4061,All exchanges,com.outfit7.talkingtom2free,all,2019-11-20,,internal,brand,Reverted 3998,No,andry@liftoff.io,None,None,None,None,global,True
9885,All exchanges,io.mobitech.newsme.dt,all,2021-11-15,,internal,traffic-quality,Source app io.mobitech.newsme.dt (News.me) violated UDS key fraud rule as App fraud. It was auto blocked by spend threshold.,No,-,None,None,None,None,global,True
389192,VUNGLE,com.outfit7.talkingtom2free,all,2023-06-02,,internal,traffic-quality,Copied from blocklist ID 7024 (now expired) and modified to allow Accelerate to buy traffic from Outfit7 apps ,No,plaw@liftoff.io,None,None,None,None,global,True
513015,All exchanges,co.testee.android,all,2023-10-20,,internal,misc,COGS Savings,No,matt.johnson@liftoff.io,None,None,None,None,global,True
6178758,All exchanges,com.bigcake.android.spidersolitaire,all,2024-03-22,,internal,traffic-quality,DoubleVerify blocklist,No,matt.johnson@liftoff.io,None,None,None,None,global,True
6634709,All exchanges,455969190,all,2024-06-17,,internal,traffic-quality,Source app 455969190 (Berlin Subway: S & U-Bahn map) violated UDS key fraud rule as App fraud. It was auto blocked by spend threshold.,No,-,None,None,None,None,global,True
6637078,All exchanges,1630377011,all,2024-06-24,,internal,traffic-quality,Source app 1630377011 (Marble Shoot - Egyptian - Marb) violated UDS key fraud rule as App fraud. It was auto blocked by spend threshold.,No,-,None,None,None,None,global,True
8299290,All exchanges,com.jawaher.ff,all,2025-02-04,,internal,traffic-quality,"Fraudulent apps: Poor ROAS (<5%), high spend DV IVT, high reject rates, low RPI / high % easy target events",No,plaw@liftoff.io,None,None,None,None,global,True
8308574,All exchanges,com.hotplay.matchpuzzle,all,2025-02-07,,internal,traffic-quality,Fraudulent apps,No,plaw@liftoff.io,None,None,None,None,global,True
8308574,All exchanges,com.hotplay.thebees,all,2025-02-07,,internal,traffic-quality,Fraudulent apps,No,plaw@liftoff.io,None,None,None,None,global,True
8308574,All exchanges,com.hotplay.screwpin,all,2025-02-07,,internal,traffic-quality,Fraudulent apps,No,plaw@liftoff.io,None,None,None,None,global,True
8306199,All exchanges,com.cdgames.fidget3d,all,2025-02-07,,internal,traffic-quality,Fraudulent apps,No,plaw@liftoff.io,None,None,None,None,global,True
8711022,All exchanges,com.sh.stickman.thief.puzzle.games,all,2025-06-21,,internal,traffic-quality,Fraudulent Developers ABL,Yes,-,None,None,None,None,global,True
8711013,All exchanges,com.sh.mini.merge.puzzles,all,2025-06-21,,internal,traffic-quality,Fraudulent Developers ABL,Yes,-,None,None,None,None,global,True
8756130,All exchanges,com.yg.dinosaur.lsland,all,2025-07-09,,internal,traffic-quality,Fraudulent Developers ABL,Yes,-,None,None,None,None,global,True
8790344,All exchanges,6449972885,all,2025-07-30,,internal,traffic-quality,Fraudulent Developers ABL,Yes,-,None,None,None,None,global,True
8791013,All exchanges,com.remoment.diary,all,2025-07-30,,internal,traffic-quality,Fraudulent Developers ABL,Yes,-,None,None,None,None,global,True
8791177,All exchanges,1134529728,all,2025-07-30,,internal,traffic-quality,Fraudulent Developers ABL,Yes,-,None,None,None,None,global,True
8790660,All exchanges,6470972318,all,2025-07-30,,internal,traffic-quality,Fraudulent Developers ABL,Yes,-,None,None,None,None,global,True
8790896,All exchanges,6636479356,all,2025-07-30,,internal,traffic-quality,Fraudulent Developers ABL,Yes,-,None,None,None,None,global,True
8791054,All exchanges,6743117710,all,2025-07-30,,internal,traffic-quality,Fraudulent Developers ABL,Yes,-,None,None,None,None,global,True
8790540,All exchanges,6744959980,all,2025-07-30,,internal,traffic-quality,Fraudulent Developers ABL,Yes,-,None,None,None,None,global,True
8790854,All exchanges,6746356237,all,2025-07-30,,internal,traffic-quality,Fraudulent Developers ABL,Yes,-,None,None,None,None,global,True
8790953,All exchanges,6747598442,all,2025-07-30,,internal,traffic-quality,Fraudulent Developers ABL,Yes,-,None,None,None,None,global,True
8790496,All exchanges,6745795602,all,2025-07-30,,internal,traffic-quality,Fraudulent Developers ABL,Yes,-,None,None,None,None,global,True
8790381,All exchanges,6744593790,all,2025-07-30,,internal,traffic-quality,Fraudulent Developers ABL,Yes,-,None,None,None,None,global,True
8790799,All exchanges,6744889632,all,2025-07-30,,internal,traffic-quality,Fraudulent Developers ABL,Yes,-,None,None,None,None,global,True
8790791,All exchanges,6742296972,all,2025-07-30,,internal,traffic-quality,Fraudulent Developers ABL,Yes,-,None,None,None,None,global,True
10237580,All exchanges,videodownloader.download.allhd.video,all,2025-11-05,,internal,traffic-quality,"Original BL: https://blocklister.liftoff.io/edit/8476283

Removing manual BL as no-bid criteria for low download source apps is in place. Keeping source apps that not in play store blocked.",No,cwong@liftoff.io,None,None,None,None,global,True
10246804,All exchanges,com.sogame.superdriver,all,2025-11-06,,internal,traffic-quality,Fraudulent Developers ABL,Yes,-,None,None,None,None,global,True
10349712,All exchanges,com.comfun.mobile.teen.asgp,all,2025-11-19,,internal,traffic-quality,Fraudulent Developers ABL,Yes,-,None,None,None,None,global,True
10349557,All exchanges,com.dropf19unp.plba.treba,all,2025-11-19,,internal,traffic-quality,Fraudulent Developers ABL,Yes,-,None,None,None,None,global,True
10391333,All exchanges,com.rayole.games.sort.master,all,2025-11-25,,internal,traffic-quality,Fraudulent Developers ABL,Yes,-,None,None,None,None,global,True
10420436,All exchanges,6755414217,all,2025-11-29,,internal,traffic-quality,Fraudulent Developers ABL,Yes,-,None,None,None,None,global,True
10921502,All exchanges,1602458018,all,2026-01-28,,internal,traffic-quality,"High BR volume and CTRs, fake apps as confirmed via app-ads.txt / sellers.json",No,plaw@liftoff.io,None,None,None,None,global,True
10921502,All exchanges,6447543971,all,2026-01-28,,internal,traffic-quality,"High BR volume and CTRs, fake apps as confirmed via app-ads.txt / sellers.json",No,plaw@liftoff.io,None,None,None,None,global,True
10921502,All exchanges,1616629991,all,2026-01-28,,internal,traffic-quality,"High BR volume and CTRs, fake apps as confirmed via app-ads.txt / sellers.json",No,plaw@liftoff.io,None,None,None,None,global,True
11034017,All exchanges,com.horus.cat.cube.sort,all,2026-02-11,,internal,traffic-quality,Fraudulent Developers ABL,Yes,-,None,None,None,None,global,True
11508493,All exchanges,com.puzzlegame.kidsa.relax,all,2026-03-26,,internal,traffic-quality,"Fraudulent bundles
https://liftoffio.slack.com/archives/C02QR6T98SU/p1774378444334859?thread_ts=1774282238.086299&cid=C02QR6T98SU",No,plaw@liftoff.io,None,None,None,None,global,True
11508493,All exchanges,com.idway.toolpdf.total,all,2026-03-26,,internal,traffic-quality,"Fraudulent bundles
https://liftoffio.slack.com/archives/C02QR6T98SU/p1774378444334859?thread_ts=1774282238.086299&cid=C02QR6T98SU",No,plaw@liftoff.io,None,None,None,None,global,True
11508493,All exchanges,com.sparkreels.bitesizeddrama,all,2026-03-26,,internal,traffic-quality,"Fraudulent bundles
https://liftoffio.slack.com/archives/C02QR6T98SU/p1774378444334859?thread_ts=1774282238.086299&cid=C02QR6T98SU",No,plaw@liftoff.io,None,None,None,None,global,True
11508493,All exchanges,com.free.dramarapid,all,2026-03-26,,internal,traffic-quality,"Fraudulent bundles
https://liftoffio.slack.com/archives/C02QR6T98SU/p1774378444334859?thread_ts=1774282238.086299&cid=C02QR6T98SU",No,plaw@liftoff.io,None,None,None,None,global,True
11508493,All exchanges,solitaire.cash.win.formoney.ofmoney.battle,all,2026-03-26,,internal,traffic-quality,"Fraudulent bundles
https://liftoffio.slack.com/archives/C02QR6T98SU/p1774378444334859?thread_ts=1774282238.086299&cid=C02QR6T98SU",No,plaw@liftoff.io,None,None,None,None,global,True
11508493,All exchanges,com.quilca.tranquil.gp,all,2026-03-26,,internal,traffic-quality,"Fraudulent bundles
https://liftoffio.slack.com/archives/C02QR6T98SU/p1774378444334859?thread_ts=1774282238.086299&cid=C02QR6T98SU",No,plaw@liftoff.io,None,None,None,None,global,True
11508493,All exchanges,com.flexiblesnake.run,all,2026-03-26,,internal,traffic-quality,"Fraudulent bundles
https://liftoffio.slack.com/archives/C02QR6T98SU/p1774378444334859?thread_ts=1774282238.086299&cid=C02QR6T98SU",No,plaw@liftoff.io,None,None,None,None,global,True
11508493,All exchanges,com.ballsort.t045.gp,all,2026-03-26,,internal,traffic-quality,"Fraudulent bundles
https://liftoffio.slack.com/archives/C02QR6T98SU/p1774378444334859?thread_ts=1774282238.086299&cid=C02QR6T98SU",No,plaw@liftoff.io,None,None,None,None,global,True
11508493,All exchanges,com.bloodthirstace.cardheatwave.shiver.shark,all,2026-03-26,,internal,traffic-quality,"Fraudulent bundles
https://liftoffio.slack.com/archives/C02QR6T98SU/p1774378444334859?thread_ts=1774282238.086299&cid=C02QR6T98SU",No,plaw@liftoff.io,None,None,None,None,global,True
11508493,All exchanges,com.puzzlepopblock.ppb.gp,all,2026-03-26,,internal,traffic-quality,"Fraudulent bundles
https://liftoffio.slack.com/archives/C02QR6T98SU/p1774378444334859?thread_ts=1774282238.086299&cid=C02QR6T98SU",No,plaw@liftoff.io,None,None,None,None,global,True
11508493,All exchanges,com.prayash.sathi_pay,all,2026-03-26,,internal,traffic-quality,"Fraudulent bundles
https://liftoffio.slack.com/archives/C02QR6T98SU/p1774378444334859?thread_ts=1774282238.086299&cid=C02QR6T98SU",No,plaw@liftoff.io,None,None,None,None,global,True
11638394,VUNGLE,6756298019,all,2026-04-01,2026-06-30,internal,traffic-quality,Exchange level install farming ABL,Yes,-,None,None,None,None,global,False
11696874,All exchanges,com.rayole.games.flappy.emoji,all,2026-04-04,,internal,traffic-quality,Fraudulent Developers ABL,Yes,-,None,None,None,None,global,True
11696865,All exchanges,com.goodtimegames.solitaire.cash.money.earn,all,2026-04-04,,internal,traffic-quality,Fraudulent Developers ABL,Yes,-,None,None,None,None,global,True
11711404,VUNGLE,6743075620,all,2026-04-07,2026-07-06,internal,traffic-quality,Exchange level install farming ABL,Yes,-,None,None,None,None,global,False
11711403,VUNGLE,6759844329,all,2026-04-07,2026-07-06,internal,traffic-quality,Exchange level install farming ABL,Yes,-,None,None,None,None,global,False
11714696,VUNGLE,6758880733,all,2026-04-08,2026-07-07,internal,traffic-quality,Exchange level install farming ABL,Yes,-,None,None,None,None,global,False
11718225,VUNGLE,6760087804,all,2026-04-09,2026-07-08,internal,traffic-quality,Exchange level install farming ABL,Yes,-,None,None,None,None,global,False
11719893,All exchanges,6760876472,all,2026-04-09,,internal,traffic-quality,Fraudulent Developers ABL,Yes,-,None,None,None,None,global,True
11742601,VUNGLE,6760540195,all,2026-04-10,2026-07-09,internal,traffic-quality,Exchange level install farming ABL,Yes,-,None,None,None,None,global,False
11742600,VUNGLE,6757685460,all,2026-04-10,2026-07-09,internal,traffic-quality,Exchange level install farming ABL,Yes,-,None,None,None,None,global,False
11764463,All exchanges,dk.tactile.cookiecatsblast,all,2026-04-13,,internal,traffic-quality,High UUIDv4 noncompliance (Malformed GAID investigation),No,matt.johnson@liftoff.io,None,None,None,None,global,True
11764463,All exchanges,holy.bible.verse.audio.kjv,all,2026-04-13,,internal,traffic-quality,High UUIDv4 noncompliance (Malformed GAID investigation),No,matt.johnson@liftoff.io,None,None,None,None,global,True
11874794,All exchanges,com.rayole.games.ball.hop,all,2026-04-29,,internal,traffic-quality,Fraudulent Developers ABL,Yes,-,None,None,None,None,global,True
11972167,VUNGLE,1371501878,all,2026-05-07,,internal,traffic-quality,"High user CTR + poor d7 ROAS
notes: removed managed pubs: 805603214, com.lordix.addonsforminecraftpe, jp.ponta.myponta (prior id: 10912556)",No,matt.johnson@liftoff.io,None,None,None,None,global,True
11972167,VUNGLE,1436815668,all,2026-05-07,,internal,traffic-quality,"High user CTR + poor d7 ROAS
notes: removed managed pubs: 805603214, com.lordix.addonsforminecraftpe, jp.ponta.myponta (prior id: 10912556)",No,matt.johnson@liftoff.io,None,None,None,None,global,True
11972167,VUNGLE,com.fluency.wshlow,all,2026-05-07,,internal,traffic-quality,"High user CTR + poor d7 ROAS
notes: removed managed pubs: 805603214, com.lordix.addonsforminecraftpe, jp.ponta.myponta (prior id: 10912556)",No,matt.johnson@liftoff.io,None,None,None,None,global,True
11972167,VUNGLE,cat.game.liftapp,all,2026-05-07,,internal,traffic-quality,"High user CTR + poor d7 ROAS
notes: removed managed pubs: 805603214, com.lordix.addonsforminecraftpe, jp.ponta.myponta (prior id: 10912556)",No,matt.johnson@liftoff.io,None,None,None,None,global,True
11972167,VUNGLE,com.remivision.royalpuzzle,all,2026-05-07,,internal,traffic-quality,"High user CTR + poor d7 ROAS
notes: removed managed pubs: 805603214, com.lordix.addonsforminecraftpe, jp.ponta.myponta (prior id: 10912556)",No,matt.johnson@liftoff.io,None,None,None,None,global,True
11972167,VUNGLE,quickclickgames.magicaTA,all,2026-05-07,,internal,traffic-quality,"High user CTR + poor d7 ROAS
notes: removed managed pubs: 805603214, com.lordix.addonsforminecraftpe, jp.ponta.myponta (prior id: 10912556)",No,matt.johnson@liftoff.io,None,None,None,None,global,True
11972167,VUNGLE,ge.hotgames,all,2026-05-07,,internal,traffic-quality,"High user CTR + poor d7 ROAS
notes: removed managed pubs: 805603214, com.lordix.addonsforminecraftpe, jp.ponta.myponta (prior id: 10912556)",No,matt.johnson@liftoff.io,None,None,None,None,global,True
11972167,VUNGLE,com.yoogalabgaming.harmony.color,all,2026-05-07,,internal,traffic-quality,"High user CTR + poor d7 ROAS
notes: removed managed pubs: 805603214, com.lordix.addonsforminecraftpe, jp.ponta.myponta (prior id: 10912556)",No,matt.johnson@liftoff.io,None,None,None,None,global,True
11972167,VUNGLE,com.wromance.mobile.ads,all,2026-05-07,,internal,traffic-quality,"High user CTR + poor d7 ROAS
notes: removed managed pubs: 805603214, com.lordix.addonsforminecraftpe, jp.ponta.myponta (prior id: 10912556)",No,matt.johnson@liftoff.io,None,None,None,None,global,True
12248089,All exchanges,com.horus.age.evolution,all,2026-05-24,,internal,traffic-quality,Fraudulent Developers ABL,Yes,-,None,None,None,None,global,True
12261185,All exchanges,633298943,all,2026-05-26,2026-06-26,internal,traffic-quality,View Master Click Signals ABL,Yes,-,None,None,None,None,global,False
12282016,All exchanges,6757389826,all,2026-05-28,2026-06-28,internal,traffic-quality,View Master Click Signals ABL,Yes,-,None,None,None,None,global,False
12302741,All exchanges,tepteev.ihar.louis_segond.AOUOPFHHTNFLKMQR,all,2026-05-29,,internal,traffic-quality,"Non-performant apps tied to suspicious Bigo seller IDs
https://docs.google.com/spreadsheets/d/1hy0o3hLjgKEPRYm8tAQA1X8gUphfhikgS3Wb3sd6eJE/edit?gid=63260040#gid=63260040",No,plaw@liftoff.io,None,None,None,None,global,True
12302733,All exchanges,6754094474,all,2026-05-29,,internal,traffic-quality,Fraudulent apps identified via adhoc analysis: https://docs.google.com/document/d/1-lQ0h3WdTkYkWIO027QYvBxUVF2yRJrMh6-rKZaWeog,No,plaw@liftoff.io,None,None,None,None,global,True
12302733,All exchanges,com.brain.teaser.word.puzzlegame,all,2026-05-29,,internal,traffic-quality,Fraudulent apps identified via adhoc analysis: https://docs.google.com/document/d/1-lQ0h3WdTkYkWIO027QYvBxUVF2yRJrMh6-rKZaWeog,No,plaw@liftoff.io,None,None,None,None,global,True
12302733,All exchanges,6444340172,all,2026-05-29,,internal,traffic-quality,Fraudulent apps identified via adhoc analysis: https://docs.google.com/document/d/1-lQ0h3WdTkYkWIO027QYvBxUVF2yRJrMh6-rKZaWeog,No,plaw@liftoff.io,None,None,None,None,global,True
12302741,All exchanges,com.cash.dragon.pro,all,2026-05-29,,internal,traffic-quality,"Non-performant apps tied to suspicious Bigo seller IDs
https://docs.google.com/spreadsheets/d/1hy0o3hLjgKEPRYm8tAQA1X8gUphfhikgS3Wb3sd6eJE/edit?gid=63260040#gid=63260040",No,plaw@liftoff.io,None,None,None,None,global,True
12302733,All exchanges,com.fennik.facemask.diy.makeover,all,2026-05-29,,internal,traffic-quality,Fraudulent apps identified via adhoc analysis: https://docs.google.com/document/d/1-lQ0h3WdTkYkWIO027QYvBxUVF2yRJrMh6-rKZaWeog,No,plaw@liftoff.io,None,None,None,None,global,True
12302733,All exchanges,com.soulapps.brainfit,all,2026-05-29,,internal,traffic-quality,Fraudulent apps identified via adhoc analysis: https://docs.google.com/document/d/1-lQ0h3WdTkYkWIO027QYvBxUVF2yRJrMh6-rKZaWeog,No,plaw@liftoff.io,None,None,None,None,global,True
12302733,All exchanges,com.rayole.games.sort.master,all,2026-05-29,,internal,traffic-quality,Fraudulent apps identified via adhoc analysis: https://docs.google.com/document/d/1-lQ0h3WdTkYkWIO027QYvBxUVF2yRJrMh6-rKZaWeog,No,plaw@liftoff.io,None,None,None,None,global,True
12302741,All exchanges,com.gia.iloveftd,all,2026-05-29,,internal,traffic-quality,"Non-performant apps tied to suspicious Bigo seller IDs
https://docs.google.com/spreadsheets/d/1hy0o3hLjgKEPRYm8tAQA1X8gUphfhikgS3Wb3sd6eJE/edit?gid=63260040#gid=63260040",No,plaw@liftoff.io,None,None,None,None,global,True
12302741,All exchanges,com.connect.car.smartcarplay.mirror,all,2026-05-29,,internal,traffic-quality,"Non-performant apps tied to suspicious Bigo seller IDs
https://docs.google.com/spreadsheets/d/1hy0o3hLjgKEPRYm8tAQA1X8gUphfhikgS3Wb3sd6eJE/edit?gid=63260040#gid=63260040",No,plaw@liftoff.io,None,None,None,None,global,True
12302733,All exchanges,com.flower.match.story,all,2026-05-29,,internal,traffic-quality,Fraudulent apps identified via adhoc analysis: https://docs.google.com/document/d/1-lQ0h3WdTkYkWIO027QYvBxUVF2yRJrMh6-rKZaWeog,No,plaw@liftoff.io,None,None,None,None,global,True
12302733,All exchanges,com.onyxhook.pointjuice,all,2026-05-29,,internal,traffic-quality,Fraudulent apps identified via adhoc analysis: https://docs.google.com/document/d/1-lQ0h3WdTkYkWIO027QYvBxUVF2yRJrMh6-rKZaWeog,No,plaw@liftoff.io,None,None,None,None,global,True
12302741,All exchanges,6754652413,all,2026-05-29,,internal,traffic-quality,"Non-performant apps tied to suspicious Bigo seller IDs
https://docs.google.com/spreadsheets/d/1hy0o3hLjgKEPRYm8tAQA1X8gUphfhikgS3Wb3sd6eJE/edit?gid=63260040#gid=63260040",No,plaw@liftoff.io,None,None,None,None,global,True
12302741,All exchanges,com.rocketjump.majormayhem2,all,2026-05-29,,internal,traffic-quality,"Non-performant apps tied to suspicious Bigo seller IDs
https://docs.google.com/spreadsheets/d/1hy0o3hLjgKEPRYm8tAQA1X8gUphfhikgS3Wb3sd6eJE/edit?gid=63260040#gid=63260040",No,plaw@liftoff.io,None,None,None,None,global,True
12302733,All exchanges,com.randomvideochat.realgirlvideocall.girlvideochat,all,2026-05-29,,internal,traffic-quality,Fraudulent apps identified via adhoc analysis: https://docs.google.com/document/d/1-lQ0h3WdTkYkWIO027QYvBxUVF2yRJrMh6-rKZaWeog,No,plaw@liftoff.io,None,None,None,None,global,True
12302733,All exchanges,com.darksacygames.sirenheadhorrorgame,all,2026-05-29,,internal,traffic-quality,Fraudulent apps identified via adhoc analysis: https://docs.google.com/document/d/1-lQ0h3WdTkYkWIO027QYvBxUVF2yRJrMh6-rKZaWeog,No,plaw@liftoff.io,None,None,None,None,global,True
12302733,All exchanges,com.u4.knit.color,all,2026-05-29,,internal,traffic-quality,Fraudulent apps identified via adhoc analysis: https://docs.google.com/document/d/1-lQ0h3WdTkYkWIO027QYvBxUVF2yRJrMh6-rKZaWeog,No,plaw@liftoff.io,None,None,None,None,global,True
12302733,All exchanges,com.FlashOn.Ligther,all,2026-05-29,,internal,traffic-quality,Fraudulent apps identified via adhoc analysis: https://docs.google.com/document/d/1-lQ0h3WdTkYkWIO027QYvBxUVF2yRJrMh6-rKZaWeog,No,plaw@liftoff.io,None,None,None,None,global,True
12302741,All exchanges,com.supercrypto.cryptocyrrency,all,2026-05-29,,internal,traffic-quality,"Non-performant apps tied to suspicious Bigo seller IDs
https://docs.google.com/spreadsheets/d/1hy0o3hLjgKEPRYm8tAQA1X8gUphfhikgS3Wb3sd6eJE/edit?gid=63260040#gid=63260040",No,plaw@liftoff.io,None,None,None,None,global,True
12302741,All exchanges,com.rainbowgames.solitairedetective,all,2026-05-29,,internal,traffic-quality,"Non-performant apps tied to suspicious Bigo seller IDs
https://docs.google.com/spreadsheets/d/1hy0o3hLjgKEPRYm8tAQA1X8gUphfhikgS3Wb3sd6eJE/edit?gid=63260040#gid=63260040",No,plaw@liftoff.io,None,None,None,None,global,True
12302733,All exchanges,com.mahjong.explorer,all,2026-05-29,,internal,traffic-quality,Fraudulent apps identified via adhoc analysis: https://docs.google.com/document/d/1-lQ0h3WdTkYkWIO027QYvBxUVF2yRJrMh6-rKZaWeog,No,plaw@liftoff.io,None,None,None,None,global,True
12302733,All exchanges,com.rainbowgames.mycastlemergestory,all,2026-05-29,,internal,traffic-quality,Fraudulent apps identified via adhoc analysis: https://docs.google.com/document/d/1-lQ0h3WdTkYkWIO027QYvBxUVF2yRJrMh6-rKZaWeog,No,plaw@liftoff.io,None,None,None,None,global,True
12302733,All exchanges,com.sh.stickman.thief.puzzle.games,all,2026-05-29,,internal,traffic-quality,Fraudulent apps identified via adhoc analysis: https://docs.google.com/document/d/1-lQ0h3WdTkYkWIO027QYvBxUVF2yRJrMh6-rKZaWeog,No,plaw@liftoff.io,None,None,None,None,global,True
12302741,All exchanges,quickclickgames.magicaTA,all,2026-05-29,,internal,traffic-quality,"Non-performant apps tied to suspicious Bigo seller IDs
https://docs.google.com/spreadsheets/d/1hy0o3hLjgKEPRYm8tAQA1X8gUphfhikgS3Wb3sd6eJE/edit?gid=63260040#gid=63260040",No,plaw@liftoff.io,None,None,None,None,global,True
12302733,All exchanges,com.satorisysplay.ballsort,all,2026-05-29,,internal,traffic-quality,Fraudulent apps identified via adhoc analysis: https://docs.google.com/document/d/1-lQ0h3WdTkYkWIO027QYvBxUVF2yRJrMh6-rKZaWeog,No,plaw@liftoff.io,None,None,None,None,global,True
12302741,All exchanges,org.betup,all,2026-05-29,,internal,traffic-quality,"Non-performant apps tied to suspicious Bigo seller IDs
https://docs.google.com/spreadsheets/d/1hy0o3hLjgKEPRYm8tAQA1X8gUphfhikgS3Wb3sd6eJE/edit?gid=63260040#gid=63260040",No,plaw@liftoff.io,None,None,None,None,global,True
12302733,All exchanges,com.ladkivideocall.randomgirlvideochat,all,2026-05-29,,internal,traffic-quality,Fraudulent apps identified via adhoc analysis: https://docs.google.com/document/d/1-lQ0h3WdTkYkWIO027QYvBxUVF2yRJrMh6-rKZaWeog,No,plaw@liftoff.io,None,None,None,None,global,True
12302741,All exchanges,com.ALTenia.HomeGardenLulu,all,2026-05-29,,internal,traffic-quality,"Non-performant apps tied to suspicious Bigo seller IDs
https://docs.google.com/spreadsheets/d/1hy0o3hLjgKEPRYm8tAQA1X8gUphfhikgS3Wb3sd6eJE/edit?gid=63260040#gid=63260040",No,plaw@liftoff.io,None,None,None,None,global,True
12302741,All exchanges,com.CrashTime.RealCarCrash,all,2026-05-29,,internal,traffic-quality,"Non-performant apps tied to suspicious Bigo seller IDs
https://docs.google.com/spreadsheets/d/1hy0o3hLjgKEPRYm8tAQA1X8gUphfhikgS3Wb3sd6eJE/edit?gid=63260040#gid=63260040",No,plaw@liftoff.io,None,None,None,None,global,True
12298318,All exchanges,com.rc.oil.tanker.transport.truck.evolution.simulation,all,2026-05-29,2026-06-29,internal,traffic-quality,View Master Click Signals ABL,Yes,-,None,None,None,None,global,False
12302733,All exchanges,com.tchinnova.elementalduel,all,2026-05-29,,internal,traffic-quality,Fraudulent apps identified via adhoc analysis: https://docs.google.com/document/d/1-lQ0h3WdTkYkWIO027QYvBxUVF2yRJrMh6-rKZaWeog,No,plaw@liftoff.io,None,None,None,None,global,True
12302733,All exchanges,kr.co.smartstudy.kidspuzzlefun_android_googlemarket,all,2026-05-29,,internal,traffic-quality,Fraudulent apps identified via adhoc analysis: https://docs.google.com/document/d/1-lQ0h3WdTkYkWIO027QYvBxUVF2yRJrMh6-rKZaWeog,No,plaw@liftoff.io,None,None,None,None,global,True
12302733,All exchanges,6744959980,all,2026-05-29,,internal,traffic-quality,Fraudulent apps identified via adhoc analysis: https://docs.google.com/document/d/1-lQ0h3WdTkYkWIO027QYvBxUVF2yRJrMh6-rKZaWeog,No,plaw@liftoff.io,None,None,None,None,global,True
12302741,All exchanges,6477771449,all,2026-05-29,,internal,traffic-quality,"Non-performant apps tied to suspicious Bigo seller IDs
https://docs.google.com/spreadsheets/d/1hy0o3hLjgKEPRYm8tAQA1X8gUphfhikgS3Wb3sd6eJE/edit?gid=63260040#gid=63260040",No,plaw@liftoff.io,None,None,None,None,global,True
12302741,All exchanges,6511233488,all,2026-05-29,,internal,traffic-quality,"Non-performant apps tied to suspicious Bigo seller IDs
https://docs.google.com/spreadsheets/d/1hy0o3hLjgKEPRYm8tAQA1X8gUphfhikgS3Wb3sd6eJE/edit?gid=63260040#gid=63260040",No,plaw@liftoff.io,None,None,None,None,global,True
12302733,All exchanges,com.weup.alien.monster.life.challenge.chapter7,all,2026-05-29,,internal,traffic-quality,Fraudulent apps identified via adhoc analysis: https://docs.google.com/document/d/1-lQ0h3WdTkYkWIO027QYvBxUVF2yRJrMh6-rKZaWeog,No,plaw@liftoff.io,None,None,None,None,global,True
12302733,All exchanges,radio.fm.cuba.online,all,2026-05-29,,internal,traffic-quality,Fraudulent apps identified via adhoc analysis: https://docs.google.com/document/d/1-lQ0h3WdTkYkWIO027QYvBxUVF2yRJrMh6-rKZaWeog,No,plaw@liftoff.io,None,None,None,None,global,True
12302733,All exchanges,1533234933,all,2026-05-29,,internal,traffic-quality,Fraudulent apps identified via adhoc analysis: https://docs.google.com/document/d/1-lQ0h3WdTkYkWIO027QYvBxUVF2yRJrMh6-rKZaWeog,No,plaw@liftoff.io,None,None,None,None,global,True
12302733,All exchanges,notes.notebook.todolist.notepad.checklist,all,2026-05-29,,internal,traffic-quality,Fraudulent apps identified via adhoc analysis: https://docs.google.com/document/d/1-lQ0h3WdTkYkWIO027QYvBxUVF2yRJrMh6-rKZaWeog,No,plaw@liftoff.io,None,None,None,None,global,True
12302741,All exchanges,1488212261,all,2026-05-29,,internal,traffic-quality,"Non-performant apps tied to suspicious Bigo seller IDs
https://docs.google.com/spreadsheets/d/1hy0o3hLjgKEPRYm8tAQA1X8gUphfhikgS3Wb3sd6eJE/edit?gid=63260040#gid=63260040",No,plaw@liftoff.io,None,None,None,None,global,True
12302741,All exchanges,com.nllc.slavic.gangster.style,all,2026-05-29,,internal,traffic-quality,"Non-performant apps tied to suspicious Bigo seller IDs
https://docs.google.com/spreadsheets/d/1hy0o3hLjgKEPRYm8tAQA1X8gUphfhikgS3Wb3sd6eJE/edit?gid=63260040#gid=63260040",No,plaw@liftoff.io,None,None,None,None,global,True
12302733,All exchanges,1541995347,all,2026-05-29,,internal,traffic-quality,Fraudulent apps identified via adhoc analysis: https://docs.google.com/document/d/1-lQ0h3WdTkYkWIO027QYvBxUVF2yRJrMh6-rKZaWeog,No,plaw@liftoff.io,None,None,None,None,global,True
12302741,All exchanges,1422791215,all,2026-05-29,,internal,traffic-quality,"Non-performant apps tied to suspicious Bigo seller IDs
https://docs.google.com/spreadsheets/d/1hy0o3hLjgKEPRYm8tAQA1X8gUphfhikgS3Wb3sd6eJE/edit?gid=63260040#gid=63260040",No,plaw@liftoff.io,None,None,None,None,global,True
12302741,All exchanges,bible.with.strongs.concordance.study,all,2026-05-29,,internal,traffic-quality,"Non-performant apps tied to suspicious Bigo seller IDs
https://docs.google.com/spreadsheets/d/1hy0o3hLjgKEPRYm8tAQA1X8gUphfhikgS3Wb3sd6eJE/edit?gid=63260040#gid=63260040",No,plaw@liftoff.io,None,None,None,None,global,True
12302733,All exchanges,1614210785,all,2026-05-29,,internal,traffic-quality,Fraudulent apps identified via adhoc analysis: https://docs.google.com/document/d/1-lQ0h3WdTkYkWIO027QYvBxUVF2yRJrMh6-rKZaWeog,No,plaw@liftoff.io,None,None,None,None,global,True
12302733,All exchanges,com.hw.parking.chaos,all,2026-05-29,,internal,traffic-quality,Fraudulent apps identified via adhoc analysis: https://docs.google.com/document/d/1-lQ0h3WdTkYkWIO027QYvBxUVF2yRJrMh6-rKZaWeog,No,plaw@liftoff.io,None,None,None,None,global,True
12302741,All exchanges,com.randomvideochat.realgirlvideocall.girlvideochat,all,2026-05-29,,internal,traffic-quality,"Non-performant apps tied to suspicious Bigo seller IDs
https://docs.google.com/spreadsheets/d/1hy0o3hLjgKEPRYm8tAQA1X8gUphfhikgS3Wb3sd6eJE/edit?gid=63260040#gid=63260040",No,plaw@liftoff.io,None,None,None,None,global,True
12302741,All exchanges,com.neighbors.darkriddle,all,2026-05-29,,internal,traffic-quality,"Non-performant apps tied to suspicious Bigo seller IDs
https://docs.google.com/spreadsheets/d/1hy0o3hLjgKEPRYm8tAQA1X8gUphfhikgS3Wb3sd6eJE/edit?gid=63260040#gid=63260040",No,plaw@liftoff.io,None,None,None,None,global,True
12302733,All exchanges,6720728334,all,2026-05-29,,internal,traffic-quality,Fraudulent apps identified via adhoc analysis: https://docs.google.com/document/d/1-lQ0h3WdTkYkWIO027QYvBxUVF2yRJrMh6-rKZaWeog,No,plaw@liftoff.io,None,None,None,None,global,True
12302741,All exchanges,com.VMGames.Nostalgia,all,2026-05-29,,internal,traffic-quality,"Non-performant apps tied to suspicious Bigo seller IDs
https://docs.google.com/spreadsheets/d/1hy0o3hLjgKEPRYm8tAQA1X8gUphfhikgS3Wb3sd6eJE/edit?gid=63260040#gid=63260040",No,plaw@liftoff.io,None,None,None,None,global,True
12302733,All exchanges,6469732370,all,2026-05-29,,internal,traffic-quality,Fraudulent apps identified via adhoc analysis: https://docs.google.com/document/d/1-lQ0h3WdTkYkWIO027QYvBxUVF2yRJrMh6-rKZaWeog,No,plaw@liftoff.io,None,None,None,None,global,True
12302733,All exchanges,com.note.notebook.notepad.easynotes,all,2026-05-29,,internal,traffic-quality,Fraudulent apps identified via adhoc analysis: https://docs.google.com/document/d/1-lQ0h3WdTkYkWIO027QYvBxUVF2yRJrMh6-rKZaWeog,No,plaw@liftoff.io,None,None,None,None,global,True
12302741,All exchanges,470272134,all,2026-05-29,,internal,traffic-quality,"Non-performant apps tied to suspicious Bigo seller IDs
https://docs.google.com/spreadsheets/d/1hy0o3hLjgKEPRYm8tAQA1X8gUphfhikgS3Wb3sd6eJE/edit?gid=63260040#gid=63260040",No,plaw@liftoff.io,None,None,None,None,global,True
12302733,All exchanges,com.EnotGame.GangstersShowdown,all,2026-05-29,,internal,traffic-quality,Fraudulent apps identified via adhoc analysis: https://docs.google.com/document/d/1-lQ0h3WdTkYkWIO027QYvBxUVF2yRJrMh6-rKZaWeog,No,plaw@liftoff.io,None,None,None,None,global,True
12302733,All exchanges,6450262209,all,2026-05-29,,internal,traffic-quality,Fraudulent apps identified via adhoc analysis: https://docs.google.com/document/d/1-lQ0h3WdTkYkWIO027QYvBxUVF2yRJrMh6-rKZaWeog,No,plaw@liftoff.io,None,None,None,None,global,True
12302733,All exchanges,889069686,all,2026-05-29,,internal,traffic-quality,Fraudulent apps identified via adhoc analysis: https://docs.google.com/document/d/1-lQ0h3WdTkYkWIO027QYvBxUVF2yRJrMh6-rKZaWeog,No,plaw@liftoff.io,None,None,None,None,global,True
12302741,All exchanges,6479434603,all,2026-05-29,,internal,traffic-quality,"Non-performant apps tied to suspicious Bigo seller IDs
https://docs.google.com/spreadsheets/d/1hy0o3hLjgKEPRYm8tAQA1X8gUphfhikgS3Wb3sd6eJE/edit?gid=63260040#gid=63260040",No,plaw@liftoff.io,None,None,None,None,global,True
12302733,All exchanges,com.gamessoft.car.drifting.midnight.car.game,all,2026-05-29,,internal,traffic-quality,Fraudulent apps identified via adhoc analysis: https://docs.google.com/document/d/1-lQ0h3WdTkYkWIO027QYvBxUVF2yRJrMh6-rKZaWeog,No,plaw@liftoff.io,None,None,None,None,global,True
12302741,All exchanges,com.cas.cross_stitch_puzzle,all,2026-05-29,,internal,traffic-quality,"Non-performant apps tied to suspicious Bigo seller IDs
https://docs.google.com/spreadsheets/d/1hy0o3hLjgKEPRYm8tAQA1X8gUphfhikgS3Wb3sd6eJE/edit?gid=63260040#gid=63260040",No,plaw@liftoff.io,None,None,None,None,global,True
12302733,All exchanges,6744604064,all,2026-05-29,,internal,traffic-quality,Fraudulent apps identified via adhoc analysis: https://docs.google.com/document/d/1-lQ0h3WdTkYkWIO027QYvBxUVF2yRJrMh6-rKZaWeog,No,plaw@liftoff.io,None,None,None,None,global,True
12302733,All exchanges,978810802,all,2026-05-29,,internal,traffic-quality,Fraudulent apps identified via adhoc analysis: https://docs.google.com/document/d/1-lQ0h3WdTkYkWIO027QYvBxUVF2yRJrMh6-rKZaWeog,No,plaw@liftoff.io,None,None,None,None,global,True
12302741,All exchanges,1351585483,all,2026-05-29,,internal,traffic-quality,"Non-performant apps tied to suspicious Bigo seller IDs
https://docs.google.com/spreadsheets/d/1hy0o3hLjgKEPRYm8tAQA1X8gUphfhikgS3Wb3sd6eJE/edit?gid=63260040#gid=63260040",No,plaw@liftoff.io,None,None,None,None,global,True
12302741,All exchanges,com.SQUAD102.DriveWorld,all,2026-05-29,,internal,traffic-quality,"Non-performant apps tied to suspicious Bigo seller IDs
https://docs.google.com/spreadsheets/d/1hy0o3hLjgKEPRYm8tAQA1X8gUphfhikgS3Wb3sd6eJE/edit?gid=63260040#gid=63260040",No,plaw@liftoff.io,None,None,None,None,global,True
12302741,All exchanges,com.shaders.textures.rtx.modsformcpe,all,2026-05-29,,internal,traffic-quality,"Non-performant apps tied to suspicious Bigo seller IDs
https://docs.google.com/spreadsheets/d/1hy0o3hLjgKEPRYm8tAQA1X8gUphfhikgS3Wb3sd6eJE/edit?gid=63260040#gid=63260040",No,plaw@liftoff.io,None,None,None,None,global,True
12302733,All exchanges,com.free.vpn.turbo.fast.secure.govpn,all,2026-05-29,,internal,traffic-quality,Fraudulent apps identified via adhoc analysis: https://docs.google.com/document/d/1-lQ0h3WdTkYkWIO027QYvBxUVF2yRJrMh6-rKZaWeog,No,plaw@liftoff.io,None,None,None,None,global,True
12302733,All exchanges,6747331928,all,2026-05-29,,internal,traffic-quality,Fraudulent apps identified via adhoc analysis: https://docs.google.com/document/d/1-lQ0h3WdTkYkWIO027QYvBxUVF2yRJrMh6-rKZaWeog,No,plaw@liftoff.io,None,None,None,None,global,True
12302733,All exchanges,1300027167,all,2026-05-29,,internal,traffic-quality,Fraudulent apps identified via adhoc analysis: https://docs.google.com/document/d/1-lQ0h3WdTkYkWIO027QYvBxUVF2yRJrMh6-rKZaWeog,No,plaw@liftoff.io,None,None,None,None,global,True
12302741,All exchanges,com.EnotGame.GangstersShowdown,all,2026-05-29,,internal,traffic-quality,"Non-performant apps tied to suspicious Bigo seller IDs
https://docs.google.com/spreadsheets/d/1hy0o3hLjgKEPRYm8tAQA1X8gUphfhikgS3Wb3sd6eJE/edit?gid=63260040#gid=63260040",No,plaw@liftoff.io,None,None,None,None,global,True
12302733,All exchanges,com.VMGames.Nostalgia,all,2026-05-29,,internal,traffic-quality,Fraudulent apps identified via adhoc analysis: https://docs.google.com/document/d/1-lQ0h3WdTkYkWIO027QYvBxUVF2yRJrMh6-rKZaWeog,No,plaw@liftoff.io,None,None,None,None,global,True
12302741,All exchanges,com.DL.war.planes.inc.torpedo.bomber.fighter.aircraft.ww2,all,2026-05-29,,internal,traffic-quality,"Non-performant apps tied to suspicious Bigo seller IDs
https://docs.google.com/spreadsheets/d/1hy0o3hLjgKEPRYm8tAQA1X8gUphfhikgS3Wb3sd6eJE/edit?gid=63260040#gid=63260040",No,plaw@liftoff.io,None,None,None,None,global,True
12302733,All exchanges,appinventor.ai_agiapplications.CountYourSteps,all,2026-05-29,,internal,traffic-quality,Fraudulent apps identified via adhoc analysis: https://docs.google.com/document/d/1-lQ0h3WdTkYkWIO027QYvBxUVF2yRJrMh6-rKZaWeog,No,plaw@liftoff.io,None,None,None,None,global,True
12302733,All exchanges,6470972318,all,2026-05-29,,internal,traffic-quality,Fraudulent apps identified via adhoc analysis: https://docs.google.com/document/d/1-lQ0h3WdTkYkWIO027QYvBxUVF2yRJrMh6-rKZaWeog,No,plaw@liftoff.io,None,None,None,None,global,True
12302741,All exchanges,com.fidget.toys.pop.it.antistress.relaxation.game,all,2026-05-29,,internal,traffic-quality,"Non-performant apps tied to suspicious Bigo seller IDs
https://docs.google.com/spreadsheets/d/1hy0o3hLjgKEPRYm8tAQA1X8gUphfhikgS3Wb3sd6eJE/edit?gid=63260040#gid=63260040",No,plaw@liftoff.io,None,None,None,None,global,True
12302733,All exchanges,1126201781,all,2026-05-29,,internal,traffic-quality,Fraudulent apps identified via adhoc analysis: https://docs.google.com/document/d/1-lQ0h3WdTkYkWIO027QYvBxUVF2yRJrMh6-rKZaWeog,No,plaw@liftoff.io,None,None,None,None,global,True
12302733,All exchanges,com.birdsort.color.sortpuzzle,all,2026-05-29,,internal,traffic-quality,Fraudulent apps identified via adhoc analysis: https://docs.google.com/document/d/1-lQ0h3WdTkYkWIO027QYvBxUVF2yRJrMh6-rKZaWeog,No,plaw@liftoff.io,None,None,None,None,global,True
12302741,All exchanges,com.keplerians.icescream5,all,2026-05-29,,internal,traffic-quality,"Non-performant apps tied to suspicious Bigo seller IDs
https://docs.google.com/spreadsheets/d/1hy0o3hLjgKEPRYm8tAQA1X8gUphfhikgS3Wb3sd6eJE/edit?gid=63260040#gid=63260040",No,plaw@liftoff.io,None,None,None,None,global,True
12302733,All exchanges,6444472089,all,2026-05-29,,internal,traffic-quality,Fraudulent apps identified via adhoc analysis: https://docs.google.com/document/d/1-lQ0h3WdTkYkWIO027QYvBxUVF2yRJrMh6-rKZaWeog,No,plaw@liftoff.io,None,None,None,None,global,True
12302741,All exchanges,1600979855,all,2026-05-29,,internal,traffic-quality,"Non-performant apps tied to suspicious Bigo seller IDs
https://docs.google.com/spreadsheets/d/1hy0o3hLjgKEPRYm8tAQA1X8gUphfhikgS3Wb3sd6eJE/edit?gid=63260040#gid=63260040",No,plaw@liftoff.io,None,None,None,None,global,True
12302733,All exchanges,co.testee.android,all,2026-05-29,,internal,traffic-quality,Fraudulent apps identified via adhoc analysis: https://docs.google.com/document/d/1-lQ0h3WdTkYkWIO027QYvBxUVF2yRJrMh6-rKZaWeog,No,plaw@liftoff.io,None,None,None,None,global,True
12302741,All exchanges,com.D_one_Games.Escape_From_School,all,2026-05-29,,internal,traffic-quality,"Non-performant apps tied to suspicious Bigo seller IDs
https://docs.google.com/spreadsheets/d/1hy0o3hLjgKEPRYm8tAQA1X8gUphfhikgS3Wb3sd6eJE/edit?gid=63260040#gid=63260040",No,plaw@liftoff.io,None,None,None,None,global,True
12302741,All exchanges,com.Novella.Lagerta,all,2026-05-29,,internal,traffic-quality,"Non-performant apps tied to suspicious Bigo seller IDs
https://docs.google.com/spreadsheets/d/1hy0o3hLjgKEPRYm8tAQA1X8gUphfhikgS3Wb3sd6eJE/edit?gid=63260040#gid=63260040",No,plaw@liftoff.io,None,None,None,None,global,True
12302741,All exchanges,fi.bongames.transitking,all,2026-05-29,,internal,traffic-quality,"Non-performant apps tied to suspicious Bigo seller IDs
https://docs.google.com/spreadsheets/d/1hy0o3hLjgKEPRYm8tAQA1X8gUphfhikgS3Wb3sd6eJE/edit?gid=63260040#gid=63260040",No,plaw@liftoff.io,None,None,None,None,global,True
12302733,All exchanges,com.cup.idle.mental.drugstore.cafe,all,2026-05-29,,internal,traffic-quality,Fraudulent apps identified via adhoc analysis: https://docs.google.com/document/d/1-lQ0h3WdTkYkWIO027QYvBxUVF2yRJrMh6-rKZaWeog,No,plaw@liftoff.io,None,None,None,None,global,True
12302733,All exchanges,6444018042,all,2026-05-29,,internal,traffic-quality,Fraudulent apps identified via adhoc analysis: https://docs.google.com/document/d/1-lQ0h3WdTkYkWIO027QYvBxUVF2yRJrMh6-rKZaWeog,No,plaw@liftoff.io,None,None,None,None,global,True
12302733,All exchanges,com.sparklingsocietyworld.rollercoasterthemeparkbuildingtycoon,all,2026-05-29,,internal,traffic-quality,Fraudulent apps identified via adhoc analysis: https://docs.google.com/document/d/1-lQ0h3WdTkYkWIO027QYvBxUVF2yRJrMh6-rKZaWeog,No,plaw@liftoff.io,None,None,None,None,global,True
12302741,All exchanges,6755522390,all,2026-05-29,,internal,traffic-quality,"Non-performant apps tied to suspicious Bigo seller IDs
https://docs.google.com/spreadsheets/d/1hy0o3hLjgKEPRYm8tAQA1X8gUphfhikgS3Wb3sd6eJE/edit?gid=63260040#gid=63260040",No,plaw@liftoff.io,None,None,None,None,global,True
12302741,All exchanges,com.CabinaGames.ToiletFight,all,2026-05-29,,internal,traffic-quality,"Non-performant apps tied to suspicious Bigo seller IDs
https://docs.google.com/spreadsheets/d/1hy0o3hLjgKEPRYm8tAQA1X8gUphfhikgS3Wb3sd6eJE/edit?gid=63260040#gid=63260040",No,plaw@liftoff.io,None,None,None,None,global,True
12302733,All exchanges,com.cwjoy.pokermahjong,all,2026-05-29,,internal,traffic-quality,Fraudulent apps identified via adhoc analysis: https://docs.google.com/document/d/1-lQ0h3WdTkYkWIO027QYvBxUVF2yRJrMh6-rKZaWeog,No,plaw@liftoff.io,None,None,None,None,global,True
12302733,All exchanges,com.sh.mini.merge.puzzles,all,2026-05-29,,internal,traffic-quality,Fraudulent apps identified via adhoc analysis: https://docs.google.com/document/d/1-lQ0h3WdTkYkWIO027QYvBxUVF2yRJrMh6-rKZaWeog,No,plaw@liftoff.io,None,None,None,None,global,True
12302733,All exchanges,tile.triple.match.puzzle.game.journey,all,2026-05-29,,internal,traffic-quality,Fraudulent apps identified via adhoc analysis: https://docs.google.com/document/d/1-lQ0h3WdTkYkWIO027QYvBxUVF2yRJrMh6-rKZaWeog,No,plaw@liftoff.io,None,None,None,None,global,True
12302733,All exchanges,1637036778,all,2026-05-29,,internal,traffic-quality,Fraudulent apps identified via adhoc analysis: https://docs.google.com/document/d/1-lQ0h3WdTkYkWIO027QYvBxUVF2yRJrMh6-rKZaWeog,No,plaw@liftoff.io,None,None,None,None,global,True
12302741,All exchanges,6470997339,all,2026-05-29,,internal,traffic-quality,"Non-performant apps tied to suspicious Bigo seller IDs
https://docs.google.com/spreadsheets/d/1hy0o3hLjgKEPRYm8tAQA1X8gUphfhikgS3Wb3sd6eJE/edit?gid=63260040#gid=63260040",No,plaw@liftoff.io,None,None,None,None,global,True
12302733,All exchanges,6738576262,all,2026-05-29,,internal,traffic-quality,Fraudulent apps identified via adhoc analysis: https://docs.google.com/document/d/1-lQ0h3WdTkYkWIO027QYvBxUVF2yRJrMh6-rKZaWeog,No,plaw@liftoff.io,None,None,None,None,global,True
12302733,All exchanges,com.screw.romantic,all,2026-05-29,,internal,traffic-quality,Fraudulent apps identified via adhoc analysis: https://docs.google.com/document/d/1-lQ0h3WdTkYkWIO027QYvBxUVF2yRJrMh6-rKZaWeog,No,plaw@liftoff.io,None,None,None,None,global,True
12302733,All exchanges,1577896814,all,2026-05-29,,internal,traffic-quality,Fraudulent apps identified via adhoc analysis: https://docs.google.com/document/d/1-lQ0h3WdTkYkWIO027QYvBxUVF2yRJrMh6-rKZaWeog,No,plaw@liftoff.io,None,None,None,None,global,True
12302741,All exchanges,1529595468,all,2026-05-29,,internal,traffic-quality,"Non-performant apps tied to suspicious Bigo seller IDs
https://docs.google.com/spreadsheets/d/1hy0o3hLjgKEPRYm8tAQA1X8gUphfhikgS3Wb3sd6eJE/edit?gid=63260040#gid=63260040",No,plaw@liftoff.io,None,None,None,None,global,True
12302741,All exchanges,com.swell.melon.craft,all,2026-05-29,,internal,traffic-quality,"Non-performant apps tied to suspicious Bigo seller IDs
https://docs.google.com/spreadsheets/d/1hy0o3hLjgKEPRYm8tAQA1X8gUphfhikgS3Wb3sd6eJE/edit?gid=63260040#gid=63260040",No,plaw@liftoff.io,None,None,None,None,global,True
12302733,All exchanges,1602652110,all,2026-05-29,,internal,traffic-quality,Fraudulent apps identified via adhoc analysis: https://docs.google.com/document/d/1-lQ0h3WdTkYkWIO027QYvBxUVF2yRJrMh6-rKZaWeog,No,plaw@liftoff.io,None,None,None,None,global,True
12302733,All exchanges,com.herocraft.star.spaceship.wars.idle.builder.sim,all,2026-05-29,,internal,traffic-quality,Fraudulent apps identified via adhoc analysis: https://docs.google.com/document/d/1-lQ0h3WdTkYkWIO027QYvBxUVF2yRJrMh6-rKZaWeog,No,plaw@liftoff.io,None,None,None,None,global,True
12302741,All exchanges,com.dinopix.planetssmash,all,2026-05-29,,internal,traffic-quality,"Non-performant apps tied to suspicious Bigo seller IDs
https://docs.google.com/spreadsheets/d/1hy0o3hLjgKEPRYm8tAQA1X8gUphfhikgS3Wb3sd6eJE/edit?gid=63260040#gid=63260040",No,plaw@liftoff.io,None,None,None,None,global,True
12302733,All exchanges,com.kvadgroup.posters,all,2026-05-29,,internal,traffic-quality,Fraudulent apps identified via adhoc analysis: https://docs.google.com/document/d/1-lQ0h3WdTkYkWIO027QYvBxUVF2yRJrMh6-rKZaWeog,No,plaw@liftoff.io,None,None,None,None,global,True
12302733,All exchanges,877638937,all,2026-05-29,,internal,traffic-quality,Fraudulent apps identified via adhoc analysis: https://docs.google.com/document/d/1-lQ0h3WdTkYkWIO027QYvBxUVF2yRJrMh6-rKZaWeog,No,plaw@liftoff.io,None,None,None,None,global,True
12302741,All exchanges,team.ggc.kanzitdinov.radioapp,all,2026-05-29,,internal,traffic-quality,"Non-performant apps tied to suspicious Bigo seller IDs
https://docs.google.com/spreadsheets/d/1hy0o3hLjgKEPRYm8tAQA1X8gUphfhikgS3Wb3sd6eJE/edit?gid=63260040#gid=63260040",No,plaw@liftoff.io,None,None,None,None,global,True
12302733,All exchanges,com.room.destory.hsyya.game,all,2026-05-29,,internal,traffic-quality,Fraudulent apps identified via adhoc analysis: https://docs.google.com/document/d/1-lQ0h3WdTkYkWIO027QYvBxUVF2yRJrMh6-rKZaWeog,No,plaw@liftoff.io,None,None,None,None,global,True
12302733,All exchanges,1438522702,all,2026-05-29,,internal,traffic-quality,Fraudulent apps identified via adhoc analysis: https://docs.google.com/document/d/1-lQ0h3WdTkYkWIO027QYvBxUVF2yRJrMh6-rKZaWeog,No,plaw@liftoff.io,None,None,None,None,global,True
12302733,All exchanges,com.excellenth5game.bubblepopmaster,all,2026-05-29,,internal,traffic-quality,Fraudulent apps identified via adhoc analysis: https://docs.google.com/document/d/1-lQ0h3WdTkYkWIO027QYvBxUVF2yRJrMh6-rKZaWeog,No,plaw@liftoff.io,None,None,None,None,global,True
12302741,All exchanges,crosshair.customaiming.customscope,all,2026-05-29,,internal,traffic-quality,"Non-performant apps tied to suspicious Bigo seller IDs
https://docs.google.com/spreadsheets/d/1hy0o3hLjgKEPRYm8tAQA1X8gUphfhikgS3Wb3sd6eJE/edit?gid=63260040#gid=63260040",No,plaw@liftoff.io,None,None,None,None,global,True
12302733,All exchanges,com.dreamcrushgame.meowsort,all,2026-05-29,,internal,traffic-quality,Fraudulent apps identified via adhoc analysis: https://docs.google.com/document/d/1-lQ0h3WdTkYkWIO027QYvBxUVF2yRJrMh6-rKZaWeog,No,plaw@liftoff.io,None,None,None,None,global,True
12302733,All exchanges,com.wacky.evolution.merge.game.gp,all,2026-05-29,,internal,traffic-quality,Fraudulent apps identified via adhoc analysis: https://docs.google.com/document/d/1-lQ0h3WdTkYkWIO027QYvBxUVF2yRJrMh6-rKZaWeog,No,plaw@liftoff.io,None,None,None,None,global,True
12302733,All exchanges,stepcounter.pedometer.health.blood.heart.tracker,all,2026-05-29,,internal,traffic-quality,Fraudulent apps identified via adhoc analysis: https://docs.google.com/document/d/1-lQ0h3WdTkYkWIO027QYvBxUVF2yRJrMh6-rKZaWeog,No,plaw@liftoff.io,None,None,None,None,global,True
12302733,All exchanges,1471955633,all,2026-05-29,,internal,traffic-quality,Fraudulent apps identified via adhoc analysis: https://docs.google.com/document/d/1-lQ0h3WdTkYkWIO027QYvBxUVF2yRJrMh6-rKZaWeog,No,plaw@liftoff.io,None,None,None,None,global,True
12302733,All exchanges,com.pettiles.qtt002.gp,all,2026-05-29,,internal,traffic-quality,Fraudulent apps identified via adhoc analysis: https://docs.google.com/document/d/1-lQ0h3WdTkYkWIO027QYvBxUVF2yRJrMh6-rKZaWeog,No,plaw@liftoff.io,None,None,None,None,global,True
12302741,All exchanges,ru.PixelQuest.clickMoney,all,2026-05-29,,internal,traffic-quality,"Non-performant apps tied to suspicious Bigo seller IDs
https://docs.google.com/spreadsheets/d/1hy0o3hLjgKEPRYm8tAQA1X8gUphfhikgS3Wb3sd6eJE/edit?gid=63260040#gid=63260040",No,plaw@liftoff.io,None,None,None,None,global,True
12302733,All exchanges,com.outfit7.talkingtom2free,all,2026-05-29,,internal,traffic-quality,Fraudulent apps identified via adhoc analysis: https://docs.google.com/document/d/1-lQ0h3WdTkYkWIO027QYvBxUVF2yRJrMh6-rKZaWeog,No,plaw@liftoff.io,None,None,None,None,global,True
12302741,All exchanges,com.gzl.superhero.karatefighting.game,all,2026-05-29,,internal,traffic-quality,"Non-performant apps tied to suspicious Bigo seller IDs
https://docs.google.com/spreadsheets/d/1hy0o3hLjgKEPRYm8tAQA1X8gUphfhikgS3Wb3sd6eJE/edit?gid=63260040#gid=63260040",No,plaw@liftoff.io,None,None,None,None,global,True
12302733,All exchanges,1524272623,all,2026-05-29,,internal,traffic-quality,Fraudulent apps identified via adhoc analysis: https://docs.google.com/document/d/1-lQ0h3WdTkYkWIO027QYvBxUVF2yRJrMh6-rKZaWeog,No,plaw@liftoff.io,None,None,None,None,global,True
12302733,All exchanges,6446072175,all,2026-05-29,,internal,traffic-quality,Fraudulent apps identified via adhoc analysis: https://docs.google.com/document/d/1-lQ0h3WdTkYkWIO027QYvBxUVF2yRJrMh6-rKZaWeog,No,plaw@liftoff.io,None,None,None,None,global,True
12302733,All exchanges,com.gameeapp.android.app.blockdoggo,all,2026-05-29,,internal,traffic-quality,Fraudulent apps identified via adhoc analysis: https://docs.google.com/document/d/1-lQ0h3WdTkYkWIO027QYvBxUVF2yRJrMh6-rKZaWeog,No,plaw@liftoff.io,None,None,None,None,global,True
12302733,All exchanges,6748637429,all,2026-05-29,,internal,traffic-quality,Fraudulent apps identified via adhoc analysis: https://docs.google.com/document/d/1-lQ0h3WdTkYkWIO027QYvBxUVF2yRJrMh6-rKZaWeog,No,plaw@liftoff.io,None,None,None,None,global,True
12302733,All exchanges,com.lip.art.salon.diy.makeup.lipstick.makeovergames.asmr,all,2026-05-29,,internal,traffic-quality,Fraudulent apps identified via adhoc analysis: https://docs.google.com/document/d/1-lQ0h3WdTkYkWIO027QYvBxUVF2yRJrMh6-rKZaWeog,No,plaw@liftoff.io,None,None,None,None,global,True
12302741,All exchanges,com.merigotech.fillwordsthemes,all,2026-05-29,,internal,traffic-quality,"Non-performant apps tied to suspicious Bigo seller IDs
https://docs.google.com/spreadsheets/d/1hy0o3hLjgKEPRYm8tAQA1X8gUphfhikgS3Wb3sd6eJE/edit?gid=63260040#gid=63260040",No,plaw@liftoff.io,None,None,None,None,global,True
12302741,All exchanges,1516779222,all,2026-05-29,,internal,traffic-quality,"Non-performant apps tied to suspicious Bigo seller IDs
https://docs.google.com/spreadsheets/d/1hy0o3hLjgKEPRYm8tAQA1X8gUphfhikgS3Wb3sd6eJE/edit?gid=63260040#gid=63260040",No,plaw@liftoff.io,None,None,None,None,global,True
12302733,All exchanges,6670437571,all,2026-05-29,,internal,traffic-quality,Fraudulent apps identified via adhoc analysis: https://docs.google.com/document/d/1-lQ0h3WdTkYkWIO027QYvBxUVF2yRJrMh6-rKZaWeog,No,plaw@liftoff.io,None,None,None,None,global,True
12302733,All exchanges,com.brick.escape,all,2026-05-29,,internal,traffic-quality,Fraudulent apps identified via adhoc analysis: https://docs.google.com/document/d/1-lQ0h3WdTkYkWIO027QYvBxUVF2yRJrMh6-rKZaWeog,No,plaw@liftoff.io,None,None,None,None,global,True
12302733,All exchanges,com.mobgame.carmatch.trafficjam.puzzle,all,2026-05-29,,internal,traffic-quality,Fraudulent apps identified via adhoc analysis: https://docs.google.com/document/d/1-lQ0h3WdTkYkWIO027QYvBxUVF2yRJrMh6-rKZaWeog,No,plaw@liftoff.io,None,None,None,None,global,True
12302741,All exchanges,6748311128,all,2026-05-29,,internal,traffic-quality,"Non-performant apps tied to suspicious Bigo seller IDs
https://docs.google.com/spreadsheets/d/1hy0o3hLjgKEPRYm8tAQA1X8gUphfhikgS3Wb3sd6eJE/edit?gid=63260040#gid=63260040",No,plaw@liftoff.io,None,None,None,None,global,True
12302733,All exchanges,com.hybeim.puzzle17,all,2026-05-29,,internal,traffic-quality,Fraudulent apps identified via adhoc analysis: https://docs.google.com/document/d/1-lQ0h3WdTkYkWIO027QYvBxUVF2yRJrMh6-rKZaWeog,No,plaw@liftoff.io,None,None,None,None,global,True
12302733,All exchanges,6748311128,all,2026-05-29,,internal,traffic-quality,Fraudulent apps identified via adhoc analysis: https://docs.google.com/document/d/1-lQ0h3WdTkYkWIO027QYvBxUVF2yRJrMh6-rKZaWeog,No,plaw@liftoff.io,None,None,None,None,global,True
12302733,All exchanges,com.PSVStudio.BarboskinsCooking,all,2026-05-29,,internal,traffic-quality,Fraudulent apps identified via adhoc analysis: https://docs.google.com/document/d/1-lQ0h3WdTkYkWIO027QYvBxUVF2yRJrMh6-rKZaWeog,No,plaw@liftoff.io,None,None,None,None,global,True
12302733,All exchanges,com.bigcake.android.spidersolitaire,all,2026-05-29,,internal,traffic-quality,Fraudulent apps identified via adhoc analysis: https://docs.google.com/document/d/1-lQ0h3WdTkYkWIO027QYvBxUVF2yRJrMh6-rKZaWeog,No,plaw@liftoff.io,None,None,None,None,global,True
12302741,All exchanges,com.update.apps.software.update,all,2026-05-29,,internal,traffic-quality,"Non-performant apps tied to suspicious Bigo seller IDs
https://docs.google.com/spreadsheets/d/1hy0o3hLjgKEPRYm8tAQA1X8gUphfhikgS3Wb3sd6eJE/edit?gid=63260040#gid=63260040",No,plaw@liftoff.io,None,None,None,None,global,True
12302733,All exchanges,1529595468,all,2026-05-29,,internal,traffic-quality,Fraudulent apps identified via adhoc analysis: https://docs.google.com/document/d/1-lQ0h3WdTkYkWIO027QYvBxUVF2yRJrMh6-rKZaWeog,No,plaw@liftoff.io,None,None,None,None,global,True
12302733,All exchanges,com.balls.bricks.crushers.nn.game,all,2026-05-29,,internal,traffic-quality,Fraudulent apps identified via adhoc analysis: https://docs.google.com/document/d/1-lQ0h3WdTkYkWIO027QYvBxUVF2yRJrMh6-rKZaWeog,No,plaw@liftoff.io,None,None,None,None,global,True
12302733,All exchanges,6756168327,all,2026-05-29,,internal,traffic-quality,Fraudulent apps identified via adhoc analysis: https://docs.google.com/document/d/1-lQ0h3WdTkYkWIO027QYvBxUVF2yRJrMh6-rKZaWeog,No,plaw@liftoff.io,None,None,None,None,global,True
12302733,All exchanges,6746467003,all,2026-05-29,,internal,traffic-quality,Fraudulent apps identified via adhoc analysis: https://docs.google.com/document/d/1-lQ0h3WdTkYkWIO027QYvBxUVF2yRJrMh6-rKZaWeog,No,plaw@liftoff.io,None,None,None,None,global,True
12302741,All exchanges,com.darksacygames.sirenheadhorrorgame,all,2026-05-29,,internal,traffic-quality,"Non-performant apps tied to suspicious Bigo seller IDs
https://docs.google.com/spreadsheets/d/1hy0o3hLjgKEPRYm8tAQA1X8gUphfhikgS3Wb3sd6eJE/edit?gid=63260040#gid=63260040",No,plaw@liftoff.io,None,None,None,None,global,True
12302733,All exchanges,com.ubisoft.accovenant,all,2026-05-29,,internal,traffic-quality,Fraudulent apps identified via adhoc analysis: https://docs.google.com/document/d/1-lQ0h3WdTkYkWIO027QYvBxUVF2yRJrMh6-rKZaWeog,No,plaw@liftoff.io,None,None,None,None,global,True
12304591,All exchanges,6770802924,all,2026-05-30,2026-06-30,internal,traffic-quality,View Master Click Signals ABL,Yes,-,None,None,None,None,global,False
12311051,All exchanges,6503442332,all,2026-05-31,2026-06-30,internal,traffic-quality,View Master Click Signals ABL,Yes,-,None,None,None,None,global,False
12366382,All exchanges,com.eabanto.rosasconfrasesparadedicar,all,2026-06-04,2026-07-04,internal,traffic-quality,High new device and cellular mismatch rate ABL,Yes,-,None,None,None,None,global,False
12361374,All exchanges,6772874033,all,2026-06-04,2026-07-04,internal,traffic-quality,View Master Click Signals ABL,Yes,-,None,None,None,None,global,False
12366379,All exchanges,6475239992,all,2026-06-04,2026-07-04,internal,traffic-quality,High new device and cellular mismatch rate ABL,Yes,-,None,None,None,None,global,False
12361387,All exchanges,6762581389,all,2026-06-04,2026-07-04,internal,traffic-quality,View Master Click Signals ABL,Yes,-,None,None,None,None,global,False
12414621,All exchanges,6467193008,all,2026-06-08,2026-07-08,internal,traffic-quality,High new device and cellular mismatch rate ABL,Yes,-,None,None,None,None,global,False
12435440,All exchanges,app.com.balint.discolightvideomaker,all,2026-06-10,2026-07-10,internal,traffic-quality,View Master Click Signals ABL,Yes,-,None,None,None,None,global,False
12435426,All exchanges,1546055304,all,2026-06-10,2026-07-10,internal,traffic-quality,View Master Click Signals ABL,Yes,-,None,None,None,None,global,False
12462166,VUNGLE,6754833330,all,2026-06-12,2026-06-26,internal,traffic-quality,Spend gate source app <> exchange ABL hourly,Yes,-,None,None,None,None,global,False
12486868,VUNGLE,1179108009,all,2026-06-13,2026-06-27,internal,traffic-quality,Spend gate source app <> exchange ABL hourly,Yes,-,None,None,None,None,global,False
12520752,VUNGLE,1304885184,all,2026-06-13,2026-06-27,internal,traffic-quality,Spend gate source app <> exchange ABL hourly,Yes,-,None,None,None,None,global,False
12464002,All exchanges,6760178882,all,2026-06-13,2026-07-13,internal,traffic-quality,View Master Click Signals ABL,Yes,-,None,None,None,None,global,False
12528082,VUNGLE,6743933963,all,2026-06-14,2026-06-28,internal,traffic-quality,Spend gate source app <> exchange ABL hourly,Yes,-,None,None,None,None,global,False
12533477,All exchanges,com.bloadve.android.cknture,all,2026-06-14,2026-07-14,internal,traffic-quality,View Master Click Signals ABL,Yes,-,None,None,None,None,global,False
12535596,VUNGLE,1664708246,all,2026-06-14,2026-06-28,internal,traffic-quality,Spend gate source app <> exchange ABL,Yes,-,None,None,None,None,global,False
12547554,VUNGLE,6743109451,all,2026-06-15,2026-06-29,internal,traffic-quality,Spend gate source app <> exchange ABL hourly,Yes,-,None,None,None,None,global,False
12547736,VUNGLE,nl.nl112.android,all,2026-06-15,2026-06-29,internal,traffic-quality,Spend gate source app <> exchange ABL hourly,Yes,-,None,None,None,None,global,False
12544756,All exchanges,com.pitih.easy.fruits.puzzle,all,2026-06-15,2026-07-15,internal,traffic-quality,View Master Click Signals ABL,Yes,-,None,None,None,None,global,False
12561427,VUNGLE,com.sundaytoz.line.joy,all,2026-06-16,2026-06-30,internal,traffic-quality,Spend gate source app <> exchange ABL,Yes,-,None,None,None,None,global,False
12569008,VUNGLE,6737416185,all,2026-06-17,2026-07-01,internal,traffic-quality,Spend gate source app <> exchange ABL hourly,Yes,-,None,None,None,None,global,False
12693082,VUNGLE,6739570317,all,2026-06-18,2026-07-02,internal,traffic-quality,Spend gate source app <> exchange ABL,Yes,-,None,None,None,None,global,False
12693090,VUNGLE,6754159590,all,2026-06-18,2026-07-02,internal,traffic-quality,Spend gate source app <> exchange ABL,Yes,-,None,None,None,None,global,False
12728599,VUNGLE,6737984094,all,2026-06-18,2026-07-02,internal,traffic-quality,Spend gate source app <> exchange ABL hourly,Yes,-,None,None,None,None,global,False
12808645,All exchanges,com.word.madness,all,2026-06-19,2026-06-26,internal,traffic-quality,Android US Install gate,Yes,-,None,None,None,None,global,False
12808644,All exchanges,com.word.madness,all,2026-06-19,2026-06-26,internal,traffic-quality,Android US Install gate,Yes,-,None,None,None,None,global,False
12798217,All exchanges,com.vgames.dealmaster,all,2026-06-19,2026-07-19,internal,traffic-quality,View Master Click Signals ABL,Yes,-,None,None,None,None,global,False
12895114,VUNGLE,6755801812,all,2026-06-20,2026-07-04,internal,traffic-quality,Spend gate source app <> exchange ABL hourly,Yes,-,None,None,None,None,global,False
12930200,All exchanges,com.mobile.one.player.x,all,2026-06-20,2026-07-20,internal,traffic-quality,View Master Click Signals ABL,Yes,-,None,None,None,None,global,False
12915157,VUNGLE,6744784557,all,2026-06-20,2026-07-04,internal,traffic-quality,Spend gate source app <> exchange ABL hourly,Yes,-,None,None,None,None,global,False
12949398,VUNGLE,com.wildcard.classicspades,all,2026-06-20,2026-07-04,internal,traffic-quality,Spend gate source app <> exchange ABL,Yes,-,None,None,None,None,global,False
13036620,VUNGLE,6744784557,all,2026-06-21,2026-07-05,internal,traffic-quality,Spend gate source app <> exchange ABL,Yes,-,None,None,None,None,global,False
13036988,All exchanges,com.biomes.vanced,all,2026-06-21,2026-06-28,internal,traffic-quality,Android US Install gate,Yes,-,None,None,None,None,global,False
13036987,All exchanges,com.biomes.vanced,all,2026-06-21,2026-06-28,internal,traffic-quality,Android US Install gate,Yes,-,None,None,None,None,global,False
13077982,All exchanges,com.animalsounds.natureringtoneapp,all,2026-06-22,2026-07-22,internal,traffic-quality,View Master Click Signals ABL,Yes,-,None,None,None,None,global,False
13080752,All exchanges,444844790,all,2026-06-22,,internal,traffic-quality,Source app 444844790 (Scribblenauts Remix) violated UDS key fraud rule as App fraud. It was auto blocked by spend threshold.,No,-,None,None,None,None,global,True
13206118,VUNGLE,1620904768,all,2026-06-24,2026-07-08,internal,traffic-quality,Spend gate source app <> exchange ABL hourly,Yes,-,None,None,None,None,global,False
6178758,All exchanges,com.fullreader,all,2024-03-22,,internal,traffic-quality,DoubleVerify blocklist,No,matt.johnson@liftoff.io,None,None,None,None,global,True
6178758,All exchanges,com.sky.sea.cashzineForVietnam,all,2024-03-22,,internal,traffic-quality,DoubleVerify blocklist,No,matt.johnson@liftoff.io,None,None,None,None,global,True
6632458,All exchanges,6446621231,all,2024-06-10,,internal,traffic-quality,Source app 6446621231 (Alien Raid: Monster Evolution) violated UDS key fraud rule as App fraud. It was auto blocked by spend threshold.,No,-,None,None,None,None,global,True
8308574,All exchanges,com.hotplay.princessdiy,all,2025-02-07,,internal,traffic-quality,Fraudulent apps,No,plaw@liftoff.io,None,None,None,None,global,True
8308574,All exchanges,com.hotplay.petexplosion,all,2025-02-07,,internal,traffic-quality,Fraudulent apps,No,plaw@liftoff.io,None,None,None,None,global,True
8343327,All exchanges,com.wonder,all,2025-02-17,,internal,traffic-quality,Source app com.wonder (Elevate - Brain Training Games) violated UDS key fraud rule as Spoofed fraud. It was auto blocked by spend threshold.,No,-,None,None,None,None,global,True
8743144,All exchanges,iplayer.and.new.com,all,2025-07-04,,internal,traffic-quality,Human security flagged apps Jul 2025,No,matt.johnson@liftoff.io,None,None,None,None,global,True
8756119,All exchanges,com.yg.ball.challenge,all,2025-07-09,,internal,traffic-quality,Fraudulent Developers ABL,Yes,-,None,None,None,None,global,True
8756120,All exchanges,com.yg.gluttonysnake,all,2025-07-09,,internal,traffic-quality,Fraudulent Developers ABL,Yes,-,None,None,None,None,global,True
8756123,All exchanges,com.yg.snipermaster,all,2025-07-09,,internal,traffic-quality,Fraudulent Developers ABL,Yes,-,None,None,None,None,global,True
8756122,All exchanges,com.yg.mini.games,all,2025-07-09,,internal,traffic-quality,Fraudulent Developers ABL,Yes,-,None,None,None,None,global,True
8790247,All exchanges,6745538280,all,2025-07-30,,internal,traffic-quality,Fraudulent Developers ABL,Yes,-,None,None,None,None,global,True
8790537,All exchanges,com.dream.sleep.huss.game,all,2025-07-30,,internal,traffic-quality,Fraudulent Developers ABL,Yes,-,None,None,None,None,global,True
8790487,All exchanges,6497224256,all,2025-07-30,,internal,traffic-quality,Fraudulent Developers ABL,Yes,-,None,None,None,None,global,True
8790544,All exchanges,6747179002,all,2025-07-30,,internal,traffic-quality,Fraudulent Developers ABL,Yes,-,None,None,None,None,global,True
8790416,All exchanges,6745003512,all,2025-07-30,,internal,traffic-quality,Fraudulent Developers ABL,Yes,-,None,None,None,None,global,True
9183238,All exchanges,com.fagame.app.triplematch,all,2025-09-15,,internal,traffic-quality,Source app com.fagame.app.triplematch (Triple Match Story - Match 3D) violated UDS key fraud rule as App fraud. It was auto blocked by spend threshold.,No,-,None,None,None,None,global,True
9206007,All exchanges,com.videoplayer.xplayer.easy,all,2025-09-21,,internal,traffic-quality,Fraudulent Developers ABL,Yes,-,None,None,None,None,global,True
10237580,All exchanges,com.play.movie.times.people.dog,all,2025-11-05,,internal,traffic-quality,"Original BL: https://blocklister.liftoff.io/edit/8476283

Removing manual BL as no-bid criteria for low download source apps is in place. Keeping source apps that not in play store blocked.",No,cwong@liftoff.io,None,None,None,None,global,True
10349688,All exchanges,nonogram.puzzle.picross.free.android,all,2025-11-19,,internal,traffic-quality,Fraudulent Developers ABL,Yes,-,None,None,None,None,global,True
10349609,All exchanges,com.mindyourlogic.brain.test.logic.puzzle.detective.iq3,all,2025-11-19,,internal,traffic-quality,Fraudulent Developers ABL,Yes,-,None,None,None,None,global,True
10391229,All exchanges,com.rayole.games.match.play3D,all,2025-11-25,,internal,traffic-quality,Fraudulent Developers ABL,Yes,-,None,None,None,None,global,True
10391028,All exchanges,com.rayole.games.basket.shot,all,2025-11-25,,internal,traffic-quality,Fraudulent Developers ABL,Yes,-,None,None,None,None,global,True
10821143,All exchanges,ninja.creed2.sniper.real3d.action.free.android,all,2026-01-15,,internal,traffic-quality,Fraudulent Developers ABL,Yes,-,None,None,None,None,global,True
11093211,All exchanges,com.rayole.games.basket.dunk,all,2026-02-17,,internal,traffic-quality,Fraudulent Developers ABL,Yes,-,None,None,None,None,global,True
11123800,All exchanges,com.sports.live.football.tv,all,2026-02-24,,internal,traffic-quality,Spoofed source apps,No,cwong@liftoff.io,None,None,None,None,global,True
11226180,All exchanges,com.rayole.games.naruto.hero,all,2026-03-08,,internal,traffic-quality,Fraudulent Developers ABL,Yes,-,None,None,None,None,global,True
11486093,All exchanges,com.sh.snake.out.puzzle.escape.wiggle,all,2026-03-25,,internal,traffic-quality,Fraudulent Developers ABL,Yes,-,None,None,None,None,global,True
11508493,All exchanges,com.ordinaryjoy.block.vivo,all,2026-03-26,,internal,traffic-quality,"Fraudulent bundles
https://liftoffio.slack.com/archives/C02QR6T98SU/p1774378444334859?thread_ts=1774282238.086299&cid=C02QR6T98SU",No,plaw@liftoff.io,None,None,None,None,global,True
11508493,All exchanges,com.golden.bowl,all,2026-03-26,,internal,traffic-quality,"Fraudulent bundles
https://liftoffio.slack.com/archives/C02QR6T98SU/p1774378444334859?thread_ts=1774282238.086299&cid=C02QR6T98SU",No,plaw@liftoff.io,None,None,None,None,global,True
11508493,All exchanges,com.popit.stress.asmr.antistess.satisfy.puzzle.huawei,all,2026-03-26,,internal,traffic-quality,"Fraudulent bundles
https://liftoffio.slack.com/archives/C02QR6T98SU/p1774378444334859?thread_ts=1774282238.086299&cid=C02QR6T98SU",No,plaw@liftoff.io,None,None,None,None,global,True
11508493,All exchanges,com.fusionmind.ragdolldrop,all,2026-03-26,,internal,traffic-quality,"Fraudulent bundles
https://liftoffio.slack.com/archives/C02QR6T98SU/p1774378444334859?thread_ts=1774282238.086299&cid=C02QR6T98SU",No,plaw@liftoff.io,None,None,None,None,global,True
11508493,All exchanges,com.beatumusic.player.summer,all,2026-03-26,,internal,traffic-quality,"Fraudulent bundles
https://liftoffio.slack.com/archives/C02QR6T98SU/p1774378444334859?thread_ts=1774282238.086299&cid=C02QR6T98SU",No,plaw@liftoff.io,None,None,None,None,global,True
11508493,All exchanges,com.hospital.organizer.tidy.game,all,2026-03-26,,internal,traffic-quality,"Fraudulent bundles
https://liftoffio.slack.com/archives/C02QR6T98SU/p1774378444334859?thread_ts=1774282238.086299&cid=C02QR6T98SU",No,plaw@liftoff.io,None,None,None,None,global,True
11508493,All exchanges,com.ezero.seven.water.gp,all,2026-03-26,,internal,traffic-quality,"Fraudulent bundles
https://liftoffio.slack.com/archives/C02QR6T98SU/p1774378444334859?thread_ts=1774282238.086299&cid=C02QR6T98SU",No,plaw@liftoff.io,None,None,None,None,global,True
11594877,All exchanges,ai.socialapps.speakmaster,all,2026-03-30,,internal,traffic-quality,Poor quality apps / malware discovered when unblocking sources for TEMU,No,matt.johnson@liftoff.io,None,None,None,None,global,True
11594877,All exchanges,pmm.phone.merge.master,all,2026-03-30,,internal,traffic-quality,Poor quality apps / malware discovered when unblocking sources for TEMU,No,matt.johnson@liftoff.io,None,None,None,None,global,True
11627757,All exchanges,com.rayole.games.color.link,all,2026-03-31,,internal,traffic-quality,Fraudulent Developers ABL,Yes,-,None,None,None,None,global,True
11657591,All exchanges,6748945355,all,2026-04-01,,internal,traffic-quality,Fraudulent Developers ABL,Yes,-,None,None,None,None,global,True
11657543,All exchanges,6748945355,all,2026-04-01,,internal,traffic-quality,"Associated with domains serving fake OS pop-up style ads
https://liftoffio.slack.com/archives/C037P2AS57F/p1775055696644879",No,plaw@liftoff.io,None,None,None,None,global,True
11708569,VUNGLE,6758223400,all,2026-04-06,2026-07-05,internal,traffic-quality,Exchange level install farming ABL,Yes,-,None,None,None,None,global,False
11708571,VUNGLE,6759955443,all,2026-04-06,2026-07-05,internal,traffic-quality,Exchange level install farming ABL,Yes,-,None,None,None,None,global,False
11764463,All exchanges,com.bigstarkids.numberspuzzle248,all,2026-04-13,,internal,traffic-quality,High UUIDv4 noncompliance (Malformed GAID investigation),No,matt.johnson@liftoff.io,None,None,None,None,global,True
11764463,All exchanges,com.scoring.champion,all,2026-04-13,,internal,traffic-quality,High UUIDv4 noncompliance (Malformed GAID investigation),No,matt.johnson@liftoff.io,None,None,None,None,global,True
11764463,All exchanges,com.unicostudio.voxelblastjam,all,2026-04-13,,internal,traffic-quality,High UUIDv4 noncompliance (Malformed GAID investigation),No,matt.johnson@liftoff.io,None,None,None,None,global,True
11800713,All exchanges,com.rayolesoftware.cashmonkey,all,2026-04-19,,internal,traffic-quality,Fraudulent Developers ABL,Yes,-,None,None,None,None,global,True
11843934,All exchanges,6762119300,all,2026-04-26,,internal,traffic-quality,Fraudulent Developers ABL,Yes,-,None,None,None,None,global,True
11972167,VUNGLE,com.edutainment.mashadentist,all,2026-05-07,,internal,traffic-quality,"High user CTR + poor d7 ROAS
notes: removed managed pubs: 805603214, com.lordix.addonsforminecraftpe, jp.ponta.myponta (prior id: 10912556)",No,matt.johnson@liftoff.io,None,None,None,None,global,True
11972167,VUNGLE,com.gameduell.mobile.belote,all,2026-05-07,,internal,traffic-quality,"High user CTR + poor d7 ROAS
notes: removed managed pubs: 805603214, com.lordix.addonsforminecraftpe, jp.ponta.myponta (prior id: 10912556)",No,matt.johnson@liftoff.io,None,None,None,None,global,True
11972167,VUNGLE,853861324,all,2026-05-07,,internal,traffic-quality,"High user CTR + poor d7 ROAS
notes: removed managed pubs: 805603214, com.lordix.addonsforminecraftpe, jp.ponta.myponta (prior id: 10912556)",No,matt.johnson@liftoff.io,None,None,None,None,global,True
11972167,VUNGLE,1134853735,all,2026-05-07,,internal,traffic-quality,"High user CTR + poor d7 ROAS
notes: removed managed pubs: 805603214, com.lordix.addonsforminecraftpe, jp.ponta.myponta (prior id: 10912556)",No,matt.johnson@liftoff.io,None,None,None,None,global,True
11972167,VUNGLE,com.stepler,all,2026-05-07,,internal,traffic-quality,"High user CTR + poor d7 ROAS
notes: removed managed pubs: 805603214, com.lordix.addonsforminecraftpe, jp.ponta.myponta (prior id: 10912556)",No,matt.johnson@liftoff.io,None,None,None,None,global,True
11972167,VUNGLE,de.whow.jackpot,all,2026-05-07,,internal,traffic-quality,"High user CTR + poor d7 ROAS
notes: removed managed pubs: 805603214, com.lordix.addonsforminecraftpe, jp.ponta.myponta (prior id: 10912556)",No,matt.johnson@liftoff.io,None,None,None,None,global,True
11972167,VUNGLE,821744424,all,2026-05-07,,internal,traffic-quality,"High user CTR + poor d7 ROAS
notes: removed managed pubs: 805603214, com.lordix.addonsforminecraftpe, jp.ponta.myponta (prior id: 10912556)",No,matt.johnson@liftoff.io,None,None,None,None,global,True
11972167,VUNGLE,6566179234,all,2026-05-07,,internal,traffic-quality,"High user CTR + poor d7 ROAS
notes: removed managed pubs: 805603214, com.lordix.addonsforminecraftpe, jp.ponta.myponta (prior id: 10912556)",No,matt.johnson@liftoff.io,None,None,None,None,global,True
11972167,VUNGLE,jp.co.goodroid.hyper.rope,all,2026-05-07,,internal,traffic-quality,"High user CTR + poor d7 ROAS
notes: removed managed pubs: 805603214, com.lordix.addonsforminecraftpe, jp.ponta.myponta (prior id: 10912556)",No,matt.johnson@liftoff.io,None,None,None,None,global,True
11972167,VUNGLE,com.softgames.bubbleshooterpro,all,2026-05-07,,internal,traffic-quality,"High user CTR + poor d7 ROAS
notes: removed managed pubs: 805603214, com.lordix.addonsforminecraftpe, jp.ponta.myponta (prior id: 10912556)",No,matt.johnson@liftoff.io,None,None,None,None,global,True
11972167,VUNGLE,com.stvrae.idilio,all,2026-05-07,,internal,traffic-quality,"High user CTR + poor d7 ROAS
notes: removed managed pubs: 805603214, com.lordix.addonsforminecraftpe, jp.ponta.myponta (prior id: 10912556)",No,matt.johnson@liftoff.io,None,None,None,None,global,True
11972167,VUNGLE,430282710,all,2026-05-07,,internal,traffic-quality,"High user CTR + poor d7 ROAS
notes: removed managed pubs: 805603214, com.lordix.addonsforminecraftpe, jp.ponta.myponta (prior id: 10912556)",No,matt.johnson@liftoff.io,None,None,None,None,global,True
12201200,All exchanges,com.sh.stickman.party.player.minigames,all,2026-05-20,,internal,traffic-quality,Fraudulent Developers ABL,Yes,-,None,None,None,None,global,True
12261200,All exchanges,1596758453,all,2026-05-26,2026-06-26,internal,traffic-quality,View Master Click Signals ABL,Yes,-,None,None,None,None,global,False
12269152,All exchanges,6756404746,all,2026-05-27,2026-06-27,internal,traffic-quality,View Master Click Signals ABL,Yes,-,None,None,None,None,global,False
12269146,All exchanges,6768577136,all,2026-05-27,2026-06-27,internal,traffic-quality,View Master Click Signals ABL,Yes,-,None,None,None,None,global,False
12302733,All exchanges,1494685132,all,2026-05-29,,internal,traffic-quality,Fraudulent apps identified via adhoc analysis: https://docs.google.com/document/d/1-lQ0h3WdTkYkWIO027QYvBxUVF2yRJrMh6-rKZaWeog,No,plaw@liftoff.io,None,None,None,None,global,True
12302741,All exchanges,1528333833,all,2026-05-29,,internal,traffic-quality,"Non-performant apps tied to suspicious Bigo seller IDs
https://docs.google.com/spreadsheets/d/1hy0o3hLjgKEPRYm8tAQA1X8gUphfhikgS3Wb3sd6eJE/edit?gid=63260040#gid=63260040",No,plaw@liftoff.io,None,None,None,None,global,True
12302733,All exchanges,com.casino.games.jackpot.slots,all,2026-05-29,,internal,traffic-quality,Fraudulent apps identified via adhoc analysis: https://docs.google.com/document/d/1-lQ0h3WdTkYkWIO027QYvBxUVF2yRJrMh6-rKZaWeog,No,plaw@liftoff.io,None,None,None,None,global,True
12302741,All exchanges,com.archive_manager,all,2026-05-29,,internal,traffic-quality,"Non-performant apps tied to suspicious Bigo seller IDs
https://docs.google.com/spreadsheets/d/1hy0o3hLjgKEPRYm8tAQA1X8gUphfhikgS3Wb3sd6eJE/edit?gid=63260040#gid=63260040",No,plaw@liftoff.io,None,None,None,None,global,True
12302733,All exchanges,1664850606,all,2026-05-29,,internal,traffic-quality,Fraudulent apps identified via adhoc analysis: https://docs.google.com/document/d/1-lQ0h3WdTkYkWIO027QYvBxUVF2yRJrMh6-rKZaWeog,No,plaw@liftoff.io,None,None,None,None,global,True
12302733,All exchanges,com.ghive.endless.car.race.traffic.drive.apps,all,2026-05-29,,internal,traffic-quality,Fraudulent apps identified via adhoc analysis: https://docs.google.com/document/d/1-lQ0h3WdTkYkWIO027QYvBxUVF2yRJrMh6-rKZaWeog,No,plaw@liftoff.io,None,None,None,None,global,True
12302733,All exchanges,6755817834,all,2026-05-29,,internal,traffic-quality,Fraudulent apps identified via adhoc analysis: https://docs.google.com/document/d/1-lQ0h3WdTkYkWIO027QYvBxUVF2yRJrMh6-rKZaWeog,No,plaw@liftoff.io,None,None,None,None,global,True
12302733,All exchanges,6472717515,all,2026-05-29,,internal,traffic-quality,Fraudulent apps identified via adhoc analysis: https://docs.google.com/document/d/1-lQ0h3WdTkYkWIO027QYvBxUVF2yRJrMh6-rKZaWeog,No,plaw@liftoff.io,None,None,None,None,global,True
12302733,All exchanges,com.neighbor.darkriddle2.mars,all,2026-05-29,,internal,traffic-quality,Fraudulent apps identified via adhoc analysis: https://docs.google.com/document/d/1-lQ0h3WdTkYkWIO027QYvBxUVF2yRJrMh6-rKZaWeog,No,plaw@liftoff.io,None,None,None,None,global,True
12302733,All exchanges,1609011110,all,2026-05-29,,internal,traffic-quality,Fraudulent apps identified via adhoc analysis: https://docs.google.com/document/d/1-lQ0h3WdTkYkWIO027QYvBxUVF2yRJrMh6-rKZaWeog,No,plaw@liftoff.io,None,None,None,None,global,True
12302741,All exchanges,1484461621,all,2026-05-29,,internal,traffic-quality,"Non-performant apps tied to suspicious Bigo seller IDs
https://docs.google.com/spreadsheets/d/1hy0o3hLjgKEPRYm8tAQA1X8gUphfhikgS3Wb3sd6eJE/edit?gid=63260040#gid=63260040",No,plaw@liftoff.io,None,None,None,None,global,True
12302741,All exchanges,kallossoft.videostabilizer,all,2026-05-29,,internal,traffic-quality,"Non-performant apps tied to suspicious Bigo seller IDs
https://docs.google.com/spreadsheets/d/1hy0o3hLjgKEPRYm8tAQA1X8gUphfhikgS3Wb3sd6eJE/edit?gid=63260040#gid=63260040",No,plaw@liftoff.io,None,None,None,None,global,True
12302741,All exchanges,com.greetify.lite,all,2026-05-29,,internal,traffic-quality,"Non-performant apps tied to suspicious Bigo seller IDs
https://docs.google.com/spreadsheets/d/1hy0o3hLjgKEPRYm8tAQA1X8gUphfhikgS3Wb3sd6eJE/edit?gid=63260040#gid=63260040",No,plaw@liftoff.io,None,None,None,None,global,True
12302733,All exchanges,1529860201,all,2026-05-29,,internal,traffic-quality,Fraudulent apps identified via adhoc analysis: https://docs.google.com/document/d/1-lQ0h3WdTkYkWIO027QYvBxUVF2yRJrMh6-rKZaWeog,No,plaw@liftoff.io,None,None,None,None,global,True
12302733,All exchanges,com.hole.drop,all,2026-05-29,,internal,traffic-quality,Fraudulent apps identified via adhoc analysis: https://docs.google.com/document/d/1-lQ0h3WdTkYkWIO027QYvBxUVF2yRJrMh6-rKZaWeog,No,plaw@liftoff.io,None,None,None,None,global,True
12302741,All exchanges,com.keplerians.icescreamseven,all,2026-05-29,,internal,traffic-quality,"Non-performant apps tied to suspicious Bigo seller IDs
https://docs.google.com/spreadsheets/d/1hy0o3hLjgKEPRYm8tAQA1X8gUphfhikgS3Wb3sd6eJE/edit?gid=63260040#gid=63260040",No,plaw@liftoff.io,None,None,None,None,global,True
12302733,All exchanges,com.wannabeclassicpro.bingoelites,all,2026-05-29,,internal,traffic-quality,Fraudulent apps identified via adhoc analysis: https://docs.google.com/document/d/1-lQ0h3WdTkYkWIO027QYvBxUVF2yRJrMh6-rKZaWeog,No,plaw@liftoff.io,None,None,None,None,global,True
12302733,All exchanges,com.mm.mapcompass,all,2026-05-29,,internal,traffic-quality,Fraudulent apps identified via adhoc analysis: https://docs.google.com/document/d/1-lQ0h3WdTkYkWIO027QYvBxUVF2yRJrMh6-rKZaWeog,No,plaw@liftoff.io,None,None,None,None,global,True
12302733,All exchanges,com.hw.idle.parking.tycoon,all,2026-05-29,,internal,traffic-quality,Fraudulent apps identified via adhoc analysis: https://docs.google.com/document/d/1-lQ0h3WdTkYkWIO027QYvBxUVF2yRJrMh6-rKZaWeog,No,plaw@liftoff.io,None,None,None,None,global,True
12302733,All exchanges,com.wool.rescue.my.cat.an,all,2026-05-29,,internal,traffic-quality,Fraudulent apps identified via adhoc analysis: https://docs.google.com/document/d/1-lQ0h3WdTkYkWIO027QYvBxUVF2yRJrMh6-rKZaWeog,No,plaw@liftoff.io,None,None,None,None,global,True
12302733,All exchanges,6736932613,all,2026-05-29,,internal,traffic-quality,Fraudulent apps identified via adhoc analysis: https://docs.google.com/document/d/1-lQ0h3WdTkYkWIO027QYvBxUVF2yRJrMh6-rKZaWeog,No,plaw@liftoff.io,None,None,None,None,global,True
12302733,All exchanges,nuts.bolts.story.wood.screw.color.sort.unscrew.family.save.help,all,2026-05-29,,internal,traffic-quality,Fraudulent apps identified via adhoc analysis: https://docs.google.com/document/d/1-lQ0h3WdTkYkWIO027QYvBxUVF2yRJrMh6-rKZaWeog,No,plaw@liftoff.io,None,None,None,None,global,True
12302733,All exchanges,com.pluto.blockpuzzle,all,2026-05-29,,internal,traffic-quality,Fraudulent apps identified via adhoc analysis: https://docs.google.com/document/d/1-lQ0h3WdTkYkWIO027QYvBxUVF2yRJrMh6-rKZaWeog,No,plaw@liftoff.io,None,None,None,None,global,True
12302733,All exchanges,6504406180,all,2026-05-29,,internal,traffic-quality,Fraudulent apps identified via adhoc analysis: https://docs.google.com/document/d/1-lQ0h3WdTkYkWIO027QYvBxUVF2yRJrMh6-rKZaWeog,No,plaw@liftoff.io,None,None,None,None,global,True
12302741,All exchanges,cube.games.drop.block.allinone,all,2026-05-29,,internal,traffic-quality,"Non-performant apps tied to suspicious Bigo seller IDs
https://docs.google.com/spreadsheets/d/1hy0o3hLjgKEPRYm8tAQA1X8gUphfhikgS3Wb3sd6eJE/edit?gid=63260040#gid=63260040",No,plaw@liftoff.io,None,None,None,None,global,True
12302733,All exchanges,1205558961,all,2026-05-29,,internal,traffic-quality,Fraudulent apps identified via adhoc analysis: https://docs.google.com/document/d/1-lQ0h3WdTkYkWIO027QYvBxUVF2yRJrMh6-rKZaWeog,No,plaw@liftoff.io,None,None,None,None,global,True
12302733,All exchanges,com.up.sortapp,all,2026-05-29,,internal,traffic-quality,Fraudulent apps identified via adhoc analysis: https://docs.google.com/document/d/1-lQ0h3WdTkYkWIO027QYvBxUVF2yRJrMh6-rKZaWeog,No,plaw@liftoff.io,None,None,None,None,global,True
12302733,All exchanges,com.uGames.RubikOn_V2,all,2026-05-29,,internal,traffic-quality,Fraudulent apps identified via adhoc analysis: https://docs.google.com/document/d/1-lQ0h3WdTkYkWIO027QYvBxUVF2yRJrMh6-rKZaWeog,No,plaw@liftoff.io,None,None,None,None,global,True
12302733,All exchanges,com.community.mbox.ke,all,2026-05-29,,internal,traffic-quality,Fraudulent apps identified via adhoc analysis: https://docs.google.com/document/d/1-lQ0h3WdTkYkWIO027QYvBxUVF2yRJrMh6-rKZaWeog,No,plaw@liftoff.io,None,None,None,None,global,True
12302733,All exchanges,com.rayole.games.basket.shot,all,2026-05-29,,internal,traffic-quality,Fraudulent apps identified via adhoc analysis: https://docs.google.com/document/d/1-lQ0h3WdTkYkWIO027QYvBxUVF2yRJrMh6-rKZaWeog,No,plaw@liftoff.io,None,None,None,None,global,True
12302733,All exchanges,6757134164,all,2026-05-29,,internal,traffic-quality,Fraudulent apps identified via adhoc analysis: https://docs.google.com/document/d/1-lQ0h3WdTkYkWIO027QYvBxUVF2yRJrMh6-rKZaWeog,No,plaw@liftoff.io,None,None,None,None,global,True
12302733,All exchanges,1438413584,all,2026-05-29,,internal,traffic-quality,Fraudulent apps identified via adhoc analysis: https://docs.google.com/document/d/1-lQ0h3WdTkYkWIO027QYvBxUVF2yRJrMh6-rKZaWeog,No,plaw@liftoff.io,None,None,None,None,global,True
12302733,All exchanges,6511226266,all,2026-05-29,,internal,traffic-quality,Fraudulent apps identified via adhoc analysis: https://docs.google.com/document/d/1-lQ0h3WdTkYkWIO027QYvBxUVF2yRJrMh6-rKZaWeog,No,plaw@liftoff.io,None,None,None,None,global,True
12302733,All exchanges,6504396553,all,2026-05-29,,internal,traffic-quality,Fraudulent apps identified via adhoc analysis: https://docs.google.com/document/d/1-lQ0h3WdTkYkWIO027QYvBxUVF2yRJrMh6-rKZaWeog,No,plaw@liftoff.io,None,None,None,None,global,True
12302733,All exchanges,1605952409,all,2026-05-29,,internal,traffic-quality,Fraudulent apps identified via adhoc analysis: https://docs.google.com/document/d/1-lQ0h3WdTkYkWIO027QYvBxUVF2yRJrMh6-rKZaWeog,No,plaw@liftoff.io,None,None,None,None,global,True
12302733,All exchanges,com.block.craft.world.sandbox.survival.simulator.crafting.building,all,2026-05-29,,internal,traffic-quality,Fraudulent apps identified via adhoc analysis: https://docs.google.com/document/d/1-lQ0h3WdTkYkWIO027QYvBxUVF2yRJrMh6-rKZaWeog,No,plaw@liftoff.io,None,None,None,None,global,True
12302733,All exchanges,com.PSVStudio.Luntik_educational.puzzles,all,2026-05-29,,internal,traffic-quality,Fraudulent apps identified via adhoc analysis: https://docs.google.com/document/d/1-lQ0h3WdTkYkWIO027QYvBxUVF2yRJrMh6-rKZaWeog,No,plaw@liftoff.io,None,None,None,None,global,True
12302733,All exchanges,1633417917,all,2026-05-29,,internal,traffic-quality,Fraudulent apps identified via adhoc analysis: https://docs.google.com/document/d/1-lQ0h3WdTkYkWIO027QYvBxUVF2yRJrMh6-rKZaWeog,No,plaw@liftoff.io,None,None,None,None,global,True
12302741,All exchanges,com.AB.RCDHDSE,all,2026-05-29,,internal,traffic-quality,"Non-performant apps tied to suspicious Bigo seller IDs
https://docs.google.com/spreadsheets/d/1hy0o3hLjgKEPRYm8tAQA1X8gUphfhikgS3Wb3sd6eJE/edit?gid=63260040#gid=63260040",No,plaw@liftoff.io,None,None,None,None,global,True
12302741,All exchanges,com.D_One_Games.SchoolboyEscape2,all,2026-05-29,,internal,traffic-quality,"Non-performant apps tied to suspicious Bigo seller IDs
https://docs.google.com/spreadsheets/d/1hy0o3hLjgKEPRYm8tAQA1X8gUphfhikgS3Wb3sd6eJE/edit?gid=63260040#gid=63260040",No,plaw@liftoff.io,None,None,None,None,global,True
12302733,All exchanges,com.cup.dig.draw.defense.test,all,2026-05-29,,internal,traffic-quality,Fraudulent apps identified via adhoc analysis: https://docs.google.com/document/d/1-lQ0h3WdTkYkWIO027QYvBxUVF2yRJrMh6-rKZaWeog,No,plaw@liftoff.io,None,None,None,None,global,True
12302733,All exchanges,6470975804,all,2026-05-29,,internal,traffic-quality,Fraudulent apps identified via adhoc analysis: https://docs.google.com/document/d/1-lQ0h3WdTkYkWIO027QYvBxUVF2yRJrMh6-rKZaWeog,No,plaw@liftoff.io,None,None,None,None,global,True
12302741,All exchanges,tepteev.ihar.matthew_henry.AOUSZCZGSNUACBSGR,all,2026-05-29,,internal,traffic-quality,"Non-performant apps tied to suspicious Bigo seller IDs
https://docs.google.com/spreadsheets/d/1hy0o3hLjgKEPRYm8tAQA1X8gUphfhikgS3Wb3sd6eJE/edit?gid=63260040#gid=63260040",No,plaw@liftoff.io,None,None,None,None,global,True
12302733,All exchanges,com.videoplayer.xplayer.easy,all,2026-05-29,,internal,traffic-quality,Fraudulent apps identified via adhoc analysis: https://docs.google.com/document/d/1-lQ0h3WdTkYkWIO027QYvBxUVF2yRJrMh6-rKZaWeog,No,plaw@liftoff.io,None,None,None,None,global,True
12302733,All exchanges,com.qws.eightlight.hwatugod,all,2026-05-29,,internal,traffic-quality,Fraudulent apps identified via adhoc analysis: https://docs.google.com/document/d/1-lQ0h3WdTkYkWIO027QYvBxUVF2yRJrMh6-rKZaWeog,No,plaw@liftoff.io,None,None,None,None,global,True
12302741,All exchanges,1641085395,all,2026-05-29,,internal,traffic-quality,"Non-performant apps tied to suspicious Bigo seller IDs
https://docs.google.com/spreadsheets/d/1hy0o3hLjgKEPRYm8tAQA1X8gUphfhikgS3Wb3sd6eJE/edit?gid=63260040#gid=63260040",No,plaw@liftoff.io,None,None,None,None,global,True
12302733,All exchanges,com.starx.network,all,2026-05-29,,internal,traffic-quality,Fraudulent apps identified via adhoc analysis: https://docs.google.com/document/d/1-lQ0h3WdTkYkWIO027QYvBxUVF2yRJrMh6-rKZaWeog,No,plaw@liftoff.io,None,None,None,None,global,True
12302733,All exchanges,com.fun.games.commando.black.shadow,all,2026-05-29,,internal,traffic-quality,Fraudulent apps identified via adhoc analysis: https://docs.google.com/document/d/1-lQ0h3WdTkYkWIO027QYvBxUVF2yRJrMh6-rKZaWeog,No,plaw@liftoff.io,None,None,None,None,global,True
12302733,All exchanges,com.brainrot.mini.challenge,all,2026-05-29,,internal,traffic-quality,Fraudulent apps identified via adhoc analysis: https://docs.google.com/document/d/1-lQ0h3WdTkYkWIO027QYvBxUVF2yRJrMh6-rKZaWeog,No,plaw@liftoff.io,None,None,None,None,global,True
12302733,All exchanges,com.PSVStudio.Pooches.dentist,all,2026-05-29,,internal,traffic-quality,Fraudulent apps identified via adhoc analysis: https://docs.google.com/document/d/1-lQ0h3WdTkYkWIO027QYvBxUVF2yRJrMh6-rKZaWeog,No,plaw@liftoff.io,None,None,None,None,global,True
12302733,All exchanges,1564386657,all,2026-05-29,,internal,traffic-quality,Fraudulent apps identified via adhoc analysis: https://docs.google.com/document/d/1-lQ0h3WdTkYkWIO027QYvBxUVF2yRJrMh6-rKZaWeog,No,plaw@liftoff.io,None,None,None,None,global,True
12302733,All exchanges,games.screw.world,all,2026-05-29,,internal,traffic-quality,Fraudulent apps identified via adhoc analysis: https://docs.google.com/document/d/1-lQ0h3WdTkYkWIO027QYvBxUVF2yRJrMh6-rKZaWeog,No,plaw@liftoff.io,None,None,None,None,global,True
12298322,All exchanges,6767178257,all,2026-05-29,2026-06-29,internal,traffic-quality,View Master Click Signals ABL,Yes,-,None,None,None,None,global,False
12302741,All exchanges,com.football.live.stream.tv.sport,all,2026-05-29,,internal,traffic-quality,"Non-performant apps tied to suspicious Bigo seller IDs
https://docs.google.com/spreadsheets/d/1hy0o3hLjgKEPRYm8tAQA1X8gUphfhikgS3Wb3sd6eJE/edit?gid=63260040#gid=63260040",No,plaw@liftoff.io,None,None,None,None,global,True
12302741,All exchanges,6755146316,all,2026-05-29,,internal,traffic-quality,"Non-performant apps tied to suspicious Bigo seller IDs
https://docs.google.com/spreadsheets/d/1hy0o3hLjgKEPRYm8tAQA1X8gUphfhikgS3Wb3sd6eJE/edit?gid=63260040#gid=63260040",No,plaw@liftoff.io,None,None,None,None,global,True
12302741,All exchanges,com.TGZS.PIEGAME,all,2026-05-29,,internal,traffic-quality,"Non-performant apps tied to suspicious Bigo seller IDs
https://docs.google.com/spreadsheets/d/1hy0o3hLjgKEPRYm8tAQA1X8gUphfhikgS3Wb3sd6eJE/edit?gid=63260040#gid=63260040",No,plaw@liftoff.io,None,None,None,None,global,True
12302733,All exchanges,com.Nextbots_fps_sandbox,all,2026-05-29,,internal,traffic-quality,Fraudulent apps identified via adhoc analysis: https://docs.google.com/document/d/1-lQ0h3WdTkYkWIO027QYvBxUVF2yRJrMh6-rKZaWeog,No,plaw@liftoff.io,None,None,None,None,global,True
12302733,All exchanges,com.freecine.gz.andvimipure,all,2026-05-29,,internal,traffic-quality,Fraudulent apps identified via adhoc analysis: https://docs.google.com/document/d/1-lQ0h3WdTkYkWIO027QYvBxUVF2yRJrMh6-rKZaWeog,No,plaw@liftoff.io,None,None,None,None,global,True
12302733,All exchanges,com.onyxhook.nereba,all,2026-05-29,,internal,traffic-quality,Fraudulent apps identified via adhoc analysis: https://docs.google.com/document/d/1-lQ0h3WdTkYkWIO027QYvBxUVF2yRJrMh6-rKZaWeog,No,plaw@liftoff.io,None,None,None,None,global,True
12302733,All exchanges,com.cleaner.phone.junk.files,all,2026-05-29,,internal,traffic-quality,Fraudulent apps identified via adhoc analysis: https://docs.google.com/document/d/1-lQ0h3WdTkYkWIO027QYvBxUVF2yRJrMh6-rKZaWeog,No,plaw@liftoff.io,None,None,None,None,global,True
12302741,All exchanges,1599116583,all,2026-05-29,,internal,traffic-quality,"Non-performant apps tied to suspicious Bigo seller IDs
https://docs.google.com/spreadsheets/d/1hy0o3hLjgKEPRYm8tAQA1X8gUphfhikgS3Wb3sd6eJE/edit?gid=63260040#gid=63260040",No,plaw@liftoff.io,None,None,None,None,global,True
12302733,All exchanges,com.rayole.games.match.play3D,all,2026-05-29,,internal,traffic-quality,Fraudulent apps identified via adhoc analysis: https://docs.google.com/document/d/1-lQ0h3WdTkYkWIO027QYvBxUVF2yRJrMh6-rKZaWeog,No,plaw@liftoff.io,None,None,None,None,global,True
12302733,All exchanges,com.satorisysplay.ginrummy,all,2026-05-29,,internal,traffic-quality,Fraudulent apps identified via adhoc analysis: https://docs.google.com/document/d/1-lQ0h3WdTkYkWIO027QYvBxUVF2yRJrMh6-rKZaWeog,No,plaw@liftoff.io,None,None,None,None,global,True
12302733,All exchanges,com.zelenapp.horrmod,all,2026-05-29,,internal,traffic-quality,Fraudulent apps identified via adhoc analysis: https://docs.google.com/document/d/1-lQ0h3WdTkYkWIO027QYvBxUVF2yRJrMh6-rKZaWeog,No,plaw@liftoff.io,None,None,None,None,global,True
12302741,All exchanges,com.eg.deathpark,all,2026-05-29,,internal,traffic-quality,"Non-performant apps tied to suspicious Bigo seller IDs
https://docs.google.com/spreadsheets/d/1hy0o3hLjgKEPRYm8tAQA1X8gUphfhikgS3Wb3sd6eJE/edit?gid=63260040#gid=63260040",No,plaw@liftoff.io,None,None,None,None,global,True
12302741,All exchanges,6444656876,all,2026-05-29,,internal,traffic-quality,"Non-performant apps tied to suspicious Bigo seller IDs
https://docs.google.com/spreadsheets/d/1hy0o3hLjgKEPRYm8tAQA1X8gUphfhikgS3Wb3sd6eJE/edit?gid=63260040#gid=63260040",No,plaw@liftoff.io,None,None,None,None,global,True
12302733,All exchanges,com.sevdiamotune.fdgame,all,2026-05-29,,internal,traffic-quality,Fraudulent apps identified via adhoc analysis: https://docs.google.com/document/d/1-lQ0h3WdTkYkWIO027QYvBxUVF2yRJrMh6-rKZaWeog,No,plaw@liftoff.io,None,None,None,None,global,True
12302733,All exchanges,com.AntonBergov.DetskiePuzzles,all,2026-05-29,,internal,traffic-quality,Fraudulent apps identified via adhoc analysis: https://docs.google.com/document/d/1-lQ0h3WdTkYkWIO027QYvBxUVF2yRJrMh6-rKZaWeog,No,plaw@liftoff.io,None,None,None,None,global,True
12302733,All exchanges,com.mm.abrowser.plus,all,2026-05-29,,internal,traffic-quality,Fraudulent apps identified via adhoc analysis: https://docs.google.com/document/d/1-lQ0h3WdTkYkWIO027QYvBxUVF2yRJrMh6-rKZaWeog,No,plaw@liftoff.io,None,None,None,None,global,True
12302741,All exchanges,com.illusion21.Billiards.Pyramid,all,2026-05-29,,internal,traffic-quality,"Non-performant apps tied to suspicious Bigo seller IDs
https://docs.google.com/spreadsheets/d/1hy0o3hLjgKEPRYm8tAQA1X8gUphfhikgS3Wb3sd6eJE/edit?gid=63260040#gid=63260040",No,plaw@liftoff.io,None,None,None,None,global,True
12302741,All exchanges,cloner.infocus.phone.clone,all,2026-05-29,,internal,traffic-quality,"Non-performant apps tied to suspicious Bigo seller IDs
https://docs.google.com/spreadsheets/d/1hy0o3hLjgKEPRYm8tAQA1X8gUphfhikgS3Wb3sd6eJE/edit?gid=63260040#gid=63260040",No,plaw@liftoff.io,None,None,None,None,global,True
12302733,All exchanges,6755984196,all,2026-05-29,,internal,traffic-quality,Fraudulent apps identified via adhoc analysis: https://docs.google.com/document/d/1-lQ0h3WdTkYkWIO027QYvBxUVF2yRJrMh6-rKZaWeog,No,plaw@liftoff.io,None,None,None,None,global,True
12302741,All exchanges,6738053663,all,2026-05-29,,internal,traffic-quality,"Non-performant apps tied to suspicious Bigo seller IDs
https://docs.google.com/spreadsheets/d/1hy0o3hLjgKEPRYm8tAQA1X8gUphfhikgS3Wb3sd6eJE/edit?gid=63260040#gid=63260040",No,plaw@liftoff.io,None,None,None,None,global,True
12302733,All exchanges,sevenohmerry.savervideos.downloadvideohd,all,2026-05-29,,internal,traffic-quality,Fraudulent apps identified via adhoc analysis: https://docs.google.com/document/d/1-lQ0h3WdTkYkWIO027QYvBxUVF2yRJrMh6-rKZaWeog,No,plaw@liftoff.io,None,None,None,None,global,True
12302733,All exchanges,6474563190,all,2026-05-29,,internal,traffic-quality,Fraudulent apps identified via adhoc analysis: https://docs.google.com/document/d/1-lQ0h3WdTkYkWIO027QYvBxUVF2yRJrMh6-rKZaWeog,No,plaw@liftoff.io,None,None,None,None,global,True
12302733,All exchanges,6748625842,all,2026-05-29,,internal,traffic-quality,Fraudulent apps identified via adhoc analysis: https://docs.google.com/document/d/1-lQ0h3WdTkYkWIO027QYvBxUVF2yRJrMh6-rKZaWeog,No,plaw@liftoff.io,None,None,None,None,global,True
12302733,All exchanges,net.studioadept.idlelife,all,2026-05-29,,internal,traffic-quality,Fraudulent apps identified via adhoc analysis: https://docs.google.com/document/d/1-lQ0h3WdTkYkWIO027QYvBxUVF2yRJrMh6-rKZaWeog,No,plaw@liftoff.io,None,None,None,None,global,True
12302733,All exchanges,1589591729,all,2026-05-29,,internal,traffic-quality,Fraudulent apps identified via adhoc analysis: https://docs.google.com/document/d/1-lQ0h3WdTkYkWIO027QYvBxUVF2yRJrMh6-rKZaWeog,No,plaw@liftoff.io,None,None,None,None,global,True
12302733,All exchanges,com.fcg.construction.vehicles.hq,all,2026-05-29,,internal,traffic-quality,Fraudulent apps identified via adhoc analysis: https://docs.google.com/document/d/1-lQ0h3WdTkYkWIO027QYvBxUVF2yRJrMh6-rKZaWeog,No,plaw@liftoff.io,None,None,None,None,global,True
12302733,All exchanges,com.kaptan.blockpuzzlegame,all,2026-05-29,,internal,traffic-quality,Fraudulent apps identified via adhoc analysis: https://docs.google.com/document/d/1-lQ0h3WdTkYkWIO027QYvBxUVF2yRJrMh6-rKZaWeog,No,plaw@liftoff.io,None,None,None,None,global,True
12302741,All exchanges,com.mobirate.bigrig,all,2026-05-29,,internal,traffic-quality,"Non-performant apps tied to suspicious Bigo seller IDs
https://docs.google.com/spreadsheets/d/1hy0o3hLjgKEPRYm8tAQA1X8gUphfhikgS3Wb3sd6eJE/edit?gid=63260040#gid=63260040",No,plaw@liftoff.io,None,None,None,None,global,True
12302733,All exchanges,com.storyapp.novelltale,all,2026-05-29,,internal,traffic-quality,Fraudulent apps identified via adhoc analysis: https://docs.google.com/document/d/1-lQ0h3WdTkYkWIO027QYvBxUVF2yRJrMh6-rKZaWeog,No,plaw@liftoff.io,None,None,None,None,global,True
12302733,All exchanges,6743437405,all,2026-05-29,,internal,traffic-quality,Fraudulent apps identified via adhoc analysis: https://docs.google.com/document/d/1-lQ0h3WdTkYkWIO027QYvBxUVF2yRJrMh6-rKZaWeog,No,plaw@liftoff.io,None,None,None,None,global,True
12302741,All exchanges,com.vpnhouse,all,2026-05-29,,internal,traffic-quality,"Non-performant apps tied to suspicious Bigo seller IDs
https://docs.google.com/spreadsheets/d/1hy0o3hLjgKEPRYm8tAQA1X8gUphfhikgS3Wb3sd6eJE/edit?gid=63260040#gid=63260040",No,plaw@liftoff.io,None,None,None,None,global,True
12302733,All exchanges,com.gma.water.connect.flow,all,2026-05-29,,internal,traffic-quality,Fraudulent apps identified via adhoc analysis: https://docs.google.com/document/d/1-lQ0h3WdTkYkWIO027QYvBxUVF2yRJrMh6-rKZaWeog,No,plaw@liftoff.io,None,None,None,None,global,True
12302741,All exchanges,com.Nextbots_fps_sandbox,all,2026-05-29,,internal,traffic-quality,"Non-performant apps tied to suspicious Bigo seller IDs
https://docs.google.com/spreadsheets/d/1hy0o3hLjgKEPRYm8tAQA1X8gUphfhikgS3Wb3sd6eJE/edit?gid=63260040#gid=63260040",No,plaw@liftoff.io,None,None,None,None,global,True
12302741,All exchanges,1613980485,all,2026-05-29,,internal,traffic-quality,"Non-performant apps tied to suspicious Bigo seller IDs
https://docs.google.com/spreadsheets/d/1hy0o3hLjgKEPRYm8tAQA1X8gUphfhikgS3Wb3sd6eJE/edit?gid=63260040#gid=63260040",No,plaw@liftoff.io,None,None,None,None,global,True
12302733,All exchanges,com.hw.duck.escape,all,2026-05-29,,internal,traffic-quality,Fraudulent apps identified via adhoc analysis: https://docs.google.com/document/d/1-lQ0h3WdTkYkWIO027QYvBxUVF2yRJrMh6-rKZaWeog,No,plaw@liftoff.io,None,None,None,None,global,True
12302733,All exchanges,com.gamexis.racing.ferocity.apps,all,2026-05-29,,internal,traffic-quality,Fraudulent apps identified via adhoc analysis: https://docs.google.com/document/d/1-lQ0h3WdTkYkWIO027QYvBxUVF2yRJrMh6-rKZaWeog,No,plaw@liftoff.io,None,None,None,None,global,True
12302733,All exchanges,app.mobillium.duhuliye,all,2026-05-29,,internal,traffic-quality,Fraudulent apps identified via adhoc analysis: https://docs.google.com/document/d/1-lQ0h3WdTkYkWIO027QYvBxUVF2yRJrMh6-rKZaWeog,No,plaw@liftoff.io,None,None,None,None,global,True
12302741,All exchanges,org.bible.nasb.bible.offline.app,all,2026-05-29,,internal,traffic-quality,"Non-performant apps tied to suspicious Bigo seller IDs
https://docs.google.com/spreadsheets/d/1hy0o3hLjgKEPRYm8tAQA1X8gUphfhikgS3Wb3sd6eJE/edit?gid=63260040#gid=63260040",No,plaw@liftoff.io,None,None,None,None,global,True
12302733,All exchanges,1661940596,all,2026-05-29,,internal,traffic-quality,Fraudulent apps identified via adhoc analysis: https://docs.google.com/document/d/1-lQ0h3WdTkYkWIO027QYvBxUVF2yRJrMh6-rKZaWeog,No,plaw@liftoff.io,None,None,None,None,global,True
12302733,All exchanges,com.dilemmas.game,all,2026-05-29,,internal,traffic-quality,Fraudulent apps identified via adhoc analysis: https://docs.google.com/document/d/1-lQ0h3WdTkYkWIO027QYvBxUVF2yRJrMh6-rKZaWeog,No,plaw@liftoff.io,None,None,None,None,global,True
12302733,All exchanges,com.fc.color.brick.sort.match,all,2026-05-29,,internal,traffic-quality,Fraudulent apps identified via adhoc analysis: https://docs.google.com/document/d/1-lQ0h3WdTkYkWIO027QYvBxUVF2yRJrMh6-rKZaWeog,No,plaw@liftoff.io,None,None,None,None,global,True
12302733,All exchanges,ch.autoscout24.autoscout24,all,2026-05-29,,internal,traffic-quality,Fraudulent apps identified via adhoc analysis: https://docs.google.com/document/d/1-lQ0h3WdTkYkWIO027QYvBxUVF2yRJrMh6-rKZaWeog,No,plaw@liftoff.io,None,None,None,None,global,True
12302733,All exchanges,com.wordwanderer.cashgame,all,2026-05-29,,internal,traffic-quality,Fraudulent apps identified via adhoc analysis: https://docs.google.com/document/d/1-lQ0h3WdTkYkWIO027QYvBxUVF2yRJrMh6-rKZaWeog,No,plaw@liftoff.io,None,None,None,None,global,True
12302733,All exchanges,online.pickme.live.android,all,2026-05-29,,internal,traffic-quality,Fraudulent apps identified via adhoc analysis: https://docs.google.com/document/d/1-lQ0h3WdTkYkWIO027QYvBxUVF2yRJrMh6-rKZaWeog,No,plaw@liftoff.io,None,None,None,None,global,True
12302733,All exchanges,com.uGames.DrawItEasy,all,2026-05-29,,internal,traffic-quality,Fraudulent apps identified via adhoc analysis: https://docs.google.com/document/d/1-lQ0h3WdTkYkWIO027QYvBxUVF2yRJrMh6-rKZaWeog,No,plaw@liftoff.io,None,None,None,None,global,True
12302733,All exchanges,com.univer.catchit,all,2026-05-29,,internal,traffic-quality,Fraudulent apps identified via adhoc analysis: https://docs.google.com/document/d/1-lQ0h3WdTkYkWIO027QYvBxUVF2yRJrMh6-rKZaWeog,No,plaw@liftoff.io,None,None,None,None,global,True
12302733,All exchanges,1556321339,all,2026-05-29,,internal,traffic-quality,Fraudulent apps identified via adhoc analysis: https://docs.google.com/document/d/1-lQ0h3WdTkYkWIO027QYvBxUVF2yRJrMh6-rKZaWeog,No,plaw@liftoff.io,None,None,None,None,global,True
12302741,All exchanges,1662065581,all,2026-05-29,,internal,traffic-quality,"Non-performant apps tied to suspicious Bigo seller IDs
https://docs.google.com/spreadsheets/d/1hy0o3hLjgKEPRYm8tAQA1X8gUphfhikgS3Wb3sd6eJE/edit?gid=63260040#gid=63260040",No,plaw@liftoff.io,None,None,None,None,global,True
12302741,All exchanges,com.earlymorningstudio.championsofavan,all,2026-05-29,,internal,traffic-quality,"Non-performant apps tied to suspicious Bigo seller IDs
https://docs.google.com/spreadsheets/d/1hy0o3hLjgKEPRYm8tAQA1X8gUphfhikgS3Wb3sd6eJE/edit?gid=63260040#gid=63260040",No,plaw@liftoff.io,None,None,None,None,global,True
12302733,All exchanges,com.LastCall.TopCarsDriving,all,2026-05-29,,internal,traffic-quality,Fraudulent apps identified via adhoc analysis: https://docs.google.com/document/d/1-lQ0h3WdTkYkWIO027QYvBxUVF2yRJrMh6-rKZaWeog,No,plaw@liftoff.io,None,None,None,None,global,True
12302741,All exchanges,1561787250,all,2026-05-29,,internal,traffic-quality,"Non-performant apps tied to suspicious Bigo seller IDs
https://docs.google.com/spreadsheets/d/1hy0o3hLjgKEPRYm8tAQA1X8gUphfhikgS3Wb3sd6eJE/edit?gid=63260040#gid=63260040",No,plaw@liftoff.io,None,None,None,None,global,True
12302741,All exchanges,6466786607,all,2026-05-29,,internal,traffic-quality,"Non-performant apps tied to suspicious Bigo seller IDs
https://docs.google.com/spreadsheets/d/1hy0o3hLjgKEPRYm8tAQA1X8gUphfhikgS3Wb3sd6eJE/edit?gid=63260040#gid=63260040",No,plaw@liftoff.io,None,None,None,None,global,True
12302733,All exchanges,com.translate.talkingtranslator,all,2026-05-29,,internal,traffic-quality,Fraudulent apps identified via adhoc analysis: https://docs.google.com/document/d/1-lQ0h3WdTkYkWIO027QYvBxUVF2yRJrMh6-rKZaWeog,No,plaw@liftoff.io,None,None,None,None,global,True
12302733,All exchanges,6757511198,all,2026-05-29,,internal,traffic-quality,Fraudulent apps identified via adhoc analysis: https://docs.google.com/document/d/1-lQ0h3WdTkYkWIO027QYvBxUVF2yRJrMh6-rKZaWeog,No,plaw@liftoff.io,None,None,None,None,global,True
12302733,All exchanges,6744935643,all,2026-05-29,,internal,traffic-quality,Fraudulent apps identified via adhoc analysis: https://docs.google.com/document/d/1-lQ0h3WdTkYkWIO027QYvBxUVF2yRJrMh6-rKZaWeog,No,plaw@liftoff.io,None,None,None,None,global,True
12302741,All exchanges,com.uGames.RubikOn_V2,all,2026-05-29,,internal,traffic-quality,"Non-performant apps tied to suspicious Bigo seller IDs
https://docs.google.com/spreadsheets/d/1hy0o3hLjgKEPRYm8tAQA1X8gUphfhikgS3Wb3sd6eJE/edit?gid=63260040#gid=63260040",No,plaw@liftoff.io,None,None,None,None,global,True
12302741,All exchanges,com.HardcoreGamesStudio.DoomZDay,all,2026-05-29,,internal,traffic-quality,"Non-performant apps tied to suspicious Bigo seller IDs
https://docs.google.com/spreadsheets/d/1hy0o3hLjgKEPRYm8tAQA1X8gUphfhikgS3Wb3sd6eJE/edit?gid=63260040#gid=63260040",No,plaw@liftoff.io,None,None,None,None,global,True
12302733,All exchanges,com.psv.hello_kitty.supermarket,all,2026-05-29,,internal,traffic-quality,Fraudulent apps identified via adhoc analysis: https://docs.google.com/document/d/1-lQ0h3WdTkYkWIO027QYvBxUVF2yRJrMh6-rKZaWeog,No,plaw@liftoff.io,None,None,None,None,global,True
12302733,All exchanges,6745003512,all,2026-05-29,,internal,traffic-quality,Fraudulent apps identified via adhoc analysis: https://docs.google.com/document/d/1-lQ0h3WdTkYkWIO027QYvBxUVF2yRJrMh6-rKZaWeog,No,plaw@liftoff.io,None,None,None,None,global,True
12302741,All exchanges,com.evertechsandbox,all,2026-05-29,,internal,traffic-quality,"Non-performant apps tied to suspicious Bigo seller IDs
https://docs.google.com/spreadsheets/d/1hy0o3hLjgKEPRYm8tAQA1X8gUphfhikgS3Wb3sd6eJE/edit?gid=63260040#gid=63260040",No,plaw@liftoff.io,None,None,None,None,global,True
12302741,All exchanges,com.turbolabz.instantchess.android.googleplay,all,2026-05-29,,internal,traffic-quality,"Non-performant apps tied to suspicious Bigo seller IDs
https://docs.google.com/spreadsheets/d/1hy0o3hLjgKEPRYm8tAQA1X8gUphfhikgS3Wb3sd6eJE/edit?gid=63260040#gid=63260040",No,plaw@liftoff.io,None,None,None,None,global,True
12302733,All exchanges,fr.two4tea.percent,all,2026-05-29,,internal,traffic-quality,Fraudulent apps identified via adhoc analysis: https://docs.google.com/document/d/1-lQ0h3WdTkYkWIO027QYvBxUVF2yRJrMh6-rKZaWeog,No,plaw@liftoff.io,None,None,None,None,global,True
12302741,All exchanges,6444132988,all,2026-05-29,,internal,traffic-quality,"Non-performant apps tied to suspicious Bigo seller IDs
https://docs.google.com/spreadsheets/d/1hy0o3hLjgKEPRYm8tAQA1X8gUphfhikgS3Wb3sd6eJE/edit?gid=63260040#gid=63260040",No,plaw@liftoff.io,None,None,None,None,global,True
12302733,All exchanges,1464110272,all,2026-05-29,,internal,traffic-quality,Fraudulent apps identified via adhoc analysis: https://docs.google.com/document/d/1-lQ0h3WdTkYkWIO027QYvBxUVF2yRJrMh6-rKZaWeog,No,plaw@liftoff.io,None,None,None,None,global,True
12302733,All exchanges,1528066727,all,2026-05-29,,internal,traffic-quality,Fraudulent apps identified via adhoc analysis: https://docs.google.com/document/d/1-lQ0h3WdTkYkWIO027QYvBxUVF2yRJrMh6-rKZaWeog,No,plaw@liftoff.io,None,None,None,None,global,True
12302733,All exchanges,com.cup.draw.ant.hill.test,all,2026-05-29,,internal,traffic-quality,Fraudulent apps identified via adhoc analysis: https://docs.google.com/document/d/1-lQ0h3WdTkYkWIO027QYvBxUVF2yRJrMh6-rKZaWeog,No,plaw@liftoff.io,None,None,None,None,global,True
12302741,All exchanges,6450266295,all,2026-05-29,,internal,traffic-quality,"Non-performant apps tied to suspicious Bigo seller IDs
https://docs.google.com/spreadsheets/d/1hy0o3hLjgKEPRYm8tAQA1X8gUphfhikgS3Wb3sd6eJE/edit?gid=63260040#gid=63260040",No,plaw@liftoff.io,None,None,None,None,global,True
12302733,All exchanges,1589311166,all,2026-05-29,,internal,traffic-quality,Fraudulent apps identified via adhoc analysis: https://docs.google.com/document/d/1-lQ0h3WdTkYkWIO027QYvBxUVF2yRJrMh6-rKZaWeog,No,plaw@liftoff.io,None,None,None,None,global,True
12302733,All exchanges,1528333833,all,2026-05-29,,internal,traffic-quality,Fraudulent apps identified via adhoc analysis: https://docs.google.com/document/d/1-lQ0h3WdTkYkWIO027QYvBxUVF2yRJrMh6-rKZaWeog,No,plaw@liftoff.io,None,None,None,None,global,True
12302741,All exchanges,com.mymedia.tvuzbekistan,all,2026-05-29,,internal,traffic-quality,"Non-performant apps tied to suspicious Bigo seller IDs
https://docs.google.com/spreadsheets/d/1hy0o3hLjgKEPRYm8tAQA1X8gUphfhikgS3Wb3sd6eJE/edit?gid=63260040#gid=63260040",No,plaw@liftoff.io,None,None,None,None,global,True
12302733,All exchanges,6736605109,all,2026-05-29,,internal,traffic-quality,Fraudulent apps identified via adhoc analysis: https://docs.google.com/document/d/1-lQ0h3WdTkYkWIO027QYvBxUVF2yRJrMh6-rKZaWeog,No,plaw@liftoff.io,None,None,None,None,global,True
12302733,All exchanges,com.rubygames.slingdrift,all,2026-05-29,,internal,traffic-quality,Fraudulent apps identified via adhoc analysis: https://docs.google.com/document/d/1-lQ0h3WdTkYkWIO027QYvBxUVF2yRJrMh6-rKZaWeog,No,plaw@liftoff.io,None,None,None,None,global,True
12302741,All exchanges,com.funfuse.pusoy,all,2026-05-29,,internal,traffic-quality,"Non-performant apps tied to suspicious Bigo seller IDs
https://docs.google.com/spreadsheets/d/1hy0o3hLjgKEPRYm8tAQA1X8gUphfhikgS3Wb3sd6eJE/edit?gid=63260040#gid=63260040",No,plaw@liftoff.io,None,None,None,None,global,True
12302733,All exchanges,com.goosebump.bulletheroes,all,2026-05-29,,internal,traffic-quality,Fraudulent apps identified via adhoc analysis: https://docs.google.com/document/d/1-lQ0h3WdTkYkWIO027QYvBxUVF2yRJrMh6-rKZaWeog,No,plaw@liftoff.io,None,None,None,None,global,True
12302733,All exchanges,1567518591,all,2026-05-29,,internal,traffic-quality,Fraudulent apps identified via adhoc analysis: https://docs.google.com/document/d/1-lQ0h3WdTkYkWIO027QYvBxUVF2yRJrMh6-rKZaWeog,No,plaw@liftoff.io,None,None,None,None,global,True
12302741,All exchanges,com.morph.mods.minecraft.addons,all,2026-05-29,,internal,traffic-quality,"Non-performant apps tied to suspicious Bigo seller IDs
https://docs.google.com/spreadsheets/d/1hy0o3hLjgKEPRYm8tAQA1X8gUphfhikgS3Wb3sd6eJE/edit?gid=63260040#gid=63260040",No,plaw@liftoff.io,None,None,None,None,global,True
12302733,All exchanges,6449768318,all,2026-05-29,,internal,traffic-quality,Fraudulent apps identified via adhoc analysis: https://docs.google.com/document/d/1-lQ0h3WdTkYkWIO027QYvBxUVF2yRJrMh6-rKZaWeog,No,plaw@liftoff.io,None,None,None,None,global,True
12302741,All exchanges,1037758394,all,2026-05-29,,internal,traffic-quality,"Non-performant apps tied to suspicious Bigo seller IDs
https://docs.google.com/spreadsheets/d/1hy0o3hLjgKEPRYm8tAQA1X8gUphfhikgS3Wb3sd6eJE/edit?gid=63260040#gid=63260040",No,plaw@liftoff.io,None,None,None,None,global,True
12302733,All exchanges,com.gamexis.sniper.professional.action.game.apps,all,2026-05-29,,internal,traffic-quality,Fraudulent apps identified via adhoc analysis: https://docs.google.com/document/d/1-lQ0h3WdTkYkWIO027QYvBxUVF2yRJrMh6-rKZaWeog,No,plaw@liftoff.io,None,None,None,None,global,True
12302733,All exchanges,1444277220,all,2026-05-29,,internal,traffic-quality,Fraudulent apps identified via adhoc analysis: https://docs.google.com/document/d/1-lQ0h3WdTkYkWIO027QYvBxUVF2yRJrMh6-rKZaWeog,No,plaw@liftoff.io,None,None,None,None,global,True
12302733,All exchanges,1442895889,all,2026-05-29,,internal,traffic-quality,Fraudulent apps identified via adhoc analysis: https://docs.google.com/document/d/1-lQ0h3WdTkYkWIO027QYvBxUVF2yRJrMh6-rKZaWeog,No,plaw@liftoff.io,None,None,None,None,global,True
12302733,All exchanges,6738635256,all,2026-05-29,,internal,traffic-quality,Fraudulent apps identified via adhoc analysis: https://docs.google.com/document/d/1-lQ0h3WdTkYkWIO027QYvBxUVF2yRJrMh6-rKZaWeog,No,plaw@liftoff.io,None,None,None,None,global,True
12302741,All exchanges,com.kaptan.blockpuzzlegame,all,2026-05-29,,internal,traffic-quality,"Non-performant apps tied to suspicious Bigo seller IDs
https://docs.google.com/spreadsheets/d/1hy0o3hLjgKEPRYm8tAQA1X8gUphfhikgS3Wb3sd6eJE/edit?gid=63260040#gid=63260040",No,plaw@liftoff.io,None,None,None,None,global,True
12302733,All exchanges,6744309563,all,2026-05-29,,internal,traffic-quality,Fraudulent apps identified via adhoc analysis: https://docs.google.com/document/d/1-lQ0h3WdTkYkWIO027QYvBxUVF2yRJrMh6-rKZaWeog,No,plaw@liftoff.io,None,None,None,None,global,True
12302733,All exchanges,com.appmind.radios.dk,all,2026-05-29,,internal,traffic-quality,Fraudulent apps identified via adhoc analysis: https://docs.google.com/document/d/1-lQ0h3WdTkYkWIO027QYvBxUVF2yRJrMh6-rKZaWeog,No,plaw@liftoff.io,None,None,None,None,global,True
12302733,All exchanges,com.jr.cdxs.rureader,all,2026-05-29,,internal,traffic-quality,Fraudulent apps identified via adhoc analysis: https://docs.google.com/document/d/1-lQ0h3WdTkYkWIO027QYvBxUVF2yRJrMh6-rKZaWeog,No,plaw@liftoff.io,None,None,None,None,global,True
12302733,All exchanges,1563962382,all,2026-05-29,,internal,traffic-quality,Fraudulent apps identified via adhoc analysis: https://docs.google.com/document/d/1-lQ0h3WdTkYkWIO027QYvBxUVF2yRJrMh6-rKZaWeog,No,plaw@liftoff.io,None,None,None,None,global,True
12302741,All exchanges,hidden.objects.island.game,all,2026-05-29,,internal,traffic-quality,"Non-performant apps tied to suspicious Bigo seller IDs
https://docs.google.com/spreadsheets/d/1hy0o3hLjgKEPRYm8tAQA1X8gUphfhikgS3Wb3sd6eJE/edit?gid=63260040#gid=63260040",No,plaw@liftoff.io,None,None,None,None,global,True
12302741,All exchanges,ro.codev.wow,all,2026-05-29,,internal,traffic-quality,"Non-performant apps tied to suspicious Bigo seller IDs
https://docs.google.com/spreadsheets/d/1hy0o3hLjgKEPRYm8tAQA1X8gUphfhikgS3Wb3sd6eJE/edit?gid=63260040#gid=63260040",No,plaw@liftoff.io,None,None,None,None,global,True
12302741,All exchanges,911550133,all,2026-05-29,,internal,traffic-quality,"Non-performant apps tied to suspicious Bigo seller IDs
https://docs.google.com/spreadsheets/d/1hy0o3hLjgKEPRYm8tAQA1X8gUphfhikgS3Wb3sd6eJE/edit?gid=63260040#gid=63260040",No,plaw@liftoff.io,None,None,None,None,global,True
12302741,All exchanges,com.app.wifianalyzer,all,2026-05-29,,internal,traffic-quality,"Non-performant apps tied to suspicious Bigo seller IDs
https://docs.google.com/spreadsheets/d/1hy0o3hLjgKEPRYm8tAQA1X8gUphfhikgS3Wb3sd6eJE/edit?gid=63260040#gid=63260040",No,plaw@liftoff.io,None,None,None,None,global,True
12302741,All exchanges,1205265602,all,2026-05-29,,internal,traffic-quality,"Non-performant apps tied to suspicious Bigo seller IDs
https://docs.google.com/spreadsheets/d/1hy0o3hLjgKEPRYm8tAQA1X8gUphfhikgS3Wb3sd6eJE/edit?gid=63260040#gid=63260040",No,plaw@liftoff.io,None,None,None,None,global,True
12302733,All exchanges,com.missileattack.ultimatewar.truckgames.jk,all,2026-05-29,,internal,traffic-quality,Fraudulent apps identified via adhoc analysis: https://docs.google.com/document/d/1-lQ0h3WdTkYkWIO027QYvBxUVF2yRJrMh6-rKZaWeog,No,plaw@liftoff.io,None,None,None,None,global,True
12302733,All exchanges,com.kayac.ScaleMan,all,2026-05-29,,internal,traffic-quality,Fraudulent apps identified via adhoc analysis: https://docs.google.com/document/d/1-lQ0h3WdTkYkWIO027QYvBxUVF2yRJrMh6-rKZaWeog,No,plaw@liftoff.io,None,None,None,None,global,True
12302741,All exchanges,com.zelenapp.horrmod,all,2026-05-29,,internal,traffic-quality,"Non-performant apps tied to suspicious Bigo seller IDs
https://docs.google.com/spreadsheets/d/1hy0o3hLjgKEPRYm8tAQA1X8gUphfhikgS3Wb3sd6eJE/edit?gid=63260040#gid=63260040",No,plaw@liftoff.io,None,None,None,None,global,True
12302741,All exchanges,com.BMZGames.RaceXperience,all,2026-05-29,,internal,traffic-quality,"Non-performant apps tied to suspicious Bigo seller IDs
https://docs.google.com/spreadsheets/d/1hy0o3hLjgKEPRYm8tAQA1X8gUphfhikgS3Wb3sd6eJE/edit?gid=63260040#gid=63260040",No,plaw@liftoff.io,None,None,None,None,global,True
12302733,All exchanges,6578432949,all,2026-05-29,,internal,traffic-quality,Fraudulent apps identified via adhoc analysis: https://docs.google.com/document/d/1-lQ0h3WdTkYkWIO027QYvBxUVF2yRJrMh6-rKZaWeog,No,plaw@liftoff.io,None,None,None,None,global,True
12302741,All exchanges,com.LastCall.TopCarsDriving,all,2026-05-29,,internal,traffic-quality,"Non-performant apps tied to suspicious Bigo seller IDs
https://docs.google.com/spreadsheets/d/1hy0o3hLjgKEPRYm8tAQA1X8gUphfhikgS3Wb3sd6eJE/edit?gid=63260040#gid=63260040",No,plaw@liftoff.io,None,None,None,None,global,True
12302733,All exchanges,com.think.find.hsuah.game,all,2026-05-29,,internal,traffic-quality,Fraudulent apps identified via adhoc analysis: https://docs.google.com/document/d/1-lQ0h3WdTkYkWIO027QYvBxUVF2yRJrMh6-rKZaWeog,No,plaw@liftoff.io,None,None,None,None,global,True
12302733,All exchanges,ninja.creed2.sniper.real3d.action.free.android,all,2026-05-29,,internal,traffic-quality,Fraudulent apps identified via adhoc analysis: https://docs.google.com/document/d/1-lQ0h3WdTkYkWIO027QYvBxUVF2yRJrMh6-rKZaWeog,No,plaw@liftoff.io,None,None,None,None,global,True
12302741,All exchanges,6742799934,all,2026-05-29,,internal,traffic-quality,"Non-performant apps tied to suspicious Bigo seller IDs
https://docs.google.com/spreadsheets/d/1hy0o3hLjgKEPRYm8tAQA1X8gUphfhikgS3Wb3sd6eJE/edit?gid=63260040#gid=63260040",No,plaw@liftoff.io,None,None,None,None,global,True
12302741,All exchanges,6736705775,all,2026-05-29,,internal,traffic-quality,"Non-performant apps tied to suspicious Bigo seller IDs
https://docs.google.com/spreadsheets/d/1hy0o3hLjgKEPRYm8tAQA1X8gUphfhikgS3Wb3sd6eJE/edit?gid=63260040#gid=63260040",No,plaw@liftoff.io,None,None,None,None,global,True
12302741,All exchanges,dead.rails,all,2026-05-29,,internal,traffic-quality,"Non-performant apps tied to suspicious Bigo seller IDs
https://docs.google.com/spreadsheets/d/1hy0o3hLjgKEPRYm8tAQA1X8gUphfhikgS3Wb3sd6eJE/edit?gid=63260040#gid=63260040",No,plaw@liftoff.io,None,None,None,None,global,True
12302733,All exchanges,com.PSVStudio.BarboskinsInTheSupermarket,all,2026-05-29,,internal,traffic-quality,Fraudulent apps identified via adhoc analysis: https://docs.google.com/document/d/1-lQ0h3WdTkYkWIO027QYvBxUVF2yRJrMh6-rKZaWeog,No,plaw@liftoff.io,None,None,None,None,global,True
12302733,All exchanges,com.novelaria.reader,all,2026-05-29,,internal,traffic-quality,Fraudulent apps identified via adhoc analysis: https://docs.google.com/document/d/1-lQ0h3WdTkYkWIO027QYvBxUVF2yRJrMh6-rKZaWeog,No,plaw@liftoff.io,None,None,None,None,global,True
12302733,All exchanges,com.mindyourlogic.brain.test.logic.puzzle.detective.iq3,all,2026-05-29,,internal,traffic-quality,Fraudulent apps identified via adhoc analysis: https://docs.google.com/document/d/1-lQ0h3WdTkYkWIO027QYvBxUVF2yRJrMh6-rKZaWeog,No,plaw@liftoff.io,None,None,None,None,global,True
12302733,All exchanges,screenmirroring.casttotv.chromecast.phonemirror,all,2026-05-29,,internal,traffic-quality,Fraudulent apps identified via adhoc analysis: https://docs.google.com/document/d/1-lQ0h3WdTkYkWIO027QYvBxUVF2yRJrMh6-rKZaWeog,No,plaw@liftoff.io,None,None,None,None,global,True
12302741,All exchanges,it.spaghettiinteractive.scopapiu,all,2026-05-29,,internal,traffic-quality,"Non-performant apps tied to suspicious Bigo seller IDs
https://docs.google.com/spreadsheets/d/1hy0o3hLjgKEPRYm8tAQA1X8gUphfhikgS3Wb3sd6eJE/edit?gid=63260040#gid=63260040",No,plaw@liftoff.io,None,None,None,None,global,True
12302733,All exchanges,com.sprunki.run,all,2026-05-29,,internal,traffic-quality,Fraudulent apps identified via adhoc analysis: https://docs.google.com/document/d/1-lQ0h3WdTkYkWIO027QYvBxUVF2yRJrMh6-rKZaWeog,No,plaw@liftoff.io,None,None,None,None,global,True
12302741,All exchanges,6720748231,all,2026-05-29,,internal,traffic-quality,"Non-performant apps tied to suspicious Bigo seller IDs
https://docs.google.com/spreadsheets/d/1hy0o3hLjgKEPRYm8tAQA1X8gUphfhikgS3Wb3sd6eJE/edit?gid=63260040#gid=63260040",No,plaw@liftoff.io,None,None,None,None,global,True
12302733,All exchanges,nonogram.puzzle.picross.free.android,all,2026-05-29,,internal,traffic-quality,Fraudulent apps identified via adhoc analysis: https://docs.google.com/document/d/1-lQ0h3WdTkYkWIO027QYvBxUVF2yRJrMh6-rKZaWeog,No,plaw@liftoff.io,None,None,None,None,global,True
12302733,All exchanges,com.frases.frasesvip,all,2026-05-29,,internal,traffic-quality,Fraudulent apps identified via adhoc analysis: https://docs.google.com/document/d/1-lQ0h3WdTkYkWIO027QYvBxUVF2yRJrMh6-rKZaWeog,No,plaw@liftoff.io,None,None,None,None,global,True
12302733,All exchanges,com.dream.sleep.huss.game,all,2026-05-29,,internal,traffic-quality,Fraudulent apps identified via adhoc analysis: https://docs.google.com/document/d/1-lQ0h3WdTkYkWIO027QYvBxUVF2yRJrMh6-rKZaWeog,No,plaw@liftoff.io,None,None,None,None,global,True
12302733,All exchanges,com.themark.apps.salarysheet,all,2026-05-29,,internal,traffic-quality,Fraudulent apps identified via adhoc analysis: https://docs.google.com/document/d/1-lQ0h3WdTkYkWIO027QYvBxUVF2yRJrMh6-rKZaWeog,No,plaw@liftoff.io,None,None,None,None,global,True
12302733,All exchanges,1568107572,all,2026-05-29,,internal,traffic-quality,Fraudulent apps identified via adhoc analysis: https://docs.google.com/document/d/1-lQ0h3WdTkYkWIO027QYvBxUVF2yRJrMh6-rKZaWeog,No,plaw@liftoff.io,None,None,None,None,global,True
12302733,All exchanges,com.herocraft.game.majesty.ne.freemium,all,2026-05-29,,internal,traffic-quality,Fraudulent apps identified via adhoc analysis: https://docs.google.com/document/d/1-lQ0h3WdTkYkWIO027QYvBxUVF2yRJrMh6-rKZaWeog,No,plaw@liftoff.io,None,None,None,None,global,True
12302733,All exchanges,com.katanlabs.goingball3drollingadventure,all,2026-05-29,,internal,traffic-quality,Fraudulent apps identified via adhoc analysis: https://docs.google.com/document/d/1-lQ0h3WdTkYkWIO027QYvBxUVF2yRJrMh6-rKZaWeog,No,plaw@liftoff.io,None,None,None,None,global,True
12304586,All exchanges,6505015489,all,2026-05-30,2026-06-30,internal,traffic-quality,View Master Click Signals ABL,Yes,-,None,None,None,None,global,False
12304588,All exchanges,com.mg.shooting.scifi.fps.game,all,2026-05-30,2026-06-30,internal,traffic-quality,View Master Click Signals ABL,Yes,-,None,None,None,None,global,False
12311040,All exchanges,6768906514,all,2026-05-31,2026-06-30,internal,traffic-quality,View Master Click Signals ABL,Yes,-,None,None,None,None,global,False
12317946,All exchanges,com.luckydollarapp,all,2026-06-01,2026-07-01,internal,traffic-quality,View Master Click Signals ABL,Yes,-,None,None,None,None,global,False
12337743,All exchanges,1608597808,all,2026-06-02,2026-07-02,internal,traffic-quality,High new device and cellular mismatch rate ABL,Yes,-,None,None,None,None,global,False
12361373,All exchanges,6618136714,all,2026-06-04,2026-07-04,internal,traffic-quality,View Master Click Signals ABL,Yes,-,None,None,None,None,global,False
12388505,All exchanges,6444029940,all,2026-06-05,2026-07-05,internal,traffic-quality,High new device and cellular mismatch rate ABL,Yes,-,None,None,None,None,global,False
12380215,All exchanges,6770461847,all,2026-06-05,2026-07-05,internal,traffic-quality,View Master Click Signals ABL,Yes,-,None,None,None,None,global,False
12405422,All exchanges,com.fpl.mini.pop,all,2026-06-07,2026-07-07,internal,traffic-quality,View Master Click Signals ABL,Yes,-,None,None,None,None,global,False
12414622,All exchanges,1568660715,all,2026-06-08,2026-07-08,internal,traffic-quality,High new device and cellular mismatch rate ABL,Yes,-,None,None,None,None,global,False
12417485,All exchanges,6753176128,all,2026-06-09,2026-07-09,internal,traffic-quality,View Master Click Signals ABL,Yes,-,None,None,None,None,global,False
12442215,All exchanges,com.datamount.tipsme,all,2026-06-11,2026-07-11,internal,traffic-quality,View Master Click Signals ABL,Yes,-,None,None,None,None,global,False
12442214,All exchanges,com.dino.runnergames.adventure.evolution,all,2026-06-11,2026-07-11,internal,traffic-quality,View Master Click Signals ABL,Yes,-,None,None,None,None,global,False
12461647,All exchanges,6464718516,all,2026-06-12,2026-07-12,internal,traffic-quality,High new device and cellular mismatch rate ABL,Yes,-,None,None,None,None,global,False
12463991,All exchanges,com.brighteasestudio.photorecovery.recoveryallfiles,all,2026-06-13,2026-07-13,internal,traffic-quality,View Master Click Signals ABL,Yes,-,None,None,None,None,global,False
12463989,All exchanges,6775414577,all,2026-06-13,2026-07-13,internal,traffic-quality,View Master Click Signals ABL,Yes,-,None,None,None,None,global,False
12464010,All exchanges,com.fpg.asmrfeet.care,all,2026-06-13,2026-07-13,internal,traffic-quality,View Master Click Signals ABL,Yes,-,None,None,None,None,global,False
12533482,All exchanges,com.facebook.videodownloader.ins.saver,all,2026-06-14,2026-07-14,internal,traffic-quality,View Master Click Signals ABL,Yes,-,None,None,None,None,global,False
12535579,VUNGLE,6762447140,all,2026-06-14,2026-06-28,internal,traffic-quality,Spend gate source app <> exchange ABL,Yes,-,None,None,None,None,global,False
12551519,All exchanges,com.clap.pro.find.phone.aos,all,2026-06-16,2026-07-16,internal,traffic-quality,View Master Click Signals ABL,Yes,-,None,None,None,None,global,False
12692910,VUNGLE,com.megalol.muttertag,all,2026-06-18,2026-07-02,internal,traffic-quality,Spend gate source app <> exchange ABL hourly,Yes,-,None,None,None,None,global,False
12609060,VUNGLE,6742178042,all,2026-06-18,2026-07-02,internal,traffic-quality,Spend gate source app <> exchange ABL hourly,Yes,-,None,None,None,None,global,False
12798219,All exchanges,com.fpg.stressrelief,all,2026-06-19,2026-07-19,internal,traffic-quality,View Master Click Signals ABL,Yes,-,None,None,None,None,global,False
12930202,All exchanges,com.cdt.snakeescape.game,all,2026-06-20,2026-07-20,internal,traffic-quality,View Master Click Signals ABL,Yes,-,None,None,None,None,global,False
12895116,VUNGLE,6449750555,all,2026-06-20,2026-07-04,internal,traffic-quality,Spend gate source app <> exchange ABL hourly,Yes,-,None,None,None,None,global,False
13009886,All exchanges,com.scratch.golden.card,all,2026-06-20,2026-06-27,internal,traffic-quality,Android US Install gate,Yes,-,None,None,None,None,global,False
13009885,All exchanges,com.scratch.golden.card,all,2026-06-20,2026-06-27,internal,traffic-quality,Android US Install gate,Yes,-,None,None,None,None,global,False
13032275,VUNGLE,6737356923,all,2026-06-21,2026-07-05,internal,traffic-quality,Spend gate source app <> exchange ABL hourly,Yes,-,None,None,None,None,global,False
13036604,All exchanges,com.smartcompass.procompass,all,2026-06-21,2026-07-21,internal,traffic-quality,High new device and cellular mismatch rate ABL,Yes,-,None,None,None,None,global,False
13036983,All exchanges,com.app.cricketapp,all,2026-06-21,2026-06-28,internal,traffic-quality,Android US Install gate,Yes,-,None,None,None,None,global,False
13036984,All exchanges,com.app.cricketapp,all,2026-06-21,2026-06-28,internal,traffic-quality,Android US Install gate,Yes,-,None,None,None,None,global,False
13036922,VUNGLE,6756690656,all,2026-06-21,2026-07-05,internal,traffic-quality,Spend gate source app <> exchange ABL hourly,Yes,-,None,None,None,None,global,False
13036616,VUNGLE,6768863083,all,2026-06-21,2026-07-05,internal,traffic-quality,Spend gate source app <> exchange ABL,Yes,-,None,None,None,None,global,False
13080299,VUNGLE,6756690656,all,2026-06-22,2026-07-06,internal,traffic-quality,Spend gate source app <> exchange ABL,Yes,-,None,None,None,None,global,False
13088472,All exchanges,com.brainroot.beat.legend.goo,all,2026-06-23,2026-07-23,internal,traffic-quality,View Master Click Signals ABL,Yes,-,None,None,None,None,global,False
13100230,VUNGLE,com.leafnovel.app,all,2026-06-23,2026-07-07,internal,traffic-quality,Spend gate source app <> exchange ABL hourly,Yes,-,None,None,None,None,global,False
13221553,VUNGLE,1072241945,all,2026-06-24,2026-07-08,internal,traffic-quality,Spend gate source app <> exchange ABL hourly,Yes,-,None,None,None,None,global,False
6127538,All exchanges,com.GMA.Ball.Sort.Puzzle,all,2024-03-05,,internal,traffic-quality,Install farming,No,matt.johnson@liftoff.io,None,None,None,None,global,True
6639751,All exchanges,com.newpubco.hearts,all,2024-07-02,,internal,misc,This app is causing a lot of issues with our PDS/UDS systems. Most likely they have misconfigured how they're sending us IDFV/UIDs.,No,evan@liftoff.io,None,None,None,None,global,True
7013418,All exchanges,6642698584,all,2024-10-14,,internal,traffic-quality,Source app 6642698584 (Airport Deputy - Safe Terminal) violated UDS key fraud rule as App fraud. It was auto blocked by spend threshold.,No,-,None,None,None,None,global,True
8299290,All exchanges,sudoku.puzzle.games.scenery,all,2025-02-04,,internal,traffic-quality,"Fraudulent apps: Poor ROAS (<5%), high spend DV IVT, high reject rates, low RPI / high % easy target events",No,plaw@liftoff.io,None,None,None,None,global,True
8299290,All exchanges,com.kagames.comewithmerun,all,2025-02-04,,internal,traffic-quality,"Fraudulent apps: Poor ROAS (<5%), high spend DV IVT, high reject rates, low RPI / high % easy target events",No,plaw@liftoff.io,None,None,None,None,global,True
8306199,All exchanges,com.cdg.tictactoe,all,2025-02-07,,internal,traffic-quality,Fraudulent apps,No,plaw@liftoff.io,None,None,None,None,global,True
8308574,All exchanges,com.hotplay.findtoilet,all,2025-02-07,,internal,traffic-quality,Fraudulent apps,No,plaw@liftoff.io,None,None,None,None,global,True
8710922,All exchanges,com.sh.draw.oneline.puzzle.game,all,2025-06-21,,internal,traffic-quality,Fraudulent Developers ABL,Yes,-,None,None,None,None,global,True
8711023,All exchanges,com.sh.tricky.relax.ticktock.mini.challenges.puzzle.games,all,2025-06-21,,internal,traffic-quality,Fraudulent Developers ABL,Yes,-,None,None,None,None,global,True
8743144,All exchanges,com.tera.provid.iplayer,all,2025-07-04,,internal,traffic-quality,Human security flagged apps Jul 2025,No,matt.johnson@liftoff.io,None,None,None,None,global,True
8756125,All exchanges,com.yg.bike.racinggame,all,2025-07-09,,internal,traffic-quality,Fraudulent Developers ABL,Yes,-,None,None,None,None,global,True
8756127,All exchanges,com.yg.stunt.motorcycle,all,2025-07-09,,internal,traffic-quality,Fraudulent Developers ABL,Yes,-,None,None,None,None,global,True
8756128,All exchanges,com.yg.obbyparkour,all,2025-07-09,,internal,traffic-quality,Fraudulent Developers ABL,Yes,-,None,None,None,None,global,True
8790531,All exchanges,com.gn.singleline.draw.challenge.minigames,all,2025-07-30,,internal,traffic-quality,Fraudulent Developers ABL,Yes,-,None,None,None,None,global,True
8790701,All exchanges,6670761925,all,2025-07-30,,internal,traffic-quality,Fraudulent Developers ABL,Yes,-,None,None,None,None,global,True
8790514,All exchanges,6743120029,all,2025-07-30,,internal,traffic-quality,Fraudulent Developers ABL,Yes,-,None,None,None,None,global,True
8790596,All exchanges,6747698708,all,2025-07-30,,internal,traffic-quality,Fraudulent Developers ABL,Yes,-,None,None,None,None,global,True
8790589,All exchanges,6636479503,all,2025-07-30,,internal,traffic-quality,Fraudulent Developers ABL,Yes,-,None,None,None,None,global,True
8790436,All exchanges,6742782082,all,2025-07-30,,internal,traffic-quality,Fraudulent Developers ABL,Yes,-,None,None,None,None,global,True
8790904,All exchanges,6744522767,all,2025-07-30,,internal,traffic-quality,Fraudulent Developers ABL,Yes,-,None,None,None,None,global,True
8791256,All exchanges,6499201060,all,2025-07-30,,internal,traffic-quality,Fraudulent Developers ABL,Yes,-,None,None,None,None,global,True
8857104,All exchanges,6745612742,all,2025-09-03,,internal,traffic-quality,Fraudulent Developers ABL,Yes,-,None,None,None,None,global,True
9183239,All exchanges,com.frenzygames.fgs.archery.ninja.shooter.mission,all,2025-09-15,,internal,traffic-quality,Source app com.frenzygames.fgs.archery.ninja.shooter.mission (Archer Ninja: Shooter Mission) violated UDS key fraud rule as App fraud. It was auto blocked by spend threshold.,No,-,None,None,None,None,global,True
9186797,All exchanges,6751868831,all,2025-09-16,,internal,traffic-quality,Fraudulent Developers ABL,Yes,-,None,None,None,None,global,True
9365092,All exchanges,com.sh.skincare.asmr.makeup.makeover.relaxing.beauty.games,all,2025-09-26,,internal,traffic-quality,Fraudulent Developers ABL,Yes,-,None,None,None,None,global,True
9564481,All exchanges,com.melodybeat.music,all,2025-10-03,,internal,traffic-quality,Fraudulent Developers ABL,Yes,-,None,None,None,None,global,True
9684056,All exchanges,6463385610,all,2025-10-12,,internal,traffic-quality,Fraudulent Developers ABL,Yes,-,None,None,None,None,global,True
10349707,All exchanges,com.goodtimegames.ludoloyalty,all,2025-11-19,,internal,traffic-quality,Fraudulent Developers ABL,Yes,-,None,None,None,None,global,True
10349716,All exchanges,com.horus.warzone,all,2025-11-19,,internal,traffic-quality,Fraudulent Developers ABL,Yes,-,None,None,None,None,global,True
10349663,All exchanges,com.match.puppy.android,all,2025-11-19,,internal,traffic-quality,Fraudulent Developers ABL,Yes,-,None,None,None,None,global,True
10349759,All exchanges,badminton.blitz.sports.free.game.android,all,2025-11-19,,internal,traffic-quality,Fraudulent Developers ABL,Yes,-,None,None,None,None,global,True
10349504,All exchanges,com.mindyourlogic.brain.test.logic.puzzle.detective.iq2,all,2025-11-19,,internal,traffic-quality,Fraudulent Developers ABL,Yes,-,None,None,None,None,global,True
10349771,All exchanges,com.endless.nightmare.reborn.android,all,2025-11-19,,internal,traffic-quality,Fraudulent Developers ABL,Yes,-,None,None,None,None,global,True
10349603,All exchanges,com.zapak.worldcup.t20.cricket,all,2025-11-19,,internal,traffic-quality,Fraudulent Developers ABL,Yes,-,None,None,None,None,global,True
10391412,All exchanges,com.rayole.games.gold.miner,all,2025-11-25,,internal,traffic-quality,Fraudulent Developers ABL,Yes,-,None,None,None,None,global,True
10757641,All exchanges,6756774272,all,2026-01-09,,internal,traffic-quality,Fraudulent Developers ABL,Yes,-,None,None,None,None,global,True
10877481,VUNGLE,1593869420,all,2026-01-22,,internal,traffic-quality,Anomaly rejections,No,plaw@liftoff.io,None,None,None,None,global,True
10877481,VUNGLE,6748219088,all,2026-01-22,,internal,traffic-quality,Anomaly rejections,No,plaw@liftoff.io,None,None,None,None,global,True
11079048,All exchanges,6758699924,all,2026-02-15,,internal,traffic-quality,Fraudulent Developers ABL,Yes,-,None,None,None,None,global,True
11180478,All exchanges,com.horus.sheep.out,all,2026-03-02,,internal,traffic-quality,Fraudulent Developers ABL,Yes,-,None,None,None,None,global,True
11254463,All exchanges,com.casual.simulation.diy.slime,all,2026-03-11,,internal,traffic-quality,Fraudulent Developers ABL,Yes,-,None,None,None,None,global,True
11508493,All exchanges,com.relaxing.makeup.sort.game,all,2026-03-26,,internal,traffic-quality,"Fraudulent bundles
https://liftoffio.slack.com/archives/C02QR6T98SU/p1774378444334859?thread_ts=1774282238.086299&cid=C02QR6T98SU",No,plaw@liftoff.io,None,None,None,None,global,True
11508493,All exchanges,com.fortunegod.lucky,all,2026-03-26,,internal,traffic-quality,"Fraudulent bundles
https://liftoffio.slack.com/archives/C02QR6T98SU/p1774378444334859?thread_ts=1774282238.086299&cid=C02QR6T98SU",No,plaw@liftoff.io,None,None,None,None,global,True
11508493,All exchanges,com.xuexue.tangtang.tracker,all,2026-03-26,,internal,traffic-quality,"Fraudulent bundles
https://liftoffio.slack.com/archives/C02QR6T98SU/p1774378444334859?thread_ts=1774282238.086299&cid=C02QR6T98SU",No,plaw@liftoff.io,None,None,None,None,global,True
11508493,All exchanges,com.arrowtap.puzzle,all,2026-03-26,,internal,traffic-quality,"Fraudulent bundles
https://liftoffio.slack.com/archives/C02QR6T98SU/p1774378444334859?thread_ts=1774282238.086299&cid=C02QR6T98SU",No,plaw@liftoff.io,None,None,None,None,global,True
11508493,All exchanges,com.quiz25082701.screwking,all,2026-03-26,,internal,traffic-quality,"Fraudulent bundles
https://liftoffio.slack.com/archives/C02QR6T98SU/p1774378444334859?thread_ts=1774282238.086299&cid=C02QR6T98SU",No,plaw@liftoff.io,None,None,None,None,global,True
11508493,All exchanges,com.waterfallbbq.factorystack.flamechute,all,2026-03-26,,internal,traffic-quality,"Fraudulent bundles
https://liftoffio.slack.com/archives/C02QR6T98SU/p1774378444334859?thread_ts=1774282238.086299&cid=C02QR6T98SU",No,plaw@liftoff.io,None,None,None,None,global,True
11508493,All exchanges,com.fusionmind.scarylittleprankster,all,2026-03-26,,internal,traffic-quality,"Fraudulent bundles
https://liftoffio.slack.com/archives/C02QR6T98SU/p1774378444334859?thread_ts=1774282238.086299&cid=C02QR6T98SU",No,plaw@liftoff.io,None,None,None,None,global,True
11508493,All exchanges,com.grassstall.merchanttycoon.wickerbasket,all,2026-03-26,,internal,traffic-quality,"Fraudulent bundles
https://liftoffio.slack.com/archives/C02QR6T98SU/p1774378444334859?thread_ts=1774282238.086299&cid=C02QR6T98SU",No,plaw@liftoff.io,None,None,None,None,global,True
11508493,All exchanges,com.chefprep.rushgrill.ingredientrush.sorterfun,all,2026-03-26,,internal,traffic-quality,"Fraudulent bundles
https://liftoffio.slack.com/archives/C02QR6T98SU/p1774378444334859?thread_ts=1774282238.086299&cid=C02QR6T98SU",No,plaw@liftoff.io,None,None,None,None,global,True
11508493,All exchanges,com.water.sort.ball.game.puzzle2048.dop.free.huawei,all,2026-03-26,,internal,traffic-quality,"Fraudulent bundles
https://liftoffio.slack.com/archives/C02QR6T98SU/p1774378444334859?thread_ts=1774282238.086299&cid=C02QR6T98SU",No,plaw@liftoff.io,None,None,None,None,global,True
11508493,All exchanges,com.thrill.jigsaw.and,all,2026-03-26,,internal,traffic-quality,"Fraudulent bundles
https://liftoffio.slack.com/archives/C02QR6T98SU/p1774378444334859?thread_ts=1774282238.086299&cid=C02QR6T98SU",No,plaw@liftoff.io,None,None,None,None,global,True
11508493,All exchanges,com.goldbud.matchmania.luxurygrow.bloom,all,2026-03-26,,internal,traffic-quality,"Fraudulent bundles
https://liftoffio.slack.com/archives/C02QR6T98SU/p1774378444334859?thread_ts=1774282238.086299&cid=C02QR6T98SU",No,plaw@liftoff.io,None,None,None,None,global,True
11508493,All exchanges,com.taldev.reelrush,all,2026-03-26,,internal,traffic-quality,"Fraudulent bundles
https://liftoffio.slack.com/archives/C02QR6T98SU/p1774378444334859?thread_ts=1774282238.086299&cid=C02QR6T98SU",No,plaw@liftoff.io,None,None,None,None,global,True
11508493,All exchanges,com.lygame.tlpusher.gp,all,2026-03-26,,internal,traffic-quality,"Fraudulent bundles
https://liftoffio.slack.com/archives/C02QR6T98SU/p1774378444334859?thread_ts=1774282238.086299&cid=C02QR6T98SU",No,plaw@liftoff.io,None,None,None,None,global,True
11508493,All exchanges,com.kokoj.pusherpanicplay,all,2026-03-26,,internal,traffic-quality,"Fraudulent bundles
https://liftoffio.slack.com/archives/C02QR6T98SU/p1774378444334859?thread_ts=1774282238.086299&cid=C02QR6T98SU",No,plaw@liftoff.io,None,None,None,None,global,True
11508493,All exchanges,com.ezero.three.block.gp,all,2026-03-26,,internal,traffic-quality,"Fraudulent bundles
https://liftoffio.slack.com/archives/C02QR6T98SU/p1774378444334859?thread_ts=1774282238.086299&cid=C02QR6T98SU",No,plaw@liftoff.io,None,None,None,None,global,True
11508493,All exchanges,com.blockmaster.puzzlegame,all,2026-03-26,,internal,traffic-quality,"Fraudulent bundles
https://liftoffio.slack.com/archives/C02QR6T98SU/p1774378444334859?thread_ts=1774282238.086299&cid=C02QR6T98SU",No,plaw@liftoff.io,None,None,None,None,global,True
11508493,All exchanges,com.book.writings.writingsfi,all,2026-03-26,,internal,traffic-quality,"Fraudulent bundles
https://liftoffio.slack.com/archives/C02QR6T98SU/p1774378444334859?thread_ts=1774282238.086299&cid=C02QR6T98SU",No,plaw@liftoff.io,None,None,None,None,global,True
11559479,VUNGLE,com.DagArtGames_Roc,all,2026-03-28,2026-06-26,internal,traffic-quality,Exchange level install farming ABL,Yes,-,None,None,None,None,global,False
11566619,VUNGLE,6758285356,all,2026-03-29,2026-06-27,internal,traffic-quality,Exchange level install farming ABL,Yes,-,None,None,None,None,global,False
11594876,All exchanges,com.mrbunn.its.pee.time,all,2026-03-30,,internal,traffic-quality,Launcher app that installs malware,No,matt.johnson@liftoff.io,None,None,None,None,global,True
11594877,All exchanges,com.toto.jcyj.mvmix,all,2026-03-30,,internal,traffic-quality,Poor quality apps / malware discovered when unblocking sources for TEMU,No,matt.johnson@liftoff.io,None,None,None,None,global,True
11657543,All exchanges,6450994700,all,2026-04-01,,internal,traffic-quality,"Associated with domains serving fake OS pop-up style ads
https://liftoffio.slack.com/archives/C037P2AS57F/p1775055696644879",No,plaw@liftoff.io,None,None,None,None,global,True
11657580,All exchanges,6450994700,all,2026-04-01,,internal,traffic-quality,Fraudulent Developers ABL,Yes,-,None,None,None,None,global,True
11705411,VUNGLE,6759059123,all,2026-04-05,2026-07-04,internal,traffic-quality,Exchange level install farming ABL,Yes,-,None,None,None,None,global,False
11704195,VUNGLE,6758908287,all,2026-04-05,2026-07-04,internal,traffic-quality,Exchange level install farming ABL,Yes,-,None,None,None,None,global,False
11711398,VUNGLE,6758397927,all,2026-04-07,2026-07-06,internal,traffic-quality,Exchange level install farming ABL,Yes,-,None,None,None,None,global,False
11718220,VUNGLE,6756281624,all,2026-04-09,2026-07-08,internal,traffic-quality,Exchange level install farming ABL,Yes,-,None,None,None,None,global,False
11742599,VUNGLE,6761048693,all,2026-04-10,2026-07-09,internal,traffic-quality,Exchange level install farming ABL,Yes,-,None,None,None,None,global,False
11742606,VUNGLE,6759633742,all,2026-04-10,2026-07-09,internal,traffic-quality,Exchange level install farming ABL,Yes,-,None,None,None,None,global,False
11764463,All exchanges,com.feelcrafters.buspuzzle,all,2026-04-13,,internal,traffic-quality,High UUIDv4 noncompliance (Malformed GAID investigation),No,matt.johnson@liftoff.io,None,None,None,None,global,True
11764463,All exchanges,com.hexa.master.puzzle.match3d,all,2026-04-13,,internal,traffic-quality,High UUIDv4 noncompliance (Malformed GAID investigation),No,matt.johnson@liftoff.io,None,None,None,None,global,True
11764463,All exchanges,com.dragonplus.mergehome,all,2026-04-13,,internal,traffic-quality,High UUIDv4 noncompliance (Malformed GAID investigation),No,matt.johnson@liftoff.io,None,None,None,None,global,True
11764463,All exchanges,com.neowiz.cats.soup.sng,all,2026-04-13,,internal,traffic-quality,High UUIDv4 noncompliance (Malformed GAID investigation),No,matt.johnson@liftoff.io,None,None,None,None,global,True
11841597,All exchanges,com.rayole.games.umbrella.escape,all,2026-04-25,,internal,traffic-quality,Fraudulent Developers ABL,Yes,-,None,None,None,None,global,True
11972167,VUNGLE,com.diy.rgb.led.mechanical.keyboard.custom.keyboard.game.keyboard,all,2026-05-07,,internal,traffic-quality,"High user CTR + poor d7 ROAS
notes: removed managed pubs: 805603214, com.lordix.addonsforminecraftpe, jp.ponta.myponta (prior id: 10912556)",No,matt.johnson@liftoff.io,None,None,None,None,global,True
12201199,All exchanges,com.lucky.funny.scratch,all,2026-05-20,,internal,traffic-quality,Fraudulent Developers ABL,Yes,-,None,None,None,None,global,True
12269142,All exchanges,com.sg.wedding.dressup.makeup.games,all,2026-05-27,2026-06-27,internal,traffic-quality,View Master Click Signals ABL,Yes,-,None,None,None,None,global,False
12282008,All exchanges,com.viplayer.maxvideo.kmplayer,all,2026-05-28,2026-06-28,internal,traffic-quality,View Master Click Signals ABL,Yes,-,None,None,None,None,global,False
12302741,All exchanges,com.NGG.BlockTech,all,2026-05-29,,internal,traffic-quality,"Non-performant apps tied to suspicious Bigo seller IDs
https://docs.google.com/spreadsheets/d/1hy0o3hLjgKEPRYm8tAQA1X8gUphfhikgS3Wb3sd6eJE/edit?gid=63260040#gid=63260040",No,plaw@liftoff.io,None,None,None,None,global,True
12302741,All exchanges,1385421494,all,2026-05-29,,internal,traffic-quality,"Non-performant apps tied to suspicious Bigo seller IDs
https://docs.google.com/spreadsheets/d/1hy0o3hLjgKEPRYm8tAQA1X8gUphfhikgS3Wb3sd6eJE/edit?gid=63260040#gid=63260040",No,plaw@liftoff.io,None,None,None,None,global,True
12302741,All exchanges,com.quartsoft.farland,all,2026-05-29,,internal,traffic-quality,"Non-performant apps tied to suspicious Bigo seller IDs
https://docs.google.com/spreadsheets/d/1hy0o3hLjgKEPRYm8tAQA1X8gUphfhikgS3Wb3sd6eJE/edit?gid=63260040#gid=63260040",No,plaw@liftoff.io,None,None,None,None,global,True
12302733,All exchanges,com.thp020.stickman.casual.war.game,all,2026-05-29,,internal,traffic-quality,Fraudulent apps identified via adhoc analysis: https://docs.google.com/document/d/1-lQ0h3WdTkYkWIO027QYvBxUVF2yRJrMh6-rKZaWeog,No,plaw@liftoff.io,None,None,None,None,global,True
12302733,All exchanges,jigsaw.picture.puzzles.games.free,all,2026-05-29,,internal,traffic-quality,Fraudulent apps identified via adhoc analysis: https://docs.google.com/document/d/1-lQ0h3WdTkYkWIO027QYvBxUVF2yRJrMh6-rKZaWeog,No,plaw@liftoff.io,None,None,None,None,global,True
12302733,All exchanges,com.cookapps.magiccatmatch,all,2026-05-29,,internal,traffic-quality,Fraudulent apps identified via adhoc analysis: https://docs.google.com/document/d/1-lQ0h3WdTkYkWIO027QYvBxUVF2yRJrMh6-rKZaWeog,No,plaw@liftoff.io,None,None,None,None,global,True
12302733,All exchanges,6749612203,all,2026-05-29,,internal,traffic-quality,Fraudulent apps identified via adhoc analysis: https://docs.google.com/document/d/1-lQ0h3WdTkYkWIO027QYvBxUVF2yRJrMh6-rKZaWeog,No,plaw@liftoff.io,None,None,None,None,global,True
12302733,All exchanges,com.endless.nightmare.reborn.android,all,2026-05-29,,internal,traffic-quality,Fraudulent apps identified via adhoc analysis: https://docs.google.com/document/d/1-lQ0h3WdTkYkWIO027QYvBxUVF2yRJrMh6-rKZaWeog,No,plaw@liftoff.io,None,None,None,None,global,True
12302733,All exchanges,6756466834,all,2026-05-29,,internal,traffic-quality,Fraudulent apps identified via adhoc analysis: https://docs.google.com/document/d/1-lQ0h3WdTkYkWIO027QYvBxUVF2yRJrMh6-rKZaWeog,No,plaw@liftoff.io,None,None,None,None,global,True
12302741,All exchanges,ru.appscraft.durak,all,2026-05-29,,internal,traffic-quality,"Non-performant apps tied to suspicious Bigo seller IDs
https://docs.google.com/spreadsheets/d/1hy0o3hLjgKEPRYm8tAQA1X8gUphfhikgS3Wb3sd6eJE/edit?gid=63260040#gid=63260040",No,plaw@liftoff.io,None,None,None,None,global,True
12302741,All exchanges,com.cricgenix.live.cricket,all,2026-05-29,,internal,traffic-quality,"Non-performant apps tied to suspicious Bigo seller IDs
https://docs.google.com/spreadsheets/d/1hy0o3hLjgKEPRYm8tAQA1X8gUphfhikgS3Wb3sd6eJE/edit?gid=63260040#gid=63260040",No,plaw@liftoff.io,None,None,None,None,global,True
12302733,All exchanges,1596314588,all,2026-05-29,,internal,traffic-quality,Fraudulent apps identified via adhoc analysis: https://docs.google.com/document/d/1-lQ0h3WdTkYkWIO027QYvBxUVF2yRJrMh6-rKZaWeog,No,plaw@liftoff.io,None,None,None,None,global,True
12302733,All exchanges,com.gxs.speed.overtake.endless.drive.free,all,2026-05-29,,internal,traffic-quality,Fraudulent apps identified via adhoc analysis: https://docs.google.com/document/d/1-lQ0h3WdTkYkWIO027QYvBxUVF2yRJrMh6-rKZaWeog,No,plaw@liftoff.io,None,None,None,None,global,True
12302733,All exchanges,com.snake.hunt.io.acrade.game,all,2026-05-29,,internal,traffic-quality,Fraudulent apps identified via adhoc analysis: https://docs.google.com/document/d/1-lQ0h3WdTkYkWIO027QYvBxUVF2yRJrMh6-rKZaWeog,No,plaw@liftoff.io,None,None,None,None,global,True
12302733,All exchanges,6504755276,all,2026-05-29,,internal,traffic-quality,Fraudulent apps identified via adhoc analysis: https://docs.google.com/document/d/1-lQ0h3WdTkYkWIO027QYvBxUVF2yRJrMh6-rKZaWeog,No,plaw@liftoff.io,None,None,None,None,global,True
12302733,All exchanges,1236817216,all,2026-05-29,,internal,traffic-quality,Fraudulent apps identified via adhoc analysis: https://docs.google.com/document/d/1-lQ0h3WdTkYkWIO027QYvBxUVF2yRJrMh6-rKZaWeog,No,plaw@liftoff.io,None,None,None,None,global,True
12302733,All exchanges,com.lf.sniper.gun.shooter.free.apps,all,2026-05-29,,internal,traffic-quality,Fraudulent apps identified via adhoc analysis: https://docs.google.com/document/d/1-lQ0h3WdTkYkWIO027QYvBxUVF2yRJrMh6-rKZaWeog,No,plaw@liftoff.io,None,None,None,None,global,True
12302733,All exchanges,6746710710,all,2026-05-29,,internal,traffic-quality,Fraudulent apps identified via adhoc analysis: https://docs.google.com/document/d/1-lQ0h3WdTkYkWIO027QYvBxUVF2yRJrMh6-rKZaWeog,No,plaw@liftoff.io,None,None,None,None,global,True
12302733,All exchanges,com.seikami.miner.go,all,2026-05-29,,internal,traffic-quality,Fraudulent apps identified via adhoc analysis: https://docs.google.com/document/d/1-lQ0h3WdTkYkWIO027QYvBxUVF2yRJrMh6-rKZaWeog,No,plaw@liftoff.io,None,None,None,None,global,True
12302741,All exchanges,com.gametov.longtrip,all,2026-05-29,,internal,traffic-quality,"Non-performant apps tied to suspicious Bigo seller IDs
https://docs.google.com/spreadsheets/d/1hy0o3hLjgKEPRYm8tAQA1X8gUphfhikgS3Wb3sd6eJE/edit?gid=63260040#gid=63260040",No,plaw@liftoff.io,None,None,None,None,global,True
12302733,All exchanges,1523254222,all,2026-05-29,,internal,traffic-quality,Fraudulent apps identified via adhoc analysis: https://docs.google.com/document/d/1-lQ0h3WdTkYkWIO027QYvBxUVF2yRJrMh6-rKZaWeog,No,plaw@liftoff.io,None,None,None,None,global,True
12302733,All exchanges,6737678400,all,2026-05-29,,internal,traffic-quality,Fraudulent apps identified via adhoc analysis: https://docs.google.com/document/d/1-lQ0h3WdTkYkWIO027QYvBxUVF2yRJrMh6-rKZaWeog,No,plaw@liftoff.io,None,None,None,None,global,True
12302733,All exchanges,com.ghamzastudios.walkfi,all,2026-05-29,,internal,traffic-quality,Fraudulent apps identified via adhoc analysis: https://docs.google.com/document/d/1-lQ0h3WdTkYkWIO027QYvBxUVF2yRJrMh6-rKZaWeog,No,plaw@liftoff.io,None,None,None,None,global,True
12302733,All exchanges,6749335196,all,2026-05-29,,internal,traffic-quality,Fraudulent apps identified via adhoc analysis: https://docs.google.com/document/d/1-lQ0h3WdTkYkWIO027QYvBxUVF2yRJrMh6-rKZaWeog,No,plaw@liftoff.io,None,None,None,None,global,True
12302733,All exchanges,com.realistic.physics.mods.birchappsmcpe,all,2026-05-29,,internal,traffic-quality,Fraudulent apps identified via adhoc analysis: https://docs.google.com/document/d/1-lQ0h3WdTkYkWIO027QYvBxUVF2yRJrMh6-rKZaWeog,No,plaw@liftoff.io,None,None,None,None,global,True
12302733,All exchanges,com.hbg.submarinesimulator,all,2026-05-29,,internal,traffic-quality,Fraudulent apps identified via adhoc analysis: https://docs.google.com/document/d/1-lQ0h3WdTkYkWIO027QYvBxUVF2yRJrMh6-rKZaWeog,No,plaw@liftoff.io,None,None,None,None,global,True
12302733,All exchanges,com.gn.singleline.draw.challenge.minigames,all,2026-05-29,,internal,traffic-quality,Fraudulent apps identified via adhoc analysis: https://docs.google.com/document/d/1-lQ0h3WdTkYkWIO027QYvBxUVF2yRJrMh6-rKZaWeog,No,plaw@liftoff.io,None,None,None,None,global,True
12302741,All exchanges,com.task.calendar,all,2026-05-29,,internal,traffic-quality,"Non-performant apps tied to suspicious Bigo seller IDs
https://docs.google.com/spreadsheets/d/1hy0o3hLjgKEPRYm8tAQA1X8gUphfhikgS3Wb3sd6eJE/edit?gid=63260040#gid=63260040",No,plaw@liftoff.io,None,None,None,None,global,True
12302733,All exchanges,com.memesticker.singleapp.worker,all,2026-05-29,,internal,traffic-quality,Fraudulent apps identified via adhoc analysis: https://docs.google.com/document/d/1-lQ0h3WdTkYkWIO027QYvBxUVF2yRJrMh6-rKZaWeog,No,plaw@liftoff.io,None,None,None,None,global,True
12302733,All exchanges,com.Manababa.RandomSpinDEF,all,2026-05-29,,internal,traffic-quality,Fraudulent apps identified via adhoc analysis: https://docs.google.com/document/d/1-lQ0h3WdTkYkWIO027QYvBxUVF2yRJrMh6-rKZaWeog,No,plaw@liftoff.io,None,None,None,None,global,True
12302733,All exchanges,com.triple.match.goods.sort.puzzle.game,all,2026-05-29,,internal,traffic-quality,Fraudulent apps identified via adhoc analysis: https://docs.google.com/document/d/1-lQ0h3WdTkYkWIO027QYvBxUVF2yRJrMh6-rKZaWeog,No,plaw@liftoff.io,None,None,None,None,global,True
12302733,All exchanges,com.shimeji.petonscreen.kawaii,all,2026-05-29,,internal,traffic-quality,Fraudulent apps identified via adhoc analysis: https://docs.google.com/document/d/1-lQ0h3WdTkYkWIO027QYvBxUVF2yRJrMh6-rKZaWeog,No,plaw@liftoff.io,None,None,None,None,global,True
12302733,All exchanges,1618557295,all,2026-05-29,,internal,traffic-quality,Fraudulent apps identified via adhoc analysis: https://docs.google.com/document/d/1-lQ0h3WdTkYkWIO027QYvBxUVF2yRJrMh6-rKZaWeog,No,plaw@liftoff.io,None,None,None,None,global,True
12302741,All exchanges,find.my.device,all,2026-05-29,,internal,traffic-quality,"Non-performant apps tied to suspicious Bigo seller IDs
https://docs.google.com/spreadsheets/d/1hy0o3hLjgKEPRYm8tAQA1X8gUphfhikgS3Wb3sd6eJE/edit?gid=63260040#gid=63260040",No,plaw@liftoff.io,None,None,None,None,global,True
12302733,All exchanges,948320147,all,2026-05-29,,internal,traffic-quality,Fraudulent apps identified via adhoc analysis: https://docs.google.com/document/d/1-lQ0h3WdTkYkWIO027QYvBxUVF2yRJrMh6-rKZaWeog,No,plaw@liftoff.io,None,None,None,None,global,True
12302733,All exchanges,com.microminimice.idleballescape,all,2026-05-29,,internal,traffic-quality,Fraudulent apps identified via adhoc analysis: https://docs.google.com/document/d/1-lQ0h3WdTkYkWIO027QYvBxUVF2yRJrMh6-rKZaWeog,No,plaw@liftoff.io,None,None,None,None,global,True
12302741,All exchanges,com.justanothertry.slovavk,all,2026-05-29,,internal,traffic-quality,"Non-performant apps tied to suspicious Bigo seller IDs
https://docs.google.com/spreadsheets/d/1hy0o3hLjgKEPRYm8tAQA1X8gUphfhikgS3Wb3sd6eJE/edit?gid=63260040#gid=63260040",No,plaw@liftoff.io,None,None,None,None,global,True
12302741,All exchanges,com.boomdrag.devtycoon2,all,2026-05-29,,internal,traffic-quality,"Non-performant apps tied to suspicious Bigo seller IDs
https://docs.google.com/spreadsheets/d/1hy0o3hLjgKEPRYm8tAQA1X8gUphfhikgS3Wb3sd6eJE/edit?gid=63260040#gid=63260040",No,plaw@liftoff.io,None,None,None,None,global,True
12302733,All exchanges,com.zymobile.dream.houseboat,all,2026-05-29,,internal,traffic-quality,Fraudulent apps identified via adhoc analysis: https://docs.google.com/document/d/1-lQ0h3WdTkYkWIO027QYvBxUVF2yRJrMh6-rKZaWeog,No,plaw@liftoff.io,None,None,None,None,global,True
12302741,All exchanges,com.KhoGames.CastleDestruction,all,2026-05-29,,internal,traffic-quality,"Non-performant apps tied to suspicious Bigo seller IDs
https://docs.google.com/spreadsheets/d/1hy0o3hLjgKEPRYm8tAQA1X8gUphfhikgS3Wb3sd6eJE/edit?gid=63260040#gid=63260040",No,plaw@liftoff.io,None,None,None,None,global,True
12302733,All exchanges,com.tionnet.android.baseball,all,2026-05-29,,internal,traffic-quality,Fraudulent apps identified via adhoc analysis: https://docs.google.com/document/d/1-lQ0h3WdTkYkWIO027QYvBxUVF2yRJrMh6-rKZaWeog,No,plaw@liftoff.io,None,None,None,None,global,True
12302733,All exchanges,com.rayole.games.gold.miner,all,2026-05-29,,internal,traffic-quality,Fraudulent apps identified via adhoc analysis: https://docs.google.com/document/d/1-lQ0h3WdTkYkWIO027QYvBxUVF2yRJrMh6-rKZaWeog,No,plaw@liftoff.io,None,None,None,None,global,True
12302741,All exchanges,6504755276,all,2026-05-29,,internal,traffic-quality,"Non-performant apps tied to suspicious Bigo seller IDs
https://docs.google.com/spreadsheets/d/1hy0o3hLjgKEPRYm8tAQA1X8gUphfhikgS3Wb3sd6eJE/edit?gid=63260040#gid=63260040",No,plaw@liftoff.io,None,None,None,None,global,True
12302741,All exchanges,com.design.for.car.mirror.app,all,2026-05-29,,internal,traffic-quality,"Non-performant apps tied to suspicious Bigo seller IDs
https://docs.google.com/spreadsheets/d/1hy0o3hLjgKEPRYm8tAQA1X8gUphfhikgS3Wb3sd6eJE/edit?gid=63260040#gid=63260040",No,plaw@liftoff.io,None,None,None,None,global,True
12302733,All exchanges,1580105392,all,2026-05-29,,internal,traffic-quality,Fraudulent apps identified via adhoc analysis: https://docs.google.com/document/d/1-lQ0h3WdTkYkWIO027QYvBxUVF2yRJrMh6-rKZaWeog,No,plaw@liftoff.io,None,None,None,None,global,True
12302733,All exchanges,6503621359,all,2026-05-29,,internal,traffic-quality,Fraudulent apps identified via adhoc analysis: https://docs.google.com/document/d/1-lQ0h3WdTkYkWIO027QYvBxUVF2yRJrMh6-rKZaWeog,No,plaw@liftoff.io,None,None,None,None,global,True
12302733,All exchanges,com.peacock.flashlight,all,2026-05-29,,internal,traffic-quality,Fraudulent apps identified via adhoc analysis: https://docs.google.com/document/d/1-lQ0h3WdTkYkWIO027QYvBxUVF2yRJrMh6-rKZaWeog,No,plaw@liftoff.io,None,None,None,None,global,True
12302741,All exchanges,1547126459,all,2026-05-29,,internal,traffic-quality,"Non-performant apps tied to suspicious Bigo seller IDs
https://docs.google.com/spreadsheets/d/1hy0o3hLjgKEPRYm8tAQA1X8gUphfhikgS3Wb3sd6eJE/edit?gid=63260040#gid=63260040",No,plaw@liftoff.io,None,None,None,None,global,True
12302733,All exchanges,6751320067,all,2026-05-29,,internal,traffic-quality,Fraudulent apps identified via adhoc analysis: https://docs.google.com/document/d/1-lQ0h3WdTkYkWIO027QYvBxUVF2yRJrMh6-rKZaWeog,No,plaw@liftoff.io,None,None,None,None,global,True
12302741,All exchanges,com.vdimensionltd.animalrevoltbattlesimulator,all,2026-05-29,,internal,traffic-quality,"Non-performant apps tied to suspicious Bigo seller IDs
https://docs.google.com/spreadsheets/d/1hy0o3hLjgKEPRYm8tAQA1X8gUphfhikgS3Wb3sd6eJE/edit?gid=63260040#gid=63260040",No,plaw@liftoff.io,None,None,None,None,global,True
12302733,All exchanges,com.zapak.worldcup.t20.cricket,all,2026-05-29,,internal,traffic-quality,Fraudulent apps identified via adhoc analysis: https://docs.google.com/document/d/1-lQ0h3WdTkYkWIO027QYvBxUVF2yRJrMh6-rKZaWeog,No,plaw@liftoff.io,None,None,None,None,global,True
12302733,All exchanges,com.advertsreward.fundsreward,all,2026-05-29,,internal,traffic-quality,Fraudulent apps identified via adhoc analysis: https://docs.google.com/document/d/1-lQ0h3WdTkYkWIO027QYvBxUVF2yRJrMh6-rKZaWeog,No,plaw@liftoff.io,None,None,None,None,global,True
12302741,All exchanges,funcore.bricker.construction_set.puzzle,all,2026-05-29,,internal,traffic-quality,"Non-performant apps tied to suspicious Bigo seller IDs
https://docs.google.com/spreadsheets/d/1hy0o3hLjgKEPRYm8tAQA1X8gUphfhikgS3Wb3sd6eJE/edit?gid=63260040#gid=63260040",No,plaw@liftoff.io,None,None,None,None,global,True
12302733,All exchanges,1455654495,all,2026-05-29,,internal,traffic-quality,Fraudulent apps identified via adhoc analysis: https://docs.google.com/document/d/1-lQ0h3WdTkYkWIO027QYvBxUVF2yRJrMh6-rKZaWeog,No,plaw@liftoff.io,None,None,None,None,global,True
12302733,All exchanges,6446321346,all,2026-05-29,,internal,traffic-quality,Fraudulent apps identified via adhoc analysis: https://docs.google.com/document/d/1-lQ0h3WdTkYkWIO027QYvBxUVF2yRJrMh6-rKZaWeog,No,plaw@liftoff.io,None,None,None,None,global,True
12302733,All exchanges,6749142381,all,2026-05-29,,internal,traffic-quality,Fraudulent apps identified via adhoc analysis: https://docs.google.com/document/d/1-lQ0h3WdTkYkWIO027QYvBxUVF2yRJrMh6-rKZaWeog,No,plaw@liftoff.io,None,None,None,None,global,True
12302733,All exchanges,com.ubisoft.hungrysharkworld,all,2026-05-29,,internal,traffic-quality,Fraudulent apps identified via adhoc analysis: https://docs.google.com/document/d/1-lQ0h3WdTkYkWIO027QYvBxUVF2yRJrMh6-rKZaWeog,No,plaw@liftoff.io,None,None,None,None,global,True
12302741,All exchanges,1577144445,all,2026-05-29,,internal,traffic-quality,"Non-performant apps tied to suspicious Bigo seller IDs
https://docs.google.com/spreadsheets/d/1hy0o3hLjgKEPRYm8tAQA1X8gUphfhikgS3Wb3sd6eJE/edit?gid=63260040#gid=63260040",No,plaw@liftoff.io,None,None,None,None,global,True
12302733,All exchanges,com.hw.train.chaos,all,2026-05-29,,internal,traffic-quality,Fraudulent apps identified via adhoc analysis: https://docs.google.com/document/d/1-lQ0h3WdTkYkWIO027QYvBxUVF2yRJrMh6-rKZaWeog,No,plaw@liftoff.io,None,None,None,None,global,True
12302741,All exchanges,6743165745,all,2026-05-29,,internal,traffic-quality,"Non-performant apps tied to suspicious Bigo seller IDs
https://docs.google.com/spreadsheets/d/1hy0o3hLjgKEPRYm8tAQA1X8gUphfhikgS3Wb3sd6eJE/edit?gid=63260040#gid=63260040",No,plaw@liftoff.io,None,None,None,None,global,True
12302733,All exchanges,6741553289,all,2026-05-29,,internal,traffic-quality,Fraudulent apps identified via adhoc analysis: https://docs.google.com/document/d/1-lQ0h3WdTkYkWIO027QYvBxUVF2yRJrMh6-rKZaWeog,No,plaw@liftoff.io,None,None,None,None,global,True
12302733,All exchanges,6746377918,all,2026-05-29,,internal,traffic-quality,Fraudulent apps identified via adhoc analysis: https://docs.google.com/document/d/1-lQ0h3WdTkYkWIO027QYvBxUVF2yRJrMh6-rKZaWeog,No,plaw@liftoff.io,None,None,None,None,global,True
12302733,All exchanges,com.dailybread.biblespades,all,2026-05-29,,internal,traffic-quality,Fraudulent apps identified via adhoc analysis: https://docs.google.com/document/d/1-lQ0h3WdTkYkWIO027QYvBxUVF2yRJrMh6-rKZaWeog,No,plaw@liftoff.io,None,None,None,None,global,True
12302733,All exchanges,com.gaming.mob.extreme.car.drive,all,2026-05-29,,internal,traffic-quality,Fraudulent apps identified via adhoc analysis: https://docs.google.com/document/d/1-lQ0h3WdTkYkWIO027QYvBxUVF2yRJrMh6-rKZaWeog,No,plaw@liftoff.io,None,None,None,None,global,True
12302733,All exchanges,6467069354,all,2026-05-29,,internal,traffic-quality,Fraudulent apps identified via adhoc analysis: https://docs.google.com/document/d/1-lQ0h3WdTkYkWIO027QYvBxUVF2yRJrMh6-rKZaWeog,No,plaw@liftoff.io,None,None,None,None,global,True
12302733,All exchanges,com.speed.moto.city.rush.jhua.game,all,2026-05-29,,internal,traffic-quality,Fraudulent apps identified via adhoc analysis: https://docs.google.com/document/d/1-lQ0h3WdTkYkWIO027QYvBxUVF2yRJrMh6-rKZaWeog,No,plaw@liftoff.io,None,None,None,None,global,True
12302733,All exchanges,mow.my.lawn,all,2026-05-29,,internal,traffic-quality,Fraudulent apps identified via adhoc analysis: https://docs.google.com/document/d/1-lQ0h3WdTkYkWIO027QYvBxUVF2yRJrMh6-rKZaWeog,No,plaw@liftoff.io,None,None,None,None,global,True
12302733,All exchanges,6739344416,all,2026-05-29,,internal,traffic-quality,Fraudulent apps identified via adhoc analysis: https://docs.google.com/document/d/1-lQ0h3WdTkYkWIO027QYvBxUVF2yRJrMh6-rKZaWeog,No,plaw@liftoff.io,None,None,None,None,global,True
12302733,All exchanges,com.toilet.skibidi.hide.seek.find.daddy.baby.hunt,all,2026-05-29,,internal,traffic-quality,Fraudulent apps identified via adhoc analysis: https://docs.google.com/document/d/1-lQ0h3WdTkYkWIO027QYvBxUVF2yRJrMh6-rKZaWeog,No,plaw@liftoff.io,None,None,None,None,global,True
12302733,All exchanges,1563680484,all,2026-05-29,,internal,traffic-quality,Fraudulent apps identified via adhoc analysis: https://docs.google.com/document/d/1-lQ0h3WdTkYkWIO027QYvBxUVF2yRJrMh6-rKZaWeog,No,plaw@liftoff.io,None,None,None,None,global,True
12302733,All exchanges,6741445066,all,2026-05-29,,internal,traffic-quality,Fraudulent apps identified via adhoc analysis: https://docs.google.com/document/d/1-lQ0h3WdTkYkWIO027QYvBxUVF2yRJrMh6-rKZaWeog,No,plaw@liftoff.io,None,None,None,None,global,True
12302733,All exchanges,1587847179,all,2026-05-29,,internal,traffic-quality,Fraudulent apps identified via adhoc analysis: https://docs.google.com/document/d/1-lQ0h3WdTkYkWIO027QYvBxUVF2yRJrMh6-rKZaWeog,No,plaw@liftoff.io,None,None,None,None,global,True
12302733,All exchanges,com.zelemine.horror.mods,all,2026-05-29,,internal,traffic-quality,Fraudulent apps identified via adhoc analysis: https://docs.google.com/document/d/1-lQ0h3WdTkYkWIO027QYvBxUVF2yRJrMh6-rKZaWeog,No,plaw@liftoff.io,None,None,None,None,global,True
12302733,All exchanges,com.niuaigo.jigsaw.tile,all,2026-05-29,,internal,traffic-quality,Fraudulent apps identified via adhoc analysis: https://docs.google.com/document/d/1-lQ0h3WdTkYkWIO027QYvBxUVF2yRJrMh6-rKZaWeog,No,plaw@liftoff.io,None,None,None,None,global,True
12302733,All exchanges,com.GameStudio.PuppiesFirePatrol,all,2026-05-29,,internal,traffic-quality,Fraudulent apps identified via adhoc analysis: https://docs.google.com/document/d/1-lQ0h3WdTkYkWIO027QYvBxUVF2yRJrMh6-rKZaWeog,No,plaw@liftoff.io,None,None,None,None,global,True
12302741,All exchanges,6746210199,all,2026-05-29,,internal,traffic-quality,"Non-performant apps tied to suspicious Bigo seller IDs
https://docs.google.com/spreadsheets/d/1hy0o3hLjgKEPRYm8tAQA1X8gUphfhikgS3Wb3sd6eJE/edit?gid=63260040#gid=63260040",No,plaw@liftoff.io,None,None,None,None,global,True
12302733,All exchanges,com.sh.draw.oneline.puzzle.game,all,2026-05-29,,internal,traffic-quality,Fraudulent apps identified via adhoc analysis: https://docs.google.com/document/d/1-lQ0h3WdTkYkWIO027QYvBxUVF2yRJrMh6-rKZaWeog,No,plaw@liftoff.io,None,None,None,None,global,True
12302733,All exchanges,com.D_One_Games.SchoolboyEscape3,all,2026-05-29,,internal,traffic-quality,Fraudulent apps identified via adhoc analysis: https://docs.google.com/document/d/1-lQ0h3WdTkYkWIO027QYvBxUVF2yRJrMh6-rKZaWeog,No,plaw@liftoff.io,None,None,None,None,global,True
12302733,All exchanges,com.changdu.ereader3.ru,all,2026-05-29,,internal,traffic-quality,Fraudulent apps identified via adhoc analysis: https://docs.google.com/document/d/1-lQ0h3WdTkYkWIO027QYvBxUVF2yRJrMh6-rKZaWeog,No,plaw@liftoff.io,None,None,None,None,global,True
12302733,All exchanges,1152486011,all,2026-05-29,,internal,traffic-quality,Fraudulent apps identified via adhoc analysis: https://docs.google.com/document/d/1-lQ0h3WdTkYkWIO027QYvBxUVF2yRJrMh6-rKZaWeog,No,plaw@liftoff.io,None,None,None,None,global,True
12302733,All exchanges,1215644103,all,2026-05-29,,internal,traffic-quality,Fraudulent apps identified via adhoc analysis: https://docs.google.com/document/d/1-lQ0h3WdTkYkWIO027QYvBxUVF2yRJrMh6-rKZaWeog,No,plaw@liftoff.io,None,None,None,None,global,True
12302733,All exchanges,com.sh.skincare.asmr.makeup.makeover.relaxing.beauty.games,all,2026-05-29,,internal,traffic-quality,Fraudulent apps identified via adhoc analysis: https://docs.google.com/document/d/1-lQ0h3WdTkYkWIO027QYvBxUVF2yRJrMh6-rKZaWeog,No,plaw@liftoff.io,None,None,None,None,global,True
12302733,All exchanges,6738936894,all,2026-05-29,,internal,traffic-quality,Fraudulent apps identified via adhoc analysis: https://docs.google.com/document/d/1-lQ0h3WdTkYkWIO027QYvBxUVF2yRJrMh6-rKZaWeog,No,plaw@liftoff.io,None,None,None,None,global,True
12302733,All exchanges,1483901554,all,2026-05-29,,internal,traffic-quality,Fraudulent apps identified via adhoc analysis: https://docs.google.com/document/d/1-lQ0h3WdTkYkWIO027QYvBxUVF2yRJrMh6-rKZaWeog,No,plaw@liftoff.io,None,None,None,None,global,True
12302741,All exchanges,com.rainbowgames.solitaire.google,all,2026-05-29,,internal,traffic-quality,"Non-performant apps tied to suspicious Bigo seller IDs
https://docs.google.com/spreadsheets/d/1hy0o3hLjgKEPRYm8tAQA1X8gUphfhikgS3Wb3sd6eJE/edit?gid=63260040#gid=63260040",No,plaw@liftoff.io,None,None,None,None,global,True
12302733,All exchanges,com.gametov.longtrip,all,2026-05-29,,internal,traffic-quality,Fraudulent apps identified via adhoc analysis: https://docs.google.com/document/d/1-lQ0h3WdTkYkWIO027QYvBxUVF2yRJrMh6-rKZaWeog,No,plaw@liftoff.io,None,None,None,None,global,True
12302733,All exchanges,com.draw.hero,all,2026-05-29,,internal,traffic-quality,Fraudulent apps identified via adhoc analysis: https://docs.google.com/document/d/1-lQ0h3WdTkYkWIO027QYvBxUVF2yRJrMh6-rKZaWeog,No,plaw@liftoff.io,None,None,None,None,global,True
12302741,All exchanges,1671651176,all,2026-05-29,,internal,traffic-quality,"Non-performant apps tied to suspicious Bigo seller IDs
https://docs.google.com/spreadsheets/d/1hy0o3hLjgKEPRYm8tAQA1X8gUphfhikgS3Wb3sd6eJE/edit?gid=63260040#gid=63260040",No,plaw@liftoff.io,None,None,None,None,global,True
12302733,All exchanges,com.appmind.radios.nz,all,2026-05-29,,internal,traffic-quality,Fraudulent apps identified via adhoc analysis: https://docs.google.com/document/d/1-lQ0h3WdTkYkWIO027QYvBxUVF2yRJrMh6-rKZaWeog,No,plaw@liftoff.io,None,None,None,None,global,True
12302733,All exchanges,6752333854,all,2026-05-29,,internal,traffic-quality,Fraudulent apps identified via adhoc analysis: https://docs.google.com/document/d/1-lQ0h3WdTkYkWIO027QYvBxUVF2yRJrMh6-rKZaWeog,No,plaw@liftoff.io,None,None,None,None,global,True
12302741,All exchanges,daily.bible.for.woman,all,2026-05-29,,internal,traffic-quality,"Non-performant apps tied to suspicious Bigo seller IDs
https://docs.google.com/spreadsheets/d/1hy0o3hLjgKEPRYm8tAQA1X8gUphfhikgS3Wb3sd6eJE/edit?gid=63260040#gid=63260040",No,plaw@liftoff.io,None,None,None,None,global,True
12302733,All exchanges,com.psv.vlad_and_nikita.supermarket,all,2026-05-29,,internal,traffic-quality,Fraudulent apps identified via adhoc analysis: https://docs.google.com/document/d/1-lQ0h3WdTkYkWIO027QYvBxUVF2yRJrMh6-rKZaWeog,No,plaw@liftoff.io,None,None,None,None,global,True
12302733,All exchanges,com.Heroknight.Go.gg,all,2026-05-29,,internal,traffic-quality,Fraudulent apps identified via adhoc analysis: https://docs.google.com/document/d/1-lQ0h3WdTkYkWIO027QYvBxUVF2yRJrMh6-rKZaWeog,No,plaw@liftoff.io,None,None,None,None,global,True
12302733,All exchanges,1138284260,all,2026-05-29,,internal,traffic-quality,Fraudulent apps identified via adhoc analysis: https://docs.google.com/document/d/1-lQ0h3WdTkYkWIO027QYvBxUVF2yRJrMh6-rKZaWeog,No,plaw@liftoff.io,None,None,None,None,global,True
12302733,All exchanges,com.bbp.autoland,all,2026-05-29,,internal,traffic-quality,Fraudulent apps identified via adhoc analysis: https://docs.google.com/document/d/1-lQ0h3WdTkYkWIO027QYvBxUVF2yRJrMh6-rKZaWeog,No,plaw@liftoff.io,None,None,None,None,global,True
12302733,All exchanges,1206192281,all,2026-05-29,,internal,traffic-quality,Fraudulent apps identified via adhoc analysis: https://docs.google.com/document/d/1-lQ0h3WdTkYkWIO027QYvBxUVF2yRJrMh6-rKZaWeog,No,plaw@liftoff.io,None,None,None,None,global,True
12302741,All exchanges,com.fishtappro.clicker,all,2026-05-29,,internal,traffic-quality,"Non-performant apps tied to suspicious Bigo seller IDs
https://docs.google.com/spreadsheets/d/1hy0o3hLjgKEPRYm8tAQA1X8gUphfhikgS3Wb3sd6eJE/edit?gid=63260040#gid=63260040",No,plaw@liftoff.io,None,None,None,None,global,True
12302733,All exchanges,com.cmgame.workout.master.gym.lifting.hero.muscleup,all,2026-05-29,,internal,traffic-quality,Fraudulent apps identified via adhoc analysis: https://docs.google.com/document/d/1-lQ0h3WdTkYkWIO027QYvBxUVF2yRJrMh6-rKZaWeog,No,plaw@liftoff.io,None,None,None,None,global,True
12302733,All exchanges,com.lrg.arrowpuzzle,all,2026-05-29,,internal,traffic-quality,Fraudulent apps identified via adhoc analysis: https://docs.google.com/document/d/1-lQ0h3WdTkYkWIO027QYvBxUVF2yRJrMh6-rKZaWeog,No,plaw@liftoff.io,None,None,None,None,global,True
12302733,All exchanges,1517375267,all,2026-05-29,,internal,traffic-quality,Fraudulent apps identified via adhoc analysis: https://docs.google.com/document/d/1-lQ0h3WdTkYkWIO027QYvBxUVF2yRJrMh6-rKZaWeog,No,plaw@liftoff.io,None,None,None,None,global,True
12302741,All exchanges,com.truetarot.horo13,all,2026-05-29,,internal,traffic-quality,"Non-performant apps tied to suspicious Bigo seller IDs
https://docs.google.com/spreadsheets/d/1hy0o3hLjgKEPRYm8tAQA1X8gUphfhikgS3Wb3sd6eJE/edit?gid=63260040#gid=63260040",No,plaw@liftoff.io,None,None,None,None,global,True
12302741,All exchanges,1574856548,all,2026-05-29,,internal,traffic-quality,"Non-performant apps tied to suspicious Bigo seller IDs
https://docs.google.com/spreadsheets/d/1hy0o3hLjgKEPRYm8tAQA1X8gUphfhikgS3Wb3sd6eJE/edit?gid=63260040#gid=63260040",No,plaw@liftoff.io,None,None,None,None,global,True
12302733,All exchanges,com.rainbowgames.solitaire.google,all,2026-05-29,,internal,traffic-quality,Fraudulent apps identified via adhoc analysis: https://docs.google.com/document/d/1-lQ0h3WdTkYkWIO027QYvBxUVF2yRJrMh6-rKZaWeog,No,plaw@liftoff.io,None,None,None,None,global,True
12302733,All exchanges,com.fishtappro.clicker,all,2026-05-29,,internal,traffic-quality,Fraudulent apps identified via adhoc analysis: https://docs.google.com/document/d/1-lQ0h3WdTkYkWIO027QYvBxUVF2yRJrMh6-rKZaWeog,No,plaw@liftoff.io,None,None,None,None,global,True
12302733,All exchanges,1454709572,all,2026-05-29,,internal,traffic-quality,Fraudulent apps identified via adhoc analysis: https://docs.google.com/document/d/1-lQ0h3WdTkYkWIO027QYvBxUVF2yRJrMh6-rKZaWeog,No,plaw@liftoff.io,None,None,None,None,global,True
12302741,All exchanges,yoruba.holy.bible.AOVGSFFIOTUFGGBTLU,all,2026-05-29,,internal,traffic-quality,"Non-performant apps tied to suspicious Bigo seller IDs
https://docs.google.com/spreadsheets/d/1hy0o3hLjgKEPRYm8tAQA1X8gUphfhikgS3Wb3sd6eJE/edit?gid=63260040#gid=63260040",No,plaw@liftoff.io,None,None,None,None,global,True
12302741,All exchanges,com.zelemine.horror.mods,all,2026-05-29,,internal,traffic-quality,"Non-performant apps tied to suspicious Bigo seller IDs
https://docs.google.com/spreadsheets/d/1hy0o3hLjgKEPRYm8tAQA1X8gUphfhikgS3Wb3sd6eJE/edit?gid=63260040#gid=63260040",No,plaw@liftoff.io,None,None,None,None,global,True
12302733,All exchanges,com.tnk.games.sgt,all,2026-05-29,,internal,traffic-quality,Fraudulent apps identified via adhoc analysis: https://docs.google.com/document/d/1-lQ0h3WdTkYkWIO027QYvBxUVF2yRJrMh6-rKZaWeog,No,plaw@liftoff.io,None,None,None,None,global,True
12302741,All exchanges,com.realistic.physics.mods.birchappsmcpe,all,2026-05-29,,internal,traffic-quality,"Non-performant apps tied to suspicious Bigo seller IDs
https://docs.google.com/spreadsheets/d/1hy0o3hLjgKEPRYm8tAQA1X8gUphfhikgS3Wb3sd6eJE/edit?gid=63260040#gid=63260040",No,plaw@liftoff.io,None,None,None,None,global,True
12302733,All exchanges,com.decor.life.home.design.dressup.mydressydoll,all,2026-05-29,,internal,traffic-quality,Fraudulent apps identified via adhoc analysis: https://docs.google.com/document/d/1-lQ0h3WdTkYkWIO027QYvBxUVF2yRJrMh6-rKZaWeog,No,plaw@liftoff.io,None,None,None,None,global,True
12302733,All exchanges,com.katanlabs.bodybuildrush3d,all,2026-05-29,,internal,traffic-quality,Fraudulent apps identified via adhoc analysis: https://docs.google.com/document/d/1-lQ0h3WdTkYkWIO027QYvBxUVF2yRJrMh6-rKZaWeog,No,plaw@liftoff.io,None,None,None,None,global,True
12302741,All exchanges,6470454873,all,2026-05-29,,internal,traffic-quality,"Non-performant apps tied to suspicious Bigo seller IDs
https://docs.google.com/spreadsheets/d/1hy0o3hLjgKEPRYm8tAQA1X8gUphfhikgS3Wb3sd6eJE/edit?gid=63260040#gid=63260040",No,plaw@liftoff.io,None,None,None,None,global,True
12302733,All exchanges,com.bigc.tile.match.triple,all,2026-05-29,,internal,traffic-quality,Fraudulent apps identified via adhoc analysis: https://docs.google.com/document/d/1-lQ0h3WdTkYkWIO027QYvBxUVF2yRJrMh6-rKZaWeog,No,plaw@liftoff.io,None,None,None,None,global,True
12302733,All exchanges,com.farm.adventure.griffin.island,all,2026-05-29,,internal,traffic-quality,Fraudulent apps identified via adhoc analysis: https://docs.google.com/document/d/1-lQ0h3WdTkYkWIO027QYvBxUVF2yRJrMh6-rKZaWeog,No,plaw@liftoff.io,None,None,None,None,global,True
12302733,All exchanges,1599612633,all,2026-05-29,,internal,traffic-quality,Fraudulent apps identified via adhoc analysis: https://docs.google.com/document/d/1-lQ0h3WdTkYkWIO027QYvBxUVF2yRJrMh6-rKZaWeog,No,plaw@liftoff.io,None,None,None,None,global,True
12302741,All exchanges,com.pwaservice.modsforminecraftpe,all,2026-05-29,,internal,traffic-quality,"Non-performant apps tied to suspicious Bigo seller IDs
https://docs.google.com/spreadsheets/d/1hy0o3hLjgKEPRYm8tAQA1X8gUphfhikgS3Wb3sd6eJE/edit?gid=63260040#gid=63260040",No,plaw@liftoff.io,None,None,None,None,global,True
12302733,All exchanges,6743165745,all,2026-05-29,,internal,traffic-quality,Fraudulent apps identified via adhoc analysis: https://docs.google.com/document/d/1-lQ0h3WdTkYkWIO027QYvBxUVF2yRJrMh6-rKZaWeog,No,plaw@liftoff.io,None,None,None,None,global,True
12302733,All exchanges,6754828778,all,2026-05-29,,internal,traffic-quality,Fraudulent apps identified via adhoc analysis: https://docs.google.com/document/d/1-lQ0h3WdTkYkWIO027QYvBxUVF2yRJrMh6-rKZaWeog,No,plaw@liftoff.io,None,None,None,None,global,True
12302733,All exchanges,6463385610,all,2026-05-29,,internal,traffic-quality,Fraudulent apps identified via adhoc analysis: https://docs.google.com/document/d/1-lQ0h3WdTkYkWIO027QYvBxUVF2yRJrMh6-rKZaWeog,No,plaw@liftoff.io,None,None,None,None,global,True
12302733,All exchanges,com.anrum.merge.and.blast.plus2048,all,2026-05-29,,internal,traffic-quality,Fraudulent apps identified via adhoc analysis: https://docs.google.com/document/d/1-lQ0h3WdTkYkWIO027QYvBxUVF2yRJrMh6-rKZaWeog,No,plaw@liftoff.io,None,None,None,None,global,True
12302733,All exchanges,com.onegame.beanworldsuper,all,2026-05-29,,internal,traffic-quality,Fraudulent apps identified via adhoc analysis: https://docs.google.com/document/d/1-lQ0h3WdTkYkWIO027QYvBxUVF2yRJrMh6-rKZaWeog,No,plaw@liftoff.io,None,None,None,None,global,True
12302733,All exchanges,com.mmb.calendar,all,2026-05-29,,internal,traffic-quality,Fraudulent apps identified via adhoc analysis: https://docs.google.com/document/d/1-lQ0h3WdTkYkWIO027QYvBxUVF2yRJrMh6-rKZaWeog,No,plaw@liftoff.io,None,None,None,None,global,True
12302733,All exchanges,com.fc.p.hk.seat.challenge.logic.game,all,2026-05-29,,internal,traffic-quality,Fraudulent apps identified via adhoc analysis: https://docs.google.com/document/d/1-lQ0h3WdTkYkWIO027QYvBxUVF2yRJrMh6-rKZaWeog,No,plaw@liftoff.io,None,None,None,None,global,True
12302741,All exchanges,6478589037,all,2026-05-29,,internal,traffic-quality,"Non-performant apps tied to suspicious Bigo seller IDs
https://docs.google.com/spreadsheets/d/1hy0o3hLjgKEPRYm8tAQA1X8gUphfhikgS3Wb3sd6eJE/edit?gid=63260040#gid=63260040",No,plaw@liftoff.io,None,None,None,None,global,True
12302733,All exchanges,6670761925,all,2026-05-29,,internal,traffic-quality,Fraudulent apps identified via adhoc analysis: https://docs.google.com/document/d/1-lQ0h3WdTkYkWIO027QYvBxUVF2yRJrMh6-rKZaWeog,No,plaw@liftoff.io,None,None,None,None,global,True
12302733,All exchanges,com.b25drama.android.app,all,2026-05-29,,internal,traffic-quality,Fraudulent apps identified via adhoc analysis: https://docs.google.com/document/d/1-lQ0h3WdTkYkWIO027QYvBxUVF2yRJrMh6-rKZaWeog,No,plaw@liftoff.io,None,None,None,None,global,True
12302733,All exchanges,com.mintgames.finddifferences,all,2026-05-29,,internal,traffic-quality,Fraudulent apps identified via adhoc analysis: https://docs.google.com/document/d/1-lQ0h3WdTkYkWIO027QYvBxUVF2yRJrMh6-rKZaWeog,No,plaw@liftoff.io,None,None,None,None,global,True
12302733,All exchanges,679225474,all,2026-05-29,,internal,traffic-quality,Fraudulent apps identified via adhoc analysis: https://docs.google.com/document/d/1-lQ0h3WdTkYkWIO027QYvBxUVF2yRJrMh6-rKZaWeog,No,plaw@liftoff.io,None,None,None,None,global,True
12302733,All exchanges,knit.thread.jam.color.sort.out.wool.screw.logic.puzzle.game,all,2026-05-29,,internal,traffic-quality,Fraudulent apps identified via adhoc analysis: https://docs.google.com/document/d/1-lQ0h3WdTkYkWIO027QYvBxUVF2yRJrMh6-rKZaWeog,No,plaw@liftoff.io,None,None,None,None,global,True
12302733,All exchanges,com.paint.coloring.book.sexy.adult.color.number,all,2026-05-29,,internal,traffic-quality,Fraudulent apps identified via adhoc analysis: https://docs.google.com/document/d/1-lQ0h3WdTkYkWIO027QYvBxUVF2yRJrMh6-rKZaWeog,No,plaw@liftoff.io,None,None,None,None,global,True
12302733,All exchanges,com.dna.solitaireapp.klondike,all,2026-05-29,,internal,traffic-quality,Fraudulent apps identified via adhoc analysis: https://docs.google.com/document/d/1-lQ0h3WdTkYkWIO027QYvBxUVF2yRJrMh6-rKZaWeog,No,plaw@liftoff.io,None,None,None,None,global,True
12302741,All exchanges,com.alien.open.world.underwater.games.ocean.survival,all,2026-05-29,,internal,traffic-quality,"Non-performant apps tied to suspicious Bigo seller IDs
https://docs.google.com/spreadsheets/d/1hy0o3hLjgKEPRYm8tAQA1X8gUphfhikgS3Wb3sd6eJE/edit?gid=63260040#gid=63260040",No,plaw@liftoff.io,None,None,None,None,global,True
12302741,All exchanges,mega.easy.obby,all,2026-05-29,,internal,traffic-quality,"Non-performant apps tied to suspicious Bigo seller IDs
https://docs.google.com/spreadsheets/d/1hy0o3hLjgKEPRYm8tAQA1X8gUphfhikgS3Wb3sd6eJE/edit?gid=63260040#gid=63260040",No,plaw@liftoff.io,None,None,None,None,global,True
12302741,All exchanges,6755406784,all,2026-05-29,,internal,traffic-quality,"Non-performant apps tied to suspicious Bigo seller IDs
https://docs.google.com/spreadsheets/d/1hy0o3hLjgKEPRYm8tAQA1X8gUphfhikgS3Wb3sd6eJE/edit?gid=63260040#gid=63260040",No,plaw@liftoff.io,None,None,None,None,global,True
12302733,All exchanges,6753129049,all,2026-05-29,,internal,traffic-quality,Fraudulent apps identified via adhoc analysis: https://docs.google.com/document/d/1-lQ0h3WdTkYkWIO027QYvBxUVF2yRJrMh6-rKZaWeog,No,plaw@liftoff.io,None,None,None,None,global,True
12302741,All exchanges,com.MaximTenGames.EscapeFromPaperEducationAndMissCircle,all,2026-05-29,,internal,traffic-quality,"Non-performant apps tied to suspicious Bigo seller IDs
https://docs.google.com/spreadsheets/d/1hy0o3hLjgKEPRYm8tAQA1X8gUphfhikgS3Wb3sd6eJE/edit?gid=63260040#gid=63260040",No,plaw@liftoff.io,None,None,None,None,global,True
12302741,All exchanges,ru.honey.game.app,all,2026-05-29,,internal,traffic-quality,"Non-performant apps tied to suspicious Bigo seller IDs
https://docs.google.com/spreadsheets/d/1hy0o3hLjgKEPRYm8tAQA1X8gUphfhikgS3Wb3sd6eJE/edit?gid=63260040#gid=63260040",No,plaw@liftoff.io,None,None,None,None,global,True
12302741,All exchanges,bible.king.james.app,all,2026-05-29,,internal,traffic-quality,"Non-performant apps tied to suspicious Bigo seller IDs
https://docs.google.com/spreadsheets/d/1hy0o3hLjgKEPRYm8tAQA1X8gUphfhikgS3Wb3sd6eJE/edit?gid=63260040#gid=63260040",No,plaw@liftoff.io,None,None,None,None,global,True
12302733,All exchanges,1553882885,all,2026-05-29,,internal,traffic-quality,Fraudulent apps identified via adhoc analysis: https://docs.google.com/document/d/1-lQ0h3WdTkYkWIO027QYvBxUVF2yRJrMh6-rKZaWeog,No,plaw@liftoff.io,None,None,None,None,global,True
12302733,All exchanges,1554995201,all,2026-05-29,,internal,traffic-quality,Fraudulent apps identified via adhoc analysis: https://docs.google.com/document/d/1-lQ0h3WdTkYkWIO027QYvBxUVF2yRJrMh6-rKZaWeog,No,plaw@liftoff.io,None,None,None,None,global,True
12302733,All exchanges,1498731586,all,2026-05-29,,internal,traffic-quality,Fraudulent apps identified via adhoc analysis: https://docs.google.com/document/d/1-lQ0h3WdTkYkWIO027QYvBxUVF2yRJrMh6-rKZaWeog,No,plaw@liftoff.io,None,None,None,None,global,True
12302741,All exchanges,com.BearBobStudio.Sandbox,all,2026-05-29,,internal,traffic-quality,"Non-performant apps tied to suspicious Bigo seller IDs
https://docs.google.com/spreadsheets/d/1hy0o3hLjgKEPRYm8tAQA1X8gUphfhikgS3Wb3sd6eJE/edit?gid=63260040#gid=63260040",No,plaw@liftoff.io,None,None,None,None,global,True
12302733,All exchanges,6742782082,all,2026-05-29,,internal,traffic-quality,Fraudulent apps identified via adhoc analysis: https://docs.google.com/document/d/1-lQ0h3WdTkYkWIO027QYvBxUVF2yRJrMh6-rKZaWeog,No,plaw@liftoff.io,None,None,None,None,global,True
12302741,All exchanges,6463407154,all,2026-05-29,,internal,traffic-quality,"Non-performant apps tied to suspicious Bigo seller IDs
https://docs.google.com/spreadsheets/d/1hy0o3hLjgKEPRYm8tAQA1X8gUphfhikgS3Wb3sd6eJE/edit?gid=63260040#gid=63260040",No,plaw@liftoff.io,None,None,None,None,global,True
12302741,All exchanges,com.D_One_Games.SchoolboyPrisonEscape,all,2026-05-29,,internal,traffic-quality,"Non-performant apps tied to suspicious Bigo seller IDs
https://docs.google.com/spreadsheets/d/1hy0o3hLjgKEPRYm8tAQA1X8gUphfhikgS3Wb3sd6eJE/edit?gid=63260040#gid=63260040",No,plaw@liftoff.io,None,None,None,None,global,True
12302741,All exchanges,com.toilet.multiverse.skibaddon.mcpemods,all,2026-05-29,,internal,traffic-quality,"Non-performant apps tied to suspicious Bigo seller IDs
https://docs.google.com/spreadsheets/d/1hy0o3hLjgKEPRYm8tAQA1X8gUphfhikgS3Wb3sd6eJE/edit?gid=63260040#gid=63260040",No,plaw@liftoff.io,None,None,None,None,global,True
12302733,All exchanges,com.gs.firetruck.firefighter.game,all,2026-05-29,,internal,traffic-quality,Fraudulent apps identified via adhoc analysis: https://docs.google.com/document/d/1-lQ0h3WdTkYkWIO027QYvBxUVF2yRJrMh6-rKZaWeog,No,plaw@liftoff.io,None,None,None,None,global,True
12302741,All exchanges,com.D_One_Games.SchoolboyEscape3,all,2026-05-29,,internal,traffic-quality,"Non-performant apps tied to suspicious Bigo seller IDs
https://docs.google.com/spreadsheets/d/1hy0o3hLjgKEPRYm8tAQA1X8gUphfhikgS3Wb3sd6eJE/edit?gid=63260040#gid=63260040",No,plaw@liftoff.io,None,None,None,None,global,True
12302733,All exchanges,com.desingsapps.fakekatse,all,2026-05-29,,internal,traffic-quality,Fraudulent apps identified via adhoc analysis: https://docs.google.com/document/d/1-lQ0h3WdTkYkWIO027QYvBxUVF2yRJrMh6-rKZaWeog,No,plaw@liftoff.io,None,None,None,None,global,True
12302741,All exchanges,com.yobzh.tarot,all,2026-05-29,,internal,traffic-quality,"Non-performant apps tied to suspicious Bigo seller IDs
https://docs.google.com/spreadsheets/d/1hy0o3hLjgKEPRYm8tAQA1X8gUphfhikgS3Wb3sd6eJE/edit?gid=63260040#gid=63260040",No,plaw@liftoff.io,None,None,None,None,global,True
12302733,All exchanges,421998342,all,2026-05-29,,internal,traffic-quality,Fraudulent apps identified via adhoc analysis: https://docs.google.com/document/d/1-lQ0h3WdTkYkWIO027QYvBxUVF2yRJrMh6-rKZaWeog,No,plaw@liftoff.io,None,None,None,None,global,True
12302735,All exchanges,com.GMA.Ball.Sort.Puzzle,all,2026-05-29,,internal,traffic-quality,"""removing managed pub from original blocklist (com.unicostudio.braintest)

original blocklist: https://blocklister.liftoff.io/edit/6161606 sources blocked due to install farming""",No,plaw@liftoff.io,None,None,None,None,global,True
12302733,All exchanges,com.minecraft_mc_addon.train_mod,all,2026-05-29,,internal,traffic-quality,Fraudulent apps identified via adhoc analysis: https://docs.google.com/document/d/1-lQ0h3WdTkYkWIO027QYvBxUVF2yRJrMh6-rKZaWeog,No,plaw@liftoff.io,None,None,None,None,global,True
12302733,All exchanges,com.pregnancytracker.babygrowth.pregnancyapp,all,2026-05-29,,internal,traffic-quality,Fraudulent apps identified via adhoc analysis: https://docs.google.com/document/d/1-lQ0h3WdTkYkWIO027QYvBxUVF2yRJrMh6-rKZaWeog,No,plaw@liftoff.io,None,None,None,None,global,True
12302733,All exchanges,com.devgame.fixiesgames,all,2026-05-29,,internal,traffic-quality,Fraudulent apps identified via adhoc analysis: https://docs.google.com/document/d/1-lQ0h3WdTkYkWIO027QYvBxUVF2yRJrMh6-rKZaWeog,No,plaw@liftoff.io,None,None,None,None,global,True
12302733,All exchanges,com.traverse.zhfx.en.gp,all,2026-05-29,,internal,traffic-quality,Fraudulent apps identified via adhoc analysis: https://docs.google.com/document/d/1-lQ0h3WdTkYkWIO027QYvBxUVF2yRJrMh6-rKZaWeog,No,plaw@liftoff.io,None,None,None,None,global,True
12302733,All exchanges,com.kuyisi.feline.mahjong.tile,all,2026-05-29,,internal,traffic-quality,Fraudulent apps identified via adhoc analysis: https://docs.google.com/document/d/1-lQ0h3WdTkYkWIO027QYvBxUVF2yRJrMh6-rKZaWeog,No,plaw@liftoff.io,None,None,None,None,global,True
12302733,All exchanges,com.arrow.quest.joygame,all,2026-05-29,,internal,traffic-quality,Fraudulent apps identified via adhoc analysis: https://docs.google.com/document/d/1-lQ0h3WdTkYkWIO027QYvBxUVF2yRJrMh6-rKZaWeog,No,plaw@liftoff.io,None,None,None,None,global,True
12302733,All exchanges,1463360096,all,2026-05-29,,internal,traffic-quality,Fraudulent apps identified via adhoc analysis: https://docs.google.com/document/d/1-lQ0h3WdTkYkWIO027QYvBxUVF2yRJrMh6-rKZaWeog,No,plaw@liftoff.io,None,None,None,None,global,True
12302733,All exchanges,1492890563,all,2026-05-29,,internal,traffic-quality,Fraudulent apps identified via adhoc analysis: https://docs.google.com/document/d/1-lQ0h3WdTkYkWIO027QYvBxUVF2yRJrMh6-rKZaWeog,No,plaw@liftoff.io,None,None,None,None,global,True
12302733,All exchanges,1599675538,all,2026-05-29,,internal,traffic-quality,Fraudulent apps identified via adhoc analysis: https://docs.google.com/document/d/1-lQ0h3WdTkYkWIO027QYvBxUVF2yRJrMh6-rKZaWeog,No,plaw@liftoff.io,None,None,None,None,global,True
12302733,All exchanges,554936514,all,2026-05-29,,internal,traffic-quality,Fraudulent apps identified via adhoc analysis: https://docs.google.com/document/d/1-lQ0h3WdTkYkWIO027QYvBxUVF2yRJrMh6-rKZaWeog,No,plaw@liftoff.io,None,None,None,None,global,True
12302741,All exchanges,com.pgstudio.survival,all,2026-05-29,,internal,traffic-quality,"Non-performant apps tied to suspicious Bigo seller IDs
https://docs.google.com/spreadsheets/d/1hy0o3hLjgKEPRYm8tAQA1X8gUphfhikgS3Wb3sd6eJE/edit?gid=63260040#gid=63260040",No,plaw@liftoff.io,None,None,None,None,global,True
12302741,All exchanges,1599612633,all,2026-05-29,,internal,traffic-quality,"Non-performant apps tied to suspicious Bigo seller IDs
https://docs.google.com/spreadsheets/d/1hy0o3hLjgKEPRYm8tAQA1X8gUphfhikgS3Wb3sd6eJE/edit?gid=63260040#gid=63260040",No,plaw@liftoff.io,None,None,None,None,global,True
12302733,All exchanges,1459090715,all,2026-05-29,,internal,traffic-quality,Fraudulent apps identified via adhoc analysis: https://docs.google.com/document/d/1-lQ0h3WdTkYkWIO027QYvBxUVF2yRJrMh6-rKZaWeog,No,plaw@liftoff.io,None,None,None,None,global,True
12302733,All exchanges,com.downloadvideoapp.freedownloadvideo5,all,2026-05-29,,internal,traffic-quality,Fraudulent apps identified via adhoc analysis: https://docs.google.com/document/d/1-lQ0h3WdTkYkWIO027QYvBxUVF2yRJrMh6-rKZaWeog,No,plaw@liftoff.io,None,None,None,None,global,True
12302741,All exchanges,com.soomapps.universalremotecontrol,all,2026-05-29,,internal,traffic-quality,"Non-performant apps tied to suspicious Bigo seller IDs
https://docs.google.com/spreadsheets/d/1hy0o3hLjgKEPRYm8tAQA1X8gUphfhikgS3Wb3sd6eJE/edit?gid=63260040#gid=63260040",No,plaw@liftoff.io,None,None,None,None,global,True
12302741,All exchanges,538290595,all,2026-05-29,,internal,traffic-quality,"Non-performant apps tied to suspicious Bigo seller IDs
https://docs.google.com/spreadsheets/d/1hy0o3hLjgKEPRYm8tAQA1X8gUphfhikgS3Wb3sd6eJE/edit?gid=63260040#gid=63260040",No,plaw@liftoff.io,None,None,None,None,global,True
12302733,All exchanges,1498222593,all,2026-05-29,,internal,traffic-quality,Fraudulent apps identified via adhoc analysis: https://docs.google.com/document/d/1-lQ0h3WdTkYkWIO027QYvBxUVF2yRJrMh6-rKZaWeog,No,plaw@liftoff.io,None,None,None,None,global,True
12302733,All exchanges,1595520620,all,2026-05-29,,internal,traffic-quality,Fraudulent apps identified via adhoc analysis: https://docs.google.com/document/d/1-lQ0h3WdTkYkWIO027QYvBxUVF2yRJrMh6-rKZaWeog,No,plaw@liftoff.io,None,None,None,None,global,True
12302733,All exchanges,1671651176,all,2026-05-29,,internal,traffic-quality,Fraudulent apps identified via adhoc analysis: https://docs.google.com/document/d/1-lQ0h3WdTkYkWIO027QYvBxUVF2yRJrMh6-rKZaWeog,No,plaw@liftoff.io,None,None,None,None,global,True
12302733,All exchanges,6453160745,all,2026-05-29,,internal,traffic-quality,Fraudulent apps identified via adhoc analysis: https://docs.google.com/document/d/1-lQ0h3WdTkYkWIO027QYvBxUVF2yRJrMh6-rKZaWeog,No,plaw@liftoff.io,None,None,None,None,global,True
12302733,All exchanges,1318207091,all,2026-05-29,,internal,traffic-quality,Fraudulent apps identified via adhoc analysis: https://docs.google.com/document/d/1-lQ0h3WdTkYkWIO027QYvBxUVF2yRJrMh6-rKZaWeog,No,plaw@liftoff.io,None,None,None,None,global,True
12302733,All exchanges,com.D_One_Games.SchoolboyPrisonEscape,all,2026-05-29,,internal,traffic-quality,Fraudulent apps identified via adhoc analysis: https://docs.google.com/document/d/1-lQ0h3WdTkYkWIO027QYvBxUVF2yRJrMh6-rKZaWeog,No,plaw@liftoff.io,None,None,None,None,global,True
12302733,All exchanges,com.huaweiwatchapp.andro,all,2026-05-29,,internal,traffic-quality,Fraudulent apps identified via adhoc analysis: https://docs.google.com/document/d/1-lQ0h3WdTkYkWIO027QYvBxUVF2yRJrMh6-rKZaWeog,No,plaw@liftoff.io,None,None,None,None,global,True
12302741,All exchanges,6755886420,all,2026-05-29,,internal,traffic-quality,"Non-performant apps tied to suspicious Bigo seller IDs
https://docs.google.com/spreadsheets/d/1hy0o3hLjgKEPRYm8tAQA1X8gUphfhikgS3Wb3sd6eJE/edit?gid=63260040#gid=63260040",No,plaw@liftoff.io,None,None,None,None,global,True
12302741,All exchanges,1553882885,all,2026-05-29,,internal,traffic-quality,"Non-performant apps tied to suspicious Bigo seller IDs
https://docs.google.com/spreadsheets/d/1hy0o3hLjgKEPRYm8tAQA1X8gUphfhikgS3Wb3sd6eJE/edit?gid=63260040#gid=63260040",No,plaw@liftoff.io,None,None,None,None,global,True
12302733,All exchanges,com.GMA.Ball.Sort.Puzzle,all,2026-05-29,,internal,traffic-quality,Fraudulent apps identified via adhoc analysis: https://docs.google.com/document/d/1-lQ0h3WdTkYkWIO027QYvBxUVF2yRJrMh6-rKZaWeog,No,plaw@liftoff.io,None,None,None,None,global,True
12302741,All exchanges,1488473484,all,2026-05-29,,internal,traffic-quality,"Non-performant apps tied to suspicious Bigo seller IDs
https://docs.google.com/spreadsheets/d/1hy0o3hLjgKEPRYm8tAQA1X8gUphfhikgS3Wb3sd6eJE/edit?gid=63260040#gid=63260040",No,plaw@liftoff.io,None,None,None,None,global,True
12302733,All exchanges,com.ming.calculator2me,all,2026-05-29,,internal,traffic-quality,Fraudulent apps identified via adhoc analysis: https://docs.google.com/document/d/1-lQ0h3WdTkYkWIO027QYvBxUVF2yRJrMh6-rKZaWeog,No,plaw@liftoff.io,None,None,None,None,global,True
12302733,All exchanges,com.sa.sky.rolling.ball,all,2026-05-29,,internal,traffic-quality,Fraudulent apps identified via adhoc analysis: https://docs.google.com/document/d/1-lQ0h3WdTkYkWIO027QYvBxUVF2yRJrMh6-rKZaWeog,No,plaw@liftoff.io,None,None,None,None,global,True
12302741,All exchanges,com.gametov.carforsale,all,2026-05-29,,internal,traffic-quality,"Non-performant apps tied to suspicious Bigo seller IDs
https://docs.google.com/spreadsheets/d/1hy0o3hLjgKEPRYm8tAQA1X8gUphfhikgS3Wb3sd6eJE/edit?gid=63260040#gid=63260040",No,plaw@liftoff.io,None,None,None,None,global,True
12302733,All exchanges,water.sort.color.games.tile.match.puzzle,all,2026-05-29,,internal,traffic-quality,Fraudulent apps identified via adhoc analysis: https://docs.google.com/document/d/1-lQ0h3WdTkYkWIO027QYvBxUVF2yRJrMh6-rKZaWeog,No,plaw@liftoff.io,None,None,None,None,global,True
12302733,All exchanges,com.quizchamp.newapp,all,2026-05-29,,internal,traffic-quality,Fraudulent apps identified via adhoc analysis: https://docs.google.com/document/d/1-lQ0h3WdTkYkWIO027QYvBxUVF2yRJrMh6-rKZaWeog,No,plaw@liftoff.io,None,None,None,None,global,True
12302733,All exchanges,1225336402,all,2026-05-29,,internal,traffic-quality,Fraudulent apps identified via adhoc analysis: https://docs.google.com/document/d/1-lQ0h3WdTkYkWIO027QYvBxUVF2yRJrMh6-rKZaWeog,No,plaw@liftoff.io,None,None,None,None,global,True
12302733,All exchanges,com.tnk.muniverse,all,2026-05-29,,internal,traffic-quality,Fraudulent apps identified via adhoc analysis: https://docs.google.com/document/d/1-lQ0h3WdTkYkWIO027QYvBxUVF2yRJrMh6-rKZaWeog,No,plaw@liftoff.io,None,None,None,None,global,True
12302741,All exchanges,top.setapp.playground3d,all,2026-05-29,,internal,traffic-quality,"Non-performant apps tied to suspicious Bigo seller IDs
https://docs.google.com/spreadsheets/d/1hy0o3hLjgKEPRYm8tAQA1X8gUphfhikgS3Wb3sd6eJE/edit?gid=63260040#gid=63260040",No,plaw@liftoff.io,None,None,None,None,global,True
12302741,All exchanges,com.mingle.BBWPlusSingles,all,2026-05-29,,internal,traffic-quality,"Non-performant apps tied to suspicious Bigo seller IDs
https://docs.google.com/spreadsheets/d/1hy0o3hLjgKEPRYm8tAQA1X8gUphfhikgS3Wb3sd6eJE/edit?gid=63260040#gid=63260040",No,plaw@liftoff.io,None,None,None,None,global,True
12302733,All exchanges,com.sh.tricky.relax.ticktock.mini.challenges.puzzle.games,all,2026-05-29,,internal,traffic-quality,Fraudulent apps identified via adhoc analysis: https://docs.google.com/document/d/1-lQ0h3WdTkYkWIO027QYvBxUVF2yRJrMh6-rKZaWeog,No,plaw@liftoff.io,None,None,None,None,global,True
12302741,All exchanges,1474134013,all,2026-05-29,,internal,traffic-quality,"Non-performant apps tied to suspicious Bigo seller IDs
https://docs.google.com/spreadsheets/d/1hy0o3hLjgKEPRYm8tAQA1X8gUphfhikgS3Wb3sd6eJE/edit?gid=63260040#gid=63260040",No,plaw@liftoff.io,None,None,None,None,global,True
12302741,All exchanges,1546650805,all,2026-05-29,,internal,traffic-quality,"Non-performant apps tied to suspicious Bigo seller IDs
https://docs.google.com/spreadsheets/d/1hy0o3hLjgKEPRYm8tAQA1X8gUphfhikgS3Wb3sd6eJE/edit?gid=63260040#gid=63260040",No,plaw@liftoff.io,None,None,None,None,global,True
12302741,All exchanges,com.girlsfakevideo.chat.fakevideocall.prankapp,all,2026-05-29,,internal,traffic-quality,"Non-performant apps tied to suspicious Bigo seller IDs
https://docs.google.com/spreadsheets/d/1hy0o3hLjgKEPRYm8tAQA1X8gUphfhikgS3Wb3sd6eJE/edit?gid=63260040#gid=63260040",No,plaw@liftoff.io,None,None,None,None,global,True
12302733,All exchanges,com.garden.fill.dg,all,2026-05-29,,internal,traffic-quality,Fraudulent apps identified via adhoc analysis: https://docs.google.com/document/d/1-lQ0h3WdTkYkWIO027QYvBxUVF2yRJrMh6-rKZaWeog,No,plaw@liftoff.io,None,None,None,None,global,True
12304613,All exchanges,games.joker.crash.plane,all,2026-05-30,2026-06-30,internal,traffic-quality,View Master Click Signals ABL,Yes,-,None,None,None,None,global,False
12304608,All exchanges,app.luckymoneygames,all,2026-05-30,2026-06-30,internal,traffic-quality,View Master Click Signals ABL,Yes,-,None,None,None,None,global,False
12327625,All exchanges,6762755312,all,2026-06-02,2026-07-02,internal,traffic-quality,View Master Click Signals ABL,Yes,-,None,None,None,None,global,False
12361376,All exchanges,6770461809,all,2026-06-04,2026-07-04,internal,traffic-quality,View Master Click Signals ABL,Yes,-,None,None,None,None,global,False
12361404,All exchanges,6767514519,all,2026-06-04,2026-07-04,internal,traffic-quality,View Master Click Signals ABL,Yes,-,None,None,None,None,global,False
12380230,All exchanges,6762138431,all,2026-06-05,2026-07-05,internal,traffic-quality,View Master Click Signals ABL,Yes,-,None,None,None,None,global,False
12380216,All exchanges,6758395198,all,2026-06-05,2026-07-05,internal,traffic-quality,View Master Click Signals ABL,Yes,-,None,None,None,None,global,False
12397691,All exchanges,6770506348,all,2026-06-06,2026-07-06,internal,traffic-quality,View Master Click Signals ABL,Yes,-,None,None,None,None,global,False
12402322,All exchanges,1510302638,all,2026-06-06,2026-07-06,internal,traffic-quality,High new device and cellular mismatch rate ABL,Yes,-,None,None,None,None,global,False
12407010,All exchanges,6450046909,all,2026-06-07,2026-07-07,internal,traffic-quality,High new device and cellular mismatch rate ABL,Yes,-,None,None,None,None,global,False
12407009,All exchanges,1597135694,all,2026-06-07,2026-07-07,internal,traffic-quality,High new device and cellular mismatch rate ABL,Yes,-,None,None,None,None,global,False
12435423,All exchanges,com.click.rushpro,all,2026-06-10,2026-07-10,internal,traffic-quality,View Master Click Signals ABL,Yes,-,None,None,None,None,global,False
12435414,All exchanges,com.za.babygirl.livewallpaper.mobiletheme,all,2026-06-10,2026-07-10,internal,traffic-quality,View Master Click Signals ABL,Yes,-,None,None,None,None,global,False
12442223,All exchanges,games.joker.crash.rocket,all,2026-06-11,2026-07-11,internal,traffic-quality,View Master Click Signals ABL,Yes,-,None,None,None,None,global,False
12452622,VUNGLE,6757699795,all,2026-06-12,2026-06-26,internal,traffic-quality,Spend gate source app <> exchange ABL hourly,Yes,-,None,None,None,None,global,False
12462160,VUNGLE,io.moinmoin,all,2026-06-12,2026-06-26,internal,traffic-quality,Spend gate source app <> exchange ABL hourly,Yes,-,None,None,None,None,global,False
12479952,All exchanges,1456469321,all,2026-06-13,2026-07-13,internal,traffic-quality,High new device and cellular mismatch rate ABL,Yes,-,None,None,None,None,global,False
12464017,All exchanges,6547850826,all,2026-06-13,2026-07-13,internal,traffic-quality,View Master Click Signals ABL,Yes,-,None,None,None,None,global,False
12463990,All exchanges,6756654730,all,2026-06-13,2026-07-13,internal,traffic-quality,View Master Click Signals ABL,Yes,-,None,None,None,None,global,False
12464007,All exchanges,6502975294,all,2026-06-13,2026-07-13,internal,traffic-quality,View Master Click Signals ABL,Yes,-,None,None,None,None,global,False
12544840,All exchanges,com.qrbarcode.scanner.easy,all,2026-06-15,2026-07-15,internal,traffic-quality,View Master Click Signals ABL,Yes,-,None,None,None,None,global,False
12551523,All exchanges,6754526279,all,2026-06-16,2026-07-16,internal,traffic-quality,View Master Click Signals ABL,Yes,-,None,None,None,None,global,False
12564189,VUNGLE,1370702757,all,2026-06-17,2026-07-01,internal,traffic-quality,Spend gate source app <> exchange ABL hourly,Yes,-,None,None,None,None,global,False
12718595,VUNGLE,com.flyclops.domino.android,all,2026-06-18,2026-07-02,internal,traffic-quality,Spend gate source app <> exchange ABL hourly,Yes,-,None,None,None,None,global,False
12820692,VUNGLE,6742443033,all,2026-06-19,2026-07-03,internal,traffic-quality,Spend gate source app <> exchange ABL,Yes,-,None,None,None,None,global,False
12820691,All exchanges,com.sensnet.bullitt.app,all,2026-06-19,2026-07-19,internal,traffic-quality,High new device and cellular mismatch rate ABL,Yes,-,None,None,None,None,global,False
12773150,VUNGLE,com.LandmarkGames.TopDogsBestInShow,all,2026-06-19,2026-07-03,internal,traffic-quality,Spend gate source app <> exchange ABL hourly,Yes,-,None,None,None,None,global,False
12778174,VUNGLE,6754846125,all,2026-06-19,2026-07-03,internal,traffic-quality,Spend gate source app <> exchange ABL hourly,Yes,-,None,None,None,None,global,False
13034619,All exchanges,6762511629,all,2026-06-21,2026-07-21,internal,traffic-quality,View Master Click Signals ABL,Yes,-,None,None,None,None,global,False
13036978,All exchanges,com.community.oneroom,all,2026-06-21,2026-06-28,internal,traffic-quality,Android US Install gate,Yes,-,None,None,None,None,global,False
13036977,All exchanges,com.community.oneroom,all,2026-06-21,2026-06-28,internal,traffic-quality,Android US Install gate,Yes,-,None,None,None,None,global,False
13036971,All exchanges,com.utorrent.client,all,2026-06-21,2026-06-28,internal,traffic-quality,Android US Install gate,Yes,-,None,None,None,None,global,False
13036972,All exchanges,com.utorrent.client,all,2026-06-21,2026-06-28,internal,traffic-quality,Android US Install gate,Yes,-,None,None,None,None,global,False
13034648,All exchanges,6754846125,all,2026-06-21,2026-07-21,internal,traffic-quality,View Master Click Signals ABL,Yes,-,None,None,None,None,global,False
13103814,VUNGLE,com.snax.puzzle,all,2026-06-23,2026-07-07,internal,traffic-quality,Spend gate source app <> exchange ABL,Yes,-,None,None,None,None,global,False
6178758,All exchanges,com.craftgames.plntcrft,all,2024-03-22,,internal,traffic-quality,DoubleVerify blocklist,No,matt.johnson@liftoff.io,None,None,None,None,global,True
6724196,VUNGLE,com.purplekiwii.vegaskeno,all,2024-09-06,,internal,traffic-quality,Install farming fraud,No,plaw@liftoff.io,None,None,None,None,global,True
8299290,All exchanges,com.miniworldgame.creata.vn,all,2025-02-04,,internal,traffic-quality,"Fraudulent apps: Poor ROAS (<5%), high spend DV IVT, high reject rates, low RPI / high % easy target events",No,plaw@liftoff.io,None,None,None,None,global,True
8299290,All exchanges,com.kaigames.coinsortingmaster,all,2025-02-04,,internal,traffic-quality,"Fraudulent apps: Poor ROAS (<5%), high spend DV IVT, high reject rates, low RPI / high % easy target events",No,plaw@liftoff.io,None,None,None,None,global,True
8308574,All exchanges,com.hotplay.bricksballs,all,2025-02-07,,internal,traffic-quality,Fraudulent apps,No,plaw@liftoff.io,None,None,None,None,global,True
8306199,All exchanges,com.hotplay.puzzletown,all,2025-02-07,,internal,traffic-quality,Fraudulent apps,No,plaw@liftoff.io,None,None,None,None,global,True
8412369,All exchanges,6739602896,all,2025-03-17,,internal,traffic-quality,Install farming apps,No,plaw@liftoff.io,None,None,None,None,global,True
8710925,All exchanges,com.sh.mini.antistress.relaxing.games,all,2025-06-21,,internal,traffic-quality,Fraudulent Developers ABL,Yes,-,None,None,None,None,global,True
8710932,All exchanges,com.sh.twoplayergame.mini.challenge,all,2025-06-21,,internal,traffic-quality,Fraudulent Developers ABL,Yes,-,None,None,None,None,global,True
8710981,All exchanges,com.sh.coloring.page.asmr.drawing,all,2025-06-21,,internal,traffic-quality,Fraudulent Developers ABL,Yes,-,None,None,None,None,global,True
8756114,All exchanges,com.yg.fashionqueen,all,2025-07-09,,internal,traffic-quality,Fraudulent Developers ABL,Yes,-,None,None,None,None,global,True
8756126,All exchanges,com.yg.extreme.moto,all,2025-07-09,,internal,traffic-quality,Fraudulent Developers ABL,Yes,-,None,None,None,None,global,True
8756117,All exchanges,com.yg.boxing.annoying,all,2025-07-09,,internal,traffic-quality,Fraudulent Developers ABL,Yes,-,None,None,None,None,global,True
8790439,All exchanges,6741891149,all,2025-07-30,,internal,traffic-quality,Fraudulent Developers ABL,Yes,-,None,None,None,None,global,True
8791288,All exchanges,6736975291,all,2025-07-30,,internal,traffic-quality,Fraudulent Developers ABL,Yes,-,None,None,None,None,global,True
8791151,All exchanges,6742486483,all,2025-07-30,,internal,traffic-quality,Fraudulent Developers ABL,Yes,-,None,None,None,None,global,True
8790728,All exchanges,6747032146,all,2025-07-30,,internal,traffic-quality,Fraudulent Developers ABL,Yes,-,None,None,None,None,global,True
8790950,All exchanges,6747108147,all,2025-07-30,,internal,traffic-quality,Fraudulent Developers ABL,Yes,-,None,None,None,None,global,True
8790442,All exchanges,6478573014,all,2025-07-30,,internal,traffic-quality,Fraudulent Developers ABL,Yes,-,None,None,None,None,global,True
8791071,All exchanges,6740225830,all,2025-07-30,,internal,traffic-quality,Fraudulent Developers ABL,Yes,-,None,None,None,None,global,True
8790980,All exchanges,6743500417,all,2025-07-30,,internal,traffic-quality,Fraudulent Developers ABL,Yes,-,None,None,None,None,global,True
9654729,All exchanges,6753068081,all,2025-10-09,,internal,traffic-quality,Fraudulent Developers ABL,Yes,-,None,None,None,None,global,True
9664826,All exchanges,6748047201,all,2025-10-10,,internal,traffic-quality,Fraudulent Developers ABL,Yes,-,None,None,None,None,global,True
10349733,All exchanges,machinist.enigma.match3free.android,all,2025-11-19,,internal,traffic-quality,Fraudulent Developers ABL,Yes,-,None,None,None,None,global,True
10349735,All exchanges,candy.craze.match3.free.android,all,2025-11-19,,internal,traffic-quality,Fraudulent Developers ABL,Yes,-,None,None,None,None,global,True
10349664,All exchanges,ridmik.keyboard,all,2025-11-19,,internal,traffic-quality,Fraudulent Developers ABL,Yes,-,None,None,None,None,global,True
10360738,All exchanges,6754758331,all,2025-11-20,,internal,traffic-quality,Fraudulent Developers ABL,Yes,-,None,None,None,None,global,True
10391190,All exchanges,com.rayole.games.aqua.blast,all,2025-11-25,,internal,traffic-quality,Fraudulent Developers ABL,Yes,-,None,None,None,None,global,True
10921502,All exchanges,1543659588,all,2026-01-28,,internal,traffic-quality,"High BR volume and CTRs, fake apps as confirmed via app-ads.txt / sellers.json",No,plaw@liftoff.io,None,None,None,None,global,True
10921502,All exchanges,1035199024,all,2026-01-28,,internal,traffic-quality,"High BR volume and CTRs, fake apps as confirmed via app-ads.txt / sellers.json",No,plaw@liftoff.io,None,None,None,None,global,True
11508493,All exchanges,com.cloverhall.bingoblitz.luckypot,all,2026-03-26,,internal,traffic-quality,"Fraudulent bundles
https://liftoffio.slack.com/archives/C02QR6T98SU/p1774378444334859?thread_ts=1774282238.086299&cid=C02QR6T98SU",No,plaw@liftoff.io,None,None,None,None,global,True
11508493,All exchanges,com.mister.pdfreader.element,all,2026-03-26,,internal,traffic-quality,"Fraudulent bundles
https://liftoffio.slack.com/archives/C02QR6T98SU/p1774378444334859?thread_ts=1774282238.086299&cid=C02QR6T98SU",No,plaw@liftoff.io,None,None,None,None,global,True
11508493,All exchanges,puzzle.crush.one.game.BoxColor,all,2026-03-26,,internal,traffic-quality,"Fraudulent bundles
https://liftoffio.slack.com/archives/C02QR6T98SU/p1774378444334859?thread_ts=1774282238.086299&cid=C02QR6T98SU",No,plaw@liftoff.io,None,None,None,None,global,True
11508493,All exchanges,com.berserkgoods.crunchmatch.fjord.horn,all,2026-03-26,,internal,traffic-quality,"Fraudulent bundles
https://liftoffio.slack.com/archives/C02QR6T98SU/p1774378444334859?thread_ts=1774282238.086299&cid=C02QR6T98SU",No,plaw@liftoff.io,None,None,None,None,global,True
11508493,All exchanges,com.match3.game.patch.panic.terraform,all,2026-03-26,,internal,traffic-quality,"Fraudulent bundles
https://liftoffio.slack.com/archives/C02QR6T98SU/p1774378444334859?thread_ts=1774282238.086299&cid=C02QR6T98SU",No,plaw@liftoff.io,None,None,None,None,global,True
11508493,All exchanges,com.xphygame.gellerylike,all,2026-03-26,,internal,traffic-quality,"Fraudulent bundles
https://liftoffio.slack.com/archives/C02QR6T98SU/p1774378444334859?thread_ts=1774282238.086299&cid=C02QR6T98SU",No,plaw@liftoff.io,None,None,None,None,global,True
11718223,VUNGLE,6757612442,all,2026-04-09,2026-07-08,internal,traffic-quality,Exchange level install farming ABL,Yes,-,None,None,None,None,global,False
11742604,VUNGLE,6755705057,all,2026-04-10,2026-07-09,internal,traffic-quality,Exchange level install farming ABL,Yes,-,None,None,None,None,global,False
11764463,All exchanges,com.hemzstudios.slimemerge,all,2026-04-13,,internal,traffic-quality,High UUIDv4 noncompliance (Malformed GAID investigation),No,matt.johnson@liftoff.io,None,None,None,None,global,True
11764463,All exchanges,com.gbd.amy.secret.game,all,2026-04-13,,internal,traffic-quality,High UUIDv4 noncompliance (Malformed GAID investigation),No,matt.johnson@liftoff.io,None,None,None,None,global,True
11764463,All exchanges,com.matryoshka.farminggame,all,2026-04-13,,internal,traffic-quality,High UUIDv4 noncompliance (Malformed GAID investigation),No,matt.johnson@liftoff.io,None,None,None,None,global,True
11800714,All exchanges,com.rayolesoftware.tapnearn,all,2026-04-19,,internal,traffic-quality,Fraudulent Developers ABL,Yes,-,None,None,None,None,global,True
11972167,VUNGLE,com.PerfectAppsFree.frasesbonitasdebuenosdias,all,2026-05-07,,internal,traffic-quality,"High user CTR + poor d7 ROAS
notes: removed managed pubs: 805603214, com.lordix.addonsforminecraftpe, jp.ponta.myponta (prior id: 10912556)",No,matt.johnson@liftoff.io,None,None,None,None,global,True
11972167,VUNGLE,com.draw.sketch.ardrawing.paint.cartoon,all,2026-05-07,,internal,traffic-quality,"High user CTR + poor d7 ROAS
notes: removed managed pubs: 805603214, com.lordix.addonsforminecraftpe, jp.ponta.myponta (prior id: 10912556)",No,matt.johnson@liftoff.io,None,None,None,None,global,True
11972167,VUNGLE,1639646894,all,2026-05-07,,internal,traffic-quality,"High user CTR + poor d7 ROAS
notes: removed managed pubs: 805603214, com.lordix.addonsforminecraftpe, jp.ponta.myponta (prior id: 10912556)",No,matt.johnson@liftoff.io,None,None,None,None,global,True
11972167,VUNGLE,1450824654,all,2026-05-07,,internal,traffic-quality,"High user CTR + poor d7 ROAS
notes: removed managed pubs: 805603214, com.lordix.addonsforminecraftpe, jp.ponta.myponta (prior id: 10912556)",No,matt.johnson@liftoff.io,None,None,None,None,global,True
11972167,VUNGLE,com.funstage.gta.ma.bookofradeluxe,all,2026-05-07,,internal,traffic-quality,"High user CTR + poor d7 ROAS
notes: removed managed pubs: 805603214, com.lordix.addonsforminecraftpe, jp.ponta.myponta (prior id: 10912556)",No,matt.johnson@liftoff.io,None,None,None,None,global,True
11972167,VUNGLE,octohide.vpn,all,2026-05-07,,internal,traffic-quality,"High user CTR + poor d7 ROAS
notes: removed managed pubs: 805603214, com.lordix.addonsforminecraftpe, jp.ponta.myponta (prior id: 10912556)",No,matt.johnson@liftoff.io,None,None,None,None,global,True
11972167,VUNGLE,com.studionum43.drift_hunters_car_tuning,all,2026-05-07,,internal,traffic-quality,"High user CTR + poor d7 ROAS
notes: removed managed pubs: 805603214, com.lordix.addonsforminecraftpe, jp.ponta.myponta (prior id: 10912556)",No,matt.johnson@liftoff.io,None,None,None,None,global,True
12261722,All exchanges,1596465490,all,2026-05-26,2026-06-26,internal,traffic-quality,High new device and cellular mismatch rate ABL,Yes,-,None,None,None,None,global,False
12281931,All exchanges,6444597135,all,2026-05-28,2026-06-28,internal,traffic-quality,View Master Click Signals ABL,Yes,-,None,None,None,None,global,False
12302733,All exchanges,6749212052,all,2026-05-29,,internal,traffic-quality,Fraudulent apps identified via adhoc analysis: https://docs.google.com/document/d/1-lQ0h3WdTkYkWIO027QYvBxUVF2yRJrMh6-rKZaWeog,No,plaw@liftoff.io,None,None,None,None,global,True
12302741,All exchanges,6445977629,all,2026-05-29,,internal,traffic-quality,"Non-performant apps tied to suspicious Bigo seller IDs
https://docs.google.com/spreadsheets/d/1hy0o3hLjgKEPRYm8tAQA1X8gUphfhikgS3Wb3sd6eJE/edit?gid=63260040#gid=63260040",No,plaw@liftoff.io,None,None,None,None,global,True
12302733,All exchanges,com.hts.color.mobilephonecase.diy.games,all,2026-05-29,,internal,traffic-quality,Fraudulent apps identified via adhoc analysis: https://docs.google.com/document/d/1-lQ0h3WdTkYkWIO027QYvBxUVF2yRJrMh6-rKZaWeog,No,plaw@liftoff.io,None,None,None,None,global,True
12302733,All exchanges,com.TGZS.TIMOKHA4,all,2026-05-29,,internal,traffic-quality,Fraudulent apps identified via adhoc analysis: https://docs.google.com/document/d/1-lQ0h3WdTkYkWIO027QYvBxUVF2yRJrMh6-rKZaWeog,No,plaw@liftoff.io,None,None,None,None,global,True
12302733,All exchanges,ball.cash.blitz.billiards.offline.pool,all,2026-05-29,,internal,traffic-quality,Fraudulent apps identified via adhoc analysis: https://docs.google.com/document/d/1-lQ0h3WdTkYkWIO027QYvBxUVF2yRJrMh6-rKZaWeog,No,plaw@liftoff.io,None,None,None,None,global,True
12302733,All exchanges,6755376667,all,2026-05-29,,internal,traffic-quality,Fraudulent apps identified via adhoc analysis: https://docs.google.com/document/d/1-lQ0h3WdTkYkWIO027QYvBxUVF2yRJrMh6-rKZaWeog,No,plaw@liftoff.io,None,None,None,None,global,True
12302733,All exchanges,com.ImaginativeGames.WealthUpRun,all,2026-05-29,,internal,traffic-quality,Fraudulent apps identified via adhoc analysis: https://docs.google.com/document/d/1-lQ0h3WdTkYkWIO027QYvBxUVF2yRJrMh6-rKZaWeog,No,plaw@liftoff.io,None,None,None,None,global,True
12302733,All exchanges,1556385751,all,2026-05-29,,internal,traffic-quality,Fraudulent apps identified via adhoc analysis: https://docs.google.com/document/d/1-lQ0h3WdTkYkWIO027QYvBxUVF2yRJrMh6-rKZaWeog,No,plaw@liftoff.io,None,None,None,None,global,True
12302733,All exchanges,com.DefaultCompany.DrawOnePartGame,all,2026-05-29,,internal,traffic-quality,Fraudulent apps identified via adhoc analysis: https://docs.google.com/document/d/1-lQ0h3WdTkYkWIO027QYvBxUVF2yRJrMh6-rKZaWeog,No,plaw@liftoff.io,None,None,None,None,global,True
12302733,All exchanges,com.mortician.empire.idle,all,2026-05-29,,internal,traffic-quality,Fraudulent apps identified via adhoc analysis: https://docs.google.com/document/d/1-lQ0h3WdTkYkWIO027QYvBxUVF2yRJrMh6-rKZaWeog,No,plaw@liftoff.io,None,None,None,None,global,True
12302741,All exchanges,com.sandbox_arena.ragdoll_party,all,2026-05-29,,internal,traffic-quality,"Non-performant apps tied to suspicious Bigo seller IDs
https://docs.google.com/spreadsheets/d/1hy0o3hLjgKEPRYm8tAQA1X8gUphfhikgS3Wb3sd6eJE/edit?gid=63260040#gid=63260040",No,plaw@liftoff.io,None,None,None,None,global,True
12302733,All exchanges,6746231749,all,2026-05-29,,internal,traffic-quality,Fraudulent apps identified via adhoc analysis: https://docs.google.com/document/d/1-lQ0h3WdTkYkWIO027QYvBxUVF2yRJrMh6-rKZaWeog,No,plaw@liftoff.io,None,None,None,None,global,True
12302733,All exchanges,6496203618,all,2026-05-29,,internal,traffic-quality,Fraudulent apps identified via adhoc analysis: https://docs.google.com/document/d/1-lQ0h3WdTkYkWIO027QYvBxUVF2yRJrMh6-rKZaWeog,No,plaw@liftoff.io,None,None,None,None,global,True
12302733,All exchanges,6756250965,all,2026-05-29,,internal,traffic-quality,Fraudulent apps identified via adhoc analysis: https://docs.google.com/document/d/1-lQ0h3WdTkYkWIO027QYvBxUVF2yRJrMh6-rKZaWeog,No,plaw@liftoff.io,None,None,None,None,global,True
12302733,All exchanges,6755577882,all,2026-05-29,,internal,traffic-quality,Fraudulent apps identified via adhoc analysis: https://docs.google.com/document/d/1-lQ0h3WdTkYkWIO027QYvBxUVF2yRJrMh6-rKZaWeog,No,plaw@liftoff.io,None,None,None,None,global,True
12302733,All exchanges,com.talkingjuan.trollcat.happyjuan,all,2026-05-29,,internal,traffic-quality,Fraudulent apps identified via adhoc analysis: https://docs.google.com/document/d/1-lQ0h3WdTkYkWIO027QYvBxUVF2yRJrMh6-rKZaWeog,No,plaw@liftoff.io,None,None,None,None,global,True
12302741,All exchanges,1481457207,all,2026-05-29,,internal,traffic-quality,"Non-performant apps tied to suspicious Bigo seller IDs
https://docs.google.com/spreadsheets/d/1hy0o3hLjgKEPRYm8tAQA1X8gUphfhikgS3Wb3sd6eJE/edit?gid=63260040#gid=63260040",No,plaw@liftoff.io,None,None,None,None,global,True
12302733,All exchanges,com.baedalyakgook_user,all,2026-05-29,,internal,traffic-quality,Fraudulent apps identified via adhoc analysis: https://docs.google.com/document/d/1-lQ0h3WdTkYkWIO027QYvBxUVF2yRJrMh6-rKZaWeog,No,plaw@liftoff.io,None,None,None,None,global,True
12302741,All exchanges,com.lunappstudio.orderofwords,all,2026-05-29,,internal,traffic-quality,"Non-performant apps tied to suspicious Bigo seller IDs
https://docs.google.com/spreadsheets/d/1hy0o3hLjgKEPRYm8tAQA1X8gUphfhikgS3Wb3sd6eJE/edit?gid=63260040#gid=63260040",No,plaw@liftoff.io,None,None,None,None,global,True
12302741,All exchanges,6452756347,all,2026-05-29,,internal,traffic-quality,"Non-performant apps tied to suspicious Bigo seller IDs
https://docs.google.com/spreadsheets/d/1hy0o3hLjgKEPRYm8tAQA1X8gUphfhikgS3Wb3sd6eJE/edit?gid=63260040#gid=63260040",No,plaw@liftoff.io,None,None,None,None,global,True
12302733,All exchanges,by.RedTower.a4horror,all,2026-05-29,,internal,traffic-quality,Fraudulent apps identified via adhoc analysis: https://docs.google.com/document/d/1-lQ0h3WdTkYkWIO027QYvBxUVF2yRJrMh6-rKZaWeog,No,plaw@liftoff.io,None,None,None,None,global,True
12302741,All exchanges,com.CDMApps.Faucet,all,2026-05-29,,internal,traffic-quality,"Non-performant apps tied to suspicious Bigo seller IDs
https://docs.google.com/spreadsheets/d/1hy0o3hLjgKEPRYm8tAQA1X8gUphfhikgS3Wb3sd6eJE/edit?gid=63260040#gid=63260040",No,plaw@liftoff.io,None,None,None,None,global,True
12302733,All exchanges,6447738224,all,2026-05-29,,internal,traffic-quality,Fraudulent apps identified via adhoc analysis: https://docs.google.com/document/d/1-lQ0h3WdTkYkWIO027QYvBxUVF2yRJrMh6-rKZaWeog,No,plaw@liftoff.io,None,None,None,None,global,True
12302733,All exchanges,1609435474,all,2026-05-29,,internal,traffic-quality,Fraudulent apps identified via adhoc analysis: https://docs.google.com/document/d/1-lQ0h3WdTkYkWIO027QYvBxUVF2yRJrMh6-rKZaWeog,No,plaw@liftoff.io,None,None,None,None,global,True
12302741,All exchanges,com.raid.heroes.total.war,all,2026-05-29,,internal,traffic-quality,"Non-performant apps tied to suspicious Bigo seller IDs
https://docs.google.com/spreadsheets/d/1hy0o3hLjgKEPRYm8tAQA1X8gUphfhikgS3Wb3sd6eJE/edit?gid=63260040#gid=63260040",No,plaw@liftoff.io,None,None,None,None,global,True
12302733,All exchanges,puzzle.taparrow.awayarrow.games,all,2026-05-29,,internal,traffic-quality,Fraudulent apps identified via adhoc analysis: https://docs.google.com/document/d/1-lQ0h3WdTkYkWIO027QYvBxUVF2yRJrMh6-rKZaWeog,No,plaw@liftoff.io,None,None,None,None,global,True
12302733,All exchanges,6737053336,all,2026-05-29,,internal,traffic-quality,Fraudulent apps identified via adhoc analysis: https://docs.google.com/document/d/1-lQ0h3WdTkYkWIO027QYvBxUVF2yRJrMh6-rKZaWeog,No,plaw@liftoff.io,None,None,None,None,global,True
12302741,All exchanges,by.RedTower.a4horror,all,2026-05-29,,internal,traffic-quality,"Non-performant apps tied to suspicious Bigo seller IDs
https://docs.google.com/spreadsheets/d/1hy0o3hLjgKEPRYm8tAQA1X8gUphfhikgS3Wb3sd6eJE/edit?gid=63260040#gid=63260040",No,plaw@liftoff.io,None,None,None,None,global,True
12302741,All exchanges,com.jrustonapps.mylightningtracker,all,2026-05-29,,internal,traffic-quality,"Non-performant apps tied to suspicious Bigo seller IDs
https://docs.google.com/spreadsheets/d/1hy0o3hLjgKEPRYm8tAQA1X8gUphfhikgS3Wb3sd6eJE/edit?gid=63260040#gid=63260040",No,plaw@liftoff.io,None,None,None,None,global,True
12302733,All exchanges,com.AntonBergov.Animal,all,2026-05-29,,internal,traffic-quality,Fraudulent apps identified via adhoc analysis: https://docs.google.com/document/d/1-lQ0h3WdTkYkWIO027QYvBxUVF2yRJrMh6-rKZaWeog,No,plaw@liftoff.io,None,None,None,None,global,True
12298327,All exchanges,com.alphabet.counter.funsteps,all,2026-05-29,2026-06-29,internal,traffic-quality,View Master Click Signals ABL,Yes,-,None,None,None,None,global,False
12302733,All exchanges,com.hexa.sort.color.blast.puzzle,all,2026-05-29,,internal,traffic-quality,Fraudulent apps identified via adhoc analysis: https://docs.google.com/document/d/1-lQ0h3WdTkYkWIO027QYvBxUVF2yRJrMh6-rKZaWeog,No,plaw@liftoff.io,None,None,None,None,global,True
12302741,All exchanges,com.word.puzzle.game.crossword,all,2026-05-29,,internal,traffic-quality,"Non-performant apps tied to suspicious Bigo seller IDs
https://docs.google.com/spreadsheets/d/1hy0o3hLjgKEPRYm8tAQA1X8gUphfhikgS3Wb3sd6eJE/edit?gid=63260040#gid=63260040",No,plaw@liftoff.io,None,None,None,None,global,True
12302733,All exchanges,blueeasyapp.videosget.tubemasterdownloader,all,2026-05-29,,internal,traffic-quality,Fraudulent apps identified via adhoc analysis: https://docs.google.com/document/d/1-lQ0h3WdTkYkWIO027QYvBxUVF2yRJrMh6-rKZaWeog,No,plaw@liftoff.io,None,None,None,None,global,True
12302733,All exchanges,6737546836,all,2026-05-29,,internal,traffic-quality,Fraudulent apps identified via adhoc analysis: https://docs.google.com/document/d/1-lQ0h3WdTkYkWIO027QYvBxUVF2yRJrMh6-rKZaWeog,No,plaw@liftoff.io,None,None,None,None,global,True
12302741,All exchanges,com.mustafacaglar.spinnerfighterarena,all,2026-05-29,,internal,traffic-quality,"Non-performant apps tied to suspicious Bigo seller IDs
https://docs.google.com/spreadsheets/d/1hy0o3hLjgKEPRYm8tAQA1X8gUphfhikgS3Wb3sd6eJE/edit?gid=63260040#gid=63260040",No,plaw@liftoff.io,None,None,None,None,global,True
12302733,All exchanges,com.rayole.games.aqua.blast,all,2026-05-29,,internal,traffic-quality,Fraudulent apps identified via adhoc analysis: https://docs.google.com/document/d/1-lQ0h3WdTkYkWIO027QYvBxUVF2yRJrMh6-rKZaWeog,No,plaw@liftoff.io,None,None,None,None,global,True
12302733,All exchanges,com.cats.pirate_adventures,all,2026-05-29,,internal,traffic-quality,Fraudulent apps identified via adhoc analysis: https://docs.google.com/document/d/1-lQ0h3WdTkYkWIO027QYvBxUVF2yRJrMh6-rKZaWeog,No,plaw@liftoff.io,None,None,None,None,global,True
12302733,All exchanges,1441957412,all,2026-05-29,,internal,traffic-quality,Fraudulent apps identified via adhoc analysis: https://docs.google.com/document/d/1-lQ0h3WdTkYkWIO027QYvBxUVF2yRJrMh6-rKZaWeog,No,plaw@liftoff.io,None,None,None,None,global,True
12302733,All exchanges,candy.craze.match3.free.android,all,2026-05-29,,internal,traffic-quality,Fraudulent apps identified via adhoc analysis: https://docs.google.com/document/d/1-lQ0h3WdTkYkWIO027QYvBxUVF2yRJrMh6-rKZaWeog,No,plaw@liftoff.io,None,None,None,None,global,True
12302741,All exchanges,6742362315,all,2026-05-29,,internal,traffic-quality,"Non-performant apps tied to suspicious Bigo seller IDs
https://docs.google.com/spreadsheets/d/1hy0o3hLjgKEPRYm8tAQA1X8gUphfhikgS3Wb3sd6eJE/edit?gid=63260040#gid=63260040",No,plaw@liftoff.io,None,None,None,None,global,True
12302733,All exchanges,6736975291,all,2026-05-29,,internal,traffic-quality,Fraudulent apps identified via adhoc analysis: https://docs.google.com/document/d/1-lQ0h3WdTkYkWIO027QYvBxUVF2yRJrMh6-rKZaWeog,No,plaw@liftoff.io,None,None,None,None,global,True
12302733,All exchanges,6755132720,all,2026-05-29,,internal,traffic-quality,Fraudulent apps identified via adhoc analysis: https://docs.google.com/document/d/1-lQ0h3WdTkYkWIO027QYvBxUVF2yRJrMh6-rKZaWeog,No,plaw@liftoff.io,None,None,None,None,global,True
12302733,All exchanges,6747108147,all,2026-05-29,,internal,traffic-quality,Fraudulent apps identified via adhoc analysis: https://docs.google.com/document/d/1-lQ0h3WdTkYkWIO027QYvBxUVF2yRJrMh6-rKZaWeog,No,plaw@liftoff.io,None,None,None,None,global,True
12302733,All exchanges,com.tchinnova.editpdfly,all,2026-05-29,,internal,traffic-quality,Fraudulent apps identified via adhoc analysis: https://docs.google.com/document/d/1-lQ0h3WdTkYkWIO027QYvBxUVF2yRJrMh6-rKZaWeog,No,plaw@liftoff.io,None,None,None,None,global,True
12302741,All exchanges,com.rv.survival.longdrive,all,2026-05-29,,internal,traffic-quality,"Non-performant apps tied to suspicious Bigo seller IDs
https://docs.google.com/spreadsheets/d/1hy0o3hLjgKEPRYm8tAQA1X8gUphfhikgS3Wb3sd6eJE/edit?gid=63260040#gid=63260040",No,plaw@liftoff.io,None,None,None,None,global,True
12302733,All exchanges,6752990032,all,2026-05-29,,internal,traffic-quality,Fraudulent apps identified via adhoc analysis: https://docs.google.com/document/d/1-lQ0h3WdTkYkWIO027QYvBxUVF2yRJrMh6-rKZaWeog,No,plaw@liftoff.io,None,None,None,None,global,True
12302741,All exchanges,6450533547,all,2026-05-29,,internal,traffic-quality,"Non-performant apps tied to suspicious Bigo seller IDs
https://docs.google.com/spreadsheets/d/1hy0o3hLjgKEPRYm8tAQA1X8gUphfhikgS3Wb3sd6eJE/edit?gid=63260040#gid=63260040",No,plaw@liftoff.io,None,None,None,None,global,True
12302741,All exchanges,com.metaphasegames.wild.animal.hunting,all,2026-05-29,,internal,traffic-quality,"Non-performant apps tied to suspicious Bigo seller IDs
https://docs.google.com/spreadsheets/d/1hy0o3hLjgKEPRYm8tAQA1X8gUphfhikgS3Wb3sd6eJE/edit?gid=63260040#gid=63260040",No,plaw@liftoff.io,None,None,None,None,global,True
12302733,All exchanges,com.CDMApps.Faucet,all,2026-05-29,,internal,traffic-quality,Fraudulent apps identified via adhoc analysis: https://docs.google.com/document/d/1-lQ0h3WdTkYkWIO027QYvBxUVF2yRJrMh6-rKZaWeog,No,plaw@liftoff.io,None,None,None,None,global,True
12302733,All exchanges,com.dvproject.play,all,2026-05-29,,internal,traffic-quality,Fraudulent apps identified via adhoc analysis: https://docs.google.com/document/d/1-lQ0h3WdTkYkWIO027QYvBxUVF2yRJrMh6-rKZaWeog,No,plaw@liftoff.io,None,None,None,None,global,True
12302741,All exchanges,com.AbyssMoth.MurdersDronesEndlessWay,all,2026-05-29,,internal,traffic-quality,"Non-performant apps tied to suspicious Bigo seller IDs
https://docs.google.com/spreadsheets/d/1hy0o3hLjgKEPRYm8tAQA1X8gUphfhikgS3Wb3sd6eJE/edit?gid=63260040#gid=63260040",No,plaw@liftoff.io,None,None,None,None,global,True
12302733,All exchanges,963067330,all,2026-05-29,,internal,traffic-quality,Fraudulent apps identified via adhoc analysis: https://docs.google.com/document/d/1-lQ0h3WdTkYkWIO027QYvBxUVF2yRJrMh6-rKZaWeog,No,plaw@liftoff.io,None,None,None,None,global,True
12302733,All exchanges,1445894754,all,2026-05-29,,internal,traffic-quality,Fraudulent apps identified via adhoc analysis: https://docs.google.com/document/d/1-lQ0h3WdTkYkWIO027QYvBxUVF2yRJrMh6-rKZaWeog,No,plaw@liftoff.io,None,None,None,None,global,True
12302741,All exchanges,com.shicichaxun.video,all,2026-05-29,,internal,traffic-quality,"Non-performant apps tied to suspicious Bigo seller IDs
https://docs.google.com/spreadsheets/d/1hy0o3hLjgKEPRYm8tAQA1X8gUphfhikgS3Wb3sd6eJE/edit?gid=63260040#gid=63260040",No,plaw@liftoff.io,None,None,None,None,global,True
12302733,All exchanges,com.sh.mini.antistress.relaxing.games,all,2026-05-29,,internal,traffic-quality,Fraudulent apps identified via adhoc analysis: https://docs.google.com/document/d/1-lQ0h3WdTkYkWIO027QYvBxUVF2yRJrMh6-rKZaWeog,No,plaw@liftoff.io,None,None,None,None,global,True
12302733,All exchanges,com.miniworldgame.creata.vn,all,2026-05-29,,internal,traffic-quality,Fraudulent apps identified via adhoc analysis: https://docs.google.com/document/d/1-lQ0h3WdTkYkWIO027QYvBxUVF2yRJrMh6-rKZaWeog,No,plaw@liftoff.io,None,None,None,None,global,True
12302733,All exchanges,6756616839,all,2026-05-29,,internal,traffic-quality,Fraudulent apps identified via adhoc analysis: https://docs.google.com/document/d/1-lQ0h3WdTkYkWIO027QYvBxUVF2yRJrMh6-rKZaWeog,No,plaw@liftoff.io,None,None,None,None,global,True
12302733,All exchanges,6741060534,all,2026-05-29,,internal,traffic-quality,Fraudulent apps identified via adhoc analysis: https://docs.google.com/document/d/1-lQ0h3WdTkYkWIO027QYvBxUVF2yRJrMh6-rKZaWeog,No,plaw@liftoff.io,None,None,None,None,global,True
12302741,All exchanges,1671600457,all,2026-05-29,,internal,traffic-quality,"Non-performant apps tied to suspicious Bigo seller IDs
https://docs.google.com/spreadsheets/d/1hy0o3hLjgKEPRYm8tAQA1X8gUphfhikgS3Wb3sd6eJE/edit?gid=63260040#gid=63260040",No,plaw@liftoff.io,None,None,None,None,global,True
12302741,All exchanges,shelter.hero.hapyx,all,2026-05-29,,internal,traffic-quality,"Non-performant apps tied to suspicious Bigo seller IDs
https://docs.google.com/spreadsheets/d/1hy0o3hLjgKEPRYm8tAQA1X8gUphfhikgS3Wb3sd6eJE/edit?gid=63260040#gid=63260040",No,plaw@liftoff.io,None,None,None,None,global,True
12302733,All exchanges,com.niuaigo.mahjong.classic,all,2026-05-29,,internal,traffic-quality,Fraudulent apps identified via adhoc analysis: https://docs.google.com/document/d/1-lQ0h3WdTkYkWIO027QYvBxUVF2yRJrMh6-rKZaWeog,No,plaw@liftoff.io,None,None,None,None,global,True
12302733,All exchanges,com.sh.coloring.page.asmr.drawing,all,2026-05-29,,internal,traffic-quality,Fraudulent apps identified via adhoc analysis: https://docs.google.com/document/d/1-lQ0h3WdTkYkWIO027QYvBxUVF2yRJrMh6-rKZaWeog,No,plaw@liftoff.io,None,None,None,None,global,True
12302733,All exchanges,radio.online.portugal,all,2026-05-29,,internal,traffic-quality,Fraudulent apps identified via adhoc analysis: https://docs.google.com/document/d/1-lQ0h3WdTkYkWIO027QYvBxUVF2yRJrMh6-rKZaWeog,No,plaw@liftoff.io,None,None,None,None,global,True
12302733,All exchanges,cn.feelcool.easyfiles,all,2026-05-29,,internal,traffic-quality,Fraudulent apps identified via adhoc analysis: https://docs.google.com/document/d/1-lQ0h3WdTkYkWIO027QYvBxUVF2yRJrMh6-rKZaWeog,No,plaw@liftoff.io,None,None,None,None,global,True
12302733,All exchanges,1540199322,all,2026-05-29,,internal,traffic-quality,Fraudulent apps identified via adhoc analysis: https://docs.google.com/document/d/1-lQ0h3WdTkYkWIO027QYvBxUVF2yRJrMh6-rKZaWeog,No,plaw@liftoff.io,None,None,None,None,global,True
12302733,All exchanges,com.psvnMaB.Goodnight,all,2026-05-29,,internal,traffic-quality,Fraudulent apps identified via adhoc analysis: https://docs.google.com/document/d/1-lQ0h3WdTkYkWIO027QYvBxUVF2yRJrMh6-rKZaWeog,No,plaw@liftoff.io,None,None,None,None,global,True
12302741,All exchanges,ru.foxyface.vulgarity,all,2026-05-29,,internal,traffic-quality,"Non-performant apps tied to suspicious Bigo seller IDs
https://docs.google.com/spreadsheets/d/1hy0o3hLjgKEPRYm8tAQA1X8gUphfhikgS3Wb3sd6eJE/edit?gid=63260040#gid=63260040",No,plaw@liftoff.io,None,None,None,None,global,True
12302733,All exchanges,6754758331,all,2026-05-29,,internal,traffic-quality,Fraudulent apps identified via adhoc analysis: https://docs.google.com/document/d/1-lQ0h3WdTkYkWIO027QYvBxUVF2yRJrMh6-rKZaWeog,No,plaw@liftoff.io,None,None,None,None,global,True
12302741,All exchanges,com.ekindiegames.ElectricTrains,all,2026-05-29,,internal,traffic-quality,"Non-performant apps tied to suspicious Bigo seller IDs
https://docs.google.com/spreadsheets/d/1hy0o3hLjgKEPRYm8tAQA1X8gUphfhikgS3Wb3sd6eJE/edit?gid=63260040#gid=63260040",No,plaw@liftoff.io,None,None,None,None,global,True
12302733,All exchanges,com.greenlabs.smartfarm,all,2026-05-29,,internal,traffic-quality,Fraudulent apps identified via adhoc analysis: https://docs.google.com/document/d/1-lQ0h3WdTkYkWIO027QYvBxUVF2yRJrMh6-rKZaWeog,No,plaw@liftoff.io,None,None,None,None,global,True
12302733,All exchanges,classic.solitaire.attraction.klondike.game,all,2026-05-29,,internal,traffic-quality,Fraudulent apps identified via adhoc analysis: https://docs.google.com/document/d/1-lQ0h3WdTkYkWIO027QYvBxUVF2yRJrMh6-rKZaWeog,No,plaw@liftoff.io,None,None,None,None,global,True
12302733,All exchanges,com.monster.transform.animation,all,2026-05-29,,internal,traffic-quality,Fraudulent apps identified via adhoc analysis: https://docs.google.com/document/d/1-lQ0h3WdTkYkWIO027QYvBxUVF2yRJrMh6-rKZaWeog,No,plaw@liftoff.io,None,None,None,None,global,True
12302733,All exchanges,com.gamehouse.delicious21.restaurant.renovation.story.cooking.simulation,all,2026-05-29,,internal,traffic-quality,Fraudulent apps identified via adhoc analysis: https://docs.google.com/document/d/1-lQ0h3WdTkYkWIO027QYvBxUVF2yRJrMh6-rKZaWeog,No,plaw@liftoff.io,None,None,None,None,global,True
12302733,All exchanges,worldofcardgames.double_deck_pinochle,all,2026-05-29,,internal,traffic-quality,Fraudulent apps identified via adhoc analysis: https://docs.google.com/document/d/1-lQ0h3WdTkYkWIO027QYvBxUVF2yRJrMh6-rKZaWeog,No,plaw@liftoff.io,None,None,None,None,global,True
12302733,All exchanges,642713723,all,2026-05-29,,internal,traffic-quality,Fraudulent apps identified via adhoc analysis: https://docs.google.com/document/d/1-lQ0h3WdTkYkWIO027QYvBxUVF2yRJrMh6-rKZaWeog,No,plaw@liftoff.io,None,None,None,None,global,True
12302733,All exchanges,com.changdu.ereader3.id,all,2026-05-29,,internal,traffic-quality,Fraudulent apps identified via adhoc analysis: https://docs.google.com/document/d/1-lQ0h3WdTkYkWIO027QYvBxUVF2yRJrMh6-rKZaWeog,No,plaw@liftoff.io,None,None,None,None,global,True
12302741,All exchanges,pw.awwe.schoolApp,all,2026-05-29,,internal,traffic-quality,"Non-performant apps tied to suspicious Bigo seller IDs
https://docs.google.com/spreadsheets/d/1hy0o3hLjgKEPRYm8tAQA1X8gUphfhikgS3Wb3sd6eJE/edit?gid=63260040#gid=63260040",No,plaw@liftoff.io,None,None,None,None,global,True
12302741,All exchanges,wiktoria.goroch.bible_kjv.AOUSSDQLXBLBGHWY,all,2026-05-29,,internal,traffic-quality,"Non-performant apps tied to suspicious Bigo seller IDs
https://docs.google.com/spreadsheets/d/1hy0o3hLjgKEPRYm8tAQA1X8gUphfhikgS3Wb3sd6eJE/edit?gid=63260040#gid=63260040",No,plaw@liftoff.io,None,None,None,None,global,True
12302733,All exchanges,6523422928,all,2026-05-29,,internal,traffic-quality,Fraudulent apps identified via adhoc analysis: https://docs.google.com/document/d/1-lQ0h3WdTkYkWIO027QYvBxUVF2yRJrMh6-rKZaWeog,No,plaw@liftoff.io,None,None,None,None,global,True
12302733,All exchanges,6452756347,all,2026-05-29,,internal,traffic-quality,Fraudulent apps identified via adhoc analysis: https://docs.google.com/document/d/1-lQ0h3WdTkYkWIO027QYvBxUVF2yRJrMh6-rKZaWeog,No,plaw@liftoff.io,None,None,None,None,global,True
12302741,All exchanges,nextbot.backrooms.shooter,all,2026-05-29,,internal,traffic-quality,"Non-performant apps tied to suspicious Bigo seller IDs
https://docs.google.com/spreadsheets/d/1hy0o3hLjgKEPRYm8tAQA1X8gUphfhikgS3Wb3sd6eJE/edit?gid=63260040#gid=63260040",No,plaw@liftoff.io,None,None,None,None,global,True
12302733,All exchanges,com.mmb.gallery,all,2026-05-29,,internal,traffic-quality,Fraudulent apps identified via adhoc analysis: https://docs.google.com/document/d/1-lQ0h3WdTkYkWIO027QYvBxUVF2yRJrMh6-rKZaWeog,No,plaw@liftoff.io,None,None,None,None,global,True
12302733,All exchanges,6489580730,all,2026-05-29,,internal,traffic-quality,Fraudulent apps identified via adhoc analysis: https://docs.google.com/document/d/1-lQ0h3WdTkYkWIO027QYvBxUVF2yRJrMh6-rKZaWeog,No,plaw@liftoff.io,None,None,None,None,global,True
12302741,All exchanges,minecraft.mods.minecraft,all,2026-05-29,,internal,traffic-quality,"Non-performant apps tied to suspicious Bigo seller IDs
https://docs.google.com/spreadsheets/d/1hy0o3hLjgKEPRYm8tAQA1X8gUphfhikgS3Wb3sd6eJE/edit?gid=63260040#gid=63260040",No,plaw@liftoff.io,None,None,None,None,global,True
12302733,All exchanges,com.my.evolution.android,all,2026-05-29,,internal,traffic-quality,Fraudulent apps identified via adhoc analysis: https://docs.google.com/document/d/1-lQ0h3WdTkYkWIO027QYvBxUVF2yRJrMh6-rKZaWeog,No,plaw@liftoff.io,None,None,None,None,global,True
12302741,All exchanges,net.argongames.minitd2,all,2026-05-29,,internal,traffic-quality,"Non-performant apps tied to suspicious Bigo seller IDs
https://docs.google.com/spreadsheets/d/1hy0o3hLjgKEPRYm8tAQA1X8gUphfhikgS3Wb3sd6eJE/edit?gid=63260040#gid=63260040",No,plaw@liftoff.io,None,None,None,None,global,True
12302741,All exchanges,com.zelemine.anime.mods,all,2026-05-29,,internal,traffic-quality,"Non-performant apps tied to suspicious Bigo seller IDs
https://docs.google.com/spreadsheets/d/1hy0o3hLjgKEPRYm8tAQA1X8gUphfhikgS3Wb3sd6eJE/edit?gid=63260040#gid=63260040",No,plaw@liftoff.io,None,None,None,None,global,True
12302741,All exchanges,rsba.nkjv.bible.study.app,all,2026-05-29,,internal,traffic-quality,"Non-performant apps tied to suspicious Bigo seller IDs
https://docs.google.com/spreadsheets/d/1hy0o3hLjgKEPRYm8tAQA1X8gUphfhikgS3Wb3sd6eJE/edit?gid=63260040#gid=63260040",No,plaw@liftoff.io,None,None,None,None,global,True
12302741,All exchanges,com.OlegJ.Survive99NightsInTheForest,all,2026-05-29,,internal,traffic-quality,"Non-performant apps tied to suspicious Bigo seller IDs
https://docs.google.com/spreadsheets/d/1hy0o3hLjgKEPRYm8tAQA1X8gUphfhikgS3Wb3sd6eJE/edit?gid=63260040#gid=63260040",No,plaw@liftoff.io,None,None,None,None,global,True
12302733,All exchanges,fbmapp.sports.livefootballtv.hdstreaming.score,all,2026-05-29,,internal,traffic-quality,Fraudulent apps identified via adhoc analysis: https://docs.google.com/document/d/1-lQ0h3WdTkYkWIO027QYvBxUVF2yRJrMh6-rKZaWeog,No,plaw@liftoff.io,None,None,None,None,global,True
12302733,All exchanges,6757414059,all,2026-05-29,,internal,traffic-quality,Fraudulent apps identified via adhoc analysis: https://docs.google.com/document/d/1-lQ0h3WdTkYkWIO027QYvBxUVF2yRJrMh6-rKZaWeog,No,plaw@liftoff.io,None,None,None,None,global,True
12302733,All exchanges,com.rv.survival.longdrive,all,2026-05-29,,internal,traffic-quality,Fraudulent apps identified via adhoc analysis: https://docs.google.com/document/d/1-lQ0h3WdTkYkWIO027QYvBxUVF2yRJrMh6-rKZaWeog,No,plaw@liftoff.io,None,None,None,None,global,True
12302733,All exchanges,com.shotzoom.golfshot2,all,2026-05-29,,internal,traffic-quality,Fraudulent apps identified via adhoc analysis: https://docs.google.com/document/d/1-lQ0h3WdTkYkWIO027QYvBxUVF2yRJrMh6-rKZaWeog,No,plaw@liftoff.io,None,None,None,None,global,True
12302733,All exchanges,com.juan.bubble.merge.jhsuan.game,all,2026-05-29,,internal,traffic-quality,Fraudulent apps identified via adhoc analysis: https://docs.google.com/document/d/1-lQ0h3WdTkYkWIO027QYvBxUVF2yRJrMh6-rKZaWeog,No,plaw@liftoff.io,None,None,None,None,global,True
12302741,All exchanges,com.cashdonut.androidapp,all,2026-05-29,,internal,traffic-quality,"Non-performant apps tied to suspicious Bigo seller IDs
https://docs.google.com/spreadsheets/d/1hy0o3hLjgKEPRYm8tAQA1X8gUphfhikgS3Wb3sd6eJE/edit?gid=63260040#gid=63260040",No,plaw@liftoff.io,None,None,None,None,global,True
12302733,All exchanges,6742486483,all,2026-05-29,,internal,traffic-quality,Fraudulent apps identified via adhoc analysis: https://docs.google.com/document/d/1-lQ0h3WdTkYkWIO027QYvBxUVF2yRJrMh6-rKZaWeog,No,plaw@liftoff.io,None,None,None,None,global,True
12302733,All exchanges,com.drip.gallery.sort.gp,all,2026-05-29,,internal,traffic-quality,Fraudulent apps identified via adhoc analysis: https://docs.google.com/document/d/1-lQ0h3WdTkYkWIO027QYvBxUVF2yRJrMh6-rKZaWeog,No,plaw@liftoff.io,None,None,None,None,global,True
12302741,All exchanges,com.prineside.tdi2,all,2026-05-29,,internal,traffic-quality,"Non-performant apps tied to suspicious Bigo seller IDs
https://docs.google.com/spreadsheets/d/1hy0o3hLjgKEPRYm8tAQA1X8gUphfhikgS3Wb3sd6eJE/edit?gid=63260040#gid=63260040",No,plaw@liftoff.io,None,None,None,None,global,True
12302733,All exchanges,1528286345,all,2026-05-29,,internal,traffic-quality,Fraudulent apps identified via adhoc analysis: https://docs.google.com/document/d/1-lQ0h3WdTkYkWIO027QYvBxUVF2yRJrMh6-rKZaWeog,No,plaw@liftoff.io,None,None,None,None,global,True
12302733,All exchanges,org.united_family.ufwallet,all,2026-05-29,,internal,traffic-quality,Fraudulent apps identified via adhoc analysis: https://docs.google.com/document/d/1-lQ0h3WdTkYkWIO027QYvBxUVF2yRJrMh6-rKZaWeog,No,plaw@liftoff.io,None,None,None,None,global,True
12302733,All exchanges,com.cup.draw.liquids.test,all,2026-05-29,,internal,traffic-quality,Fraudulent apps identified via adhoc analysis: https://docs.google.com/document/d/1-lQ0h3WdTkYkWIO027QYvBxUVF2yRJrMh6-rKZaWeog,No,plaw@liftoff.io,None,None,None,None,global,True
12302733,All exchanges,com.sh.twoplayergame.mini.challenge,all,2026-05-29,,internal,traffic-quality,Fraudulent apps identified via adhoc analysis: https://docs.google.com/document/d/1-lQ0h3WdTkYkWIO027QYvBxUVF2yRJrMh6-rKZaWeog,No,plaw@liftoff.io,None,None,None,None,global,True
12302733,All exchanges,6746766185,all,2026-05-29,,internal,traffic-quality,Fraudulent apps identified via adhoc analysis: https://docs.google.com/document/d/1-lQ0h3WdTkYkWIO027QYvBxUVF2yRJrMh6-rKZaWeog,No,plaw@liftoff.io,None,None,None,None,global,True
12302733,All exchanges,com.hottrend.skibidi.toilet.monster.battle.idle.strategy.games,all,2026-05-29,,internal,traffic-quality,Fraudulent apps identified via adhoc analysis: https://docs.google.com/document/d/1-lQ0h3WdTkYkWIO027QYvBxUVF2yRJrMh6-rKZaWeog,No,plaw@liftoff.io,None,None,None,None,global,True
12298343,All exchanges,com.color.gem.block.puzzle.game,all,2026-05-29,2026-06-29,internal,traffic-quality,View Master Click Signals ABL,Yes,-,None,None,None,None,global,False
12302733,All exchanges,1630113018,all,2026-05-29,,internal,traffic-quality,Fraudulent apps identified via adhoc analysis: https://docs.google.com/document/d/1-lQ0h3WdTkYkWIO027QYvBxUVF2yRJrMh6-rKZaWeog,No,plaw@liftoff.io,None,None,None,None,global,True
12302733,All exchanges,1319771553,all,2026-05-29,,internal,traffic-quality,Fraudulent apps identified via adhoc analysis: https://docs.google.com/document/d/1-lQ0h3WdTkYkWIO027QYvBxUVF2yRJrMh6-rKZaWeog,No,plaw@liftoff.io,None,None,None,None,global,True
12302733,All exchanges,6748551482,all,2026-05-29,,internal,traffic-quality,Fraudulent apps identified via adhoc analysis: https://docs.google.com/document/d/1-lQ0h3WdTkYkWIO027QYvBxUVF2yRJrMh6-rKZaWeog,No,plaw@liftoff.io,None,None,None,None,global,True
12322229,All exchanges,1345405918,all,2026-06-01,2026-07-01,internal,traffic-quality,High new device and cellular mismatch rate ABL,Yes,-,None,None,None,None,global,False
12380200,All exchanges,com.qrscanner.lucky.barcode,all,2026-06-05,2026-07-05,internal,traffic-quality,View Master Click Signals ABL,Yes,-,None,None,None,None,global,False
12397690,All exchanges,com.kgames.dreamyislandbuilder,all,2026-06-06,2026-07-06,internal,traffic-quality,View Master Click Signals ABL,Yes,-,None,None,None,None,global,False
12402324,All exchanges,1635383933,all,2026-06-06,2026-07-06,internal,traffic-quality,High new device and cellular mismatch rate ABL,Yes,-,None,None,None,None,global,False
12397681,All exchanges,6471565204,all,2026-06-06,2026-07-06,internal,traffic-quality,View Master Click Signals ABL,Yes,-,None,None,None,None,global,False
12405420,All exchanges,6760331846,all,2026-06-07,2026-07-07,internal,traffic-quality,View Master Click Signals ABL,Yes,-,None,None,None,None,global,False
12414620,All exchanges,com.appsfabrica.healingtarot,all,2026-06-08,2026-07-08,internal,traffic-quality,High new device and cellular mismatch rate ABL,Yes,-,None,None,None,None,global,False
12412631,All exchanges,games.joker.jokerclub,all,2026-06-08,2026-07-08,internal,traffic-quality,View Master Click Signals ABL,Yes,-,None,None,None,None,global,False
12435422,All exchanges,com.fpl.offline.games,all,2026-06-10,2026-07-10,internal,traffic-quality,View Master Click Signals ABL,Yes,-,None,None,None,None,global,False
12454329,All exchanges,com.hcgames.waterjamsortpuzzlegp,all,2026-06-12,2026-07-12,internal,traffic-quality,View Master Click Signals ABL,Yes,-,None,None,None,None,global,False
12463938,VUNGLE,6503180820,all,2026-06-13,2026-06-27,internal,traffic-quality,Spend gate source app <> exchange ABL hourly,Yes,-,None,None,None,None,global,False
12463901,VUNGLE,6711355857,all,2026-06-13,2026-06-27,internal,traffic-quality,Spend gate source app <> exchange ABL hourly,Yes,-,None,None,None,None,global,False
12533456,VUNGLE,6459056553,all,2026-06-14,2026-06-28,internal,traffic-quality,Spend gate source app <> exchange ABL hourly,Yes,-,None,None,None,None,global,False
12561397,All exchanges,com.l.dan.darkestdungeon,all,2026-06-16,2026-07-16,internal,traffic-quality,High new device and cellular mismatch rate ABL,Yes,-,None,None,None,None,global,False
12568791,All exchanges,6478018709,all,2026-06-17,2026-07-17,internal,traffic-quality,High new device and cellular mismatch rate ABL,Yes,-,None,None,None,None,global,False
12565156,All exchanges,prankcall.entertaiment.fakechat.app,all,2026-06-17,2026-07-17,internal,traffic-quality,View Master Click Signals ABL,Yes,-,None,None,None,None,global,False
12569001,VUNGLE,1593856268,all,2026-06-17,2026-07-01,internal,traffic-quality,Spend gate source app <> exchange ABL hourly,Yes,-,None,None,None,None,global,False
12674065,All exchanges,com.vd.falcon.downloader,all,2026-06-18,2026-07-18,internal,traffic-quality,View Master Click Signals ABL,Yes,-,None,None,None,None,global,False
12798261,All exchanges,6772755415,all,2026-06-19,2026-07-19,internal,traffic-quality,View Master Click Signals ABL,Yes,-,None,None,None,None,global,False
12798264,All exchanges,com.sport.cornhole,all,2026-06-19,2026-07-19,internal,traffic-quality,View Master Click Signals ABL,Yes,-,None,None,None,None,global,False
12881196,VUNGLE,575849081,all,2026-06-20,2026-07-04,internal,traffic-quality,Spend gate source app <> exchange ABL hourly,Yes,-,None,None,None,None,global,False
12930207,All exchanges,6772755116,all,2026-06-20,2026-07-20,internal,traffic-quality,View Master Click Signals ABL,Yes,-,None,None,None,None,global,False
13036976,All exchanges,com.ludo.king,all,2026-06-21,2026-06-28,internal,traffic-quality,Android US Install gate,Yes,-,None,None,None,None,global,False
13036975,All exchanges,com.ludo.king,all,2026-06-21,2026-06-28,internal,traffic-quality,Android US Install gate,Yes,-,None,None,None,None,global,False
13077961,All exchanges,com.saver.video.downloader.pro,all,2026-06-22,2026-07-22,internal,traffic-quality,View Master Click Signals ABL,Yes,-,None,None,None,None,global,False
13200887,VUNGLE,1645118710,all,2026-06-24,2026-07-08,internal,traffic-quality,Spend gate source app <> exchange ABL hourly,Yes,-,None,None,None,None,global,False
