market_id,am_user_region,is_managed
1004216430,-,No
1006186775,EMEA,Yes
1009442510,Americas,Yes
1011626777,APAC,Yes
1015322991,EMEA,Yes
1017311881,-,No
1022267439,APAC,Yes
1023494154,-,No
1024506959,EMEA,Yes
1025707485,APAC,Yes
1028294311,APAC,Yes
1034630958,-,No
1035199024,APAC,Yes
1037758394,APAC,Yes
1037773731,EMEA,Yes
1044534198,Americas,Yes
1045516045,-,No
1045901853,EMEA,Yes
1046846443,EMEA,Yes
1047246341,Americas,Yes
1057889290,EMEA,Yes
1058370552,Americas,Yes
1061534032,-,No
1066752474,APAC,Yes
1067644352,EMEA,Yes
1068095192,Americas,Yes
1068204657,EMEA,Yes
1073082439,EMEA,Yes
1073286211,Americas,Yes
1073936461,EMEA,Yes
1075567730,APAC,Yes
1075939556,-,No
1076859004,APAC,Yes
1078160821,-,Yes
1080465358,EMEA,Yes
1084662006,APAC,Yes
1085652055,EMEA,Yes
1086101495,EMEA,Yes
1089336971,EMEA,Yes
1090274263,APAC,Yes
1090501422,EMEA,Yes
1091150912,EMEA,Yes
1093094653,-,No
1095254858,Americas,Yes
1095569891,Americas,Yes
1101848914,-,No
1103438575,Americas,Yes
1104692136,Americas,Yes
1105577194,EMEA,Yes
1109408248,EMEA,Yes
1112307917,EMEA,Yes
1115974495,-,No
1116645064,EMEA,Yes
1118431695,EMEA,Yes
1123582513,EMEA,Yes
1125011102,-,No
1126201781,APAC,Yes
1126477246,-,Yes
1130153523,APAC,Yes
1131995698,-,Yes
1132762804,Americas,Yes
1133138987,-,Yes
1134529728,-,No
1134789937,-,No
1138106620,Americas,Yes
1138284260,EMEA,Yes
1139609950,EMEA,Yes
1141379201,-,No
1146465836,EMEA,Yes
1152486011,-,No
1154402178,EMEA,Yes
1155324155,-,No
1162693632,APAC,Yes
1163163344,EMEA,Yes
1163678414,Americas,Yes
1163786766,APAC,Yes
1173486161,-,No
1174039276,EMEA,Yes
1175031987,EMEA,Yes
1176027022,Americas,Yes
1176147574,EMEA,Yes
1182341536,EMEA,Yes
1183839711,EMEA,Yes
1184806605,-,No
1186801988,EMEA,Yes
1187205113,-,Yes
1190849728,EMEA,Yes
1191435163,EMEA,Yes
1193154948,-,No
1193508329,EMEA,Yes
1193550697,-,Yes
1193933380,EMEA,Yes
1195638343,-,No
1196764367,Americas,Yes
1197354394,Americas,Yes
1197961218,-,No
1198143062,Americas,Yes
1200391796,EMEA,Yes
1201054588,APAC,Yes
1205265602,EMEA,Yes
1205558961,-,Yes
1206192281,-,No
1206967173,Americas,Yes
1207472156,Americas,Yes
1211118856,Americas,Yes
1212039074,EMEA,Yes
1212951043,-,Yes
1214190989,-,No
1214223596,Americas,Yes
1215254633,EMEA,Yes
1215477266,-,Yes
1215644103,-,No
1215668882,EMEA,Yes
1215933788,Americas,Yes
1216575026,APAC,Yes
1220307907,APAC,Yes
1221235593,-,Yes
1222511829,EMEA,Yes
1223338261,EMEA,Yes
1224933860,-,Yes
1225336402,-,No
1225867923,Americas,Yes
1226926872,Americas,Yes
1229618961,EMEA,Yes
1230057073,EMEA,Yes
1230892664,-,No
1234436634,-,No
1235581326,EMEA,Yes
1236817216,-,No
1239458501,EMEA,Yes
1241887528,-,No
1241932094,EMEA,Yes
1246165006,APAC,Yes
1247069377,-,No
1247362774,-,No
1250312807,APAC,Yes
1250783151,Americas,Yes
1252381815,EMEA,Yes
1252850847,Americas,Yes
1252857347,-,No
1256255831,-,No
1266569652,-,No
1269540854,Americas,Yes
1270598321,Americas,Yes
1274410503,APAC,Yes
1274972321,EMEA,Yes
1275023828,EMEA,Yes
1275760266,Americas,Yes
1275931502,-,No
1277486668,Americas,Yes
1278869953,EMEA,Yes
1282216562,Americas,Yes
1286370741,APAC,Yes
1286538410,-,Yes
1288430163,APAC,Yes
1289152098,EMEA,Yes
1294190634,-,No
1294957719,APAC,Yes
1297180034,-,No
1299421779,APAC,Yes
1300027167,APAC,Yes
1300500620,EMEA,Yes
1305241374,-,No
1306947001,-,No
1308012908,-,No
1308181322,EMEA,Yes
1313499187,EMEA,Yes
1314725881,-,No
1316004998,APAC,Yes
1317690198,APAC,Yes
1317978215,Americas,Yes
1318181304,EMEA,Yes
1318207091,-,Yes
1318233975,-,No
1318292856,EMEA,Yes
1319771553,APAC,Yes
1320730220,APAC,Yes
1324044770,EMEA,Yes
1324210753,-,No
1324604053,EMEA,Yes
1329183062,-,Yes
1331794412,Americas,Yes
1333256716,Americas,Yes
1334311990,EMEA,Yes
1337578317,EMEA,Yes
1340819732,EMEA,Yes
1340929016,EMEA,Yes
1342112505,APAC,Yes
1342468799,EMEA,Yes
1344700142,APAC,Yes
1345968745,EMEA,Yes
1347072403,-,Yes
1347123739,EMEA,Yes
1348676585,-,No
1349245161,-,No
1351283922,-,Yes
1351585483,-,No
1354796403,Americas,Yes
1355464544,EMEA,Yes
1356980152,APAC,Yes
1357131935,EMEA,Yes
1357464684,APAC,Yes
1357967682,EMEA,Yes
1359212059,-,No
1359706682,-,No
1360309966,EMEA,Yes
1365309175,APAC,Yes
1365548683,APAC,Yes
1366502697,EMEA,Yes
1369521645,EMEA,Yes
1370293473,Americas,Yes
1374403536,Americas,Yes
1375812275,APAC,Yes
1379080711,Americas,Yes
1380831764,Americas,Yes
1382466301,Americas,Yes
1385287093,APAC,Yes
1385421494,EMEA,Yes
1386718098,APAC,Yes
1386727308,-,Yes
1388988209,APAC,Yes
1389111413,EMEA,Yes
1389760587,EMEA,Yes
1390423469,APAC,Yes
1392685721,Americas,Yes
1397824035,APAC,Yes
1402384531,APAC,Yes
1404165333,APAC,Yes
1407852246,EMEA,Yes
1408624516,-,No
1409781798,-,Yes
1410235921,EMEA,Yes
1411304149,EMEA,Yes
1413770650,EMEA,Yes
1419918066,EMEA,Yes
1420058690,APAC,Yes
1420294918,Americas,Yes
1422791215,EMEA,Yes
1423046460,EMEA,Yes
1425793208,Americas,Yes
1432579280,EMEA,Yes
1434505322,Americas,Yes
1434648535,APAC,Yes
1435266087,-,No
1435567547,APAC,Yes
1435807944,EMEA,Yes
1436251125,EMEA,Yes
1436584861,APAC,Yes
1437615191,APAC,Yes
1437783446,EMEA,Yes
1437880869,APAC,Yes
1438413584,EMEA,Yes
1438522702,-,No
1439734180,-,No
1439776386,EMEA,Yes
1441501929,-,Yes
1441648201,EMEA,Yes
1441941417,APAC,Yes
1441949789,APAC,Yes
1441957412,APAC,Yes
1442571346,-,No
1442749804,APAC,Yes
1442895889,APAC,Yes
1443525538,EMEA,Yes
1444277220,-,No
1444318808,EMEA,Yes
1444813385,Americas,Yes
1444990764,APAC,Yes
1445135380,EMEA,Yes
1445472541,Americas,Yes
1445691600,EMEA,Yes
1445894754,-,No
1446254576,EMEA,Yes
1446458226,-,Yes
1447924266,APAC,Yes
1450264153,EMEA,Yes
1450525958,-,Yes
1450542818,Americas,Yes
1451505313,EMEA,Yes
1451810395,EMEA,Yes
1452526406,EMEA,Yes
1452992954,EMEA,Yes
1454010667,EMEA,Yes
1454213029,EMEA,Yes
1454365869,APAC,Yes
1454637812,APAC,Yes
1454709572,APAC,Yes
1455654495,EMEA,Yes
1456596043,EMEA,Yes
1456732568,EMEA,Yes
1456989345,APAC,Yes
1458095674,EMEA,Yes
1458740001,APAC,Yes
1458847618,-,No
1459059300,APAC,Yes
1459090715,APAC,Yes
1459096306,-,No
1459550704,-,No
1459576037,Americas,Yes
1459645446,EMEA,Yes
1459833443,EMEA,Yes
1460130689,-,No
1460772578,-,Yes
1461037869,APAC,Yes
1461749632,EMEA,Yes
1462123372,Americas,Yes
1462275913,-,No
1462582860,EMEA,Yes
1462762106,EMEA,Yes
1462911602,EMEA,Yes
1463360096,-,No
1463509237,APAC,Yes
1464110272,-,No
1464689103,EMEA,Yes
1465731199,EMEA,Yes
1466180579,APAC,Yes
1466197423,APAC,Yes
1466292431,EMEA,Yes
1466297045,Americas,Yes
1466346433,-,Yes
1467648713,-,No
1468882189,-,No
1469506430,APAC,Yes
1470015029,-,No
1470373330,EMEA,Yes
1470916090,-,No
1471490637,-,No
1471508186,-,No
1471592644,APAC,Yes
1471955633,APAC,Yes
1472148728,APAC,Yes
1472419762,EMEA,Yes
1473024868,EMEA,Yes
1473424857,EMEA,Yes
1473774730,-,No
1474134013,-,No
1474895183,-,No
1475514684,EMEA,Yes
1476189685,-,No
1476429715,EMEA,Yes
1477336151,-,No
1477606785,-,No
1477775889,-,No
1477841973,APAC,Yes
1477939455,-,No
1478225590,-,No
1478629374,-,Yes
1478739003,-,No
1478861703,-,No
1479008577,-,No
1479140024,-,No
1479825634,-,No
1480191929,EMEA,Yes
1480338372,Americas,Yes
1480383173,-,Yes
1480804805,-,No
1481457207,EMEA,Yes
1481463413,-,Yes
1482382774,EMEA,Yes
1482887935,APAC,Yes
1483791820,-,No
1483885448,APAC,Yes
1483901554,EMEA,Yes
1483965969,-,No
1484442152,EMEA,Yes
1484461621,EMEA,Yes
1484468651,EMEA,Yes
1484750572,APAC,Yes
1486214495,EMEA,Yes
1487212912,EMEA,Yes
1487607878,Americas,Yes
1487708678,Americas,Yes
1487882541,Americas,Yes
1487907763,APAC,Yes
1488212261,EMEA,Yes
1488430631,APAC,Yes
1488473484,APAC,Yes
1489653183,EMEA,Yes
1490398089,-,Yes
1490819262,-,No
1492055041,-,No
1492160489,EMEA,Yes
1492285103,EMEA,Yes
1492451796,EMEA,Yes
1492458803,-,No
1492887856,APAC,Yes
1492890563,-,No
1494293929,EMEA,Yes
1494648714,APAC,Yes
1494685132,-,No
1494686273,EMEA,Yes
1494889863,EMEA,Yes
1495369374,EMEA,Yes
1496007149,-,No
1496354836,EMEA,Yes
1496599497,EMEA,Yes
1496661753,Americas,Yes
1497532365,EMEA,Yes
1498222593,EMEA,Yes
1498438583,EMEA,Yes
1498533791,Americas,Yes
1498647947,APAC,Yes
1498731586,EMEA,Yes
1498889847,APAC,Yes
1498901771,EMEA,Yes
1499037600,APAC,Yes
1499081620,EMEA,Yes
1499114408,-,Yes
1499756879,APAC,Yes
1499936245,APAC,Yes
1500251668,Americas,Yes
1500726361,EMEA,Yes
1500848920,-,No
1500855883,APAC,Yes
1501316113,-,No
1501771464,-,Yes
1502088179,-,No
1502193377,APAC,Yes
1502370160,APAC,Yes
1502383491,EMEA,Yes
1502447854,Americas,Yes
1503082253,Americas,Yes
1503221765,Americas,Yes
1503251395,EMEA,Yes
1504361627,EMEA,Yes
1504434984,EMEA,Yes
1505684382,-,No
1505735640,EMEA,Yes
1508418993,Americas,Yes
1508490923,-,Yes
1508864310,APAC,Yes
1509042572,EMEA,Yes
1509154892,APAC,Yes
1509325230,-,No
1509432873,-,Yes
1509450845,APAC,Yes
1509453185,APAC,Yes
1509517244,EMEA,Yes
1509907307,APAC,Yes
1510322856,EMEA,Yes
1512265589,Americas,Yes
1512407890,Americas,Yes
1514542157,APAC,Yes
1516617231,EMEA,Yes
1516779222,EMEA,Yes
1517375267,-,Yes
1517805311,EMEA,Yes
1518047412,-,Yes
1518389230,EMEA,Yes
1518975917,EMEA,Yes
1519174001,EMEA,Yes
1519726590,APAC,Yes
1519736382,EMEA,Yes
1520136416,APAC,Yes
1521236603,EMEA,Yes
1522266397,EMEA,Yes
1522443519,APAC,Yes
1522699215,-,Yes
1523254222,-,No
1523297725,EMEA,Yes
1523445785,APAC,Yes
1523673634,EMEA,Yes
1524272623,-,No
1524477967,-,No
1524804183,EMEA,Yes
1525692339,EMEA,Yes
1525880838,EMEA,Yes
1526098139,EMEA,Yes
1526121033,EMEA,Yes
1526599527,APAC,Yes
1526814040,EMEA,Yes
1527000173,-,No
1528066727,EMEA,Yes
1528286345,-,No
1528333833,EMEA,Yes
1528940523,EMEA,Yes
1528941310,APAC,Yes
1529595468,EMEA,Yes
1529860201,APAC,Yes
1530149106,-,No
1530351754,EMEA,Yes
1531533468,Americas,Yes
1531594277,-,No
1531670603,APAC,Yes
1532195192,-,No
1532689217,APAC,Yes
1532851708,EMEA,Yes
1532887006,EMEA,Yes
1532957173,EMEA,Yes
1533234933,EMEA,Yes
1534126062,-,Yes
1534740597,EMEA,Yes
1536578421,-,Yes
1536584509,EMEA,Yes
1536804215,Americas,Yes
1538433480,Americas,Yes
1538912205,APAC,Yes
1539641263,APAC,Yes
1540199322,APAC,Yes
1540312859,Americas,Yes
1540919737,EMEA,Yes
1541995347,APAC,Yes
1542336300,EMEA,Yes
1542340137,-,No
1542776143,EMEA,Yes
1543158709,APAC,Yes
1543160727,EMEA,Yes
1543351744,APAC,Yes
1543659588,APAC,Yes
1543845882,EMEA,Yes
1544022385,EMEA,Yes
1544706956,APAC,Yes
1544750895,Americas,Yes
1545567989,EMEA,Yes
1546650805,EMEA,Yes
1547126459,-,No
1547974558,EMEA,Yes
1550569446,APAC,Yes
1550617374,EMEA,Yes
1550617472,-,No
1550945606,APAC,Yes
1551079603,APAC,Yes
1552170684,-,No
1552406178,EMEA,Yes
1552855579,EMEA,Yes
1553126598,-,No
1553882885,EMEA,Yes
1553900372,EMEA,Yes
1554995201,-,No
1556321339,-,No
1556385751,APAC,Yes
1556387896,-,No
1557357811,Americas,Yes
1557392270,APAC,Yes
1557618225,-,No
1558723050,EMEA,Yes
1558953048,-,No
1559784375,APAC,Yes
1560124228,EMEA,Yes
1561787250,Americas,Yes
1561931423,-,No
1562663583,APAC,Yes
1562817072,EMEA,Yes
1563215345,Americas,Yes
1563680484,APAC,Yes
1564045421,APAC,Yes
1564143097,-,Yes
1564386657,-,No
1564391515,APAC,Yes
1564657118,EMEA,Yes
1564694267,-,Yes
1565310917,APAC,Yes
1565374299,EMEA,Yes
1567396557,-,Yes
1567518591,-,No
1567905012,-,No
1568048467,EMEA,Yes
1568107572,-,Yes
1569717591,Americas,Yes
1569776448,EMEA,Yes
1570364249,Americas,Yes
1570525877,EMEA,Yes
1571487050,EMEA,Yes
1571972385,-,No
1572616704,EMEA,Yes
1572661625,EMEA,Yes
1572726361,Americas,Yes
1572977212,EMEA,Yes
1573039936,EMEA,Yes
1573861950,-,No
1574142720,-,No
1574288522,APAC,Yes
1574856548,EMEA,Yes
1575544562,EMEA,Yes
1575680675,APAC,Yes
1575945815,EMEA,Yes
1576740922,EMEA,Yes
1577144445,EMEA,Yes
1577149475,APAC,Yes
1577495806,-,Yes
1577533842,APAC,Yes
1577705074,APAC,Yes
1577721431,APAC,Yes
1577896814,APAC,Yes
1577970257,EMEA,Yes
1578681725,EMEA,Yes
1578906034,APAC,Yes
1579067129,-,Yes
1579215073,-,No
1579282999,APAC,Yes
1579356887,EMEA,Yes
1579627034,-,No
1579693904,EMEA,Yes
1580092431,-,No
1580105392,EMEA,Yes
1580284904,-,No
1580601028,Americas,Yes
1580603339,EMEA,Yes
1580695082,EMEA,Yes
1580864714,APAC,Yes
1582922615,-,No
1582977163,EMEA,Yes
1583461846,EMEA,Yes
1583884012,EMEA,Yes
1583888926,APAC,Yes
1584343172,APAC,Yes
1584415753,Americas,Yes
1584596271,APAC,Yes
1584600717,APAC,Yes
1585297796,-,No
1585636302,-,Yes
1586980403,EMEA,Yes
1587664214,EMEA,Yes
1587847179,-,No
1588004069,-,Yes
1588050679,-,No
1588094496,EMEA,Yes
1589094825,-,No
1589311166,-,Yes
1589591729,APAC,Yes
1589643727,APAC,Yes
1589762792,APAC,Yes
1590501430,EMEA,Yes
1591542521,EMEA,Yes
1591773562,-,No
1591887467,APAC,Yes
1592275133,-,No
1593841717,-,No
1595314851,EMEA,Yes
1595520620,-,No
1596200530,APAC,Yes
1596254632,APAC,Yes
1596314588,EMEA,Yes
1597696999,EMEA,Yes
1597897013,APAC,Yes
1598997500,Americas,Yes
1599116583,-,No
1599612633,EMEA,Yes
1599675538,APAC,Yes
1600010263,-,Yes
1600034464,EMEA,Yes
1600525061,Americas,Yes
1600871388,EMEA,Yes
1600979855,EMEA,Yes
1602149052,EMEA,Yes
1602458018,APAC,Yes
1602508478,Americas,Yes
1602652110,EMEA,Yes
1603547374,-,No
1603801118,APAC,Yes
1605952409,Americas,Yes
1606052733,Americas,Yes
1606672722,-,Yes
1606711349,Americas,Yes
1607255631,APAC,Yes
1608019937,EMEA,Yes
1608313467,-,No
1608898173,-,No
1608987929,-,No
1609011110,APAC,Yes
1609254754,EMEA,Yes
1609435474,EMEA,Yes
1609906813,APAC,Yes
1610705065,APAC,Yes
1610773520,-,Yes
1611722542,EMEA,Yes
1611957727,APAC,Yes
1612037250,APAC,Yes
1612163874,EMEA,Yes
1612649389,APAC,Yes
1613095212,APAC,Yes
1613306194,APAC,Yes
1613518443,EMEA,Yes
1613980485,EMEA,Yes
1614210785,APAC,Yes
1614255010,-,Yes
1614576854,APAC,Yes
1614588021,-,Yes
1615015886,APAC,Yes
1615744942,-,No
1615768339,EMEA,Yes
1615960653,EMEA,Yes
1616629991,APAC,Yes
1617250285,APAC,Yes
1617268672,EMEA,Yes
1617391485,APAC,Yes
1617528169,-,No
1618041797,APAC,Yes
1618557295,APAC,Yes
1618981273,EMEA,Yes
1619069201,EMEA,Yes
1619316571,-,No
1619320898,EMEA,Yes
1619502855,EMEA,Yes
1620319602,APAC,Yes
1620499741,APAC,Yes
1621292271,EMEA,Yes
1622502023,-,No
1622939649,APAC,Yes
1623328997,-,No
1623950531,APAC,Yes
1624031074,-,No
1624476041,EMEA,Yes
1624606445,APAC,Yes
1624660874,-,Yes
1625097467,APAC,Yes
1625127917,EMEA,Yes
1626015311,-,Yes
1626379167,-,No
1627603502,-,No
1627670895,-,No
1627929775,EMEA,Yes
1629429171,EMEA,Yes
1629477748,-,Yes
1629568451,APAC,Yes
1630113018,APAC,Yes
1630343674,APAC,Yes
1630377011,-,No
1630754153,EMEA,Yes
1632394742,APAC,Yes
1632742662,EMEA,Yes
1632915087,EMEA,Yes
1633015266,APAC,Yes
1633021483,-,Yes
1633296501,-,No
1633307858,Americas,Yes
1633417917,-,No
1635760774,EMEA,Yes
1635937463,APAC,Yes
1636072966,-,No
1636235979,APAC,Yes
1636421452,APAC,Yes
1636821805,-,Yes
1636832060,-,No
1637036778,-,No
1637040599,APAC,Yes
1637573688,APAC,Yes
1638139403,APAC,Yes
1638253339,APAC,Yes
1638262763,EMEA,Yes
1638860459,-,No
1639538320,EMEA,Yes
1639555059,EMEA,Yes
1639683472,APAC,Yes
1640521829,-,No
1640653011,-,Yes
1640670179,EMEA,Yes
1640988416,EMEA,Yes
1641085395,EMEA,Yes
1641086679,EMEA,Yes
1641107226,APAC,Yes
1641638840,APAC,Yes
1641866958,-,No
1642483304,EMEA,Yes
1643112111,-,No
1643481036,APAC,Yes
1643490400,-,No
1643509748,APAC,Yes
1643547847,Americas,Yes
1643639238,APAC,Yes
1643658342,EMEA,Yes
1643814460,-,No
1644099880,EMEA,Yes
1644671834,-,No
1644847077,EMEA,Yes
1645281275,EMEA,Yes
1645842987,APAC,Yes
1658308218,EMEA,Yes
1658495567,EMEA,Yes
1658731096,-,No
1658958534,APAC,Yes
1659408861,-,Yes
1660171117,APAC,Yes
1660186804,EMEA,Yes
1660947900,EMEA,Yes
1661095183,APAC,Yes
1661773583,EMEA,Yes
1661790429,APAC,Yes
1661940596,-,No
1662065581,EMEA,Yes
1662335371,EMEA,Yes
1662377012,EMEA,Yes
1663431964,-,No
1663471569,-,No
1664095058,EMEA,Yes
1664162753,APAC,Yes
1664415775,EMEA,Yes
1664439556,-,No
1664686966,APAC,Yes
1664850606,APAC,Yes
1665166199,EMEA,Yes
1665530069,-,Yes
1665534616,-,No
1667264724,EMEA,Yes
1667330464,EMEA,Yes
1667538256,EMEA,Yes
1667613019,-,No
1668157669,EMEA,Yes
1668978545,APAC,Yes
1669151151,-,No
1669210469,EMEA,Yes
1669217910,APAC,Yes
1671315416,APAC,Yes
1671600457,EMEA,Yes
1671651176,EMEA,Yes
1671705818,Americas,Yes
1671991909,APAC,Yes
1672225232,EMEA,Yes
281940292,Americas,Yes
286225933,-,No
289523017,Americas,Yes
289560144,-,No
291374609,Americas,Yes
295646461,Americas,Yes
301987699,Americas,Yes
302324249,Americas,Yes
305343404,Americas,Yes
306310789,Americas,Yes
309409628,Americas,Yes
314716233,Americas,Yes
319881193,Americas,Yes
321916506,Americas,Yes
329218549,Americas,Yes
336435697,APAC,Yes
342138881,APAC,Yes
351331194,EMEA,Yes
356928178,EMEA,Yes
357218860,Americas,Yes
358899126,Americas,Yes
359917414,Americas,Yes
364909474,-,No
366247306,Americas,Yes
370406465,EMEA,Yes
372648912,Americas,Yes
377194688,EMEA,Yes
381672587,-,No
382002079,EMEA,Yes
382233851,EMEA,Yes
382617920,EMEA,Yes
388175979,-,No
388389451,APAC,Yes
388627783,APAC,Yes
392936881,EMEA,Yes
393048976,Americas,Yes
395979574,Americas,Yes
396869519,EMEA,Yes
398129933,-,Yes
398157427,EMEA,Yes
398890666,-,No
399355755,Americas,Yes
400201466,-,No
412453843,-,No
416048305,APAC,Yes
416345319,EMEA,Yes
417571834,-,Yes
421997825,EMEA,Yes
421998342,EMEA,Yes
422667065,-,No
428312806,EMEA,Yes
429610587,EMEA,Yes
437447439,-,No
443369807,-,No
444680675,EMEA,Yes
444741112,Americas,Yes
445338486,EMEA,Yes
447553564,EMEA,Yes
454690785,-,No
456355158,-,No
456933691,APAC,Yes
458035189,APAC,Yes
458056343,APAC,Yes
459035295,EMEA,Yes
462678375,-,Yes
466965151,Americas,Yes
466970942,-,No
468996152,Americas,Yes
469463298,EMEA,Yes
470272134,APAC,Yes
475360935,EMEA,Yes
475976577,-,No
478686126,-,No
479280326,Americas,Yes
480951901,Americas,Yes
485690959,EMEA,Yes
486363584,Americas,Yes
487025819,Americas,Yes
488575683,EMEA,Yes
494792609,Americas,Yes
498477945,EMEA,Yes
500962489,Americas,Yes
500963785,Americas,Yes
504368649,Americas,Yes
506627515,EMEA,Yes
512939461,EMEA,Yes
514485964,Americas,Yes
516561342,APAC,Yes
517539894,EMEA,Yes
521671873,Americas,Yes
525958087,Americas,Yes
526641427,Americas,Yes
526783584,-,No
529652920,-,No
535500008,EMEA,Yes
538290595,EMEA,Yes
543186831,EMEA,Yes
543577420,-,No
545551605,-,Yes
547166701,APAC,Yes
553834731,Americas,Yes
554067740,APAC,Yes
554936514,EMEA,Yes
554936942,EMEA,Yes
556429085,-,No
561326449,Americas,Yes
561941526,EMEA,Yes
564177498,EMEA,Yes
564540143,EMEA,Yes
569077959,Americas,Yes
569532697,EMEA,Yes
570060128,Americas,Yes
571393580,EMEA,Yes
571801488,EMEA,Yes
572395608,-,Yes
572821456,Americas,Yes
579581125,Americas,Yes
580935508,Americas,Yes
587366035,Americas,Yes
591560124,Americas,Yes
592331499,APAC,Yes
593715088,Americas,Yes
594802437,EMEA,Yes
595558452,EMEA,Yes
596642855,APAC,Yes
604044220,EMEA,Yes
605569663,EMEA,Yes
608206510,Americas,Yes
622434129,APAC,Yes
623158699,EMEA,Yes
625978965,-,No
632064380,EMEA,Yes
640111933,-,No
642713723,-,No
642831690,EMEA,Yes
6443444176,EMEA,Yes
6443484197,EMEA,Yes
6443484884,APAC,Yes
6443538544,APAC,Yes
6443615831,-,No
6443624260,EMEA,Yes
6443760593,APAC,Yes
6443778922,-,No
6443785203,APAC,Yes
6443830002,-,No
6443844165,APAC,Yes
6443877326,APAC,Yes
6443895159,APAC,Yes
6443951277,EMEA,Yes
6443953841,-,No
6443956188,EMEA,Yes
6443994440,-,No
6444018042,APAC,Yes
6444042347,-,No
6444054235,-,No
6444054575,APAC,Yes
6444056676,EMEA,Yes
6444132988,EMEA,Yes
6444147536,APAC,Yes
6444185560,EMEA,Yes
6444204893,-,No
6444312211,EMEA,Yes
6444322662,-,No
6444326882,-,No
6444340172,APAC,Yes
6444416655,EMEA,Yes
6444472089,-,No
6444585377,-,Yes
6444656876,EMEA,Yes
6444689949,APAC,Yes
6444769217,APAC,Yes
6444798951,APAC,Yes
6444837964,APAC,Yes
6444946155,EMEA,Yes
6445905219,APAC,Yes
6445974852,APAC,Yes
6445977629,-,No
6445977978,APAC,Yes
6446005634,APAC,Yes
6446072175,-,Yes
6446084109,EMEA,Yes
6446140658,APAC,Yes
6446154235,-,No
6446321346,EMEA,Yes
6446354191,Americas,Yes
6446419380,APAC,Yes
6446621231,-,No
6446649479,EMEA,Yes
6446669987,APAC,Yes
6446832902,-,No
6446890132,EMEA,Yes
6446891485,EMEA,Yes
6446891577,EMEA,Yes
6447461923,EMEA,Yes
6447543328,APAC,Yes
6447543971,APAC,Yes
6447738224,APAC,Yes
6447806780,APAC,Yes
6448104157,EMEA,Yes
6448133226,EMEA,Yes
6448212634,-,No
6448392144,APAC,Yes
6448493522,Americas,Yes
6448496802,APAC,Yes
6448901215,-,No
6449015348,Americas,Yes
6449081338,APAC,Yes
6449190344,APAC,Yes
6449206831,Americas,Yes
6449243946,APAC,Yes
6449427809,EMEA,Yes
6449432839,-,No
6449462160,-,No
6449486871,APAC,Yes
6449602615,-,No
6449768318,-,No
6449919224,EMEA,Yes
6449963463,APAC,Yes
6449972885,-,No
6450138816,APAC,Yes
6450177314,EMEA,Yes
6450243852,APAC,Yes
6450262209,EMEA,Yes
6450266295,EMEA,Yes
6450400097,EMEA,Yes
6450409028,APAC,Yes
6450409974,Americas,Yes
6450533547,EMEA,Yes
6450601866,EMEA,Yes
6450622838,EMEA,Yes
6450642180,APAC,Yes
6450786835,-,No
6450917563,APAC,Yes
6450951758,EMEA,Yes
6451196310,APAC,Yes
6451208928,EMEA,Yes
6451237392,APAC,Yes
6451383609,EMEA,Yes
6451460845,APAC,Yes
6451466693,-,No
6451474259,APAC,Yes
6452119853,Americas,Yes
6452723380,-,No
6452756347,EMEA,Yes
6452799970,EMEA,Yes
6453159988,Americas,Yes
6453160745,-,No
6453362362,-,No
6453477632,APAC,Yes
6453522960,EMEA,Yes
6453701396,APAC,Yes
6455128706,EMEA,Yes
6455955230,EMEA,Yes
6456888364,-,No
645704840,-,Yes
6458049689,Americas,Yes
6458097001,EMEA,Yes
6458189799,-,No
6458734128,EMEA,Yes
6458741147,EMEA,Yes
6459449232,APAC,Yes
6462018010,-,No
6462385558,-,No
6462401102,Americas,Yes
6463116093,-,No
6463127238,Americas,Yes
6463128982,EMEA,Yes
6463229324,-,Yes
6463251779,APAC,Yes
6463385610,Americas,Yes
6463407154,EMEA,Yes
6463469484,-,No
6463493974,EMEA,Yes
6463597943,Americas,Yes
6463711142,EMEA,Yes
6463730695,APAC,Yes
6463845310,-,No
6464002625,APAC,Yes
6464027909,APAC,Yes
6464395186,EMEA,Yes
6464439483,Americas,Yes
6465175605,-,Yes
6465757616,APAC,Yes
6465991018,EMEA,Yes
6466376023,-,No
6466394286,APAC,Yes
6466411418,EMEA,Yes
6466648550,EMEA,Yes
6466786607,EMEA,Yes
6466972408,APAC,Yes
6467069354,APAC,Yes
6467104147,-,No
6467129396,EMEA,Yes
6467189759,APAC,Yes
6467385373,-,No
6467385765,APAC,Yes
6467606448,EMEA,Yes
6468482482,-,No
6468650387,-,No
6468810871,EMEA,Yes
6468921495,APAC,Yes
6468921590,APAC,Yes
6469018045,-,No
6469306922,EMEA,Yes
6469495213,EMEA,Yes
6469584506,-,No
6469609802,EMEA,Yes
6469688737,APAC,Yes
6469697137,-,Yes
6469732370,-,Yes
6470175895,-,No
6470349238,APAC,Yes
6470361035,APAC,Yes
6470454873,EMEA,Yes
6470773609,APAC,Yes
6470903137,-,No
6470972318,Americas,Yes
6470975804,APAC,Yes
6470997339,APAC,Yes
6471257321,Americas,Yes
6471364763,EMEA,Yes
6471480012,-,No
6471549755,APAC,Yes
6471572249,APAC,Yes
6471574557,EMEA,Yes
6471608906,EMEA,Yes
6471960010,APAC,Yes
6471970525,APAC,Yes
6472251806,APAC,Yes
6472426288,APAC,Yes
6472626772,-,Yes
6472647574,APAC,Yes
6472662399,EMEA,Yes
6472705058,APAC,Yes
6472717515,EMEA,Yes
6473000893,APAC,Yes
6473073392,APAC,Yes
6473152241,APAC,Yes
6473519961,APAC,Yes
6473779563,EMEA,Yes
6473832648,APAC,Yes
6473832798,EMEA,Yes
6474006815,APAC,Yes
6474133872,EMEA,Yes
6474540712,-,No
6474563190,-,No
6474659972,APAC,Yes
6474685600,EMEA,Yes
6474759320,-,Yes
6474862669,EMEA,Yes
6474995152,APAC,Yes
6475051414,EMEA,Yes
6475168012,EMEA,Yes
6475333050,APAC,Yes
6475672172,EMEA,Yes
6475673897,EMEA,Yes
6475720190,APAC,Yes
6475767221,APAC,Yes
6475989681,-,Yes
6476077211,APAC,Yes
6476144780,EMEA,Yes
6476556796,APAC,Yes
6476599889,APAC,Yes
6476762693,EMEA,Yes
6476893083,EMEA,Yes
6477293095,-,No
6477358134,EMEA,Yes
6477473675,Americas,Yes
6477771449,EMEA,Yes
6477860482,APAC,Yes
6477943653,EMEA,Yes
6478063606,APAC,Yes
6478136569,APAC,Yes
6478150057,EMEA,Yes
6478165997,EMEA,Yes
6478273116,APAC,Yes
6478497359,APAC,Yes
6478563961,EMEA,Yes
6478573014,APAC,Yes
6478589037,EMEA,Yes
6478645207,APAC,Yes
6478781395,-,No
6478901531,-,No
6478904745,-,No
6478906112,-,No
6478906127,-,No
6478906331,-,No
6478919347,Americas,Yes
6479165492,-,Yes
6479171803,EMEA,Yes
6479234830,APAC,Yes
6479279339,APAC,Yes
6479338269,APAC,Yes
6479348235,APAC,Yes
6479386856,APAC,Yes
6479394113,APAC,Yes
6479434603,EMEA,Yes
6479516078,APAC,Yes
6479528256,-,No
6479595396,EMEA,Yes
6479604972,APAC,Yes
6479629288,-,No
6479694095,Americas,Yes
6479882092,EMEA,Yes
6479892998,APAC,Yes
6479971966,Americas,Yes
6479984405,APAC,Yes
6479984627,APAC,Yes
6479996118,EMEA,Yes
6480020380,-,No
6480044742,Americas,Yes
6480159281,-,No
6480174499,EMEA,Yes
6480446838,APAC,Yes
6480453647,Americas,Yes
6480512679,-,No
6480585904,APAC,Yes
6480590877,APAC,Yes
6482849843,APAC,Yes
6483808161,-,No
6484507868,-,No
6489580730,APAC,Yes
649260774,Americas,Yes
6496203618,-,Yes
6497224256,-,No
6498701816,APAC,Yes
6498791610,Americas,Yes
6498883328,APAC,Yes
6499129174,EMEA,Yes
6499139132,APAC,Yes
6499201060,APAC,Yes
6499209500,EMEA,Yes
6499306754,EMEA,Yes
6499306806,APAC,Yes
6499307202,APAC,Yes
6499426461,EMEA,Yes
6499506776,APAC,Yes
6499528122,EMEA,Yes
6502284853,APAC,Yes
6502341730,EMEA,Yes
6502436178,-,No
6502467585,Americas,Yes
6502480735,-,No
6502820312,-,No
6502889195,-,No
6502889278,-,No
6502976033,EMEA,Yes
6502993545,-,No
6503046890,APAC,Yes
6503060634,EMEA,Yes
6503184925,APAC,Yes
6503234067,-,No
6503242718,-,No
6503286894,APAC,Yes
6503290222,Americas,Yes
6503300442,EMEA,Yes
6503342568,APAC,Yes
6503579350,APAC,Yes
6503579454,-,Yes
6503621359,APAC,Yes
6503622930,APAC,Yes
6503636810,APAC,Yes
6503679213,APAC,Yes
650371821,EMEA,Yes
6503810607,-,No
6503891994,APAC,Yes
6503892364,-,No
6503934461,APAC,Yes
6504183751,EMEA,Yes
6504188939,EMEA,Yes
6504239128,EMEA,Yes
6504279468,APAC,Yes
6504287322,EMEA,Yes
6504324020,APAC,Yes
6504332779,EMEA,Yes
6504391722,APAC,Yes
6504396553,-,No
6504406180,EMEA,Yes
6504421808,EMEA,Yes
6504559449,-,No
6504635873,EMEA,Yes
6504755276,EMEA,Yes
6504849169,APAC,Yes
6504851426,APAC,Yes
6504975414,APAC,Yes
6505095234,APAC,Yes
6511226266,APAC,Yes
6511233488,APAC,Yes
6511238101,Americas,Yes
6514316666,-,No
651510680,Americas,Yes
6523422928,-,No
6523424272,EMEA,Yes
6523426459,EMEA,Yes
6526483945,APAC,Yes
6532601126,-,Yes
653508448,EMEA,Yes
6547838700,APAC,Yes
6547847764,APAC,Yes
6547858927,EMEA,Yes
6550884739,EMEA,Yes
6550913213,APAC,Yes
6553988949,APAC,Yes
656971078,Americas,Yes
657500465,EMEA,Yes
6575361559,APAC,Yes
6578432949,APAC,Yes
6590876141,EMEA,Yes
6593663767,-,Yes
6596755279,EMEA,Yes
6599838025,APAC,Yes
6608975929,EMEA,Yes
6612024746,EMEA,Yes
6615081560,EMEA,Yes
6630385879,EMEA,Yes
6633422058,APAC,Yes
6633425539,APAC,Yes
6633436144,APAC,Yes
6636479356,-,No
6636479503,-,No
6636480682,APAC,Yes
6636495643,Americas,Yes
6636520469,-,No
6636534165,-,No
6642698438,APAC,Yes
6648791704,EMEA,Yes
6653828904,EMEA,Yes
6654914710,Americas,Yes
6657991384,Americas,Yes
6661024747,EMEA,Yes
6667100711,APAC,Yes
6670187618,APAC,Yes
6670187846,APAC,Yes
6670268327,-,No
6670430706,APAC,Yes
6670437571,Americas,Yes
6670481322,-,No
6670753826,-,Yes
6670755431,-,No
6670761925,APAC,Yes
6670779651,APAC,Yes
6670798365,EMEA,Yes
667631535,-,No
6677038109,Americas,Yes
6680173006,-,No
6689494714,APAC,Yes
6689514329,EMEA,Yes
6689516283,APAC,Yes
6692629257,EMEA,Yes
6695735754,EMEA,Yes
6711343544,Americas,Yes
6720728334,-,Yes
6720748231,EMEA,Yes
672150402,EMEA,Yes
6730118370,APAC,Yes
6733244789,EMEA,Yes
6736378756,APAC,Yes
6736580540,EMEA,Yes
6736605109,APAC,Yes
6736641897,EMEA,Yes
6736705775,EMEA,Yes
6736725852,APAC,Yes
6736825397,APAC,Yes
6736881102,-,No
6736892055,APAC,Yes
6736932613,-,No
6736939387,APAC,Yes
6736975291,Americas,Yes
6737053336,-,No
6737214802,APAC,Yes
6737221366,APAC,Yes
6737226396,EMEA,Yes
6737504804,APAC,Yes
6737542739,APAC,Yes
6737546836,Americas,Yes
6737566726,EMEA,Yes
6737678400,APAC,Yes
6737748858,-,No
6737751521,APAC,Yes
6737798877,APAC,Yes
6737799378,APAC,Yes
6737836448,-,Yes
6737854991,Americas,Yes
6737967590,EMEA,Yes
6737988220,APAC,Yes
6738053663,EMEA,Yes
6738069648,APAC,Yes
6738110192,APAC,Yes
6738118862,APAC,Yes
6738170692,APAC,Yes
6738239508,APAC,Yes
6738323233,EMEA,Yes
6738333688,APAC,Yes
6738350437,EMEA,Yes
6738373871,APAC,Yes
6738555889,APAC,Yes
6738576262,APAC,Yes
6738635256,APAC,Yes
6738676421,APAC,Yes
6738692514,EMEA,Yes
6738692917,-,No
6738694162,APAC,Yes
6738767164,-,Yes
6738771575,APAC,Yes
6738808667,APAC,Yes
6738904704,-,No
6738936894,APAC,Yes
6739026200,-,No
6739069151,Americas,Yes
6739215084,APAC,Yes
6739243981,APAC,Yes
6739246483,APAC,Yes
6739255199,EMEA,Yes
6739317104,APAC,Yes
6739333674,APAC,Yes
6739344416,-,No
6739414342,APAC,Yes
6739490118,APAC,Yes
6739518505,-,No
6739537500,APAC,Yes
6739537711,APAC,Yes
6739552291,-,No
6739560182,APAC,Yes
6739611934,APAC,Yes
6739694698,APAC,Yes
6739696715,EMEA,Yes
6739799448,APAC,Yes
6740043080,APAC,Yes
6740137601,APAC,Yes
6740168334,EMEA,Yes
6740177168,-,No
6740225830,APAC,Yes
6740259893,EMEA,Yes
6740300910,APAC,Yes
6740371008,-,Yes
6740403689,EMEA,Yes
6740422519,APAC,Yes
6740510106,APAC,Yes
6740520597,APAC,Yes
6740551887,-,No
6740568271,APAC,Yes
6740616658,APAC,Yes
6740766025,EMEA,Yes
6740776386,-,No
6740777445,EMEA,Yes
6740789313,APAC,Yes
6740790110,APAC,Yes
6740793973,APAC,Yes
6740805923,EMEA,Yes
6740810134,-,No
6740840220,APAC,Yes
6741000770,APAC,Yes
6741057379,-,No
6741060534,-,No
6741111070,Americas,Yes
6741408932,APAC,Yes
6741417896,-,No
6741445066,-,No
6741474981,-,No
6741506922,APAC,Yes
6741552986,-,No
6741553289,APAC,Yes
6741564737,-,No
6741576655,EMEA,Yes
6741679284,APAC,Yes
6741699997,-,No
6741703805,APAC,Yes
6741756032,APAC,Yes
6741756730,-,No
6741830744,EMEA,Yes
6741832964,APAC,Yes
6741846066,APAC,Yes
6741849484,EMEA,Yes
6741891149,-,No
6741928115,EMEA,Yes
6742172479,-,No
6742187405,APAC,Yes
6742221896,APAC,Yes
6742296972,-,No
6742362315,EMEA,Yes
6742396683,-,No
6742448523,-,No
6742486483,-,No
6742537005,APAC,Yes
6742700461,-,No
6742745080,EMEA,Yes
6742782082,-,No
6742799934,EMEA,Yes
6742812903,APAC,Yes
6742832983,-,No
6742979335,-,No
6743074850,APAC,Yes
6743075620,-,Yes
6743091090,EMEA,Yes
6743105284,-,No
6743165745,EMEA,Yes
6743202438,APAC,Yes
6743385713,APAC,Yes
6743420767,APAC,Yes
6743437405,-,Yes
6743441683,EMEA,Yes
6743471148,APAC,Yes
6743477835,Americas,Yes
6743500417,APAC,Yes
6743643018,-,No
6743688429,EMEA,Yes
6743693862,APAC,Yes
6743825175,APAC,Yes
6743834146,APAC,Yes
6743933567,-,Yes
6743933963,-,No
6744031477,APAC,Yes
6744045288,APAC,Yes
6744049261,APAC,Yes
6744103022,EMEA,Yes
6744108826,EMEA,Yes
6744237126,APAC,Yes
6744288670,APAC,Yes
6744304775,APAC,Yes
6744309563,APAC,Yes
6744312946,-,No
6744317674,APAC,Yes
6744356630,-,No
6744423137,EMEA,Yes
6744522888,APAC,Yes
6744523968,-,No
6744529213,-,No
6744533069,EMEA,Yes
6744547461,APAC,Yes
6744582246,APAC,Yes
6744593790,APAC,Yes
6744604064,APAC,Yes
6744610413,EMEA,Yes
6744633990,APAC,Yes
6744667484,APAC,Yes
6744673815,-,No
6744819313,APAC,Yes
6744842285,EMEA,Yes
6744876037,-,No
6744889632,APAC,Yes
6744890832,EMEA,Yes
6744910917,EMEA,Yes
6744935643,-,No
6744959980,-,No
6744975195,EMEA,Yes
6744998615,EMEA,Yes
6745002453,APAC,Yes
6745003512,-,No
6745003625,APAC,Yes
6745015738,Americas,Yes
6745195682,APAC,Yes
6745200491,APAC,Yes
6745220785,EMEA,Yes
6745251520,APAC,Yes
6745538280,APAC,Yes
6745542439,Americas,Yes
6745572341,Americas,Yes
6745597750,APAC,Yes
6745612742,-,No
6745642174,-,No
6745762049,EMEA,Yes
6745766164,APAC,Yes
6745795602,APAC,Yes
6745805828,-,No
6745961940,-,No
6746035819,EMEA,Yes
6746040182,EMEA,Yes
6746084597,EMEA,Yes
6746155186,-,Yes
6746161378,APAC,Yes
6746174610,EMEA,Yes
6746210199,EMEA,Yes
6746228581,-,Yes
6746231749,-,Yes
6746236085,APAC,Yes
6746245482,APAC,Yes
6746245722,EMEA,Yes
6746246179,APAC,Yes
6746277626,EMEA,Yes
6746328263,EMEA,Yes
6746331323,APAC,Yes
6746356237,APAC,Yes
6746377918,-,No
6746399411,APAC,Yes
6746428860,APAC,Yes
6746467003,-,No
6746580404,APAC,Yes
6746681379,-,No
6746694663,-,No
6746701133,EMEA,Yes
6746710710,-,No
6746711280,APAC,Yes
6746736282,APAC,Yes
6746745281,APAC,Yes
6746766185,-,No
6746777563,-,No
6746799256,-,No
6746838116,EMEA,Yes
6746847030,APAC,Yes
6746978979,-,No
6747077350,-,No
6747097142,EMEA,Yes
6747108147,APAC,Yes
6747149751,EMEA,Yes
6747178992,EMEA,Yes
6747179002,APAC,Yes
6747216308,EMEA,Yes
6747255171,EMEA,Yes
6747331928,APAC,Yes
6747374502,-,No
6747411732,APAC,Yes
6747412239,APAC,Yes
6747452425,EMEA,Yes
6747598442,APAC,Yes
6747655578,-,No
6747663188,-,Yes
6747665354,-,No
6747698708,-,No
6747810901,Americas,Yes
6747875092,APAC,Yes
6747964691,EMEA,Yes
6748047201,-,No
6748219088,-,No
6748230755,EMEA,Yes
6748311128,EMEA,Yes
6748371770,APAC,Yes
6748397500,EMEA,Yes
6748508660,APAC,Yes
6748551482,APAC,Yes
6748595336,EMEA,Yes
6748625842,-,Yes
6748637429,APAC,Yes
6748638666,APAC,Yes
6748640325,-,No
6748754747,APAC,Yes
6748761903,EMEA,Yes
6748813520,APAC,Yes
6748814755,-,No
6748930304,EMEA,Yes
6748950306,EMEA,Yes
6748954227,APAC,Yes
6748984528,-,No
6749048485,-,No
6749132002,APAC,Yes
6749139678,EMEA,Yes
6749142381,-,No
6749212052,EMEA,Yes
6749215553,EMEA,Yes
6749222433,APAC,Yes
6749234866,EMEA,Yes
6749283791,APAC,Yes
6749335196,-,No
6749456493,Americas,Yes
6749558825,APAC,Yes
6749563232,-,No
6749612203,APAC,Yes
6749659408,EMEA,Yes
6749830206,Americas,Yes
6749830777,EMEA,Yes
6749854319,EMEA,Yes
6749919145,Americas,Yes
6749928842,EMEA,Yes
6749930364,APAC,Yes
6749962547,APAC,Yes
6751042508,-,No
6751056652,EMEA,Yes
6751175853,APAC,Yes
6751222488,APAC,Yes
6751270213,APAC,Yes
6751274183,APAC,Yes
6751292337,Americas,Yes
6751320067,-,No
6751321179,EMEA,Yes
6751325739,-,No
6751494810,APAC,Yes
6751495270,-,No
6751568198,APAC,Yes
6751625168,APAC,Yes
6751765767,EMEA,Yes
6751838119,APAC,Yes
6751868831,APAC,Yes
6752009774,EMEA,Yes
6752231021,-,No
6752286500,EMEA,Yes
6752290274,EMEA,Yes
6752324163,-,No
6752325433,-,Yes
6752333854,APAC,Yes
6752376239,APAC,Yes
6752492924,Americas,Yes
6752552050,APAC,Yes
6752590225,APAC,Yes
6752768033,APAC,Yes
6752829661,-,No
6752882830,APAC,Yes
6752891187,APAC,Yes
6752981924,APAC,Yes
6752990032,-,No
6753068081,APAC,Yes
6753129049,APAC,Yes
6753162039,APAC,Yes
6753205080,APAC,Yes
6753225145,-,No
6753330488,APAC,Yes
6753664361,-,No
6753679155,-,No
6753864624,-,No
6753866113,APAC,Yes
6754094474,EMEA,Yes
6754098532,EMEA,Yes
6754159590,APAC,Yes
6754225988,EMEA,Yes
6754243057,Americas,Yes
6754246945,-,No
6754305934,-,No
6754363534,EMEA,Yes
6754384144,EMEA,Yes
6754582928,APAC,Yes
6754588514,-,No
6754594460,APAC,Yes
6754629077,EMEA,Yes
6754639210,EMEA,Yes
6754652413,EMEA,Yes
6754668686,EMEA,Yes
6754753953,EMEA,Yes
6754758331,APAC,Yes
6754828778,APAC,Yes
6754873917,EMEA,Yes
6754879343,EMEA,Yes
6754900673,APAC,Yes
6755016806,-,Yes
6755040082,-,No
6755132720,APAC,Yes
6755139034,EMEA,Yes
6755146316,EMEA,Yes
6755183085,EMEA,Yes
6755232988,-,Yes
6755371603,APAC,Yes
6755376556,EMEA,Yes
6755376667,APAC,Yes
6755406784,EMEA,Yes
6755414217,APAC,Yes
6755416879,-,No
6755425214,EMEA,Yes
6755428492,EMEA,Yes
6755456752,EMEA,Yes
6755462572,EMEA,Yes
6755522390,EMEA,Yes
6755577882,APAC,Yes
6755667284,APAC,Yes
6755705669,EMEA,Yes
6755722933,-,No
6755750963,EMEA,Yes
6755751244,EMEA,Yes
6755817834,APAC,Yes
6755861889,EMEA,Yes
6755886420,EMEA,Yes
6755900342,-,No
6755984196,APAC,Yes
6756035764,APAC,Yes
6756044007,EMEA,Yes
6756090074,EMEA,Yes
6756112290,-,No
6756115702,-,No
6756168327,Americas,Yes
6756250965,APAC,Yes
6756253780,APAC,Yes
6756288168,APAC,Yes
6756296551,EMEA,Yes
6756466834,-,No
6756484165,APAC,Yes
6756568910,-,No
6756611278,-,No
6756616839,APAC,Yes
6756649042,EMEA,Yes
6756665014,-,No
6756674394,-,No
6756675879,-,No
6756696497,APAC,Yes
6756703550,-,No
6756713504,APAC,Yes
6756714423,-,No
6756833343,-,No
6756888081,EMEA,Yes
6756975397,EMEA,Yes
6757027854,APAC,Yes
6757134164,APAC,Yes
6757147851,APAC,Yes
6757166941,-,No
6757172065,APAC,Yes
6757414059,APAC,Yes
6757424352,-,No
6757458604,EMEA,Yes
6757511198,APAC,Yes
6757525493,APAC,Yes
6757699551,EMEA,Yes
6757776630,-,No
6758003426,APAC,Yes
6758028483,-,No
6758044233,EMEA,Yes
6758184735,EMEA,Yes
6758187347,EMEA,Yes
6758326283,APAC,Yes
6758368079,-,No
6758595813,EMEA,Yes
6758611499,APAC,Yes
6758614172,APAC,Yes
6758646972,APAC,Yes
6758662578,EMEA,Yes
6758699924,APAC,Yes
6758815667,APAC,Yes
6758832704,-,No
6758930290,-,No
6759903344,EMEA,Yes
6760107705,EMEA,Yes
6760752188,EMEA,Yes
686420990,EMEA,Yes
698255242,EMEA,Yes
700970012,Americas,Yes
714796093,EMEA,Yes
724594093,APAC,Yes
725215120,APAC,Yes
749118884,-,Yes
766443283,EMEA,Yes
779656557,-,No
791211390,Americas,Yes
795979328,EMEA,Yes
805603214,EMEA,Yes
806077016,EMEA,Yes
806157957,-,No
807996799,-,No
808762868,Americas,Yes
824318267,Americas,Yes
834185106,Americas,Yes
838500730,Americas,Yes
840919914,EMEA,Yes
845918296,-,Yes
847492141,EMEA,Yes
848091833,APAC,Yes
850057092,APAC,Yes
850417475,Americas,Yes
857769289,-,Yes
859204347,-,Yes
868013618,EMEA,Yes
875750302,APAC,Yes
876656488,-,Yes
877638937,EMEA,Yes
880047117,EMEA,Yes
880178264,EMEA,Yes
882507985,EMEA,Yes
884006786,APAC,Yes
889069686,-,Yes
892521917,Americas,Yes
893677096,Americas,Yes
894546091,APAC,Yes
902173725,-,No
904209370,APAC,Yes
904275738,-,No
908803352,-,No
911121200,-,Yes
911410294,-,No
911550133,-,No
911793120,EMEA,Yes
912390687,Americas,Yes
921765888,Americas,Yes
921827126,-,No
924373886,-,Yes
928747806,APAC,Yes
928941628,-,No
929195587,Americas,Yes
929775122,-,No
929968679,APAC,Yes
930574573,Americas,Yes
935672069,APAC,Yes
936601391,-,No
938207958,-,No
939760559,-,No
944158857,-,Yes
946099227,EMEA,Yes
946659216,-,No
948320147,Americas,Yes
949295212,Americas,Yes
949701151,-,Yes
955157084,Americas,Yes
959865119,-,No
962993853,APAC,Yes
963067330,APAC,Yes
964220645,-,No
964436963,-,No
966460837,APAC,Yes
971601423,APAC,Yes
973482525,Americas,Yes
973506614,EMEA,Yes
973840125,-,No
975041781,-,No
977150768,EMEA,Yes
978810802,-,Yes
979597990,-,No
981863450,APAC,Yes
982229455,-,No
987360477,-,Yes
988737164,APAC,Yes
989080135,-,No
990178211,-,No
990972073,EMEA,Yes
991153141,Americas,Yes
993090598,APAC,Yes
993158106,-,No
993492744,-,No
996853848,-,No
998411110,APAC,Yes
academy.gocrypto.trading,EMEA,Yes
advanced.scientific.calculator.calc991.plus,-,No
after.dark.game,EMEA,Yes
ai.antitheftalarm.donttouchmyphone.iantitheft.whotouchmyphone,-,No
ai.character.app,Americas,Yes
ai.faceswap.avatar.age.gender.changer,-,No
ai.filerecovery.photosrecovery.datarecovery.trashrecovery,-,No
ai.metaverse.iptv.smartplayer.onlinetv,-,No
ai.photoeditor.retouch.enhance.photo.generator,-,No
ai.socialapps.speakmaster,APAC,Yes
ai.video.photo.animator.face.dance.animation,APAC,Yes
air.kukulive.mailnow,-,No
albums.gallery.photo.folder.picasa.app.web.gallery,-,No
amharic.keyboard.english.typing,EMEA,Yes
and.brainworks.blossomsort,APAC,Yes
and.lhhpub.mahjongmatch,APAC,Yes
and.lihuhu.tilesinhole,APAC,Yes
and.lihuhu.woober,APAC,Yes
app.artworkout.learn.how.to.draw,EMEA,Yes
app.com.balint.discolightvideomaker,-,No
app.hugly.social_pro,EMEA,Yes
app.mobillium.duhuliye,-,No
app.real.flashlight,EMEA,Yes
app.renz.make.new.friends.swipe.chat.meet.real.people,-,No
app.start.vpn.russia,-,No
app.swift.uaevpn,-,No
app.tamob.maxvolume,-,No
appinventor.ai_agiapplications.CountYourSteps,-,No
appshub.sports.live.cricket.tv.hd,EMEA,Yes
appvpn.vpn,-,No
ar.drawing.sketch.paint.trace.draw.picture.paper,EMEA,Yes
archery.clash.tournament,EMEA,Yes
art.color.planet.paint.by.number.game.puzzle.free,-,No
asmr.cleaning.laplace,EMEA,Yes
at.ner.SolitaireKlondike,EMEA,Yes
ball.ballsort.watersort.color.colorsort.watercolor.puzzle,APAC,Yes
ball.cash.blitz.billiards.offline.pool,-,Yes
ball.sort.color.puz.game.puzzle,APAC,Yes
ball.sort.color.sorting.puzzle.games,APAC,Yes
ball.sort.color.water.puzzle.games,APAC,Yes
ball.sort.puzzle.color.game.bubble.sorting.free,APAC,Yes
ball.sort.puzzle.color.sorting.bubble.games,APAC,Yes
ball.sort.water.color.hoop.stack.puzzle,-,No
ball.sort.water.puzzle,APAC,Yes
ball.strike.shoot.pool.king8,-,Yes
barcelona.wonder.drop,-,No
beatmaker.edm.musicgames.PianoGames,-,No
beats.color.sing.star.rush,APAC,Yes
beetles.puzzle.solitaire,APAC,Yes
bible.king.james.app,EMEA,Yes
bible.pray.daily.women.offline.kjv,APAC,Yes
bible.trivia.quiz.question.answer.spelling.correct.knowledge.test.game,APAC,Yes
bible.with.strongs.concordance.study,EMEA,Yes
bible.wordgame.words.connect.crossword.cookies,APAC,Yes
big.two.poker.pusoy.dos.capsa.banting.thirteen.multiplayer.game,APAC,Yes
bird.sort.puzzle.color.brain.sorting.animal.relax,APAC,Yes
bitcoin.minning.com,-,No
block.color.game.jam.blocks.sort.puzzle.games.slide.free,APAC,Yes
block.escape.tap.away.puzzle,APAC,Yes
block.puzzle.challenge.gem.stack,-,No
block.puzzle.color.jam,-,No
blueeasyapp.videosget.tubemasterdownloader,-,No
bomdiaboatardeeboanoite.bomdiaboatardeboanoite.lindamensagemdodia,-,No
br.com.appstarsbiblia.bibliaalmeidacf,-,No
br.com.appstarsbiblia.bibliasagradamulher,-,No
br.com.cittabus,-,Yes
br.com.radios.radiosmobile.radiosnet,-,No
br.com.snapdark.apps.fyzer,EMEA,Yes
br.kms.placafipe,-,No
br.kms.plantaofacil,-,No
brain.blow.quest,EMEA,Yes
brain.guess.word.quiz.puzzle,APAC,Yes
bt.photo.video.lock.album,-,No
bubble.shooter.pop.marble.cannon.match.color.three.puzzle.game,APAC,Yes
bubble.tea.sort.boba.diy.sorting.games,APAC,Yes
bubbleshooter.orig,EMEA,Yes
buraco.canasta.card.game.burraco.trick.rummy.online.multiplayer.offline.free,APAC,Yes
bus.go.car.jam.traffic,APAC,Yes
by.RTSR.a4robbery,EMEA,Yes
by.RedTower.a4horror,EMEA,Yes
call.blacklist.blocker,EMEA,Yes
callbreak.classic.card.free.online.offline.multiplayer,APAC,Yes
callid.name.announcer,EMEA,Yes
camtranslator.voice.text.image.translate,Americas,Yes
candy.craze.match3.free.android,-,No
car.escape.out.parking.jam.traffic.puzzle.games.free,APAC,Yes
car.jam.traffic.seat.unblock,APAC,Yes
car.parking.jam.solver.puzzle.games,APAC,Yes
car.traffic.jam.craze.escape.frenzy,APAC,Yes
cashbook.cashbook,-,No
castle.heroes.tower.defense.kingdom.magic.battle.archer,-,No
casual.flags.world.color,APAC,Yes
casual.meme.stealgame,-,No
casual.tung.sahur.mukbang.asmr,APAC,Yes
cat.sort.puzzle.cute.kitten.color.game,APAC,Yes
cats.goods.sort.sorting.games,APAC,Yes
cc.bubble.family,-,No
cc.coolline.client.pro,-,No
ch.autoscout24.autoscout24,EMEA,Yes
ch.motoscout24.motoscout24,EMEA,Yes
christian.bible,EMEA,Yes
classic.card.fun.casual.solitaire.game.patience,-,No
classic.relax.happy.color.by.number.game,APAC,Yes
classic.solitaire.attraction.klondike.game,APAC,Yes
cleaner.antivirus,EMEA,Yes
cloner.infocus.phone.clone,EMEA,Yes
cloner.infocus.whatclone.whatsweb,EMEA,Yes
closet.match.pair.matching.games,APAC,Yes
cn.feelcool.easyfiles,APAC,Yes
co.brainly,-,Yes
co.infinitysoft.vpn360,-,No
co.testee.android,APAC,Yes
co.transparentwallpaper.livewallpaper.wallpaperfree,-,No
co.vpn,-,No
collage.photocollage.collagemaker.photoeditor.photogrid,APAC,Yes
color.by.number.coloring.paint.puzzle.pixel.art.drawing.painting.games.kids.adults.fun.pictures,-,No
color.pages.painting.theflag.paint,APAC,Yes
color.paint.by.number.pgmaker,APAC,Yes
coloring.color.number.happy.paint.art.drawing.puzzle,APAC,Yes
com.AB.RCDHDSE,EMEA,Yes
com.AG.atomMerge,EMEA,Yes
com.ALTenia.HomeGardenLulu,EMEA,Yes
com.AbyssMoth.MurdersDronesEndlessWay,EMEA,Yes
com.Albus.WaterParkBoys,APAC,Yes
com.AntonBergov.Animal,-,Yes
com.AntonBergov.DetskiePuzzles,-,Yes
com.BARSinteractive.FantasyHeroes,EMEA,Yes
com.BMZGames.RaceXperience,EMEA,Yes
com.BaldPanther.MadGran.Scary.Horror.Escape,EMEA,Yes
com.BearBobStudio.Sandbox,EMEA,Yes
com.Beauchamp.Messenger.external,Americas,Yes
com.Block.Puzzle.Relax,APAC,Yes
com.CAYN.TowerOfHellObby,-,No
com.CDMApps.BitcoinCloudMining,EMEA,Yes
com.CDMApps.Faucet,EMEA,Yes
com.CabinaGames.ToiletFight,EMEA,Yes
com.CandyGaming.CarGame,-,Yes
com.Cash.Drama,APAC,Yes
com.CheetahGames.Skeeboost,-,No
com.CrashTime.RealCarCrash,EMEA,Yes
com.DL.war.planes.inc.torpedo.bomber.fighter.aircraft.ww2,EMEA,Yes
com.D_One_Games.Anomalies_Horror_Detective,EMEA,Yes
com.D_One_Games.SchoolboyEscape2,EMEA,Yes
com.D_One_Games.SchoolboyEscape3,EMEA,Yes
com.D_One_Games.SchoolboyPrisonEscape,EMEA,Yes
com.D_one_Games.Escape_From_School,EMEA,Yes
com.D_one_Games.Spaghetti_Game_3D,EMEA,Yes
com.DefaultCompany.DrawOnePartGame,-,No
com.ElfizMedia.DubstepMusicCreator3RhythmMachineBeatMaker,EMEA,Yes
com.EnotGame.GangstersShowdown,EMEA,Yes
com.EternalStudio.GearFight,EMEA,Yes
com.FDGEntertainment.redball4.gp,-,No
com.FailGames.RealCarCrash,EMEA,Yes
com.FallonightCorporation.CaseSimulator,EMEA,Yes
com.FeliceCasaTechnologyPTE.LTD.WaterSortPro,-,No
com.FlashOn.Ligther,EMEA,Yes
com.Free.Drama,APAC,Yes
com.GMA.Ball.Sort.Puzzle,-,No
com.GameCat.SchoolboyEscape,EMEA,Yes
com.GameStudio.PuppiesFirePatrol,-,Yes
com.GamesEZ.CarMehanic3D,EMEA,Yes
com.Gamnest.CandyRace,EMEA,Yes
com.Gamnest.CrazyFarmer,EMEA,Yes
com.Gimzat.ColorsSorting,EMEA,Yes
com.GybeGames.ColorBlockJam,EMEA,Yes
com.Hadiz.Holeucaneat,EMEA,Yes
com.Hadiz.Pillowchase,EMEA,Yes
com.Hadiz.Yogaflex,EMEA,Yes
com.HardcoreGamesStudio.DoomZDay,EMEA,Yes
com.Heroknight.Go.gg,APAC,Yes
com.IdleMagicSchool.jlyt,-,No
com.ImaginativeGames.WealthUpRun,-,No
com.Jacky.BusStationHappyJourneyBus,APAC,Yes
com.JacobVanHaag.ColorMatch,EMEA,Yes
com.JindoBlu.Antistress,EMEA,Yes
com.JindoBlu.OfflineGames,EMEA,Yes
com.JindoBlu.TwoPlayerGamesChallenge,EMEA,Yes
com.KatanLabs.tilematchpuzzlemaster,APAC,Yes
com.KhoGames.CastleDestruction,EMEA,Yes
com.LEVEL26GAMES.TheftCity,-,No
com.LanguageMonster.KarfarolGames,EMEA,Yes
com.LastCall.CarCrashArena,EMEA,Yes
com.LastCall.OperSueta,EMEA,Yes
com.LastCall.TopCarsDriving,EMEA,Yes
com.LifeIsGame.ArtCanvas,EMEA,Yes
com.LinkedSquad.SchoolBoyRunaway,-,Yes
com.LoopGames.Domino,EMEA,Yes
com.Machina.SortDash,Americas,Yes
com.MadOut.BIG,-,No
com.MadnessGames.SimpleSandbox3,EMEA,Yes
com.Manababa.RandomSpinDEF,APAC,Yes
com.MaximTenGames.EscapeFromPaperEducationAndMissCircle,EMEA,Yes
com.MegaJoy.Annoying68,-,No
com.MegaJoy.LoveStory68,-,No
com.MelsoftGames.FamilyIslandFarm,EMEA,Yes
com.Metrafilms.KidsECatsDiscovery,-,Yes
com.MojoGames.EraEvolution,EMEA,Yes
com.NGG.BlockTech,EMEA,Yes
com.Neurononfire.SupremeDuelist,-,No
com.Nextbots_fps_sandbox,EMEA,Yes
com.NiceGame.CarOnlines,EMEA,Yes
com.NikitaPokruchin.ALTCITYOnline,-,No
com.Novella.Lagerta,EMEA,Yes
com.OlegJ.Survive99NightsInTheForest,EMEA,Yes
com.Only.Up.Slap.Parkour,APAC,Yes
com.PSVStudio.BarboskinsCooking,-,Yes
com.PSVStudio.BarboskinsInTheSupermarket,-,Yes
com.PSVStudio.BarboskinsSkate,-,Yes
com.PSVStudio.Luntik.skazki.na.noch,-,Yes
com.PSVStudio.LuntikMinigames,-,Yes
com.PSVStudio.Luntik_educational.puzzles,-,Yes
com.PSVStudio.Pooches.dentist,-,Yes
com.PSVStudio.Pooches.holiday.beach_adventures,-,Yes
com.PamPam.BlobIO,EMEA,Yes
com.Parkour.Escape.Obby.Master,APAC,Yes
com.PoxelStudios.DudeTheftAuto,EMEA,Yes
com.Quiz.Master.gg,APAC,Yes
com.RTU.OneLevelThree,EMEA,Yes
com.RedTower.AFourRoulette,EMEA,Yes
com.SQUAD102.DriveWorld,EMEA,Yes
com.SekGames.MyDreamHospital,EMEA,Yes
com.SekGames.MyShoppingMall,-,No
com.Slap.Tower.Troll.Parkour,APAC,Yes
com.SpaceInch.LoveOfMoney,-,No
com.SparksGames.JumWorldMatchPuzzleGame,-,No
com.TGZS.PIEGAME,EMEA,Yes
com.TGZS.TDZ4,EMEA,Yes
com.TGZS.TIMOKHA4,EMEA,Yes
com.TeamTerrible.BabyInYellow,EMEA,Yes
com.TenebryFox.DreamRoadMultiplayer,EMEA,Yes
com.TornadoBear.KingLand,EMEA,Yes
com.TrofyGames.HockeyStars3D,EMEA,Yes
com.UCMobile.intl,APAC,Yes
com.Underground.Survivor,-,Yes
com.V.GGames.REC.O.R.D,EMEA,Yes
com.VGood.TinyLumberMill,APAC,Yes
com.VMGames.Nostalgia,EMEA,Yes
com.WetBox.Kuzbass,EMEA,Yes
com.YTKAgames.RussianPlayground,-,No
com.YoBroStudios.MergeSpinner,-,Yes
com.aapplication.mosaic,-,No
com.abi.legendofsurvivors,APAC,Yes
com.abtnprojects.ambatana,EMEA,Yes
com.accurate.live.weather.widget,APAC,Yes
com.ace.freevpn,-,No
com.action.web.fist,Americas,Yes
com.actionfit.blockcat,APAC,Yes
com.activaweb.matchendirect,EMEA,Yes
com.actopolus.PixelDudeSandbox,EMEA,Yes
com.adaranet.vgep,-,No
com.adfone.aditup,-,No
com.advant.streamer,EMEA,Yes
com.advertsreward.fundsreward,EMEA,Yes
com.afmobi.boomplayer,-,No
com.again.snap.music.downloader.all.songs.vid.tube.free.mp3.app,APAC,Yes
com.agavegames.whatthehex,EMEA,Yes
com.agedstudio.bible.trivia.knowledge,APAC,Yes
com.agedstudio.board.aged.color.coloring.number.art.paint.draw,APAC,Yes
com.agedstudio.card.solitaire.klondike,-,No
com.agenda.events.planner.calendar,EMEA,Yes
com.aging.ai.toonme,APAC,Yes
com.ai.ask.chat.chatgpt.chatbot,EMEA,Yes
com.aigc.ushow.ichat,APAC,Yes
com.aim.racing,EMEA,Yes
com.aim.racing.motorcycles,EMEA,Yes
com.airo.ai.puzzle.game.hexa.away,-,No
com.airplane.offline.game.city.pilot.simulator.planegame,-,No
com.ajpro.streamflixapp,EMEA,Yes
com.akxgames.akx.com,-,No
com.alarm.clock.tools,EMEA,Yes
com.albayoo.block.mania,-,No
com.albayoo.farm.fun,-,No
com.alegrium.cong2,Americas,Yes
com.aleson.casefiveanimatronicsfnaf,EMEA,Yes
com.alexp.eyemix,EMEA,Yes
com.alfaondo.monstersgang,EMEA,Yes
com.alien.open.world.underwater.games.ocean.survival,EMEA,Yes
com.alien.shooter.galaxy.attack,APAC,Yes
com.alightcreative.motion,EMEA,Yes
com.allvideovideo.foodmatch,-,No
com.almondstudio.scanword,EMEA,Yes
com.alp.hovercraft,EMEA,Yes
com.alterum.songs.player,-,Yes
com.amanotes.gs.g06,APAC,Yes
com.amanotes.pamadancingroad,APAC,Yes
com.amelosinteractive.snake,Americas,Yes
com.americasbestpics,EMEA,Yes
com.an.superegg.surprisetoy3d,-,No
com.android.thememanager,APAC,Yes
com.androvid,-,No
com.animal.drop.merge.puzzle,APAC,Yes
com.animal.match.link.combo,-,No
com.anime.magic.princess.doll.avatar.dressup.games,APAC,Yes
com.animemagictiles,APAC,Yes
com.anrum.merge.and.blast.plus2048,EMEA,Yes
com.anti.virus.security,-,Yes
com.antiboom.puzzle.monster.clear.game,APAC,Yes
com.ants360.yicamera.international,APAC,Yes
com.aoaotheone.watersort,APAC,Yes
com.aomatatech.datatransferapp.filesharing,-,No
com.apetrus.makeup,EMEA,Yes
com.apkmirror.helper.prod,-,No
com.apkpure.aegon,-,No
com.apm2studio.runawaychallenge,EMEA,Yes
com.app.abus,EMEA,Yes
com.app.cricketapp,-,No
com.app.launcher.os.ilauncher,-,Yes
com.app.turkishnaw,EMEA,Yes
com.app.watchug,-,No
com.app.wifianalyzer,EMEA,Yes
com.app002.ar.sketch.drawing.trace.photo.learning.book,APAC,Yes
com.appgeneration.itunerfree,EMEA,Yes
com.applabstudios.ai.mail.homescreen.inbox,Americas,Yes
com.appmind.radios.ar,EMEA,Yes
com.appmind.radios.br,EMEA,Yes
com.appmind.radios.ca,EMEA,Yes
com.appmind.radios.co,EMEA,Yes
com.appmind.radios.de,EMEA,Yes
com.appmind.radios.dk,EMEA,Yes
com.appmind.radios.fi,EMEA,Yes
com.appmind.radios.mx,EMEA,Yes
com.appmind.radios.nz,EMEA,Yes
com.appmind.radios.th,EMEA,Yes
com.appmusicdownloader.fdownloadmusicfree2,-,No
com.appon.cookingstar,-,No
com.apps.abono,-,No
com.appsinc.city.trash.truck.driving.games,-,No
com.arcadiastudio.zen.math.puzzle.free,APAC,Yes
com.archive_manager,EMEA,Yes
com.arcsoft.perfect365,-,No
com.arcuma.malina,EMEA,Yes
com.aria.MagicalGirls,-,No
com.arrow.out,Americas,Yes
com.arrow.quest.joygame,APAC,Yes
com.arrows.escape,EMEA,Yes
com.art.jesus.bible.games.paint.color.by.numbers,-,No
com.art.pixel.black.girl.games.paint.color.by.numbers,-,No
com.art.pixel.makeup.games.paint.color.by.numbers,-,No
com.artem.scotepio,APAC,Yes
com.artifyapp.timestamp,-,No
com.artlife.coloringbook,EMEA,Yes
com.asinosoft.vpn,EMEA,Yes
com.asizesoft.pvp.android,-,No
com.asmallgame.pearlgem,-,No
com.astranovel.app,APAC,Yes
com.atesgamestudio.rollance,EMEA,Yes
com.audiomack,Americas,Yes
com.audiosdroid.arrangerkeyboard,EMEA,Yes
com.augustgame.screw.color.sort.puzzle,-,No
com.aura.news.hashtag.news,Americas,Yes
com.aurora.labrador.daycare,-,No
com.avatarlife.avatarstory.mystory.myworld.mywonder,APAC,Yes
com.avegagames.magic.craft.survival,EMEA,Yes
com.awesome.puzzlehexasort,EMEA,Yes
com.awesomeapps.offline.mp3.download,-,No
com.aws.android,Americas,Yes
com.aynovel.vixs,-,No
com.aytarr.smarthome,-,Yes
com.azurgames.stackball,EMEA,Yes
com.azwstudios.theholybible.ptalmeida,-,No
com.b25drama.android.app,APAC,Yes
com.babycenter.pregnancytracker,-,No
com.backflipstudios.android.dragonvale,-,No
com.badoo.mobile,EMEA,Yes
com.baedalyakgook_user,APAC,Yes
com.bagofwar.game,APAC,Yes
com.baixar.musicas.mp3.snap.descargar.musica.original.music.downloader.tube.appa,APAC,Yes
com.baixar.sntube.music.player.mp3.download.free.downoader,APAC,Yes
com.ballgame.bubble.shooter.puzzle.free,-,No
com.ballgrid.spin.tep,APAC,Yes
com.balloon.master.cube.match,APAC,Yes
com.balls.bricks.crushers.nn.game,APAC,Yes
com.bastion.archers,EMEA,Yes
com.battle_fighting.cartoon_arena,EMEA,Yes
com.bbk.theme,APAC,Yes
com.bbp.autoland,EMEA,Yes
com.bbumgames.opa,EMEA,Yes
com.bbumgames.rummystars,EMEA,Yes
com.bear.vpn.super.fast.unlimited.connect,EMEA,Yes
com.beatumusic.player.summer,-,No
com.beefth.beefskit,APAC,Yes
com.beingame.zc.zombie.shelter.survival,EMEA,Yes
com.belkagames.ds,Americas,Yes
com.belkagames.mc,Americas,Yes
com.bereal.ft,EMEA,Yes
com.beresnevgames.gallerycoloringbook,EMEA,Yes
com.bergel.tauros,APAC,Yes
com.berserkgoods.crunchmatch.fjord.horn,APAC,Yes
com.bestapp.entertainment.ringsfree,-,Yes
com.bestringtonesapps.bestringtonesfree,-,No
com.bestweatherfor.bibleoffline_pt_ra,-,No
com.bgg.jump,APAC,Yes
com.bible.game.jigsaw.puzzle,EMEA,Yes
com.bible.holybible.nkjv.dailyverse,APAC,Yes
com.biblelauncher.prayer.audiobiblekjv,APAC,Yes
com.bigc.tile.match.triple,APAC,Yes
com.bigcake.android.bubbledaily,APAC,Yes
com.bigcake.android.classicdominoes,APAC,Yes
com.bigcake.android.spidersolitaire,APAC,Yes
com.bigdream.radar.speedcam,-,No
com.bigduckgames.flow,Americas,Yes
com.bigframes.color_road,EMEA,Yes
com.bighelmets.destiny,EMEA,Yes
com.biglime.cookingmadness,Americas,Yes
com.bigstarkids.wordtravel,-,Yes
com.bigwinepot.nwdn.international,EMEA,Yes
com.billiardsgame.ballking,APAC,Yes
com.binbou.android.gonce,APAC,Yes
com.bingo.scape.android.free,APAC,Yes
com.bingo.tour.party.crazy.free,APAC,Yes
com.biomes.vanced,-,Yes
com.birdsort.color.sortpuzzle,APAC,Yes
com.bitgamesoft.TommyRun,-,No
com.bitsmedia.android.muslimpro,APAC,Yes
com.biuman.android,-,No
com.blackout.bubble,EMEA,Yes
com.blackout.spades,EMEA,Yes
com.blackout.word,EMEA,Yes
com.blitzteam.battleprime,EMEA,Yes
com.block.color.escape,APAC,Yes
com.block.craft.world.sandbox.survival.simulator.crafting.building,EMEA,Yes
com.block.dash.blast.puzzle.blockgame,APAC,Yes
com.block.juggle,APAC,Yes
com.block.quest.puzzle.shua.game,APAC,Yes
com.blockchainvault,Americas,Yes
com.blockgamesstudio.blockworld3d,EMEA,Yes
com.blockpuzzle.comboblastmaster.freegame,APAC,Yes
com.blocky.quest,EMEA,Yes
com.bloodpressure.bp.tracker.yssy,APAC,Yes
com.bloodpressure.health.healthtracker,APAC,Yes
com.bloodsugar.diabetes.tracker.pro,APAC,Yes
com.bloodthirstace.cardheatwave.shiver.shark,APAC,Yes
com.blued.international,APAC,Yes
com.bluesky.best_ringtone.free2017,-,Yes
com.blueskysoft.colorwidgets,EMEA,Yes
com.boatip.browser,APAC,Yes
com.bonfit.playnine,-,No
com.bonnie.trafficescape,EMEA,Yes
com.book.writings.writingsfi,-,No
com.boombitgames.Dartsy,EMEA,Yes
com.boombitgames.DrivingSchoolParking,EMEA,Yes
com.boomdrag.devtycoon2,EMEA,Yes
com.boost.lg.remote,APAC,Yes
com.boost.universal.remote,APAC,Yes
com.bowlfing.game,EMEA,Yes
com.brain.crazy.joygame,APAC,Yes
com.brain.logic.joygame,APAC,Yes
com.brain.teaser.word.puzzlegame,APAC,Yes
com.braindom,EMEA,Yes
com.braingames.findtheducks,-,No
com.braingames.powerquest,-,No
com.braingames.tangramninja,-,No
com.braingames.watersort,-,No
com.brainrot.mini.challenge,APAC,Yes
com.brainy.prankster.puzzle,APAC,Yes
com.bravestars.cat.rescue.draw.to.save,APAC,Yes
com.bravestars.doll.dressup.princess.coloringgame,APAC,Yes
com.bravestars.draw.bridge.drawgame,APAC,Yes
com.bravestars.hair.salon.beauty,APAC,Yes
com.bravestars.savethedog.drawgame,APAC,Yes
com.brewgames.dropaway,EMEA,Yes
com.brick.escape,EMEA,Yes
com.bricks.legend,APAC,Yes
com.brightpointstudios.apps.castle_royal,-,No
com.browser.smartview.cine,APAC,Yes
com.bstar.intl,APAC,Yes
com.bubble.shooter.family,APAC,Yes
com.bubble.tea.simulator.games,APAC,Yes
com.bubbleshooter.bubblepopshatter,APAC,Yes
com.bubbleshooter.origin.classic.puzzle,APAC,Yes
com.bubbleshooter.pop.dream.classic.panda.puzzle,APAC,Yes
com.bubbleshooter.popbubbles.collectcards,APAC,Yes
com.bubbleshooter.popbubbles.shootbubblesgame,APAC,Yes
com.bugbomb.dumptruckjam,EMEA,Yes
com.bunbunstudio.magicblocktiles,APAC,Yes
com.bus.fever.car.parking.jam.color.match3d.puzzle.games,-,No
com.calculator.hideu,APAC,Yes
com.calculatorphotovault.secretcalculator.apphider,Americas,Yes
com.calendar.agendaplanner.eventschedule,EMEA,Yes
com.callapp.contacts,EMEA,Yes
com.camera.clash.toilet.monster.war.battlegames,APAC,Yes
com.camerasideas.instashot,APAC,Yes
com.camerasideas.trimmer,APAC,Yes
com.campmobile.snow,APAC,Yes
com.camscanner.documentscanner.pdfscanner.textscanner.photos.scanner,Americas,Yes
com.candle.beatcar,APAC,Yes
com.candle.magic_piano,APAC,Yes
com.candy.crush.aun.boom.game,APAC,Yes
com.candylink.openvpn,EMEA,Yes
com.capybara.jump.challenge,APAC,Yes
com.car.parking.bus.mania.traffic.jam,APAC,Yes
com.card.battle.queen.duel.pretty,APAC,Yes
com.card.freecell.solitaire,EMEA,Yes
com.cardgame.queens.clash.battle,APAC,Yes
com.carson.word.search,APAC,Yes
com.carstream.for.android.app,EMEA,Yes
com.carxtech.carxdr2,EMEA,Yes
com.cas.cross_stitch_puzzle,EMEA,Yes
com.casdreames.fakememeso,EMEA,Yes
com.cash.dragon.pro,EMEA,Yes
com.cash_earning_app.earnking,-,No
com.cashdoc.cashdoc,APAC,Yes
com.cashdonut.androidapp,EMEA,Yes
com.cashfast.playtoearn,-,No
com.cashwalk.cashwalk,APAC,Yes
com.casino.games.jackpot.slots,-,No
com.casino.slots.bingo.poker.free.jackpot.spins,APAC,Yes
com.cassette.airborneattack,EMEA,Yes
com.cassette.aquapark,EMEA,Yes
com.casual.indiegame.jailbirdbreak,-,No
com.casual.simulation.diy.slime,APAC,Yes
com.casualjoygames.happymergehome,APAC,Yes
com.cat.defenders.shelling.snake.and,APAC,Yes
com.cat.hole.puzzle.aos,APAC,Yes
com.cats.kids_cars,-,Yes
com.cats.pirate_adventures,-,Yes
com.cb.catbrowser,APAC,Yes
com.cclaw.diypaperdoll,EMEA,Yes
com.cdg.tictactoe,APAC,Yes
com.cdgame.app.matchfamily,-,No
com.cdgames.fidget3d,APAC,Yes
com.cdt.game234.player,APAC,Yes
com.cdtg.ragdoll.playground,APAC,Yes
com.centaurus.moras,APAC,Yes
com.cerebelliumapps.motoextremeracing,-,No
com.changdu.ereader3.id,APAC,Yes
com.changdu.ereader3.ru,APAC,Yes
com.changdu.ereader3.th,APAC,Yes
com.cheburnet.mobile,EMEA,Yes
com.chefprep.rushgrill.ingredientrush.sorterfun,APAC,Yes
com.chillingo.catapultkingfree.android.row,APAC,Yes
com.chipsea.btcontrol.en,APAC,Yes
com.circo.ombreco,APAC,Yes
com.city.building.master,APAC,Yes
com.citybuilder.pixelcraft,-,No
com.citymapper.app.release,EMEA,Yes
com.clapclap.buildyourrocket,EMEA,Yes
com.clapclap.submarine,EMEA,Yes
com.clarkstudio.screw.an.ns,-,No
com.cleaner.phone.junk.files,-,No
com.cleaner.security.cleankit,-,Yes
com.clearblast.android,-,No
com.cleverside.ballsortpuzzle,-,Yes
com.clip.cash,APAC,Yes
com.cloudycastlegames.wordline,-,No
com.cmgame.superhero.gym.clicker.tap.hero.battle.simulation,-,No
com.cmgame.workout.master.gym.lifting.hero.muscleup,APAC,Yes
com.coach.bus.simulator.driving.games,-,No
com.cocoplay.fashion.style,EMEA,Yes
com.codejoy.tricktrack.aos,-,No
com.codigames.idle.burger.empire.tycoon,-,Yes
com.coffee.run.puzzle,APAC,Yes
com.coffee.sorting.mania.puzzle.free.game,APAC,Yes
com.coin.merge.fuse,APAC,Yes
com.coinmerge.match.win2048.game,APAC,Yes
com.collage.m2,EMEA,Yes
com.color.block.jam,APAC,Yes
com.color.by.number.paint.ly.pixel.art,-,Yes
com.color.by.numbers.halloween.painting,APAC,Yes
com.color.juice.bar,APAC,Yes
com.color.link,-,No
com.color.page.paint.pixel.number.happy,APAC,Yes
com.color.pixel.shooter,EMEA,Yes
com.colorcoins.sortmaster.order,-,No
com.colorfeel.coloring.crossstitch,-,No
com.coloring.book.festival.paint.by.numbers,APAC,Yes
com.coloring.games.color.by.numbers,APAC,Yes
com.coloring.games.coloring.book.paint.by.numbers,APAC,Yes
com.coloros.phonemanager,APAC,Yes
com.colors.binding.flat.viewing,-,No
com.colorswitch.switch2,-,No
com.comfun.mobile.rumm.asgp,-,No
com.comfun.mobile.teen.asgp,-,No
com.comic.en.flutter.comic_en,-,No
com.commsource.beautyplus,-,No
com.community.mbox.ke,APAC,Yes
com.community.oneroom,APAC,Yes
com.commute.eightchaos,APAC,Yes
com.connect.car.smartcarplay.mirror,EMEA,Yes
com.cookapps.magiccatmatch,-,No
com.cookapps.rumblehole,-,No
com.cookie.match3.casual,EMEA,Yes
com.cookingdom.dessert.shop.husa.game,APAC,Yes
com.cooyostudio.marble.shoot.blast,-,No
com.core.biggame.marble.android,APAC,Yes
com.corestudios.storemanagementidle,APAC,Yes
com.cosima.ryt3mus,EMEA,Yes
com.cosmicvendHub.cashgame,APAC,Yes
com.country.farm.happy.paint.coloring.game,-,No
com.cozy.yarn.puzzle,EMEA,Yes
com.craftgames.plntcrft,EMEA,Yes
com.craftopia.catprankcraft,-,No
com.craftsman.go,-,Yes
com.crazylabs.amaze.game,EMEA,Yes
com.crazylabs.diamond.paint.by.number,EMEA,Yes
com.crazylabs.fashion.squad,EMEA,Yes
com.crazylabs.foot.doctor,EMEA,Yes
com.crazylabs.lady.bug,EMEA,Yes
com.crazylabs.monster.high,EMEA,Yes
com.creations.runnergame,-,No
com.cricgenix.live.cricket,EMEA,Yes
com.crime.superchero.open.world.war,EMEA,Yes
com.critical.strike2,-,No
com.crosswordshop2,EMEA,Yes
com.crypt.gram.puzz,EMEA,Yes
com.cryptoapps.craftarena,-,No
com.cs.cinemain,APAC,Yes
com.cti.cinetvin,APAC,Yes
com.cuongbeo.stickphysicdrop,-,No
com.cup.dig.draw.defense.test,EMEA,Yes
com.cup.draw.ant.hill.test,EMEA,Yes
com.cup.draw.liquids.test,EMEA,Yes
com.cup.idle.mental.drugstore.cafe,EMEA,Yes
com.cup.mobile.base.test,EMEA,Yes
com.cup.street.crime.city.gangster,EMEA,Yes
com.cup.zombie.squad.battle.royale,EMEA,Yes
com.cute.angelaworld,-,No
com.cwgame.app.mahjong,-,No
com.cwtech.readora,-,No
com.cww.cubecraft,EMEA,Yes
com.cww.laststronghold,EMEA,Yes
com.cyberjoy.prjw5n2,APAC,Yes
com.d20d.sport.car.diving.crazy.in.the.city,APAC,Yes
com.daily.health.tracker.monitor,APAC,Yes
com.dailybread.biblespades,-,No
com.dalakgames.flakfury,-,No
com.dance.happytilesclear,-,No
com.daniel.color.pals.yanda.game,APAC,Yes
com.dapp.metablox,-,No
com.darkriddle.classic,EMEA,Yes
com.darkriddle2.storymode,EMEA,Yes
com.darksacygames.sirenheadhorrorgame,EMEA,Yes
com.day.day.good.nice,APAC,Yes
com.dbn.deepbluenovel,-,No
com.dc.hwsj,-,No
com.dddev.gallery.album.photo.editor,-,No
com.ddgames.newmusicplayer,APAC,Yes
com.ddm.iptools,-,No
com.de.colore,EMEA,Yes
com.deadpixel.colorblockjam,Americas,Yes
com.death.puzzle.ways.to.die,-,No
com.decor.life,EMEA,Yes
com.decor.life.home.design.dressup.mydressydoll,APAC,Yes
com.deletemaster3.brain.puzzle,-,No
com.dencreak.dlcalculator,-,Yes
com.dencreak.esmemo,-,Yes
com.design.for.car.mirror.app,EMEA,Yes
com.designkeyboard.keyboard,-,No
com.desingsapps.fakekatse,EMEA,Yes
com.devgame.cats.sea.adventure.kids.treasure.hunt.quest,-,No
com.devgame.fixiesgames,-,No
com.devgame.kidecatssupermarket,-,No
com.devgame.masha.and.bear.kids.farm.games,-,No
com.devilgame.trolllevel,APAC,Yes
com.dhzSoft.SuperBobbysAdventure,-,No
com.diamond.flow.color.puzzle.and,APAC,Yes
com.dice.roll.billionaire,APAC,Yes
com.didenko.and.partners.durak,EMEA,Yes
com.digi_trade_new,-,No
com.digitalchemy.calculator.freedecimal,EMEA,Yes
com.digitalchemy.timerplus,EMEA,Yes
com.digitalmoka.scopadalnegro,-,No
com.digplus.app,-,No
com.dilemmas.game,EMEA,Yes
com.dinnph.browser,APAC,Yes
com.dino.moto.race.master,APAC,Yes
com.dino.race.master,APAC,Yes
com.dinofun.paintbynumber.pixelgame,APAC,Yes
com.dinopix.planetssmash,EMEA,Yes
com.diskwalaapp,-,No
com.diy.phonecase.phonemaker,APAC,Yes
com.dkgame.goodssort,APAC,Yes
com.dlmsapp.v4appprofree,APAC,Yes
com.dmg.carsalessimulator,EMEA,Yes
com.dna.solitaireapp,-,No
com.dna.solitaireapp.klondike,-,No
com.docx.reader.word.docx.document.office.free.viewer,APAC,Yes
com.dogerescue.drawpuzzle.save,APAC,Yes
com.dogs.nine,-,No
com.dogtranslator.catsounds.petlanguage.training.simulator,-,No
com.doll.diary.paper.diy.dress,-,No
com.doll.makeover.dressup.games,APAC,Yes
com.dominigames.mf,-,No
com.domobile.applock.ind,APAC,Yes
com.domobile.applockwatcher,APAC,Yes
com.domobile.photolocker,APAC,Yes
com.dopuz.klotski.riddle,APAC,Yes
com.dotdot.apo,APAC,Yes
com.doubleagames.FarmTycoonObby,EMEA,Yes
com.download.music.mp3.downloader.free.lagu.song.app,APAC,Yes
com.downloaders.music.erton,APAC,Yes
com.downloadvideo.videodownloadfree21,APAC,Yes
com.downloadvideoapp.freedownloadvideo5,APAC,Yes
com.downloadwhatsappstatus.statussaver.videodownloader,Americas,Yes
com.drag.dichead.survival,APAC,Yes
com.dragonplus.happyhospital,APAC,Yes
com.dragonplus.mergehome,APAC,Yes
com.dramarush.bingeshort,-,Yes
com.dramaton.dolls,-,Yes
com.dramawave.app,APAC,Yes
com.draw.hero,EMEA,Yes
com.draw.sketch.ardrawing.paint.anime,-,Yes
com.draw.to.pee.bo,APAC,Yes
com.dream.free.games.match3,EMEA,Yes
com.dream.house.design.husa.game,APAC,Yes
com.dream.life.unpacking,APAC,Yes
com.dream.live.cricket.score.hd,EMEA,Yes
com.dream.resort.candy.match.mania.gp,APAC,Yes
com.dream.sleep.huss.game,APAC,Yes
com.dreamcraft.city,-,No
com.dreamcrushgame.meowsort,APAC,Yes
com.dreamtechnologies.music8d,EMEA,Yes
com.dressup.avatar.yoyo.doll.school.life,APAC,Yes
com.driftsand.game.blockfunny,APAC,Yes
com.drip.gallery.sort.gp,-,No
com.droid27.transparentclockweather,EMEA,Yes
com.droppuzzle.mobiletop,APAC,Yes
com.dualspace.multispace.android,-,No
com.dualspacepro.multispace,-,Yes
com.dubox.drive,APAC,Yes
com.duolingo,Americas,Yes
com.dvloper.granny,-,No
com.dvproject.play,EMEA,Yes
com.dywx.larkplayer,APAC,Yes
com.ea.game.pvzfree_row,Americas,Yes
com.ea.gp.fifamobile,Americas,Yes
com.eagle_developers.wpigs,-,No
com.eapoker.durak.international,-,No
com.earlymorningstudio.championsofavan,APAC,Yes
com.earnne,-,No
com.earthapp.maps.live.app,APAC,Yes
com.easybrain.arrow.puzzle.game,EMEA,Yes
com.easybrain.art.puzzle,EMEA,Yes
com.easybrain.backgammon.board.games,EMEA,Yes
com.easybrain.block.puzzle.games,EMEA,Yes
com.easybrain.color.sort.puzzle,EMEA,Yes
com.easybrain.crossword.puzzles,EMEA,Yes
com.easybrain.jigsaw.puzzles,EMEA,Yes
com.easybrain.nonogram,EMEA,Yes
com.easybrain.nonogram.color,EMEA,Yes
com.easybrain.number.puzzle.game,EMEA,Yes
com.easybrain.sudoku.android,EMEA,Yes
com.easybrain.word.puzzle.game,EMEA,Yes
com.easygames.race,EMEA,Yes
com.easytrackbloodpressure.sugar.global,APAC,Yes
com.ecffri.arrows,EMEA,Yes
com.ecgame.app.watersort,-,No
com.econogames.bible.wordsearch.gp,APAC,Yes
com.econogames.peace.word.puzzle.gp,APAC,Yes
com.edgevpn.secure.proxy.unblock,-,No
com.eg.antarctica88,EMEA,Yes
com.eg.deathpark,EMEA,Yes
com.eisterhues_media_2,EMEA,Yes
com.ekindiegames.ElectricTrains,EMEA,Yes
com.eksiteknoloji.eksisozluk,EMEA,Yes
com.elemental.gloves,EMEA,Yes
com.emojibattery.widget.statusbar.batterystickers,-,No
com.endless.nightmare.reborn.android,-,No
com.enflick.android.TextNow,Americas,Yes
com.enzo.paulo,APAC,Yes
com.epicoro.castleclashers,EMEA,Yes
com.esound,-,Yes
com.espp.ppcine_es,APAC,Yes
com.etermax.preguntados.lite,Americas,Yes
com.euchre.solitaire.plus.offline.free.card.games,APAC,Yes
com.euro.truck.driver.simulator.game,-,No
com.europosit.pixelcoloring,EMEA,Yes
com.evertechsandbox,EMEA,Yes
com.evrika.math.club,-,No
com.ew.superbilliards,APAC,Yes
com.excean.parallelspace,APAC,Yes
com.excellenth5game.bubblepopmaster,APAC,Yes
com.excelliance.multiaccounts,APAC,Yes
com.explodecraft.blockblasttnt,-,No
com.extbel.BusinessBillionaireEmpire,EMEA,Yes
com.external.castle,APAC,Yes
com.extreorhd.lenasoftlab,-,No
com.eyecon.global,EMEA,Yes
com.ezero.seven.water.gp,-,No
com.ezero.three.block.gp,-,No
com.ezg011.duskbound.tower.defend.strategy.td.game,-,No
com.ezpdf.read.view.editor.pdfreader.pdfviewer,APAC,Yes
com.ezt.pdfreader.pdfviewer,APAC,Yes
com.fagame.app.triplematch,-,No
com.falcon.dm.water.cake.sort.puzzle,APAC,Yes
com.fanatee.cody,Americas,Yes
com.fanatee.keep,Americas,Yes
com.fanatee.stop2,Americas,Yes
com.fansipan.pixel.hero.action.rpg.adventure.games,APAC,Yes
com.fantile.sliding.dragon.puzzle,APAC,Yes
com.farm.adventure.griffin.island,APAC,Yes
com.farmadventure.global,APAC,Yes
com.fashion.contest.dressup.idol.style.shiningme,APAC,Yes
com.fast.free.secure.unblock.vpn,-,No
com.fast.secure.proxyvpn.unlimitedproxy.security,Americas,Yes
com.fast.secure.unlimited,-,No
com.fast.translatealllanguages.voice.translateapp.texttovoice.alllanguages.translator,APAC,Yes
com.fast.vpn.secure.unblock.proxy,-,No
com.fastexpansion.gogo,APAC,Yes
com.fastsave.app,-,No
com.fastvpn.dreamvpn,-,No
com.fattoy.shelter,APAC,Yes
com.fbig.words,EMEA,Yes
com.fc.color.brick.sort.match,APAC,Yes
com.fc.goods.sort.matching.puzzle.triplemaster,APAC,Yes
com.fc.hexa.sort.color.sorting.brain.puzzle,APAC,Yes
com.fc.nut.screw.bolt.washer.fastener.puzzle,APAC,Yes
com.fc.p.cp.jelly.mukbang.asmr.live.diy,APAC,Yes
com.fc.p.gp.skincare.makeup.makeover.asmr.game,APAC,Yes
com.fc.p.hk.seat.challenge.logic.game,APAC,Yes
com.fcg.construction.vehicles.hq,Americas,Yes
com.fennik.facemask.diy.makeover,APAC,Yes
com.ffaug.universalplayer,-,No
com.fgol.HungrySharkEvolution,EMEA,Yes
com.fic.buenovela,APAC,Yes
com.fiddlerswork.drawwithfriends,-,No
com.fidget.toys.pop.it.antistress.relaxation.game,Americas,Yes
com.fidgettrading.game,EMEA,Yes
com.filemanager.managefile.fileexplorer.fileextractor,APAC,Yes
com.find.differences.girls.hidden.spot.an,APAC,Yes
com.findgame.android.word,APAC,Yes
com.finetosurvive.master,EMEA,Yes
com.fingersoft.hcr2,EMEA,Yes
com.finik.ClimbJump,EMEA,Yes
com.finya.app,-,No
com.fiogonia.blockjam,EMEA,Yes
com.fiogonia.drop,EMEA,Yes
com.fiogonia.spades,EMEA,Yes
com.fireplate.bbq.sort,APAC,Yes
com.firsttouchgames.dls7,EMEA,Yes
com.firsttouchgames.story,EMEA,Yes
com.fish.eat.fish.evolution.sang.game,APAC,Yes
com.fishing.megabattle,-,No
com.fishtappro.clicker,EMEA,Yes
com.fit.blockpuzzle3D.color.blast.jam,APAC,Yes
com.fit.image.magic,-,No
com.flashlight.bright.led.torch.android,-,No
com.flatgames.airport.deputy.safe.terminal,-,No
com.flexiblesnake.run,-,No
com.flightradar24free,EMEA,Yes
com.flofl.android.wering,APAC,Yes
com.flow.mobile,APAC,Yes
com.flower.match.story,APAC,Yes
com.fluffyfairygames.idleminertycoon,EMEA,Yes
com.flyingkite.sim.games,-,No
com.flyingwhalegames.parkingout,EMEA,Yes
com.fontskeyboard.fonts,EMEA,Yes
com.food.dash.diner.craze.happy.ASMR,APAC,Yes
com.food.fighter.sna.eaters.game,APAC,Yes
com.food.sort.grill.skewer.match.games.puzzle,APAC,Yes
com.football.live.stream.tv.sport,EMEA,Yes
com.football.soccer.league,APAC,Yes
com.forshared.files,-,No
com.four4glte.only.networkmode,-,No
com.fpg.stressrelief,APAC,Yes
com.fpg.thiefstickman,APAC,Yes
com.fpl.bike.master,APAC,Yes
com.fragileheart.mp3editor,EMEA,Yes
com.frases.frasesvip,-,No
com.free.autovpn.private.unblock,APAC,Yes
com.free.dramarapid,APAC,Yes
com.free.music.downloader.erersd,APAC,Yes
com.free.music.downloader.eron,APAC,Yes
com.free.tiptop.vpn.proxy,EMEA,Yes
com.free.vpn.indonesia.proxy.planet,EMEA,Yes
com.free.vpn.proxy.master.app,EMEA,Yes
com.free.vpn.super.hotspot.open,Americas,Yes
com.free.vpn.turbo.fast.secure.govpn,EMEA,Yes
com.free.vpn.turkey.proxy.planet,EMEA,Yes
com.free.vpn.unlimited.hotpotshield.vpnmaster,APAC,Yes
com.freecine.gz.andvimipure,APAC,Yes
com.freegames.skydivingsimulator,-,No
com.freemusic.download.ddplmnb,APAC,Yes
com.freerange360.mpp.GOAL,EMEA,Yes
com.freereels.app,APAC,Yes
com.freeshort.drama.reel,APAC,Yes
com.freevoicetranslator.languagetranslate.speakandtranslate,Americas,Yes
com.freevpn.oryxvpn,-,No
com.freevpn.smartvpn,-,No
com.freevpnintouch,-,No
com.freevpnplanet,EMEA,Yes
com.frenzygames.fgs.archery.ninja.shooter.mission,-,No
com.friendlygames.beauty.match.tripple.sexy.adult.date.tile.game,EMEA,Yes
com.fruits.user.path,APAC,Yes
com.fs.block,APAC,Yes
com.fs.shoot.boxing.fighting,Americas,Yes
com.ftt.boxingstar.gl.aos,-,No
com.fty.earpolice,APAC,Yes
com.fugo.wow,EMEA,Yes
com.fullersystems.cribbage,-,No
com.fullmetalgamedev.animalraceflyingzoo,APAC,Yes
com.fullmetalgamedev.shapetransformrush,APAC,Yes
com.fullreader,EMEA,Yes
com.fun.brain.game,APAC,Yes
com.fun.games.commando.black.shadow,-,No
com.funfinity.amobear.blaze.shooter,EMEA,Yes
com.funfinity.knitzy.thread,EMEA,Yes
com.funfuse.pusoy,EMEA,Yes
com.fungames2d.tile.cat,APAC,Yes
com.funlab.escape.maze.slither.puzzle,APAC,Yes
com.funplus.familyfarm,APAC,Yes
com.funzilla.triple.goods,APAC,Yes
com.fusee.MergeMaster,EMEA,Yes
com.fusionmind.memecatstamagochi,APAC,Yes
com.fusionmind.obby1jumpperclick,APAC,Yes
com.fusionmind.ragdolldrop,APAC,Yes
com.fusionmind.scarylittleprankster,APAC,Yes
com.fusionmind.tocakidstown,APAC,Yes
com.fusionmind.tocalifeworld,APAC,Yes
com.futbin,EMEA,Yes
com.futgenix.soccer.scores,EMEA,Yes
com.futureswitch.vaultsofcleo,APAC,Yes
com.fxroyale.app,-,Yes
com.fynero.hex.universe,APAC,Yes
com.gallery.easy.photo.editor.album.lyrical.video.status.maker,-,No
com.gam.voicetranslater.cameratranslator.translate,APAC,Yes
com.gamad.shipgamessimulator,EMEA,Yes
com.game.colorroll3d,EMEA,Yes
com.game.minicraft.village,APAC,Yes
com.game.sjm_android,APAC,Yes
com.game.suf_android,APAC,Yes
com.game.thatsmyseat,-,Yes
com.game5mobile.sticker,Americas,Yes
com.gamebp.screw3d,APAC,Yes
com.gamebrain.hexasort,Americas,Yes
com.gamee.dragon.kingdom.castle.match.story.puzzle,APAC,Yes
com.gamee.homepin2.manor.homescape,APAC,Yes
com.gameeapp.android.app.blockdoggo,APAC,Yes
com.gameguard,-,No
com.gamehouse.delicious17,-,No
com.gamehouse.delicious21.restaurant.renovation.story.cooking.simulation,-,No
com.gamehouse.jq.jewel.quest.match3.puzzle.adventure.fun.relax.tiles.boosters.casual,-,No
com.gameloft.android.ANMP.GloftA9HM,EMEA,Yes
com.gameloft.android.ANMP.GloftDOHM,EMEA,Yes
com.gameone.candycruiseswap.free,-,No
com.games.bottle,EMEA,Yes
com.games.webmaster,EMEA,Yes
com.games2win.decisions,-,Yes
com.gamessoft.car.drifting.midnight.car.game,-,No
com.gamessoft.realdrift.car.driving.games,-,No
com.gametov.carforsale,EMEA,Yes
com.gametov.longtrip,EMEA,Yes
com.gamexis.racing.ferocity.apps,-,No
com.gamexis.sniper.professional.action.game.apps,-,No
com.gamincat.jigsolitaire,APAC,Yes
com.gaming.mob.extreme.car.drive,-,No
com.gaminho.idlefivebasketball,-,No
com.gamma.scan,EMEA,Yes
com.gamovation.mahjongclub,EMEA,Yes
com.gamovation.quickcheckers,EMEA,Yes
com.gamovation.tileclub,EMEA,Yes
com.garden.fill.dg,-,No
com.gargan.abismo,APAC,Yes
com.gazeus.dominoes.battle.board.game,-,Yes
com.gbd.amy.secret.game,-,No
com.gdrhrhw.utxdm,EMEA,Yes
com.geishatokyo.trafficrun,-,Yes
com.gems.block.surprise,APAC,Yes
com.geode.dazzly,-,No
com.gg.blue.monster.rope.hero,-,No
com.gg.nextbots.sandbox.shooter.playground,-,No
com.ghamzastudios.walkfi,-,Yes
com.ghive.endless.car.race.traffic.drive.apps,-,No
com.gia.iloveftd,EMEA,Yes
com.giamping.azvpn,-,No
com.giamping.bdvpn,-,No
com.giamping.euvpn,-,No
com.giamping.hongkongvpn,-,No
com.giamping.indiavpn,-,No
com.giamping.jpvpn,-,No
com.giamping.khvpn,-,No
com.giamping.koreavpn,-,No
com.giamping.kzvpn,-,No
com.giamping.mmvpn,-,No
com.giamping.phvpn,-,No
com.giamping.pkvpn,-,No
com.giamping.plvpn,-,No
com.giamping.russiavpn,-,No
com.giamping.savpn,-,No
com.giamping.sevpn,-,No
com.giamping.socks5,-,No
com.giamping.thvpn,-,No
com.giamping.twvpn,-,No
com.gimica.ballbounce,EMEA,Yes
com.gimica.blockbuster,EMEA,Yes
com.gimica.blockholeclash,EMEA,Yes
com.gimica.brickdoku,EMEA,Yes
com.gimica.carsmerge,EMEA,Yes
com.gimica.colorlogic,EMEA,Yes
com.gimica.crystalcrush,EMEA,Yes
com.gimica.helixdash,EMEA,Yes
com.gimica.hexapuzzlefun,EMEA,Yes
com.gimica.hexmatch,EMEA,Yes
com.gimica.idlemergefun,EMEA,Yes
com.gimica.madsmash,EMEA,Yes
com.gimica.maketen,EMEA,Yes
com.gimica.marblemadness,EMEA,Yes
com.gimica.mergeblast,EMEA,Yes
com.gimica.mixblox,EMEA,Yes
com.gimica.puzzlepopblaster,EMEA,Yes
com.gimica.slideandroll,EMEA,Yes
com.gimica.spaceconnect,EMEA,Yes
com.gimica.spidersolitaire,EMEA,Yes
com.gimica.sudoku,EMEA,Yes
com.gimica.sugarmatch,EMEA,Yes
com.gimica.tangram,EMEA,Yes
com.gimica.tilematchpro,EMEA,Yes
com.gimica.treasuremaster,EMEA,Yes
com.gimica.triviamadness,EMEA,Yes
com.gimica.watersorter,EMEA,Yes
com.gimica.wordkitchen,EMEA,Yes
com.gimica.zentiles,EMEA,Yes
com.girls.nail.salon.games,APAC,Yes
com.girlsdressupgames.IndianWeddingDressup,-,No
com.girlsfakevideo.chat.fakevideocall.prankapp,EMEA,Yes
com.gismart.realpianofree,-,No
com.gjg.colorfill3d,EMEA,Yes
com.glitter.wallpaper.high.definition.apps,EMEA,Yes
com.globalplay.birdsort,APAC,Yes
com.globalplay.birdsort2.color.puzzle,APAC,Yes
com.gm11.bingocraze,APAC,Yes
com.gma.soda.sort.puzzle,APAC,Yes
com.gma.water.connect.flow,APAC,Yes
com.gma.water.sort.puzzle,APAC,Yes
com.gn.singleline.draw.challenge.minigames,Americas,Yes
com.gna.playio,-,No
com.gnarlygamestudio.agenthunt,EMEA,Yes
com.go.vpndog,EMEA,Yes
com.go7game.jewelclassic,-,No
com.gofive.fashion.stylist.dress.up,-,Yes
com.gofiveglobal.fashion.dress.up,-,Yes
com.gogii.textplus,-,No
com.gogo.launcher,APAC,Yes
com.gold.drama,APAC,Yes
com.goldbud.matchmania.luxurygrow.bloom,APAC,Yes
com.goldendragon.luckyblessing,APAC,Yes
com.goldreels.cashdrama,APAC,Yes
com.goodbenya.developer.be_free_vpn,EMEA,Yes
com.goods.master3d.triple.puzzle,APAC,Yes
com.goods.sorting.games.triple.match3d.puzzle,APAC,Yes
com.goodtimegames.blackjack.blackjack21.cash.win.money.poker.casino,-,No
com.goodtimegames.ludoloyalty,-,No
com.goolny.Split2048,EMEA,Yes
com.goosebump.bulletheroes,EMEA,Yes
com.goplaytoday.sniper3d,EMEA,Yes
com.gp.spinner.battle.blade.game,Americas,Yes
com.gpperfitlife.perfit,-,No
com.gpscamera.map.location.geotagphoto,EMEA,Yes
com.graceonet.onet.beauty,APAC,Yes
com.grassstall.merchanttycoon.wickerbasket,APAC,Yes
com.greenlabs.smartfarm,APAC,Yes
com.greetify.lite,EMEA,Yes
com.grindrapp.android,Americas,Yes
com.grow.poifarm,APAC,Yes
com.growly.babyeditor,-,No
com.grus.dress.room.doll.fashion,APAC,Yes
com.gs.firetruck.firefighter.game,-,No
com.gs.school.car.driving.game,-,No
com.gsn.android.tripeaks,Americas,Yes
com.gst.sandbox,-,No
com.gstarmc.android,APAC,Yes
com.gt.brooktopia.rplife,Americas,Yes
com.gt.euro.truck.game,-,No
com.gtactiongames.bikevsbus,-,No
com.gtsy.annoying.punch.game,Americas,Yes
com.gulfsupervpn,EMEA,Yes
com.gxs.speed.overtake.endless.drive.free,-,No
com.gzl.superhero.karatefighting.game,EMEA,Yes
com.h.momsim,APAC,Yes
com.haishifang.blackmusic,APAC,Yes
com.halleyvpn.freevpn,-,No
com.halo.wifikey.wifilocating,-,No
com.handmark.expressweather,Americas,Yes
com.haokan.pictorial,-,Yes
com.happybat.ballmatch,EMEA,Yes
com.happybat.slinkysort3d,EMEA,Yes
com.happygogame.makeUpCollection,APAC,Yes
com.happygogame.subwayrushescape,APAC,Yes
com.happykamp.aquariumland,EMEA,Yes
com.hauntedcastle.ghostcastle,APAC,Yes
com.haunteddorm.mihuan,-,No
com.hazard.thaiboxer.muaythai,EMEA,Yes
com.hbg.submarinesimulator,EMEA,Yes
com.hd.live.wallpaper.hd.parallax,-,No
com.hd.video.downloader.sple,APAC,Yes
com.hdapp.camera.plus.app,APAC,Yes
com.hdcampro.procameralens.photography,-,No
com.hdviet.lichvannien.tuvi209,-,No
com.heart.bpm,-,No
com.heartpulse.healthycompanion.tracker,APAC,Yes
com.heartsnet.clickwood.gp,APAC,Yes
com.heavy.tractor.trolley.cargo.farming.simulation.game,-,No
com.hecate.phantom,APAC,Yes
com.help.me.puzzle.sjag.game,APAC,Yes
com.herocraft.game.majesty.ne.freemium,-,No
com.herocraft.star.spaceship.wars.idle.builder.sim,-,No
com.herofightinggames.duck.blast,EMEA,Yes
com.herofightinggames.pixel.monster.hunter,EMEA,Yes
com.hexa.master.puzzle.match3d,APAC,Yes
com.hexa.sort.color.blast.puzzle,-,No
com.hexa.sort.puzzle.stack.color.game,APAC,Yes
com.hey.color.number.coloring.paint,EMEA,Yes
com.hg.cup.cake.maker.bakery.shop.cooking.game,Americas,Yes
com.hg.takashi.ninjagames,APAC,Yes
com.hi.melody.music.noise,-,No
com.hi.weather.home.forecast.live,-,No
com.hidea.cat,APAC,Yes
com.hideseek.swordslash,-,No
com.hideseek.taptriplebrick,-,No
com.higame.brain.twist.tricky.puzzle,APAC,Yes
com.higame.monster.tricky.annoying.puzzle.game,APAC,Yes
com.higame.par.bubble.tea,APAC,Yes
com.higame.par.country.ball.war,APAC,Yes
com.higame.par.left.and.right.fashion.dressup,APAC,Yes
com.higgs.slotsmash,APAC,Yes
com.hiroba.helix,Americas,Yes
com.hit.master,EMEA,Yes
com.hitappsgames.connectwords,EMEA,Yes
com.hitappsgames.wordsolitaire,EMEA,Yes
com.hiwaifu.app,APAC,Yes
com.hk.s.all.video.player,-,No
com.hkapps.sealdownloader,EMEA,Yes
com.hlcsdev.x.notepad,EMEA,Yes
com.hld.anzenbokusucal,-,No
com.hole.drop,APAC,Yes
com.holyquran.qibladirection.compass.calendar.finddirection.islamicapp.muslim.islamcalendar,APAC,Yes
com.honanStudio.driveX,EMEA,Yes
com.hookah.sandboxinspace,EMEA,Yes
com.hornet.android,-,Yes
com.horror.sprunky.beast.sound,APAC,Yes
com.horror.sprunky.beats,APAC,Yes
com.horus.cat.cube.sort,-,No
com.horus.sheep.out,-,No
com.horus.warzone,-,No
com.horus.zombie.war,-,No
com.hospital.organizer.tidy.game,-,No
com.hospital.smart.organize.game,-,No
com.hotchatai.roleplaywithairoles,-,No
com.hotplay.animals,APAC,Yes
com.hotplay.babyexcavator,APAC,Yes
com.hotplay.bricksballs,APAC,Yes
com.hotplay.eatingballs,APAC,Yes
com.hotplay.excavator,APAC,Yes
com.hotplay.findtoilet,APAC,Yes
com.hotplay.funrelaxing,APAC,Yes
com.hotplay.matchpuzzle,APAC,Yes
com.hotplay.petexplosion,APAC,Yes
com.hotplay.pop.antistress,APAC,Yes
com.hotplay.princessdiy,APAC,Yes
com.hotplay.puzzlegames,APAC,Yes
com.hotplay.puzzletown,APAC,Yes
com.hotplay.screwpin,APAC,Yes
com.hotplay.thebees,APAC,Yes
com.hottrend.skibidi.toilet.monster.battle.idle.strategy.games,APAC,Yes
com.housepaint.game,EMEA,Yes
com.hp.prison.runner3d.obby.parkour,APAC,Yes
com.hpcpj.slimecleaner,-,No
com.hpcpj.trasheater,-,No
com.ht.mini.car.raceway.endless.drive,-,No
com.htetznaing.zfont2,-,No
com.hts.color.mobilephonecase.diy.games,Americas,Yes
com.htt.alpha.shooter.fps,APAC,Yes
com.htt.baby.hunt.hn,APAC,Yes
com.huabo.flashback.android,-,No
com.huaweiwatchapp.andro,EMEA,Yes
com.huaweiwatchfit.app,EMEA,Yes
com.humble.proxy,EMEA,Yes
com.hunter.net,EMEA,Yes
com.huub.tiger,EMEA,Yes
com.hv.replaio,-,No
com.hw.duck.escape,APAC,Yes
com.hw.gecko.escape,APAC,Yes
com.hw.idle.parking.tycoon,APAC,Yes
com.hw.parking.chaos,APAC,Yes
com.hw.pixel.shoot.master,APAC,Yes
com.hw.train.chaos,APAC,Yes
com.hybeim.puzzle17,APAC,Yes
com.hyperfun.connecttiles,-,No
com.hyperfutura.stealthshooter,-,No
com.hyperhoop.pocketmonsters,EMEA,Yes
com.iMe.android,EMEA,Yes
com.ibragunduz.applockpro,-,No
com.icegame.fruitlink,-,No
com.iconchanger.widget.theme.shortcut,APAC,Yes
com.icons.widgets.control.center.pink.black.themely,APAC,Yes
com.icontrol.easy.widgets.themes,APAC,Yes
com.idle.startup.richman.rich.business.tycoon,-,No
com.idway.toolpdf.total,-,Yes
com.ig.ball.sort.color.puzzle,APAC,Yes
com.ig.block.buster,APAC,Yes
com.ig.bus.out,APAC,Yes
com.ig.color.wood.screw,APAC,Yes
com.ig.moto.racing,APAC,Yes
com.ig.screwdom,APAC,Yes
com.ig.secret.screw,APAC,Yes
com.ig.skewer.jam.food.sort,APAC,Yes
com.ig.spider.fighting,APAC,Yes
com.ig.water.flow,APAC,Yes
com.ihappydate,EMEA,Yes
com.ikeyboard.theme.neon.love,APAC,Yes
com.illusion21.Billiards.Pyramid,EMEA,Yes
com.iloveyou.valentine.day.lovemessages,-,No
com.imangi.templerun2,-,Yes
com.imendon.fomz,-,No
com.imgur.mobile,Americas,Yes
com.imo.android.imoim,APAC,Yes
com.imo.android.imoimbeta,APAC,Yes
com.imo.android.imoimhd,APAC,Yes
com.imvu.mobilecordova,-,Yes
com.in.gt.hb.hh.mi,-,No
com.inapp.cross.stitch,APAC,Yes
com.inapp.incolor,APAC,Yes
com.incboxbrawl.boxsimulatorforbrawl,-,No
com.infiniplay.merge.fashion.romance.story,APAC,Yes
com.infraware.office.link,APAC,Yes
com.inmobi.weather,Americas,Yes
com.inspiredsquare.jupiter,Americas,Yes
com.instabridge.android,EMEA,Yes
com.instantbits.cast.webvideo,-,Yes
com.intsig.camscanner,APAC,Yes
com.invinciblesstudioltd.soccermanager2025,EMEA,Yes
com.ionicframework.vznakomstve,EMEA,Yes
com.ioscontrol.themed.control.center.smart,APAC,Yes
com.ipc360pro,-,No
com.iscoolentertainment.snc,EMEA,Yes
com.isharing.isharing,APAC,Yes
com.islandlife.islandlife,APAC,Yes
com.ivuu,APAC,Yes
com.iw.scan.reap.aos,-,No
com.jamalmagomedov.FPVKamikazeDrone,EMEA,Yes
com.japanstyle.kyotocraft,-,No
com.jaumo,EMEA,Yes
com.jawaher.ff,-,No
com.jazibkhan.equalizer,EMEA,Yes
com.jd.game.hgxxx.mihw,-,Yes
com.jd.game.xxmnh4.mihw,-,Yes
com.jejememe.daybabyday,-,No
com.jgame.popcattiles,-,No
com.jgame.relaxplaygames,-,No
com.jhulse.lineup,EMEA,Yes
com.jigsawgame.biblestyle,-,Yes
com.jigsawgame.relaxpuzzle,-,No
com.jigsortscapes.jigsaw.slide.solitaire.puzzle.game,APAC,Yes
com.jk.know.quiz.aos,-,No
com.jmg.the.buddy.battles,Americas,Yes
com.jnj.mocospace.android,-,No
com.jober.music.player,APAC,Yes
com.jogatina.buraco,-,Yes
com.jogatina.spades,-,Yes
com.joinblob.clash,EMEA,Yes
com.joyvendor.wordhike.android.en,-,Yes
com.jr.cdxs.rureader,APAC,Yes
com.jr.cdxs.stories,APAC,Yes
com.jr.cdxs.threader,APAC,Yes
com.jrustonapps.myauroraforecast,EMEA,Yes
com.jrustonapps.mylightningtracker,EMEA,Yes
com.jrustonapps.mytidetimes,EMEA,Yes
com.jrzheng.supervpnfree,-,No
com.juan.bubble.merge.jhsuan.game,APAC,Yes
com.jura.coloring.page,APAC,Yes
com.jura.monster.truck.stunt,APAC,Yes
com.justanothertry.slovaizslova,EMEA,Yes
com.justanothertry.slovavk,EMEA,Yes
com.justplay.app,EMEA,Yes
com.kadka.forknsausage,EMEA,Yes
com.kaptan.blockpuzzlegame,EMEA,Yes
com.katanlabs.bodybuildrush3d,APAC,Yes
com.katanlabs.crazycubebuild3d,APAC,Yes
com.katanlabs.famimart,APAC,Yes
com.katanlabs.goingball3drollingadventure,APAC,Yes
com.katanlabs.wordconnectwondersofview,APAC,Yes
com.katanlabs.worm.ioeatemall,APAC,Yes
com.kayac.DrawFight,APAC,Yes
com.kayac.ScaleMan,APAC,Yes
com.kayac.draw_block_gladiator,APAC,Yes
com.kayac.eatingsimulator,APAC,Yes
com.kayac.level_up_number,APAC,Yes
com.kayla.lotteryresult,-,No
com.keplerians.angryking,APAC,Yes
com.keplerians.evilnun,APAC,Yes
com.keplerians.evilnun2,APAC,Yes
com.keplerians.icescream4,APAC,Yes
com.keplerians.icescream5,APAC,Yes
com.keplerians.icescreamseven,APAC,Yes
com.ketchapp.divineko,EMEA,Yes
com.ketchapp.rider,EMEA,Yes
com.kiloo.subwaysurf,EMEA,Yes
com.king.blossomblast,Americas,Yes
com.king.bubblewitch3,Americas,Yes
com.king.candycrush4,Americas,Yes
com.king.candycrushjellysaga,Americas,Yes
com.king.candycrushsaga,Americas,Yes
com.king.candycrushsodasaga,Americas,Yes
com.king.farmheroessaga,Americas,Yes
com.king.farmheroessupersaga,Americas,Yes
com.king.kingdom.final,APAC,Yes
com.king.petrescuesaga,Americas,Yes
com.king.pyramidsolitairesaga,Americas,Yes
com.kingdom.stars.pop,APAC,Yes
com.kingsfortune.happydinerstory,APAC,Yes
com.kingsfortune.happymatchcafe1,APAC,Yes
com.kitco.goldlive,-,No
com.kitkagames.fallbuddies,Americas,Yes
com.kiwi.animes,-,Yes
com.kiwifun.game.android.ball.sort,APAC,Yes
com.kiwifun.game.android.hexacrush.puzzles,APAC,Yes
com.kiwifun.game.android.nutsort.puzzles,APAC,Yes
com.kiwigames.happycitizen.gp,APAC,Yes
com.kjv.bible.now,APAC,Yes
com.kjvbibleadio.dailyverse,APAC,Yes
com.klondike.solitaire.girls.puzzle.card,APAC,Yes
com.knockdown.bottleshootgame,APAC,Yes
com.knuddels.android,EMEA,Yes
com.kokoj.pusherpanicplay,-,No
com.kokoj.pusherpopquest,-,No
com.kokteyl.goal,EMEA,Yes
com.kokteyl.mackolik,EMEA,Yes
com.kosoj.pushercoin,-,No
com.kotar.sagittario,APAC,Yes
com.krafts.building.k,-,Yes
com.kraftwerk9.rokie,-,No
com.kryptow.bookreaditalian,EMEA,Yes
com.ktsoev.citrus,EMEA,Yes
com.kuyisi.feline.mahjong.tile,APAC,Yes
com.kuyisi.mahjong.traveler.game,APAC,Yes
com.kvadgroup.photostudio,EMEA,Yes
com.kvadgroup.posters,EMEA,Yes
com.kvasir.hydrokhoos,APAC,Yes
com.kwalee.drawit,EMEA,Yes
com.kwalee.transformhunt,EMEA,Yes
com.kwalee.wantedgp,EMEA,Yes
com.ladkivideocall.girlvideocall,EMEA,Yes
com.ladkivideocall.randomgirlvideochat,EMEA,Yes
com.languagelearningapp.learnandspeak.android2023,-,No
com.laser.bounce.puzzle,APAC,Yes
com.launcher.icecream,EMEA,Yes
com.launcher.launcher2022,APAC,Yes
com.launcher.smart.android,-,No
com.lbrc.PeriodCalendar,EMEA,Yes
com.left.right.girl.dressup.game,APAC,Yes
com.lemix.tankfortress,-,No
com.lemon.lvoverseas,APAC,Yes
com.lemonsquad.simulatorbs,EMEA,Yes
com.lenovo.anyshare.gps,APAC,Yes
com.leolegaltechapps.callscreen,-,No
com.levv.gametuner,-,No
com.lf.sniper.gun.shooter.free.apps,-,No
com.lianhezhuli.hyfit,-,No
com.life.dream,EMEA,Yes
com.lifedesigner.lifedesigner,APAC,Yes
com.lima.doodlejump,-,No
com.linecorp.LGLP2,APAC,Yes
com.linecorp.b612.android,APAC,Yes
com.linkpuls.browser,APAC,Yes
com.lionroar.babyjinidaycare,-,No
com.lionroar.puppydaycare,-,No
com.liotek.lannbible,APAC,Yes
com.lip.art.salon.diy.makeup.lipstick.makeovergames.asmr,Americas,Yes
com.lips.falling.mouth.battle.funfilter.face.mash.challenge,-,Yes
com.litatom.app,APAC,Yes
com.lite.tera.iplayerbox,APAC,Yes
com.littlelf.smarthome,-,Yes
com.live.life.forecast.weathertracker,APAC,Yes
com.live.tile.star.light.beauty,APAC,Yes
com.livescore,EMEA,Yes
com.livescore.footballscores.matchlive,-,No
com.lmr.lfm,EMEA,Yes
com.localaiapp.scoops,Americas,Yes
com.locate.phone.track,APAC,Yes
com.location.geolynk.navi,-,No
com.location.track.proxy.gps,-,No
com.logame.eliminateintruder3d,APAC,Yes
com.logicapp,-,No
com.lokiai.facetoon,APAC,Yes
com.lonict.android.subwooferbass,EMEA,Yes
com.loomgames.pixelflow,EMEA,Yes
com.loop.color.blast,EMEA,Yes
com.lotus.toiletbreak,EMEA,Yes
com.lpprh20oprlk.kklip.gall,-,Yes
com.lrg.arrowpuzzle,APAC,Yes
com.lrgame.cookingmerge,APAC,Yes
com.ls.teeth.dentalcare.teethdoctor.dentist.hospital.game,Americas,Yes
com.lucky.slot.clover,APAC,Yes
com.lucky.zootchi,APAC,Yes
com.luckymomoks.goodpizashop,-,No
com.luckypaw.bingowheel.cashpanda.fun,APAC,Yes
com.ludashi.dualspace,APAC,Yes
com.ludashi.dualspaceprox,APAC,Yes
com.ludashi.superboost,APAC,Yes
com.ludia.dragons,Americas,Yes
com.ludo.king,APAC,Yes
com.lunappstudio.orderofwords,EMEA,Yes
com.luwukmeliana.familytree,Americas,Yes
com.lygame.tlpusher.gp,-,No
com.lyingwin.sprunkibeats,APAC,Yes
com.lyoomatch.woodpuzzle.woodenblockpuzzlegame.brick,APAC,Yes
com.lyrebirdstudio.beauty,EMEA,Yes
com.lyrebirdstudio.collage,EMEA,Yes
com.lyrebirdstudio.montagenscolagem,EMEA,Yes
com.lyrebirdstudio.photo_background_changer,EMEA,Yes
com.m123.tchatche.android,-,No
com.m24apps.phoneswitch,EMEA,Yes
com.m4pmedia.nextbotevade,-,No
com.macadamapp,-,No
com.macrovideo.v380,APAC,Yes
com.macrovideo.v380pro,APAC,Yes
com.mad.wallotaku,EMEA,Yes
com.madboxgames.drifter,-,No
com.madmantragames.kamla,-,No
com.magic.cyber.piano.tiles.edm.musicgames,APAC,Yes
com.magic.dancing.tiles.game.piano,APAC,Yes
com.magic.music.tiles.game,APAC,Yes
com.magic.water.color.sort.gan.game,APAC,Yes
com.magicgames.dessert.crush.stick,APAC,Yes
com.magicv.airbrush,APAC,Yes
com.mahjong.explorer,APAC,Yes
com.mahjong.tile.and,-,No
com.mail.outlook.hotmail.email,-,No
com.make.money.joystep,APAC,Yes
com.makeup.makeoverstylist,APAC,Yes
com.managames.stickman.ninja3vs3.fight,-,No
com.manekigames.fashionqueen,EMEA,Yes
com.map.earth.live.maps,APAC,Yes
com.maroieqrwlk.unpin,EMEA,Yes
com.mast.lite.video.editor,-,No
com.mast.status.video.edit,-,No
com.master.hotelmaster,EMEA,Yes
com.master.triple3d.find,EMEA,Yes
com.mastobaev.pyramid,EMEA,Yes
com.match.busters.free.gp,APAC,Yes
com.match.cheftreat.android,-,No
com.match.puppy.android,-,No
com.match.triple.games.sort3d.puzzle,APAC,Yes
com.match3.game.patch.panic.terraform,APAC,Yes
com.matchgame.mahjongmatch,APAC,Yes
com.matchingham.impossible.date.tricky.riddles,EMEA,Yes
com.mattel163.phase10,APAC,Yes
com.mattel163.uno2,APAC,Yes
com.matteljv.uno,APAC,Yes
com.maxdigitart.obby.cart.ride.sandbox,-,No
com.maybeyou,EMEA,Yes
com.md.fashion.battle.catwalk.queen,-,No
com.meatmatch.eliminatebbq.savorypop.fire,APAC,Yes
com.media720.games2020,-,No
com.mediamushroom.copymydata,EMEA,Yes
com.mediaradiance.shotshort,APAC,Yes
com.medibang.android.paint.tablet,-,No
com.meetup,-,No
com.megalol.muttertag,-,No
com.megalol.quotes,-,No
com.meitu.meiyancamera,APAC,Yes
com.melodybeat.music,-,No
com.melon.drop.fruit.merge.master,APAC,Yes
com.memeandsticker.textsticker,APAC,Yes
com.memesticker.singleapp.worker,APAC,Yes
com.merge.art.canvas,-,No
com.merigotech.fillwordsthemes,EMEA,Yes
com.messenger.sms.messages,EMEA,Yes
com.messenger.sms.messages.text.messaging.chat,-,No
com.messenger.smsapp.textmessage.chat,-,No
com.meta.inno.sticker,-,No
com.metaphasegames.wild.animal.hunting,-,No
com.meteor.downloader.videodownloader,-,No
com.metropcs.metrozone,Americas,Yes
com.mgc.RopeHero.ViceTown,-,Yes
com.mgc.crime.santa,EMEA,Yes
com.mgc.miami.crime.simulator.two,-,Yes
com.mi.android.globalFileexplorer,APAC,Yes
com.mi.android.globalminusscreen,APAC,Yes
com.mi.globalbrowser,APAC,Yes
com.mibo.CastleCrush,-,No
com.michatapp.im,APAC,Yes
com.michatapp.im.lite,APAC,Yes
com.micro.drama.microdrama,APAC,Yes
com.microminimice.idleballescape,EMEA,Yes
com.microsoft.microsoftsolitairecollection,Americas,Yes
com.midasplayer.apps.bubblewitchsaga2,Americas,Yes
com.mind.quiz.brain.out,APAC,Yes
com.mindyourlogic.brain.test.logic.puzzle.detective.iq3,-,No
com.mindyourlogic.brain.test.logic.puzzle.emoji.iq,EMEA,Yes
com.mine.crazy.auto.dragon.maxi,-,No
com.minecraft_mc_addon.train_mod,EMEA,Yes
com.minecraft_mcpe_addon.cars_mod,EMEA,Yes
com.ming.calculator2me,APAC,Yes
com.mingle.BBWPlusSingles,EMEA,Yes
com.mini.miniskit,APAC,Yes
com.miniclip.carrom,EMEA,Yes
com.miniclip.eightballpool,EMEA,Yes
com.miniit.brain,-,Yes
com.miniworldgame.creata.vn,-,No
com.mintgames.adultcoloring,APAC,Yes
com.mintgames.animallink,APAC,Yes
com.mintgames.calmcolor,APAC,Yes
com.mintgames.cutecolor,APAC,Yes
com.mintgames.fancycolorpro,APAC,Yes
com.mintgames.fantasycolor,APAC,Yes
com.mintgames.finddifferences,APAC,Yes
com.mintgames.goods.market.rush,APAC,Yes
com.mintgames.lovecolor,APAC,Yes
com.mintgames.memorycolor,APAC,Yes
com.miracle.block.smash.journey,APAC,Yes
com.missileattack.ultimatewar.truckgames.jk,-,No
com.mister.pdfreader.element,-,Yes
com.misyogame.tilematch,APAC,Yes
com.miui.cleaner,APAC,Yes
com.miui.global.packageinstaller,APAC,Yes
com.miui.home,APAC,Yes
com.miui.msa.global,APAC,Yes
com.miui.player,APAC,Yes
com.miui.securitycenter,APAC,Yes
com.miui.videoplayer,APAC,Yes
com.mixtubepro.musicplayer.create,APAC,Yes
com.mm.GlobeTime,APAC,Yes
com.mm.abrowser.plus,APAC,Yes
com.mm.acleaner,APAC,Yes
com.mm.cryptopulse,APAC,Yes
com.mm.mapcompass,APAC,Yes
com.mm.mycalpal,APAC,Yes
com.mm.nature.photo.editor,EMEA,Yes
com.mm.wallpaper,APAC,Yes
com.mmarcel.g4,-,No
com.mmb.calendar,APAC,Yes
com.mmb.docscan,APAC,Yes
com.mmb.filemanager,APAC,Yes
com.mmb.gallery,APAC,Yes
com.mmchats.match,-,Yes
com.mmm.trebelmusic,Americas,Yes
com.mnogogames.triviascapes,EMEA,Yes
com.mobgame.carmatch.trafficjam.puzzle,-,No
com.mobgame.vikingrunner.merge.run,-,No
com.mobgames.brainrot.runner.mergegame,-,No
com.mobile.momo.player,-,No
com.mobile.myeye,APAC,Yes
com.mobilefootie.wc2010,EMEA,Yes
com.mobileguru.candyfever2.free,APAC,Yes
com.mobilexsoft.ezanvakti,-,No
com.mobilityware.BubbleShooter,Americas,Yes
com.mobilityware.CastleSolitaire,Americas,Yes
com.mobilityware.MonopolySolitaire,Americas,Yes
com.mobilityware.Sudoku,Americas,Yes
com.mobilityware.freecell,Americas,Yes
com.mobirate.bigrig,APAC,Yes
com.mobirix.swipebrick2,APAC,Yes
com.mobispector.bustimes,EMEA,Yes
com.mobisystems.office,-,No
com.mobrcine.cine_br,APAC,Yes
com.mocacorp.sudoku,-,No
com.modheaven,-,No
com.molibe.audiovoicerecorder.ai,EMEA,Yes
com.molibe.freetarot,EMEA,Yes
com.molkk.android.wordswin,APAC,Yes
com.moneymoa.dollarcash,-,No
com.monkeyibrow.worldsoccerchamps,EMEA,Yes
com.monster.demolition,EMEA,Yes
com.monster.school.obby2025,APAC,Yes
com.monster.transform.animation,APAC,Yes
com.moon.craft.buildingcraft,APAC,Yes
com.moonactive.holestars,EMEA,Yes
com.moonfrog.ludo.club,Americas,Yes
com.moonglabs.epiccricket,-,No
com.morph.mods.minecraft.addons,EMEA,Yes
com.mortician.empire.idle,-,No
com.mrbunn.its.pee.time,EMEA,Yes
com.mrbunn.waterslide.tycoon,EMEA,Yes
com.mrcamera.teleport.master,-,No
com.msgames.carcrashsimulator.beam,-,Yes
com.mt.mtxx.mtxx,APAC,Yes
com.murka.scatterslots,-,Yes
com.musewave.player.music,APAC,Yes
com.music.ball.hop.tiles.beat.dancing.game,APAC,Yes
com.music.ops.retroappdownload2,APAC,Yes
com.music.tubemusic.cc123,APAC,Yes
com.music.youngradiopro,APAC,Yes
com.musicdownload.appmusicdownloader2025,-,No
com.musicdownloader.mp3downloadmusic.musicdownloadfree,APAC,Yes
com.musicdreamtiles.pianogame,APAC,Yes
com.muso.musicplayer,APAC,Yes
com.mustafacaglar.spinnerfighterarena,EMEA,Yes
com.mwm.procolor,EMEA,Yes
com.mxtech.videoplayer.ad,Americas,Yes
com.my.cooking.chef.kitchen.craze.fever,APAC,Yes
com.my.evolution.android,EMEA,Yes
com.my.ffs.simulator.americandad,-,Yes
com.my.hc.rpg.kingdom.simulator,EMEA,Yes
com.mydpieasy.changerdpires,EMEA,Yes
com.myhealthsphere.challenger,-,No
com.mymedia.tvuzbekistan,EMEA,Yes
com.mystery.hidden.objects.find.clue.puzzle.games.free,APAC,Yes
com.mysterytag.berryfactory,-,No
com.mysterytag.cryptominer,-,No
com.myyearbook.m,Americas,Yes
com.nar.royaldecor,-,No
com.natural.stands.dutch.setting,APAC,Yes
com.naughty.cinegato,APAC,Yes
com.nautilus.RealCricket3D,-,Yes
com.nautilus.RealCricket3DLite,-,Yes
com.nautilus.realcricket,APAC,Yes
com.nautilus.realcricketchampionship,-,Yes
com.naver.linewebtoon,APAC,Yes
com.naxeex.ropehero.mafia.city.wars,-,Yes
com.naxeexllc.stickman.superhero,-,Yes
com.nb.block.parkour.party.craft,-,No
com.nb.brainrot.sandbox.meme.tung.sahur.tralalero.brr,-,No
com.nb.brookhaven.bloxburg.brooktopia.city.rp,-,No
com.nbt.moves,APAC,Yes
com.nc.robot.car,EMEA,Yes
com.nebula.mahjongtile,APAC,Yes
com.neighbor.darkriddle2.mars,EMEA,Yes
com.neighbor.darkriddle3.strangehill,EMEA,Yes
com.neighbors.darkriddle,EMEA,Yes
com.nepgroup.nplgames,-,No
com.net.accelerator,-,No
com.netmod.syna,-,No
com.netshort.abroad,APAC,Yes
com.neurobro.browser,-,No
com.newbeat.gardecor,-,No
com.newleaf.app.android.victor,APAC,Yes
com.newnormalgames.phonecasediy,EMEA,Yes
com.newpubco.hearts,EMEA,Yes
com.newpubco.klondikesolitaire,EMEA,Yes
com.newpubco.merge,EMEA,Yes
com.newreading.goodreels,APAC,Yes
com.news.app.global,EMEA,Yes
com.nexar.spider.web.shooting.puzzles,-,No
com.nexters.herowars,EMEA,Yes
com.niam.smartswitch.phonecloneapp.easytransfer,-,No
com.niceteen.games.dtbam,APAC,Yes
com.nighp.babytracker_android,-,No
com.ninegag.android.app,-,Yes
com.niuaigo.bubble.shooter,-,No
com.niuaigo.jigsaw.tile,-,No
com.niuaigo.mahjong.classic,-,No
com.niuaigo.water.sort,-,No
com.nllc.slavic.gangster.style,EMEA,Yes
com.no1ornothing.color.water.sort.woody.puzzle,APAC,Yes
com.noctualabs.android.hamstercheese,-,No
com.nodramavpn.android,EMEA,Yes
com.nokoprint,-,No
com.northghost.touchvpn,-,No
com.nostel.dot.line.puzzle,APAC,Yes
com.nostel.parking.car,APAC,Yes
com.note.notebook.notepad.easynotes,EMEA,Yes
com.note.writeyourself.day,APAC,Yes
com.notvpn,-,Yes
com.novan.morpha,APAC,Yes
com.novatv.plotdash,APAC,Yes
com.novelaria.reader,-,Yes
com.novelstory.novefic,-,No
com.now.vpn,EMEA,Yes
com.nox.app.cleaner,-,No
com.noxgroup.app.cleaner,-,No
com.nryaydn95.carparking3d,-,No
com.nuts.girl.and,-,No
com.nyxio.tenebroj,APAC,Yes
com.oakever.blockrush,APAC,Yes
com.oakever.coloraura,APAC,Yes
com.oakever.jigsawcard,APAC,Yes
com.oakever.solitaire.associations.master,APAC,Yes
com.oakever.tiletrip,APAC,Yes
com.oakever.zencolor,APAC,Yes
com.oceangalaxy.camera.new,-,No
com.offerup,Americas,Yes
com.officedocument.word.docx.document.viewer,APAC,Yes
com.omndev.tilegame.wintertt,APAC,Yes
com.onebutton.mrsuper2,Americas,Yes
com.onecmobile.solitaireenchanteddeck.google,EMEA,Yes
com.onegame.beanworldsuper,-,No
com.onet.connect.puzzle.match.game.wh,APAC,Yes
com.onunhen.bible,APAC,Yes
com.onyxhook.nereba,APAC,Yes
com.onyxhook.pointjigsaw,APAC,Yes
com.onyxhook.pointjuice,APAC,Yes
com.openmygame.games.android.sudokumaster,-,No
com.openworld.carsimulatorct,-,No
com.opera.app.news,EMEA,Yes
com.opera.browser,EMEA,Yes
com.opgames.mahjongtile.gp,APAC,Yes
com.optimizer.booster.fast.speedy.phone.smooth,EMEA,Yes
com.optimos.airforce,-,No
com.orangeapps.candyvalley,EMEA,Yes
com.orangeapps.piratetreasure,EMEA,Yes
com.orbitalknight.ridiculousfreekick,EMEA,Yes
com.ordinaryjoy.block.vivo,-,No
com.os.fc.gunforce.sidescrolling.shooter,APAC,Yes
com.otterpaw.game_platform_client,-,No
com.outfit7.herodash,EMEA,Yes
com.outfit7.mytalkingangela2,EMEA,Yes
com.outfit7.mytalkingangelafree,EMEA,Yes
com.outfit7.mytalkingtom2,EMEA,Yes
com.outfit7.mytalkingtomfree,EMEA,Yes
com.outfit7.mytalkingtomfriends,EMEA,Yes
com.outfit7.mytalkingtomfriends2,EMEA,Yes
com.outfit7.talkingben,EMEA,Yes
com.outfit7.talkingtom,EMEA,Yes
com.outfit7.talkingtom2free,EMEA,Yes
com.outfit7.talkingtomgoldrun,EMEA,Yes
com.ovilex.drivingschoolsim,-,No
com.ovilex.drivingschoolsimulatorevo,-,No
com.ovpnspider,-,No
com.p.grus.mimo.land,APAC,Yes
com.p1.chompsms,EMEA,Yes
com.paint.by.number.pixel.art.coloring.pages,APAC,Yes
com.paint.coloring.book.sexy.adult.color.number,-,No
com.painting.book.color.by.numbers.painting.us,APAC,Yes
com.painting.book.colorme,-,No
com.paltalk.chat.android,-,No
com.palyten.extreme.car.stuntdriving.simulator.gt.racinggames,EMEA,Yes
com.panthera.mecha.fight,-,No
com.pantherwalkietalkie.pushttotalkapp,EMEA,Yes
com.paper.princess.dress.up.games,APAC,Yes
com.paperdoll.diary.dressup.game,APAC,Yes
com.par.monster.coloring.draw.master,APAC,Yes
com.par.monster.merge.battle.war.game,APAC,Yes
com.par.prison.sniper.survival.game,APAC,Yes
com.paradyme.solarsmash,-,No
com.parapickgames.cartooncathorror,EMEA,Yes
com.parkour.obby.modmine,EMEA,Yes
com.particlenews.newsbreak,Americas,Yes
com.partyup.blockjam,EMEA,Yes
com.passion.short.hotdrama,-,No
com.passionclub.love.stories,-,No
com.paurau.MakeHer,EMEA,Yes
com.pc.sand.loop,EMEA,Yes
com.pd.vehiclemasters,EMEA,Yes
com.pdf.paperful.paperfulpdf,-,No
com.pdf.reader.pdfviewer.pdfeditor.forandroid,EMEA,Yes
com.pdfreader.free.viewer.documentreader,-,Yes
com.pdfviewer.scanner,-,Yes
com.peacock.flashlight,APAC,Yes
com.peepholeteam.quotegram,EMEA,Yes
com.pem.pianomagictiles,APAC,Yes
com.peoplefun.wordcross,Americas,Yes
com.peoplefun.wordsolitaire,Americas,Yes
com.peoplefun.wordstacks,Americas,Yes
com.pettiles.qtt002.gp,-,No
com.pgstudio.survival,-,No
com.phoneclone.sendanywhere.mobiletransfer.easymover.smartswitch,-,No
com.photo.vault.calculator,EMEA,Yes
com.photoeditor.photo.effects,-,No
com.photoeditor.snapcial,-,No
com.photoslideshow.videoeditorandvideomaker,APAC,Yes
com.piano.pocket.music,APAC,Yes
com.piano.tiles.music.game.circles.dancing.beat.magictiles,APAC,Yes
com.pianokeyboard.learnpiano.playmusic.instrument,-,No
com.picsart.studio,Americas,Yes
com.picture.jigsaw.puzzle,EMEA,Yes
com.pieyel.scrabble,Americas,Yes
com.pikpok.hrc.play,-,Yes
com.pin.screw.color.nuts.bolts.spin.free.game,APAC,Yes
com.pineapple.harvest.tile.match.puzzle,-,No
com.pinger.textfree,Americas,Yes
com.pinkapp,EMEA,Yes
com.pinmaster.screwpuzzle,EMEA,Yes
com.pixel.art.coloring.by.number,APAC,Yes
com.pixel.art.coloring.color.number,EMEA,Yes
com.pixel.art.coloring.color.number.paint.animal,APAC,Yes
com.pixel.art.coloring.color.number.paint.princess,APAC,Yes
com.pixel.art.coloring.color.number.paint.wolf,APAC,Yes
com.pixel.art.paint.coloring.book.draw.puzzle.game,APAC,Yes
com.pixel.color.number.survival.game,-,No
com.pixelbox.roofrails,EMEA,Yes
com.pixlr.express,-,No
com.pixodust.games.free.rpg.medieval.merge.puzzle.empire,-,No
com.pixonic.wwr,EMEA,Yes
com.planetarynetmeter.speedapp,-,No
com.platinumplayer.word.addict,Americas,Yes
com.play.drama.shorts,APAC,Yes
com.play.movie.times.people.dog,-,No
com.playakor.clashofcolor,EMEA,Yes
com.playcharge.shuffle,EMEA,Yes
com.playcus.crosstitchcoloringart,-,No
com.player.bear,-,No
com.playflock.family.hotel.story.home.mansion.puzzle.garden.decoration,-,No
com.playflock.indicatfb.indianacat.blast.puzzles.garden.home.matchington.adventures.merge.saga,-,No
com.playfocus.king,EMEA,Yes
com.playgames.block,EMEA,Yes
com.playgames.hole,EMEA,Yes
com.playgendary.bowmasters,EMEA,Yes
com.playgendary.creamaster,EMEA,Yes
com.playgendary.tanks,EMEA,Yes
com.playgendary.tom,EMEA,Yes
com.playit.videoplayer,APAC,Yes
com.playnoob.homeflip,EMEA,Yes
com.playspare.watersort3d,EMEA,Yes
com.playstation.remote.play.psremote,Americas,Yes
com.playstrom.color.pages,EMEA,Yes
com.playstrom.dop2,EMEA,Yes
com.playstrom.dop4,EMEA,Yes
com.playstrom.dop5,EMEA,Yes
com.playstrom.drawonepart,EMEA,Yes
com.playstrom.hero.tower,EMEA,Yes
com.playstrom.my.sticker.room,EMEA,Yes
com.playstrom.popus,EMEA,Yes
com.playstudios.myvegas,Americas,Yes
com.playtk.skit_cine,APAC,Yes
com.playvalve.ballsort,EMEA,Yes
com.playvalve.connect.dots,EMEA,Yes
com.playvalve.dominoes,EMEA,Yes
com.playvalve.mahjong,EMEA,Yes
com.playvalve.mahjong.triple,EMEA,Yes
com.playvalve.spades,EMEA,Yes
com.playvalve.watersort,EMEA,Yes
com.playvalve.wsjourney,EMEA,Yes
com.playvalve.yatzy,EMEA,Yes
com.playwindgames.freedefender,-,No
com.pluto.blockpuzzle,APAC,Yes
com.pluto.news,APAC,Yes
com.pockeapexstudio.drivingschool2023,-,No
com.pocket.sort.coin.puzzle.game,EMEA,Yes
com.polygonia.sandbox,EMEA,Yes
com.popit.stress.asmr.antistess.satisfy.puzzle.huawei,-,No
com.popstar.match.journey,-,No
com.potatovpn.free.proxy.wifi,-,No
com.power.saver.downloader,-,No
com.pregnancytracker.babygrowth.pregnancyapp,-,No
com.primexvpn.primexvpn.fastvpn.app,APAC,Yes
com.princess.makeup.dress.up.littlegirl,APAC,Yes
com.prineside.tdi2,EMEA,Yes
com.pronetis.ironball2,EMEA,Yes
com.psv.cats.happy_birthday,-,Yes
com.psv.hello_kitty.supermarket,-,Yes
com.psv.lol.surprise.kids_shopping_mall,-,Yes
com.psv.vlad_and_nikita.supermarket,-,Yes
com.psvnMaB.Goodnight,-,Yes
com.pt.wshhp,Americas,Yes
com.pub.prison.escape.craft.box.breakout,-,No
com.pujiagames.deeeersimulator,-,No
com.pureclean.ai.cleaner,-,No
com.purplekiwii.vegaskeno,-,No
com.purrfecthotel.catidle.yhzl,APAC,Yes
com.push.needed.session.preview,APAC,Yes
com.puzio.fantamaster,-,No
com.puzzle.traffic.escape.car,APAC,Yes
com.puzzle.wool.away,APAC,Yes
com.puzzlegame.kidsa.relax,-,No
com.puzzlegames.puzzlebrickslegend,APAC,Yes
com.puzzlemaster.brainy.trickystory,-,No
com.puzzlepopblock.ppb.gp,-,No
com.pwaservice.modsforminecraftpe,EMEA,Yes
com.pyja8infr.frenzy.spzy,-,Yes
com.qianfan.aihomework,APAC,Yes
com.qidafcl.sl054,EMEA,Yes
com.qr.code.scanner.barcode.reader.qrcodescanner,-,No
com.qrgeneratorscanner.meteorainapp,EMEA,Yes
com.qrscancode.ncesqrc,-,Yes
com.qtgpz.zero.onefour.block.gp,-,No
com.qtgpz.zero.sixone.pack.gp,-,No
com.qtonz.bible.tile.match,-,No
com.quact.android.izion,APAC,Yes
com.quantumgames.skyscraper,EMEA,Yes
com.quartsoft.farland,-,No
com.quickemail.quicklogin.emailonline,-,No
com.quilca.tranquil.gp,-,No
com.quint.turne,APAC,Yes
com.quiz.earn.money.game,-,No
com.quiz25082701.screwking,-,Yes
com.quizchamp.newapp,EMEA,Yes
com.qws.eightlight.hwatugod,APAC,Yes
com.race.motorush,EMEA,Yes
com.radio.fmradio,EMEA,Yes
com.raid.heroes.total.war,EMEA,Yes
com.rainbowgames.emerland,EMEA,Yes
com.rainbowgames.mahjong,EMEA,Yes
com.rainbowgames.mycastlemergestory,EMEA,Yes
com.rainbowgames.solitaire.google,EMEA,Yes
com.rainbowgames.solitaire2018,EMEA,Yes
com.rainbowgames.solitairedetective,EMEA,Yes
com.randomvideochat.realgirlvideocall.girlvideochat,EMEA,Yes
com.rapid.short.tv,APAC,Yes
com.rapidconn.android,APAC,Yes
com.rayole.games.aqua.blast,-,No
com.rayole.games.basket.dunk,-,No
com.rayole.games.basket.shot,-,No
com.rayole.games.bird.climb,-,No
com.rayole.games.dungeon.escape,-,No
com.rayole.games.gold.miner,-,No
com.rayole.games.jungle.escape,-,No
com.rayole.games.knife.ninja,-,Yes
com.rayole.games.match.play3D,-,No
com.rayole.games.naruto.hero,-,No
com.rayole.games.sort.master,-,No
com.rayole.games.stack.blocks,-,No
com.rc.cityCleaner,EMEA,Yes
com.rc12.people.playground.ragdoll.sandbox,-,No
com.real.tcolorring,APAC,Yes
com.realguitarsimulator.learnguitar.playguitar.simplyguitar.tabsandchords.musicband,-,No
com.realistic.physics.mods.birchappsmcpe,EMEA,Yes
com.realweather.forecast.live,-,Yes
com.record.health.bp,-,Yes
com.redcat.hypermarket,-,Yes
com.redfalcon.baseballgoat.android,-,No
com.redlinegames.attackhole,EMEA,Yes
com.redtailworks.slimetd,EMEA,Yes
com.refuelgames.rally,-,No
com.relaxing.makeup.sort.game,-,No
com.remi.widget,EMEA,Yes
com.remivision.HexaDiamonds,-,No
com.rescue.agent,EMEA,Yes
com.resestudio.jewelcastle.jewelslegend,APAC,Yes
com.resultadosfutbol.mobile,EMEA,Yes
com.retouchphoto.objectremover.enhanceimage.ai,-,No
com.retro.original.mp3.music.downloader.tube.app,APAC,Yes
com.rgs.ultimate.snakezone.survivalgame.endlessclash,-,No
com.rhombics.miniskinsforminecraft,EMEA,Yes
com.rhythm.piano.tiles.hop.dancing.cat.runner.music,APAC,Yes
com.ridgge.conquercountries,EMEA,Yes
com.rimashev.nextbots.sandbox,EMEA,Yes
com.rioo.runnersubway,APAC,Yes
com.robtopx.geometrydashmeltdown,EMEA,Yes
com.robtopx.geometrydashsubzero,EMEA,Yes
com.robtopx.geometrydashworld,EMEA,Yes
com.robtopx.geometryjumplite,EMEA,Yes
com.rocketjump.majormayhem2,APAC,Yes
com.rocks.music.videoplayer,-,No
com.roku.remote.control.tv.cast,APAC,Yes
com.rokutv.remote.app,-,No
com.roller.coaster.scream.loudly.jusan.game,APAC,Yes
com.rolling.ball.sky.escape,-,No
com.rolling.hop.dancing.cats.tiles.musicgames,APAC,Yes
com.romin3spes.ores.spin,-,Yes
com.room.destory.hsyya.game,APAC,Yes
com.roomthermometer.interior,-,No
com.rosteam.gpsemulator,-,No
com.rovio.angrybirdsfriends,EMEA,Yes
com.rovio.baba,EMEA,Yes
com.rovio.dream,EMEA,Yes
com.rsg.food.delivery,Americas,Yes
com.rubicksmaster.cubesolver.cubegame,-,No
com.rubygames.assassin,EMEA,Yes
com.rubygames.slingdrift,EMEA,Yes
com.rud.twelvelocks6,-,Yes
com.runaway.boy.house.escape,-,No
com.runninggames.catrunners.runningpet,APAC,Yes
com.rush.rushtv,APAC,Yes
com.rush.xtreme.sports,EMEA,Yes
com.rv.survival.longdrive,EMEA,Yes
com.sa.sky.rolling.ball,Americas,Yes
com.sabogames.hajwalah,-,No
com.sabuj.roy.kumar.trendai,-,No
com.sadpuppy.lemmings,-,No
com.samsung.android.app.spage,Americas,Yes
com.samsung.android.game.gamehome,Americas,Yes
com.san.balloon.pop.king.game,APAC,Yes
com.sanasportsinc.live.sports.football,-,No
com.sandbox_arena.ragdoll_party,EMEA,Yes
com.satispuzzlegame.perfectday,-,Yes
com.satorisysplay.ballsort,APAC,Yes
com.satorisysplay.ginrummy,APAC,Yes
com.satoshi.vpns,EMEA,Yes
com.save.princess.girl.dragon.out.and,APAC,Yes
com.savetheworld.game,EMEA,Yes
com.scatterlab.messenger,APAC,Yes
com.scopely.wheeloffortune,Americas,Yes
com.scores.tfz,-,Yes
com.scores365,EMEA,Yes
com.scorp.who,-,No
com.screencraft.app,EMEA,Yes
com.screw.color.puzzle,APAC,Yes
com.screw.puzzle.family,APAC,Yes
com.screw.puzzle.nuts_android,APAC,Yes
com.screw.romantic,-,Yes
com.screw3d.fun,APAC,Yes
com.screw3d.match.nuts.bolts.pin.jam.away.puzzle,APAC,Yes
com.seam.notes,APAC,Yes
com.sec.android.app.samsungapps,Americas,Yes
com.secure.luxconnect,APAC,Yes
com.secure.vpn.proxy,-,No
com.seenax.HideAndSeek,EMEA,Yes
com.seikami.lumber.go,APAC,Yes
com.seikami.miner.go,APAC,Yes
com.selene.lunara,APAC,Yes
com.sensodroid.digitalscale,-,No
com.sensustech.tclremote,EMEA,Yes
com.severex.cross.word.puzzle.logic,-,Yes
com.sg.doctor.surgeon.makeover.games,-,No
com.sg.fashion.makeover.dressup.game,-,No
com.sg.free.prado.car.parking.games,-,No
com.sgmediapp.gcam,EMEA,Yes
com.sgn.geniesandgems.gp,Americas,Yes
com.sh.boba.recipe.drink.bubble.tea,Americas,Yes
com.sh.coloring.page.asmr.drawing,Americas,Yes
com.sh.draw.oneline.puzzle.game,Americas,Yes
com.sh.fidget.toys.mini.relaxing.antistress.games,Americas,Yes
com.sh.mini.antistress.relaxing.games,Americas,Yes
com.sh.mini.kitchen.set.fever.restaurants.chef.cooking.games,Americas,Yes
com.sh.mini.merge.puzzles,Americas,Yes
com.sh.skincare.asmr.makeup.makeover.relaxing.beauty.games,Americas,Yes
com.sh.snake.out.puzzle.escape.wiggle,Americas,Yes
com.sh.stickman.thief.puzzle.games,Americas,Yes
com.sh.tricky.relax.ticktock.mini.challenges.puzzle.games,Americas,Yes
com.sh.triple.match.master.tile.games,Americas,Yes
com.sh.twoplayergame.mini.challenge,Americas,Yes
com.sha.opencity.attack.gang,Americas,Yes
com.shaders.textures.rtx.modsformcpe,EMEA,Yes
com.shadowgames.dev.crystal.blast,APAC,Yes
com.shaiban.audioplayer.mplayer,EMEA,Yes
com.shape.change,EMEA,Yes
com.shape.shifting.shape.transforming,APAC,Yes
com.shapesclimber.physicslineracing,EMEA,Yes
com.shaverma.lazyjump,EMEA,Yes
com.shdj.test,APAC,Yes
com.shiba.nightlife,APAC,Yes
com.shicichaxun.video,EMEA,Yes
com.shimeji.petonscreen.kawaii,-,No
com.short.reels.drama.sh,APAC,Yes
com.shorttv.reels.joy,APAC,Yes
com.shotzoom.golfshot2,-,No
com.sigmateam.alienshootermobile.free,EMEA,Yes
com.silly.fun.smile.live.wallpaper,-,No
com.simple.pro.fast.unlimited.private.vpn,EMEA,Yes
com.simplecalculator.scientific.calculator.math,EMEA,Yes
com.simplemobiletools.voicerecorder,EMEA,Yes
com.simulator3D.quarantine.zone.check,APAC,Yes
com.skipads.oitube.official,APAC,Yes
com.skout.android,Americas,Yes
com.sky.sea.cashzineForVietnam,APAC,Yes
com.sky.weather.servere.liveradar,APAC,Yes
com.slot.friute.crush,APAC,Yes
com.sm.mico,-,Yes
com.smallgiantgames.empires,Americas,Yes
com.smart.idea.scan.keen,-,No
com.smart.switch.copy.all.data.phoneclone,EMEA,Yes
com.smart.switch.data.transfer.switcher,-,No
com.smartswitch.phonecloneapp.easydatatransfer.alldatatransfer,-,No
com.smartwidgetlabs.djidrone,-,No
com.smashing.draw2,EMEA,Yes
com.smilegate.bcos2.stove.google,-,No
com.smsmessengapp.textsmsapp,-,No
com.smvision.tryfit.virtualtryon,-,No
com.snake.escape.maze.slither.puzzle,APAC,Yes
com.snake.hunt.io.acrade.game,APAC,Yes
com.snake.io.slither.worms,APAC,Yes
com.snakeattack.game,EMEA,Yes
com.snap.mp3.tube.music.downloader.download.lagu.gratis.free.app,APAC,Yes
com.snap.music.downloader.all.songs.vid.tube.free.mp3.app,APAC,Yes
com.snaptube.premium,APAC,Yes
com.snaptune.ai.photoeditor.collagemaker,APAC,Yes
com.sneig.livedrama,-,No
com.sniper.shooter.wild.ssw,EMEA,Yes
com.snowcorp.epik,APAC,Yes
com.snowcorp.stickerly.android,APAC,Yes
com.socby.prankcall.scary.fake.video.horror,-,No
com.soccer.football.kick,APAC,Yes
com.soccer.score.star,APAC,Yes
com.sodareels.drama.short,APAC,Yes
com.sofascore.results,EMEA,Yes
com.softbody.drive,EMEA,Yes
com.sogame.superdriver,-,Yes
com.solitaire.blast.puzzle,APAC,Yes
com.solitaire.card,APAC,Yes
com.solitaire.klondike.my.magic.dragon.friends.cardgames,APAC,Yes
com.solitaire.klondike.smart,EMEA,Yes
com.solitairecard.relaxgame.classiccard,APAC,Yes
com.solitestudio.warungnasigoreng,-,No
com.solou.catendless.run,APAC,Yes
com.soodexlabs.sudoku2,-,No
com.soomapps.universalremotecontrol,EMEA,Yes
com.sophungamesltd.holytiles,EMEA,Yes
com.sorwat.android.teder,APAC,Yes
com.soulapps.brainfit,EMEA,Yes
com.soulapps.mathbattle,EMEA,Yes
com.soulcompany.bubbleshooter.relaxing,APAC,Yes
com.soundryt.music,EMEA,Yes
com.sp.rope.escape.master,APAC,Yes
com.sparklingsocietyworld.rollercoasterthemeparkbuildingtycoon,-,Yes
com.sparkreels.bitesizeddrama,APAC,Yes
com.sparktube,-,No
com.speaktranslate.tts.speechtotext.voicetyping.translator,EMEA,Yes
com.speed.moto.city.rush.jhua.game,APAC,Yes
com.speed.svpn,-,No
com.speedrush.racing,EMEA,Yes
com.spheresort.yhk,-,Yes
com.sport.cornhole,EMEA,Yes
com.sportbrain.jewelpuzzle,APAC,Yes
com.sports.live.football.tv,EMEA,Yes
com.sports.real.golf.rival.online,Americas,Yes
com.sprank.horror.beats.studio.battle,APAC,Yes
com.sprunki.craft.game,-,No
com.sprunki.mod.horror.incredibox.monster.beats.music.game,APAC,Yes
com.sprunki.run,APAC,Yes
com.square_enix.android_googleplay.mangaup_jp,-,No
com.ssfp.stickman.sword.fight,-,No
com.stac.kfu,-,Yes
com.standegg.mergecatcafe2,-,No
com.star.grams.prisep.wooden.game,-,No
com.stardust.tarotscope,EMEA,Yes
com.starmakingfun.colorblock,-,No
com.starmakingfun.holeall,-,No
com.starplay.spider.fighter.openworld,-,Yes
com.starplay.spider.fighter3d,-,Yes
com.starwaves.blockpuzzle,-,No
com.starx.network,EMEA,Yes
com.ste.android.schnopsnfree,-,No
com.steal.brainrotcraft,-,No
com.stealthgame.master,EMEA,Yes
com.stepwin.syhwalk,-,Yes
com.stickermobi.avatarmaker,APAC,Yes
com.stickerstudio.text,APAC,Yes
com.stickman.heroes.battle.of.warriors.stickmanwarriors,APAC,Yes
com.stickman.killer.backflip,APAC,Yes
com.stickman.supreme.clash.fight.game,APAC,Yes
com.stickmanwarriors.stickmandragon.stickfighter,APAC,Yes
com.stolitomson,EMEA,Yes
com.stormborn.toy.block,APAC,Yes
com.story.blast.video.play,APAC,Yes
com.story.drama.berries,APAC,Yes
com.storyapp.novelltale,-,No
com.storymatrix.drama,APAC,Yes
com.stratospheregames.miniciv,EMEA,Yes
com.studio27.MelonPlayground,EMEA,Yes
com.style.sticker,APAC,Yes
com.sudoku.puzzles.master,APAC,Yes
com.sufiyandroid.quiz,-,No
com.sukhavati.gotoplaying.bubble.BubbleShooter.mint.aha,-,No
com.sunsetgames.bordersecurity,EMEA,Yes
com.superbinogo.jungleboyadventure,APAC,Yes
com.superbox.aos.blockpark,APAC,Yes
com.superbox.aos.jewelstown,APAC,Yes
com.supercrypto.cryptocyrrency,EMEA,Yes
com.supergame.cake.sort.master.color.puzzle,APAC,Yes
com.superking.ludo.star,Americas,Yes
com.superking.parchisi.star,Americas,Yes
com.superplusgames.hosandroid,-,No
com.supersecurevpn,-,No
com.supertws.dubokutv,-,No
com.supervpn.vpn.free.proxy,EMEA,Yes
com.supreme.phone.cleaner,-,No
com.surprise.toy.d3,EMEA,Yes
com.survive.silentcastle,-,No
com.sweatwallet,-,No
com.sweet.candy.journey.match.puzzle.gp,APAC,Yes
com.sweet.coloring.book.paint.by.number.puzzle.game,-,No
com.sweetgames.screwpin.an,APAC,Yes
com.swell.melon.craft,EMEA,Yes
com.swiftgames.survival,-,No
com.swordjelly.ninja,EMEA,Yes
com.sybogames.subway.surfers.game,EMEA,Yes
com.syco.phone.contacts,APAC,Yes
com.syncme.syncmeapp,EMEA,Yes
com.syubestgames.teachersimulator,EMEA,Yes
com.taggedapp,Americas,Yes
com.takeoffbolts.screw.puzzle,APAC,Yes
com.taldev.reelrush,-,Yes
com.talkingcat.catsimulator.banana,APAC,Yes
com.talkingjuan.trollcat.happyjuan,APAC,Yes
com.tangled.rope,APAC,Yes
com.tankcraft_tank_battle.game,EMEA,Yes
com.tap.gallery,EMEA,Yes
com.tapclap.merge.mansiontale,EMEA,Yes
com.tapcolor.color.coloring.number.paint.free,APAC,Yes
com.tapcolor.puzzle.sort.goods.match.triple,APAC,Yes
com.tapread.reader,-,No
com.tarparos.phigaea,APAC,Yes
com.task.calendar,EMEA,Yes
com.tatem.ball.sort.puzzle,-,No
com.tatemgames.watersort,-,No
com.tchinnova.editpdfly,EMEA,Yes
com.tchinnova.elementalduel,EMEA,Yes
com.tchinnova.multigerador,EMEA,Yes
com.tearfulmerge.google,APAC,Yes
com.tebpi.barxzil,APAC,Yes
com.techpro.livevideo.wallpaper,-,Yes
com.tera.provid.iplayer,APAC,Yes
com.teslacoilsw.launcher,EMEA,Yes
com.text.art.addtext.textonphoto,EMEA,Yes
com.textmeinc.textme,Americas,Yes
com.textures.shaders.addons.modsformcpe,EMEA,Yes
com.tfgco.apps.coloring.free.color.by.number,Americas,Yes
com.tfgco.games.sports.free.tennis.clash,Americas,Yes
com.tfv.draw.one.missing.partdop.puzzle.games,Americas,Yes
com.tgs.bridal.wedding.dressup.makeovergame.fashionshow,-,No
com.thechive,-,No
com.thegosa.miuithemes,EMEA,Yes
com.themark.apps.salarysheet,EMEA,Yes
com.themasterapps.happybirthdaywishesimages,-,No
com.themasterapps.mensajesbonitosconimagenes,-,No
com.themekit.lite.widgets.themes,APAC,Yes
com.themekit.widgets.themes,APAC,Yes
com.think.find.hsuah.game,APAC,Yes
com.thinkyeah.galleryvault,APAC,Yes
com.thp020.stickman.casual.war.game,-,No
com.three.prison.challenge.escape,APAC,Yes
com.thrill.jigsaw.and,-,No
com.tile.home.match.puzzle.game,APAC,Yes
com.tile.match.blockpuzzle,EMEA,Yes
com.tile.onet.match.connect.puzzle.gp,APAC,Yes
com.tilegames.mahjongtrip,-,No
com.timehop,Americas,Yes
com.timespread.Timetable2,-,No
com.timetomove.skysniper,EMEA,Yes
com.timewarp.scan.bluelinefiltertiktok.free,-,Yes
com.tiny.tinyfun,APAC,Yes
com.tinyco.familyguy,Americas,Yes
com.tionnet.android.baseball,APAC,Yes
com.titan.ball.sort.woody.puzzle,APAC,Yes
com.tivola.ShowJumping,APAC,Yes
com.tlsvpn.tlstunnel,EMEA,Yes
com.tmobile.m1,EMEA,Yes
com.tmtmapp.readkr,-,No
com.tnk.fgt,APAC,Yes
com.tnk.games.sgt,APAC,Yes
com.tnk.muniverse,APAC,Yes
com.toilet.multiverse.skibaddon.mcpemods,EMEA,Yes
com.toilet.skibidi.hide.seek.find.daddy.baby.hunt,-,No
com.tomatos.clientapp,EMEA,Yes
com.tool.weather.view.weatherhome,-,Yes
com.tortuga.horror,EMEA,Yes
com.total.music.and,APAC,Yes
com.toto.jcyj.mvmix,APAC,Yes
com.touch2goal.soccer,-,No
com.tracerofficial,APAC,Yes
com.traditionalunlimited.zapex,APAC,Yes
com.traductorweb,-,No
com.traffic.motorcycle.rider.driving.racing.open.sandbox.world,APAC,Yes
com.translate.talkingtranslator,-,No
com.transsion.XOSLauncher,APAC,Yes
com.transsion.XOSLauncher.split,APAC,Yes
com.transsion.hilauncher,APAC,Yes
com.transsion.hilauncher.split,APAC,Yes
com.transsion.phonemaster,APAC,Yes
com.transsnet.store,APAC,Yes
com.tranzmate,EMEA,Yes
com.traveler.journey,APAC,Yes
com.traverse.zhfx.en.gp,APAC,Yes
com.tree.idle.cat.academy,APAC,Yes
com.tree.idle.cat.office,APAC,Yes
com.tree.idle.catsnackbar,APAC,Yes
com.tree.life.adventure.huabd.game,APAC,Yes
com.triangular.bootyslam,EMEA,Yes
com.tricky.lines,EMEA,Yes
com.trickytreat.ballbash.jackolantern.halloween,APAC,Yes
com.trip.littleengine.worden,APAC,Yes
com.triple.match.fish.sort.puzzle.game,APAC,Yes
com.triple.match.goods.sort.puzzle.game,APAC,Yes
com.triple.match.puzzle.find.game,APAC,Yes
com.triple.match3d.family,APAC,Yes
com.tripledot.blockbash,EMEA,Yes
com.tripledot.solitaire,EMEA,Yes
com.tripledot.tile.dynasty,EMEA,Yes
com.tripledot.tiles.mosaic,EMEA,Yes
com.tripledot.triple.tile.match.pair.game.three.master.object,EMEA,Yes
com.tripledot.woodoku,EMEA,Yes
com.trivia.star.android,Americas,Yes
com.trophygames.energymanager,APAC,Yes
com.trpz.travel,Americas,Yes
com.truetarot.horo13,EMEA,Yes
com.tsyatsya.mechangelion,EMEA,Yes
com.tt.bakery.mart,Americas,Yes
com.tt.color.draw.asmr.book,Americas,Yes
com.tt.my.pets.cat.simulator.catsim.kitties.wildcraft.life.escape,EMEA,Yes
com.tt.ojiatsume,APAC,Yes
com.tube.mp3.music.downloader.video.free.yplayer,APAC,Yes
com.tube.play.music.downloader.mp3.musica.sound.descargar.freeapp,APAC,Yes
com.tubeDownloader.video.dfdoo,APAC,Yes
com.tumblr,Americas,Yes
com.turbo.turtle.match.shay.game,APAC,Yes
com.turbolabz.instantchess.android.googleplay,APAC,Yes
com.turborilla.bmx2,APAC,Yes
com.tutotoons.app.dopplesworld,-,No
com.tvbm.blast,APAC,Yes
com.tvbm.bloommatch,APAC,Yes
com.tvf.anti.stress.relaxing.mini.games,Americas,Yes
com.tvgsoft.gba.emulator,-,No
com.twinklegames.rescuestory,-,No
com.two.two.four.eight.match.numbers.games,-,No
com.u4.knit.color,APAC,Yes
com.uGames.DrawItEasy,EMEA,Yes
com.uGames.Numbers,EMEA,Yes
com.uGames.RubikOn_V2,EMEA,Yes
com.uband.mp3.and,APAC,Yes
com.ubisoft.accovenant,EMEA,Yes
com.ubisoft.hungrydragon,EMEA,Yes
com.ubisoft.hungrysharkworld,EMEA,Yes
com.uc.animal.hide.seek,APAC,Yes
com.uc.gym.clicker,APAC,Yes
com.uc.minigame.relax,APAC,Yes
com.uc.spranki.music.box,APAC,Yes
com.uc.sprunki.transform,APAC,Yes
com.ufovpn.connect.velnet,EMEA,Yes
com.ulab.treasurehunter,EMEA,Yes
com.ultimatelavashgames.rollthehole,EMEA,Yes
com.umuro.ertugrulgazi,EMEA,Yes
com.unicostudio.balltubes,EMEA,Yes
com.unicostudio.blastfriends,EMEA,Yes
com.unicostudio.braintestlegacy,EMEA,Yes
com.unicostudio.fakeisland,EMEA,Yes
com.unicostudio.popularwords,EMEA,Yes
com.univer.catchit,APAC,Yes
com.unrealgames.RacinginCar2020,EMEA,Yes
com.unu.friends.card.games,-,No
com.up.sortapp,EMEA,Yes
com.up.up.study.copper,APAC,Yes
com.update.apps.software.update,EMEA,Yes
com.uspex.hts,-,No
com.utils.antivirustoolkit,-,No
com.utorrent.client,-,Yes
com.v1.hdcamera.zoomcamera.procam,-,No
com.v4andro.videocall.videochat.livevideocall,EMEA,Yes
com.valeryinc.WishImpact,EMEA,Yes
com.valuesccg.uvoice,-,No
com.vblast.flipaclip,-,No
com.vdimensionltd.animalrevoltbattlesimulator,EMEA,Yes
com.vectorlabzlimited.nut.sort.color.match3d,EMEA,Yes
com.vegas.casino.free.lucky.bonus.jackpot.dragon.slots,APAC,Yes
com.vegas.casino.slotmachines,APAC,Yes
com.ventogames.findthecat,EMEA,Yes
com.veraxen.colorbynumber.oilpainting,EMEA,Yes
com.vesna.cards.durak,EMEA,Yes
com.vgames.wordsolitaire,EMEA,Yes
com.vgf.screw.jam,EMEA,Yes
com.vgla.goods.match.ddd,-,No
com.vialsoft.radarbot_free,EMEA,Yes
com.viber.voip,EMEA,Yes
com.victorsharov.mywaterapp,EMEA,Yes
com.video.downloader.eopiu,APAC,Yes
com.video.downloader.ttypldre,APAC,Yes
com.video.dwonload.play.banana,-,No
com.video.edit.lyrically.videostatusmaker,-,No
com.video.player.easy.downloader,-,Yes
com.videocash.beta,APAC,Yes
com.videodownloader.mks,-,No
com.videoeditorpro.android,APAC,Yes
com.videoplayer.xplayer.easy,-,No
com.videouslite.vidplayer,APAC,Yes
com.vimo.editfilm.play,APAC,Yes
com.vincentb.MobControl,EMEA,Yes
com.vipcsea.nanodrama,-,No
com.vira.sim.game,EMEA,Yes
com.visionstudio.tilevacation,-,No
com.vitastudio.block,APAC,Yes
com.vitastudio.mahjong,APAC,Yes
com.vitastudio.solitaire,APAC,Yes
com.vivo.appstore,APAC,Yes
com.vivo.browser,APAC,Yes
com.vivo.magazine,APAC,Yes
com.vkontakte.android,EMEA,Yes
com.vng.FlyingRobotGame.CrimeCityBattle.SuperheroIronRobot,-,No
com.vpn.free.hotspot.secure.vpnify,EMEA,Yes
com.vpn.onesvpn,-,Yes
com.vpn.proxy.unblock.privatevpn.fastvpn.securevpn,Americas,Yes
com.vpn.secure.proxy.guard,EMEA,Yes
com.vpn.securevpnpro,EMEA,Yes
com.vpn_tube.vpntube,EMEA,Yes
com.vpnhouse,EMEA,Yes
com.vpnsuper.free.vpn.hotspot.proxy,-,No
com.wa.cult.empire.tycoon.idle.game,Americas,Yes
com.wagao.magic.princess.merge.homeland.puzzle,-,No
com.walk.bucks,-,No
com.wallpaper3d.parallax4k.live4d,-,Yes
com.wallpapers.uhd.live.themes.widgets,APAC,Yes
com.wallpaperscraft.wallpaper,-,No
com.wannabeclassicpro.bingoelites,APAC,Yes
com.wasteland.heart,EMEA,Yes
com.water.out.puzzle,-,No
com.water.sort.ball.game.puzzle2048.dop.free.huawei,-,No
com.waterfallbbq.factorystack.flamechute,APAC,Yes
com.watermelon.club,EMEA,Yes
com.watersort.qtgpz084.gp,-,No
com.waveline.nabd,EMEA,Yes
com.weaseldev.ghostcontact,EMEA,Yes
com.weather.Weather,Americas,Yes
com.weather.free.forecast.dailyweather,-,Yes
com.weaver.app.prod,APAC,Yes
com.weegoon.thiefpuzzle,EMEA,Yes
com.weezer.newplayer.song,APAC,Yes
com.weezerlite.and,APAC,Yes
com.weup.alien.monster.life.challenge.chapter7,APAC,Yes
com.weup.tricky.minds.brainy.puzzle,APAC,Yes
com.weward,EMEA,Yes
com.wheel.legend.speed.car,-,No
com.whoyaho.tanghulu,APAC,Yes
com.widgetable.theme.android,APAC,Yes
com.widgetkit.widget.theme.wallpaper.icon.sceen.scape,APAC,Yes
com.wildec.dating.meet4u,EMEA,Yes
com.wildlifestudios.merge.animal.sanctuary,Americas,Yes
com.wildspike.wormszone,EMEA,Yes
com.windapidx.lovtohavdis,-,No
com.winter.breaker,EMEA,Yes
com.winwalk.android,-,No
com.wireless.defenseland,EMEA,Yes
com.withprize.jigsaw,-,No
com.withprize.logic,-,No
com.wochi.android.rdll,APAC,Yes
com.wogic2cozer.pusher.magic,-,Yes
com.wonder,-,No
com.wood.block.sudoku.puzzle.bm,APAC,Yes
com.wood.bolt.wordle.screw.nuts.puzzle,APAC,Yes
com.wood.craft.idle.master,Americas,Yes
com.wood.nut.and.bolts.puzzle,APAC,Yes
com.wool.puzzle.game3d,APAC,Yes
com.wool.rescue.my.cat.an,APAC,Yes
com.word.madness,-,No
com.word.puzzle.game.crossword,EMEA,Yes
com.wordgame.wordcross.puzzle,-,No
com.wordgame.words.connect,Americas,Yes
com.wordgames.wordconnect.de,Americas,Yes
com.wordpz.word.blocken,APAC,Yes
com.wordsearch.wordpuzzle.free,EMEA,Yes
com.wordwanderer.cashgame,APAC,Yes
com.worldance.drama,APAC,Yes
com.wstsp1stygf.poldw.spom,-,No
com.wtv.winkitv,-,No
com.xd.hide.and.seek,APAC,Yes
com.xd.rainbow.find.daddy,APAC,Yes
com.xgame.DrawLineChallenge,APAC,Yes
com.xia.familylife,EMEA,Yes
com.xiaomi.glgm,APAC,Yes
com.xiaomi.mipicks,APAC,Yes
com.xiaoruo.craftmods,-,No
com.xilli.collagemaker.photoeffects.photoeditor,-,No
com.xm.csee,APAC,Yes
com.xmonetize.quizzland,EMEA,Yes
com.xphygame.birdshuffle,APAC,Yes
com.xphygame.gellerylike,APAC,Yes
com.xplay.pop_antistress_simulator,APAC,Yes
com.xsafe.browser,-,No
com.xten.starfall,EMEA,Yes
com.xuexue.tangtang.tracker,-,No
com.xvideostudio.videodownload,-,No
com.yallagroup.yallashoot,-,No
com.yarn.dream.room,APAC,Yes
com.yg.ball.challenge,APAC,Yes
com.yg.balls.parkour,APAC,Yes
com.yg.battlesquad,APAC,Yes
com.yg.bike.racinggame,APAC,Yes
com.yg.boxing.annoying,APAC,Yes
com.yg.designphone.case,APAC,Yes
com.yg.dinosaur.lsland,APAC,Yes
com.yg.extreme.moto,APAC,Yes
com.yg.fashionqueen,APAC,Yes
com.yg.gluttonysnake,APAC,Yes
com.yg.mini.games,APAC,Yes
com.yg.obbyparkour,APAC,Yes
com.yg.realmotocross,APAC,Yes
com.yg.realxtremecar,APAC,Yes
com.yg.sf.minigames,APAC,Yes
com.yg.snipermaster,APAC,Yes
com.yg.stunt.motorcycle,APAC,Yes
com.yg.templeballs,APAC,Yes
com.yg.ticfungames,APAC,Yes
com.yg.toys.games,APAC,Yes
com.yg.two.player.battle,APAC,Yes
com.yilap.brawlstarsopenchestyilapsecond,EMEA,Yes
com.yobzh.tarot,EMEA,Yes
com.yolo.hiddenobjects,EMEA,Yes
com.youmusic.magictiles,APAC,Yes
com.youthfulxyz.nintonintyhd,-,No
com.yoyogames.anime.star.princess.doll.dressupgames,APAC,Yes
com.yunyi.smartcamera,APAC,Yes
com.yy.hiyo,-,Yes
com.zapak.worldcup.t20.cricket,-,Yes
com.zapmap.zapmap,-,Yes
com.zareklamy,-,No
com.zd.c08.traffic.bike.simulator,APAC,Yes
com.zebrack,-,No
com.zelemine.anime.mods,EMEA,Yes
com.zelemine.horror.mods,EMEA,Yes
com.zelenapp.horrmod,EMEA,Yes
com.zelenapp.oneblock,EMEA,Yes
com.zengardenapps.yatzy,-,No
com.zi.zivpn,-,No
com.zm.balls,EMEA,Yes
com.zm.blockaway,EMEA,Yes
com.zm.crossmath,EMEA,Yes
com.zm.nuts,EMEA,Yes
com.zm.tileaway,EMEA,Yes
com.zm.watersort,EMEA,Yes
com.zodrewards.reward,-,No
com.zoogvpn.android,EMEA,Yes
com.zplayworld.popstar,APAC,Yes
com.zsskxsw.android.zclientapp,EMEA,Yes
com.ztnstudio.notepad,EMEA,Yes
com.zum.android.search,-,Yes
com.zuuks.truck.simulator.ultimate,EMEA,Yes
com.zymobile.dream.houseboat,-,No
com.zynga.words3,Americas,Yes
com.zytoona.wordscrush,-,No
com.zzuf.fuzz,APAC,Yes
company.reelrush.and,-,No
con.hotspot.vpn.free.master,EMEA,Yes
concordancia.biblica.espanol.biblia.reina.valera,EMEA,Yes
crazyeights.maumau.crazy8.free.online.offline.classic.card.game,APAC,Yes
crosshair.customaiming.customscope,EMEA,Yes
crypto.cosmic.simulator.app,-,No
cube.games.drop.block.allinone,-,No
daily.bible.for.woman,EMEA,Yes
daily.number.match.free.puzzle,APAC,Yes
dark.fantasy.game,EMEA,Yes
de.flame.dartcounter,-,No
de.mobilesoftwareag.clevertanken,EMEA,Yes
de.motain.iliga,EMEA,Yes
de.mwwebwork.benzinpreisblitz,-,No
de.nullzwoapps.app.dynamo,-,No
de.swejuppotto.timewarpscan,EMEA,Yes
de.tvsmiles.app,-,No
de.whow.jackpot,-,No
dead.rails,EMEA,Yes
dev.niamor.bboxremote,-,No
developers.nicotom.nt25,EMEA,Yes
diamond.cash.slots.casino,-,No
diy.asmr.simulator.paper.doll.games.makeover.maker,APAC,Yes
diy.makeup.artist.jogo.maquiagem.maquillaje.makyaj.oyunu,APAC,Yes
document.viewer.odt.reader.openoffice,-,No
dop.draw.one.part.puzzle.story,APAC,Yes
doubleagames.sproonky.bodycolorswap,EMEA,Yes
downloader.video.download.free,APAC,Yes
dreamtile.triple.match.game,APAC,Yes
droom.sleepIfUCan,APAC,Yes
drug.vokrug,EMEA,Yes
e.books.reading.apps,APAC,Yes
easy.bible.read.understand.simple,EMEA,Yes
easy.launcher,-,Yes
easy.sudoku.puzzle.solver.free,APAC,Yes
editingapp.pictureeditor.photoeditor,APAC,Yes
eightball.pool.live.eightballpool.billiards,-,No
endless.nightmare.shrine.horror.scary.free.android,-,No
endless.nightmare.weird.hospital.horror.scary.free.android,-,No
english.tagalog.bible,EMEA,Yes
enjoy.jigsaw.puzzles.game,APAC,Yes
er.notepad.notes.notebook.checklist.calendar,EMEA,Yes
es.socialpoint.DragonCity,EMEA,Yes
es.socialpoint.MonsterLegends,EMEA,Yes
eu.livesport.FlashScore_com,EMEA,Yes
eu.nordeus.topeleven.android,EMEA,Yes
fake.gps.location.emulator,-,No
fall.stars.race,EMEA,Yes
fast.free.vpn.proxy,EMEA,Yes
fbmapp.sports.livefootballtv.hdstreaming.score,EMEA,Yes
feniksenia.app.speakerlouder90,-,No
ffdiamond.winner.gaurika,-,No
fi.bongames.transitking,APAC,Yes
fi.twomenandadog.zombiecatchers,-,Yes
fill.restock.closet.organization.games,APAC,Yes
find.difference.spot.differences.hidden.puzzle.games.free,APAC,Yes
find.my.device,EMEA,Yes
find.spot.fun.relax.difference,APAC,Yes
flashalert.flashlight.flashalertapp.flashlightapp,-,No
flashalerts.flashlight.calls.messages,EMEA,Yes
flexus.dye.hard,EMEA,Yes
fr.geev.application,-,No
fr.two4tea.percent,APAC,Yes
fr.two4tea.zip,APAC,Yes
fr.vinted,EMEA,Yes
free.fast.safe.unlimit.vpn,APAC,Yes
free.files.downloader.save.video.manager,APAC,Yes
free.fun.card.game.solitaire.klondike.freecell.uno,APAC,Yes
free.os.jump.superbros.adventure.world,APAC,Yes
free.tube.premium.advanced.tuber,APAC,Yes
free.video.downloader.converter.music,EMEA,Yes
free.video.downloader.freevideodownloader2021.video.saver.videosaverlite,Americas,Yes
free.vpn.proxy.secure,EMEA,Yes
free.vpn.proxy.vpnly,EMEA,Yes
free.vpn.unblock.proxy.turbovpn,APAC,Yes
free.vpn.unblock.proxy.turbovpn.lite,APAC,Yes
free.vpn.unblock.proxy.vpn.master.pro,APAC,Yes
free.vpn.unblock.proxy.vpnmaster,APAC,Yes
free.zaycev.net,EMEA,Yes
freeplay.crowdrun.com,EMEA,Yes
funcore.bricker.construction_set.puzzle,EMEA,Yes
funvent.tilepark,Americas,Yes
gallery.hdgallery.lockgallery.photovideovault,-,No
gallery.photomanager.picturegalleryapp.imagegallery,APAC,Yes
galleryapp.picturelock.gallerylock.albums,EMEA,Yes
game.joyit.welfare,APAC,Yes
game.water.sort.puzzle.android,APAC,Yes
games.burny.associations.word.puzzle,EMEA,Yes
games.flexus.trainminer,EMEA,Yes
games.joker.chicken.go,-,No
games.joker.crash.plane,-,No
games.my.sniper.wild.hunting,EMEA,Yes
games.onari.brilliant_cigarette,APAC,Yes
games.resourcer.hex,EMEA,Yes
games.rivvy.monstersurvivors,EMEA,Yes
games.screw.world,EMEA,Yes
games.spearmint.triplecrush,Americas,Yes
games.taplab.thejourney,EMEA,Yes
games.taplab.vertex,EMEA,Yes
games.vaveda.militaryoverturn,EMEA,Yes
gas.station.idle,EMEA,Yes
gg.sunday.catescape,-,Yes
gg.sunday.dog.escape.puzzle,-,Yes
ghost.shooting.sniper.real3d.action.free.android,-,No
gogolook.callgogolook2,APAC,Yes
going.jump.sky.parkour.rooftop,-,No
granddream.puzzlegame.jewelblast,-,No
gridplus.ball.sort.colorpuz,APAC,Yes
gridplus.nut.sort.puz3d,APAC,Yes
grill.sort.food.games.match.puzzle,APAC,Yes
guru.sudoku.offline.free.puzzle.games,EMEA,Yes
hang.man.word.guessing.games,APAC,Yes
happy.color.number.zen.coloring.paint.art,-,No
happy.paint.coloring.color.number,APAC,Yes
happy.pixel.coloring.art.color.games,APAC,Yes
heartratemonitor.heartrate.pulse.pulseapp,APAC,Yes
hexa.away.game.tap.block.off.color.puzzle.free,APAC,Yes
hexa.sort.merge.stack.puzzle,APAC,Yes
hidden.object.find.seek.search.mystery.puzzle.games.free,APAC,Yes
hidden.objects.island.game,EMEA,Yes
hide.seek.room,EMEA,Yes
highway.traffic.rush.city.offline.racer.car.racinggames,-,No
holy.bible.biblegame.bibleverse.color.by.number.colorbynumber.paint.pixel.art,APAC,Yes
holy.bible.kjv.kingjamesbible.verse.biblia,APAC,Yes
holyscapes.bible.words.scapes.puzzle.free,APAC,Yes
hotspotshield.android.vpn,-,No
house.of.fortune.slots.casino.free.games,-,No
in.cricketexchange.app.cricketexchange,EMEA,Yes
in.crossy.daily_crossword,Americas,Yes
in.daily_puzzle.crossword,Americas,Yes
in.ludo.supremegold,Americas,Yes
in.mohalla.sharechat,Americas,Yes
in.mohalla.video,Americas,Yes
in.playsimple.crossword.go,Americas,Yes
in.playsimple.jigsaw_puzzle,Americas,Yes
in.playsimple.newwordsearch,Americas,Yes
in.playsimple.tripcross,Americas,Yes
in.playsimple.triple.tile.matchgame.pair.three.puzzle.object.royale,Americas,Yes
in.playsimple.wordbingo,Americas,Yes
in.playsimple.wordsearch,Americas,Yes
in.playsimple.wordtrip,Americas,Yes
in.sweatco.app,EMEA,Yes
info.flowersoft.theotown.theotown,-,No
info.secondreality.fishingBaron,EMEA,Yes
info.wizzapp,EMEA,Yes
instagram.video.downloader.story.saver.ig,APAC,Yes
intechsolutions.photoenhancer,-,No
io.blackcandy.parkemall3d,-,No
io.cardgames.app,-,No
io.cpen.mobile,-,No
io.deveem.byemydpi2,-,No
io.deveem.vpn,EMEA,Yes
io.deveem.vpn.global,EMEA,Yes
io.gartic.Gartic,-,No
io.gpscameramap.photostamp.locationtracker,-,No
io.hexman.xiconchanger,-,No
io.jagat.lite,APAC,Yes
io.mobitech.newsme.dt,-,No
io.moinmoin,-,No
io.randomco.travel,EMEA,Yes
io.shenron.jel,-,No
io.supercent.janeasmr,APAC,Yes
io.supercent.linkedcubic,APAC,Yes
io.supercent.pizzaidle,APAC,Yes
io.supercent.weaponrpg,APAC,Yes
io.voodoo.holeio,EMEA,Yes
io.voodoo.paper2,EMEA,Yes
io.vungkk.pelistream,-,No
io.walletpasses.android,EMEA,Yes
iplayer.and.new.com,APAC,Yes
it.ideasolutions.amerigo,EMEA,Yes
it.spaghettiinteractive.burracopiu,EMEA,Yes
it.spaghettiinteractive.scopapiu,EMEA,Yes
it.spaghettiinteractive.tressettepiu,EMEA,Yes
italian.scopa.card.game.gioco.carte.offline.multiplayer.online.poker,APAC,Yes
jackpotboom.slots.casino.vegas.free.android,-,No
jigsaw.picture.puzzles.games.free,APAC,Yes
jigsaw.puzzle.free.games,APAC,Yes
jigsaw.puzzle.game.banana,APAC,Yes
jp.co.Maimo,APAC,Yes
jp.co.goodroid.hyper.hexaaway,APAC,Yes
jp.co.goodroid.hyper.puzzle.colorblockbuilder,APAC,Yes
jp.co.meetscom.koetomo,-,No
jp.co.pocke.android.zutsu,APAC,Yes
jp.co.sakabou.piyolog,-,No
jp.garud.ssimulator,APAC,Yes
jp.garud.ssimulator.vivo,-,No
jp.gmom.pointtown,-,No
jp.jig.product.whowatch.viewer,-,No
jp.leafnet.android.stampdeco,-,No
jp.naver.linecamera.android,APAC,Yes
jp.naver.linemanga.android,APAC,Yes
jp.usaya.nigeneko,-,No
kallossoft.blurface,EMEA,Yes
kallossoft.videostabilizer,EMEA,Yes
kg.nooken.vpn.dev,-,No
kg.vostok.vpn,-,No
kidultlovin.word.zen,APAC,Yes
kik.android,Americas,Yes
killer.sudoku.free.brain.puzzle,APAC,Yes
king.james.bible.study,EMEA,Yes
kitchen.digital.weight.scales.helper.recipebook,EMEA,Yes
kjv.bible.kingjamesbible,APAC,Yes
kjvbible.verse.daily.bible.prayer,APAC,Yes
knit.thread.jam.color.sort.out.wool.screw.logic.puzzle.game,APAC,Yes
kr.co.smartstudy.kidspuzzlefun_android_googlemarket,-,No
kz.codev.wowua,EMEA,Yes
line.color.adventure,EMEA,Yes
linkdesks.block.puzzle.classic.puzzlegames,APAC,Yes
linkdesks.oceanblast.fish.pop,APAC,Yes
live.shorttv.apps,APAC,Yes
live.shorttv.dramarush.android,APAC,Yes
loppipoppi.dominoes,EMEA,Yes
loppipoppi.ginrummy,EMEA,Yes
loppipoppi.numbermatch,EMEA,Yes
machinist.enigma.match3free.android,-,No
mahjongsolitaire.mahjong.solitaire.tile.pair.match,APAC,Yes
married.prediction.filter.minigame,APAC,Yes
math.puzzle.games.crossmath.number.puzzles.free,APAC,Yes
maxplayer.video.videoplayer,APAC,Yes
me.eladga.memesoundboard,-,No
me.funkin.fnf,-,No
me.skyvpn.app,-,No
mega.easy.obby,EMEA,Yes
melon.smash,EMEA,Yes
messages.chatsms.freechatmsg,-,No
messages.sms.messenger.text.messaging.mms.ai,APAC,Yes
minecraft.mods.minecraft,EMEA,Yes
mingle.android.mingle2,EMEA,Yes
mmapps.mobile.magnifier,EMEA,Yes
mobi.ifunny,EMEA,Yes
mobi.mangatoon.novel.portuguese,APAC,Yes
money.budget.planner.tracker,-,No
monitor.kmv.multinotes,EMEA,Yes
mow.my.lawn,EMEA,Yes
mt.photoeditor.retouchme.photography,-,No
music.beat.piano.fire.magic.tiles.challenge.free,-,No
music.musicplayer.mp3player.pro,-,No
musica.musicfree.snaptube.weezer.mp3app,APAC,Yes
musicplayer.hdvideoplayer.backgroundmusic,EMEA,Yes
my.arena,EMEA,Yes
my.photo.picture.keyboard.keyboard.theme,-,No
myfiles.filemanager.fileexplorer.cleaner,-,No
mymusic.offlinemusicplayer.mp3player.playmusic,APAC,Yes
net.andromo.dev58853.app253625,-,No
net.andromo.dev58853.app253634,-,No
net.argongames.minitd2,EMEA,Yes
net.astrangestudio.noff,EMEA,Yes
net.bat.store,APAC,Yes
net.bitbible.en,-,No
net.craftgame.minigame,-,Yes
net.elvista.hearts,EMEA,Yes
net.flysher.rockncash,APAC,Yes
net.fouruvpn.vpn4u,EMEA,Yes
net.happywit.bus.craze,EMEA,Yes
net.happywit.wood.block.jam,EMEA,Yes
net.lovoo.android,EMEA,Yes
net.peakgames.OkeyPlus,Americas,Yes
net.peakgames.mobile.spades.android,Americas,Yes
net.peakgames.toonblast,Americas,Yes
net.pro.playmods,-,No
net.relaxio.babysleep,-,Yes
net.studioadept.idlelife,-,No
net.wordbit.deen,-,No
net.zedge.android,EMEA,Yes
network.bee.app,-,No
nextbot.backrooms.shooter,EMEA,Yes
nextbot.backrooms.shooter.two,EMEA,Yes
ngx.monster.battle.master.trainer.island,-,No
ninja.creed2.sniper.real3d.action.free.android,-,No
ninja.hunt.sniper.agent.action.free.android,-,No
nonogram.puzzle.picross.free.android,-,No
note.notesapp.notebook.notepad.stickynotes.colornote,APAC,Yes
notes.notebook.todolist.notepad.checklist,EMEA,Yes
number.match.numbers.math.games.free.puzzle.digit,APAC,Yes
nuts.bolts.story.wood.screw.color.sort.unscrew.family.save.help,APAC,Yes
nuts.sort.bolts.master,APAC,Yes
nuts.sort.bolts.nut.color.game.free.screw.puzzle,APAC,Yes
nuts.sort.nut.bolts.color.sorting.screw.puzzle.games,APAC,Yes
octohide.vpn,-,Yes
one.cryptoguru.cryptotradingacademy,EMEA,Yes
onet.picachu,APAC,Yes
onet.tile.match.puzzle.android,APAC,Yes
online.pickme.live.android,-,Yes
org.aastudio.games.longnards,EMEA,Yes
org.ai.interlinklabs.interlinkId,APAC,Yes
org.aka.messenger,-,No
org.betup,EMEA,Yes
org.bible.amplified.bible.app,EMEA,Yes
org.bible.nasb.bible.offline.app,EMEA,Yes
org.freevpn,EMEA,Yes
org.mupen64plusae.v3.fzurita,-,Yes
org.nanobit.hollywood,-,No
org.retropixel.GhostRadarDetector,-,No
org.smapps.nuts,EMEA,Yes
org.united_family.ufwallet,EMEA,Yes
org.vidogram.messenger,-,No
paint.by.number.pixel.art.coloring.drawing.puzzle,APAC,Yes
pampam.ibf2,EMEA,Yes
pdfreader.pdfviewer.officetool.pdfscanner,Americas,Yes
pdfscanner.documentscan.camerascanner.pdfcreator,EMEA,Yes
phone.clone.forall.android.fast.switchphone,EMEA,Yes
photo.editor.photoeditor.filtersforpictures,APAC,Yes
photoeditor.ai.photo.editor.photoeditorpro,APAC,Yes
photoeditor.backgrounderaser.cutandpastephotos,APAC,Yes
photoeditor.photocollage.ai.editor.photoart,APAC,Yes
photoframe.lovecollage.truelove.loveframes,APAC,Yes
photorecover.filerecovery.restore,APAC,Yes
picaloop.vidos.motion.leap,APAC,Yes
playtube.play.tube.video.music.videotube.musictube,-,Yes
police.department.tycoon,-,No
police.speed.gps.antiradar,EMEA,Yes
pray.alarm.bible.calendar,APAC,Yes
premium.gotube.adblock.utube,APAC,Yes
princess.protect.dragon.wars.girl.rescue,APAC,Yes
proxify.argentina.vpn,-,No
pt.cosmicode.imposter,-,No
puzzle.blockpuzzle.cube.relax,APAC,Yes
puzzle.bolts.and.nuts.wood.woody,APAC,Yes
puzzle.pixel.art.coloring.drawing.sandbox.free.painting.games.kids.adults.fun,-,No
puzzle.queen.rescue.girl.royal.dragon.game,APAC,Yes
puzzle.taparrow.awayarrow.games,APAC,Yes
puzzle.yarn.fever.unravel.puzzle,APAC,Yes
puzzlegame.buildfun.farmmatch,-,No
pw.awwe.schoolApp,EMEA,Yes
qr.bar.code.scanner.scan.reader.qrcodescanner,-,No
quickclickgames.magicaTA,EMEA,Yes
radio.fm.cuba.online,EMEA,Yes
radio.online.portugal,EMEA,Yes
radio.saudi.arabia,EMEA,Yes
radio.slovensko.sk.online.fm,EMEA,Yes
reader.alldocuments.ora,APAC,Yes
recover.deleted.messages.business.messagerecovery,APAC,Yes
relax.sleep.relaxation.sleepingsounds,-,No
rescue.dragon.save.princess.jam.traffic.puzzle,APAC,Yes
ridmik.keyboard,-,No
ringtonemaker.musiccutter.customringtones.freeringtonemaker,APAC,Yes
ro.codev.wow,-,Yes
rsba.nkjv.bible.study.app,EMEA,Yes
ru.DmitryLomakin.NuclearSubmarineInc,EMEA,Yes
ru.PixelQuest.clickMoney,EMEA,Yes
ru.appscraft.durak,EMEA,Yes
ru.arybin.modern.calculator,EMEA,Yes
ru.caravangames.BonVoyage,-,No
ru.codev.wow,EMEA,Yes
ru.egoroffsoft.kinoscreen,EMEA,Yes
ru.fotostrana.sweetmeet,EMEA,Yes
ru.foxyface.vulgarity,EMEA,Yes
ru.galya.drawjoust,EMEA,Yes
ru.iptvremote.android.iptv,EMEA,Yes
ru.mamba.client,EMEA,Yes
ru.ok.android,EMEA,Yes
ru.otkritkionline.pozdravleniya,-,No
ru.playme8.dachniki,-,No
ru.playvision.durak,-,No
ru.projectfirst.leo.runner,-,Yes
ru.subprogram.guitarsongs,EMEA,Yes
ru.subprogram.guitarsongs.vint,EMEA,Yes
sand.box,EMEA,Yes
score.footballgame.kick.soccerlegend,APAC,Yes
screenmirroring.casttotv.chromecast.phonemirror,-,No
screentouch.sensitivityrepair,EMEA,Yes
se.maginteractive.quizduel2,EMEA,Yes
se.raketspel.digaround,EMEA,Yes
sea.fishing.hookandcatch,-,No
seat.right.match.puzzle,-,No
sensustech.universal.tv.remote.control,EMEA,Yes
sevenohmerry.savervideos.downloadvideohd,-,No
sheep.animal.parking.puzzle.game.jam,APAC,Yes
shelter.hero.hapyx,EMEA,Yes
skyview.star.map.stargazing,-,No
slide.color.block.puzzle,APAC,Yes
slots.acg.casino.games.free.android,APAC,Yes
sms.app.messages.app.message.box.message.me,-,No
sms.app.messages.app.message.box.message.me.jp,-,No
sms.messenger.mms.text.messaging.sns,APAC,Yes
sniper.shooter.offline.games.gun.aldagames.com,-,No
solitaire.cash.win.formoney.ofmoney.battle,-,Yes
solitaire.collection.girls.klondike.spider,-,No
solitaire.collection.klondike.card.games.free.game,APAC,Yes
solitaire.jigsaw.puzzle.design.artgallery.home.decorate.klondike,APAC,Yes
solitaire.patience.card.games.klondike.free,APAC,Yes
solitaire.royale.win.cash.out,-,No
solitaire.word.association.connections.puzzle,APAC,Yes
sonic.bubbleshoot.classic,APAC,Yes
sort.ball.color.puzzle.sorting.tube.game,APAC,Yes
sort.hexagon.stack.match.color,APAC,Yes
sorting.games.goods.sort.triple.match3d.puzzle.stuff,APAC,Yes
speed.test.speedcheck.speedtest,EMEA,Yes
spider.solitaire.card.games.free.klondike.patience,APAC,Yes
spider.solitaire.card.games.free.no.ads.klondike.solitare.patience.king,APAC,Yes
st.ows.colorwoodjam,-,No
stepcounter.pedometer.health.blood.heart.tracker,APAC,Yes
storybit.story.maker.animated.storymaker,-,No
su.canoe.zoo.elephant,EMEA,Yes
sudoku.classic.brain.number.puzzle.games,APAC,Yes
sudoku.puzzle.classic.math.games.train.brain,APAC,Yes
sudoku.puzzle.free.game.brain,APAC,Yes
sudoku.puzzle.games.scenery,APAC,Yes
sweet.candy.camera,APAC,Yes
sweet.snapface.facefilter,APAC,Yes
tap.away.out.tapout.master.cube.block.puzzle.games,APAC,Yes
tap.coin.make.money.online.take.surveys,-,No
tap.slide.autoclicker.automatic.click,-,No
tatto.the.ink.store.shop.art.asmr,APAC,Yes
team.ggc.kanzitdinov.radioapp,EMEA,Yes
tepteev.ihar.biblia_ave_maria.AOUNVFLAKOECSYLY,EMEA,Yes
tepteev.ihar.biblia_takatifu.AOURLCUBZSMVVVVE,EMEA,Yes
tepteev.ihar.louis_segond.AOUOPFHHTNFLKMQR,EMEA,Yes
tepteev.ihar.matthew_henry.AOUSZCZGSNUACBSGR,EMEA,Yes
teskin.jewels.planet,EMEA,Yes
text.messenger.sms.messaging.mms,APAC,Yes
tg.televpn.messenger,-,No
tiktok.video.downloader.nowatermark.tiktokdownload,APAC,Yes
tiktok.video.downloader.nowatermark.tiktokdownload.snaptik,APAC,Yes
tile.match.free.puzzle,APAC,Yes
tile.triple.match.puzzle.game.journey,APAC,Yes
tokyo.chickenskin.yokai,APAC,Yes
top.setapp.playground3d,EMEA,Yes
top.tinysoft.fakegps,-,No
train.ride.master,-,No
triplematch.shelf.offline.driftsand,APAC,Yes
triwin.slots.jackpot.grand,-,No
truco.card.game.brasil.trick.strategic.poker.online.multiplayer.offline.game,APAC,Yes
truefunapps.longhair,EMEA,Yes
tunein.player,-,Yes
tv.brasil.digital,-,No
tv.mixch.android,-,No
tv.remote.control.firetv,APAC,Yes
us.current.android,-,No
us.mitene,APAC,Yes
us.rec.screen,EMEA,Yes
utube.gotube.music.premium,-,No
vault.gallery.lock,EMEA,Yes
vh.one,EMEA,Yes
video.clip.call.fake.chat.message.prank,APAC,Yes
video.downloader.videodownloader,-,No
video.save.downloader.saver.hd.download.any,APAC,Yes
videodownloader.download.allhd.video,-,No
videodownloader.pinterest.video.download.pinterestdownloader,-,No
videomaker.photoeditor.slideshowmaker.videoeditor,APAC,Yes
videoplayer.videodownloader.downloader,APAC,Yes
vinkle.video.editor,APAC,Yes
vpn.fast.unlimited.free,EMEA,Yes
vpn.free.orange,EMEA,Yes
vpn.secure.fast.proxy.free,EMEA,Yes
water.sort.color.games.tile.match.puzzle,EMEA,Yes
water.sort.color.puzzle.offline.games,APAC,Yes
water.sort.puzzle.color.bottles,EMEA,Yes
water.sort.puzzle.color.sort.games,APAC,Yes
water.sort.puzzle.color.sorting.games,APAC,Yes
water.sort.puzzle.game.color.sorting.free,APAC,Yes
water.sort.puzzle.wood.color.sort.brain.train.test.watersort.ball.sort.logic.game,APAC,Yes
watersort.puzzle.water.sort.ball.sort.logic.brain.game.color.fill,APAC,Yes
wheelie.master.street.elite.bikegame,-,No
widgetheme.icon.wallpaper.widgetsart,APAC,Yes
wiktoria.goroch.bible_kjv.AOUSSDQLXBLBGHWY,EMEA,Yes
wild.west.sniper,EMEA,Yes
wood.nuts.screw.bolts.puzzle,APAC,Yes
wool.match.color.sort.jam.puzzle,APAC,Yes
wool.thread.sort.match.frenzy.color,APAC,Yes
word.connect.jam.puzzle.association.game,APAC,Yes
worldofcardgames.double_deck_pinochle,-,No
wow.wordsofwonders.wordconnect.wordscapes,EMEA,Yes
wp.wattpad,Americas,Yes
wsjourney.word.puzzle,APAC,Yes
www.onlycar.supercarjumping,APAC,Yes
xyz.ar.animebox,-,No
yoruba.holy.bible.AOVGSFFIOTUFGGBTLU,EMEA,Yes
1001101349,-,No
1004291915,APAC,Yes
1016396103,-,No
1019117289,-,No
1023583941,APAC,Yes
1024507512,EMEA,Yes
1030447361,-,No
1037595083,EMEA,Yes
1038889456,-,No
1045165396,-,No
1051334048,-,Yes
1056210011,EMEA,Yes
1057860506,-,No
1058528141,Americas,Yes
1063805318,-,No
1064425227,-,No
1067787512,-,No
1069361548,-,Yes
1069787152,-,No
1069898886,-,No
1070727170,APAC,Yes
1072738097,EMEA,Yes
1074731808,APAC,Yes
1078643602,EMEA,Yes
1078954918,EMEA,Yes
1080558159,APAC,Yes
1080816579,-,No
1083356839,-,No
1084252650,Americas,Yes
1084595114,-,No
1086937448,EMEA,Yes
1091192104,-,No
1091251242,-,No
1095034404,APAC,Yes
1095572547,APAC,Yes
1096041471,-,No
1097505464,-,No
1099664597,APAC,Yes
1103238599,-,No
1104881942,-,No
1113503715,-,No
1114415982,-,No
1115249449,EMEA,Yes
1116488672,EMEA,Yes
1116549013,EMEA,Yes
1116609570,EMEA,Yes
1118262906,-,No
1119560044,-,Yes
1119616370,-,No
1123984004,-,No
1124426889,-,No
1124686975,-,No
1126539920,-,No
1128416098,-,No
1129212664,-,No
1134614037,-,No
1135907647,EMEA,Yes
1139055265,-,No
1139172614,-,No
1140680115,EMEA,Yes
1145541321,Americas,Yes
1147801802,-,No
1148766137,-,No
1151220243,-,Yes
1151562905,-,No
1154436120,EMEA,Yes
1156276032,-,No
1158042933,Americas,Yes
1159035153,EMEA,Yes
1159705605,EMEA,Yes
1159846171,-,No
1160728947,-,No
1168311714,-,No
1171091417,-,Yes
1171814682,EMEA,Yes
1172073178,-,No
1174041307,EMEA,Yes
1179715015,-,No
1185735018,APAC,Yes
1186805817,EMEA,Yes
1187823762,EMEA,Yes
1187967236,-,No
1192578703,-,No
1194582243,-,No
1195092555,Americas,Yes
1195301052,APAC,Yes
1195710578,-,No
1197201103,-,No
1199456182,-,No
1201049037,APAC,Yes
1202089963,-,Yes
1202163586,EMEA,Yes
1202829925,-,No
1207183021,-,No
1207257038,EMEA,Yes
1207493846,-,Yes
1207565651,EMEA,Yes
1208521932,-,No
1210244851,EMEA,Yes
1215026315,-,No
1216673574,-,No
1220372643,EMEA,Yes
1222842367,-,No
1225189596,-,No
1225548580,APAC,Yes
1228507736,-,No
1230374058,-,No
1234019228,-,No
1234079838,EMEA,Yes
1234094465,-,No
1236058595,-,Yes
1236677535,EMEA,Yes
1239325152,EMEA,Yes
1240674439,-,No
1247862561,-,No
1252460942,Americas,Yes
1252963998,EMEA,Yes
1253406625,EMEA,Yes
1253890232,-,No
1254324302,-,No
1257043104,EMEA,Yes
1259089601,-,No
1260267336,APAC,Yes
1262445849,-,No
1263269081,-,No
1263426717,EMEA,Yes
1266181959,EMEA,Yes
1268267133,EMEA,Yes
1268523196,EMEA,Yes
1269638287,EMEA,Yes
1271316413,-,No
1276099484,APAC,Yes
1276446451,APAC,Yes
1277653962,-,No
1280402754,-,No
1281535229,EMEA,Yes
1287005374,-,No
1291919749,-,No
1293646758,-,Yes
1293658302,EMEA,Yes
1295052333,-,No
1299745483,EMEA,Yes
1300091337,EMEA,Yes
1301967636,-,No
1305545723,APAC,Yes
1307912741,-,Yes
1311856863,EMEA,Yes
1312798014,EMEA,Yes
1313818172,-,No
1314264574,-,No
1315539131,-,No
1318628198,-,No
1319025639,EMEA,Yes
1320535586,EMEA,Yes
1321606577,EMEA,Yes
1322234579,APAC,Yes
1323005406,-,No
1323924315,-,No
1323957120,-,No
1324708374,-,No
1326046015,-,No
1326593908,-,No
1329291047,-,No
1329898973,-,No
1330898775,-,Yes
1331030677,-,No
1334491822,-,No
1336527043,EMEA,Yes
1338852251,EMEA,Yes
1339092189,EMEA,Yes
1344860098,-,No
1349404829,EMEA,Yes
1350301428,APAC,Yes
1351719370,EMEA,Yes
1354452189,EMEA,Yes
1355694041,EMEA,Yes
1355866764,-,Yes
1361012099,EMEA,Yes
1361435055,-,No
1363724395,-,No
1363870700,EMEA,Yes
1367436392,APAC,Yes
1370027557,EMEA,Yes
1370327712,EMEA,Yes
1370346970,Americas,Yes
1370475630,EMEA,Yes
1371501878,-,No
1377591228,-,No
1378931319,EMEA,Yes
1380019068,APAC,Yes
1380448783,-,No
1382207802,-,No
1388195923,APAC,Yes
1388197290,APAC,Yes
1390992134,EMEA,Yes
1393913947,-,No
1395332051,-,Yes
1397148673,EMEA,Yes
1400703652,APAC,Yes
1404220945,-,No
1404967851,EMEA,Yes
1406299774,-,No
1411160018,-,No
1411400127,-,Yes
1411839733,-,No
1411875879,EMEA,Yes
1412695777,-,No
1413137373,-,No
1413287364,EMEA,Yes
1413826211,-,No
1419586494,EMEA,Yes
1424916256,-,No
1431698004,EMEA,Yes
1434442244,Americas,Yes
1434562378,EMEA,Yes
1434568165,-,No
1434712918,EMEA,Yes
1435120620,Americas,Yes
1435320545,EMEA,Yes
1435329761,EMEA,Yes
1435460882,-,No
1435951901,EMEA,Yes
1436213906,Americas,Yes
1436625499,-,No
1436687796,APAC,Yes
1436858922,EMEA,Yes
1437273344,-,No
1437308917,-,No
1437616335,-,No
1437902659,EMEA,Yes
1438005314,-,No
1438089337,EMEA,Yes
1439302571,-,No
1439434856,EMEA,Yes
1439759880,-,Yes
1441412472,-,No
1441531611,APAC,Yes
1442064951,-,Yes
1442564150,-,No
1443190579,EMEA,Yes
1443448520,APAC,Yes
1444308762,EMEA,Yes
1444727060,-,No
1444727745,EMEA,Yes
1445219537,Americas,Yes
1445450568,EMEA,Yes
1445523670,-,No
1445963718,APAC,Yes
1446225547,-,No
1446281545,APAC,Yes
1447086944,APAC,Yes
1447147551,-,No
1447470523,Americas,Yes
1447798697,EMEA,Yes
1447874563,-,Yes
1448103572,-,No
1448227760,-,No
1448360812,-,No
1448852425,EMEA,Yes
1449004506,-,No
1449164533,APAC,Yes
1449269813,-,No
1449450263,-,No
1449552940,-,No
1450146076,-,No
1450443351,-,No
1450715436,EMEA,Yes
1450716690,-,No
1450824654,-,No
1451478243,EMEA,Yes
1451817911,EMEA,Yes
1453027569,EMEA,Yes
1453345769,APAC,Yes
1453351862,-,No
1453578838,EMEA,Yes
1454486842,-,No
1454567241,Americas,Yes
1455860184,EMEA,Yes
1455974377,-,No
1456178643,-,Yes
1456589992,EMEA,Yes
1457297026,-,Yes
1457937396,APAC,Yes
1458091391,-,No
1458585500,EMEA,Yes
1458762050,EMEA,Yes
1459080258,APAC,Yes
1459270993,-,No
1459402952,Americas,Yes
1459639864,-,No
1459969523,-,No
1462317543,EMEA,Yes
1462374637,APAC,Yes
1462556579,EMEA,Yes
1463756032,APAC,Yes
1464643407,EMEA,Yes
1465253278,-,No
1465610553,-,No
1465659575,EMEA,Yes
1465880121,-,No
1466925963,EMEA,Yes
1467143758,EMEA,Yes
1467189269,EMEA,Yes
1468445666,EMEA,Yes
1468732933,EMEA,Yes
1469063029,-,No
1469330778,-,No
1469333551,-,No
1469356572,EMEA,Yes
1470036060,-,No
1470039281,EMEA,Yes
1471077600,APAC,Yes
1471087500,APAC,Yes
1471624149,APAC,Yes
1471942989,-,Yes
1472483546,EMEA,Yes
1472793371,-,Yes
1472850697,APAC,Yes
1473705776,-,No
1473736890,EMEA,Yes
1473951944,EMEA,Yes
1474917623,Americas,Yes
1475163222,EMEA,Yes
1475280731,EMEA,Yes
1475406336,-,No
1475469727,EMEA,Yes
1475752390,-,No
1475972538,EMEA,Yes
1476043340,EMEA,Yes
1476063010,-,No
1476399789,-,No
1476745742,EMEA,Yes
1477465492,-,No
1477804587,EMEA,Yes
1478453789,-,Yes
1478579926,EMEA,Yes
1478722864,EMEA,Yes
1479050948,-,Yes
1479175321,-,No
1480236789,Americas,Yes
1480330933,-,No
1480397119,-,Yes
1480502535,-,No
1480610008,-,No
1480638758,EMEA,Yes
1481222315,EMEA,Yes
1481293953,APAC,Yes
1481329682,EMEA,Yes
1481475617,-,No
1481876665,-,Yes
1482634830,EMEA,Yes
1482766542,EMEA,Yes
1483009256,EMEA,Yes
1483024460,-,No
1483200137,APAC,Yes
1483756997,-,No
1483843470,-,No
1484524707,EMEA,Yes
1484655112,-,Yes
1484808555,-,No
1485022388,EMEA,Yes
1485195465,-,No
1485552989,-,Yes
1485992982,Americas,Yes
1486579082,EMEA,Yes
1487577418,APAC,Yes
1487783200,-,No
1487826356,EMEA,Yes
1487932387,EMEA,Yes
1487968838,EMEA,Yes
1488431316,-,No
1488575091,-,No
1488592711,-,No
1488895948,APAC,Yes
1489155544,-,Yes
1489263669,EMEA,Yes
1489291053,Americas,Yes
1490384223,Americas,Yes
1490440004,EMEA,Yes
1490993527,Americas,Yes
1491198695,EMEA,Yes
1491206418,EMEA,Yes
1491328118,EMEA,Yes
1491729217,EMEA,Yes
1491859159,-,No
1491883876,EMEA,Yes
1491920093,APAC,Yes
1491996521,EMEA,Yes
1492035864,-,Yes
1492574252,-,No
1492980939,-,Yes
1493125671,EMEA,Yes
1493269955,-,No
1493358837,APAC,Yes
1493911570,Americas,Yes
1494083019,-,No
1494240093,-,No
1494294554,EMEA,Yes
1494327881,-,No
1494458254,EMEA,Yes
1495292882,-,No
1495787932,EMEA,Yes
1495995512,EMEA,Yes
1496207360,EMEA,Yes
1496621735,EMEA,Yes
1497462589,-,No
1498184180,-,No
1498193052,-,No
1498198098,EMEA,Yes
1498229533,EMEA,Yes
1498492128,Americas,Yes
1498948092,EMEA,Yes
1499091458,-,No
1499138555,Americas,Yes
1499255972,EMEA,Yes
1499304256,Americas,Yes
1499339385,-,No
1499522359,EMEA,Yes
1499633307,EMEA,Yes
1499715635,EMEA,Yes
1499812410,EMEA,Yes
1499833702,EMEA,Yes
1499833811,EMEA,Yes
1499931366,EMEA,Yes
1499971430,EMEA,Yes
1500010832,Americas,Yes
1500241679,EMEA,Yes
1500326655,EMEA,Yes
1500862622,EMEA,Yes
1500938520,EMEA,Yes
1501361660,-,Yes
1502075522,APAC,Yes
1502584711,Americas,Yes
1502634715,-,No
1503309255,EMEA,Yes
1503886368,EMEA,Yes
1504032947,-,No
1505041919,EMEA,Yes
1505663005,EMEA,Yes
1505744884,EMEA,Yes
1505805961,EMEA,Yes
1505959099,APAC,Yes
1506180378,EMEA,Yes
1507312039,EMEA,Yes
1508035005,EMEA,Yes
1508334081,EMEA,Yes
1508589901,EMEA,Yes
1508950943,EMEA,Yes
1510303151,-,No
1510732870,APAC,Yes
1511550641,APAC,Yes
1511594765,Americas,Yes
1511913020,EMEA,Yes
1511997699,-,No
1512799121,EMEA,Yes
1513099385,-,No
1513116379,EMEA,Yes
1513865126,Americas,Yes
1514182046,Americas,Yes
1514757462,-,No
1515233303,Americas,Yes
1515453678,EMEA,Yes
1515675190,EMEA,Yes
1515696634,EMEA,Yes
1515957122,EMEA,Yes
1516289529,EMEA,Yes
1516465705,EMEA,Yes
1516852802,EMEA,Yes
1517065214,Americas,Yes
1517564300,EMEA,Yes
1517806621,EMEA,Yes
1518562277,-,No
1518649663,-,No
1518806009,EMEA,Yes
1518959187,APAC,Yes
1519029260,EMEA,Yes
1519367184,APAC,Yes
1520462164,EMEA,Yes
1521190468,Americas,Yes
1521753778,EMEA,Yes
1521913067,-,Yes
1521968099,APAC,Yes
1522440978,EMEA,Yes
1522899035,EMEA,Yes
1523244705,Americas,Yes
1523776048,APAC,Yes
1523868720,Americas,Yes
1524309981,EMEA,Yes
1524476880,EMEA,Yes
1524982746,EMEA,Yes
1525162233,-,No
1525252630,-,No
1525505269,-,Yes
1525710248,Americas,Yes
1525770311,EMEA,Yes
1526619922,-,No
1526637165,-,No
1526842079,EMEA,Yes
1526912392,-,No
1527179526,-,No
1527267862,-,No
1527535243,-,No
1527708035,APAC,Yes
1528127833,Americas,Yes
1528161193,EMEA,Yes
1528269945,APAC,Yes
1528448656,-,No
1528478190,-,Yes
1528495090,-,No
1529057280,APAC,Yes
1529310183,EMEA,Yes
1529851655,APAC,Yes
1529993576,APAC,Yes
1530897546,APAC,Yes
1531465966,APAC,Yes
1531582123,EMEA,Yes
1531856776,EMEA,Yes
1531878900,EMEA,Yes
1532188850,EMEA,Yes
1532839429,APAC,Yes
1532858216,APAC,Yes
1532888049,-,Yes
1533042448,APAC,Yes
1533158013,EMEA,Yes
1533414094,-,No
1533442608,EMEA,Yes
1533452966,-,No
1534396279,-,No
1534460779,-,No
1534471879,EMEA,Yes
1534757927,EMEA,Yes
1534852472,-,No
1535463389,EMEA,Yes
1535521299,EMEA,Yes
1536157979,-,No
1536580934,APAC,Yes
1537379121,EMEA,Yes
1537391491,EMEA,Yes
1537594881,EMEA,Yes
1538600973,EMEA,Yes
1538830649,-,No
1539388451,EMEA,Yes
1539392699,APAC,Yes
1539845099,-,Yes
1539930489,EMEA,Yes
1540094256,EMEA,Yes
1540944591,-,No
1541122217,EMEA,Yes
1541146937,EMEA,Yes
1541215176,-,No
1541545378,EMEA,Yes
1541658506,EMEA,Yes
1542344669,APAC,Yes
1542531182,EMEA,Yes
1542830753,EMEA,Yes
1542989864,-,No
1543000744,EMEA,Yes
1543362005,Americas,Yes
1543830420,APAC,Yes
1544911813,-,No
1545112621,EMEA,Yes
1545918635,-,Yes
1546051591,APAC,Yes
1546275910,-,No
1546336250,APAC,Yes
1546343654,-,No
1546710341,-,No
1546976142,-,Yes
1547395841,EMEA,Yes
1547780686,-,No
1548674329,Americas,Yes
1548712972,EMEA,Yes
1548971672,EMEA,Yes
1549356463,Americas,Yes
1549647545,-,No
1549732069,EMEA,Yes
1549804640,APAC,Yes
1549921952,-,No
1550674740,Americas,Yes
1550697104,APAC,Yes
1550763432,EMEA,Yes
1550908464,-,No
1551467826,EMEA,Yes
1551885855,Americas,Yes
1551913613,EMEA,Yes
1552221864,EMEA,Yes
1552444624,EMEA,Yes
1552503051,-,No
1552736327,EMEA,Yes
1552869899,EMEA,Yes
1553151665,-,No
1553278236,EMEA,Yes
1553425884,-,No
1554300372,EMEA,Yes
1554601502,APAC,Yes
1554806667,APAC,Yes
1555043315,-,No
1555218430,EMEA,Yes
1556515742,EMEA,Yes
1556570183,-,Yes
1556676622,EMEA,Yes
1557607641,Americas,Yes
1557970162,EMEA,Yes
1558173003,-,No
1558299469,-,No
1558630497,EMEA,Yes
1558771114,-,No
1559209348,EMEA,Yes
1560485235,APAC,Yes
1560620818,-,No
1560632350,EMEA,Yes
1560656677,EMEA,Yes
1560911608,Americas,Yes
1561576129,Americas,Yes
1561798675,EMEA,Yes
1561923965,-,Yes
1562006326,EMEA,Yes
1562265193,APAC,Yes
1562313985,EMEA,Yes
1562867488,Americas,Yes
1562981594,-,No
1562985994,EMEA,Yes
1563185441,APAC,Yes
1563362742,EMEA,Yes
1563408990,EMEA,Yes
1563884276,-,No
1564024870,-,Yes
1564091988,-,Yes
1564260627,Americas,Yes
1564434171,EMEA,Yes
1564468425,Americas,Yes
1565846479,EMEA,Yes
1565939741,-,No
1566301002,EMEA,Yes
1566529260,APAC,Yes
1566663161,-,No
1566673508,Americas,Yes
1566854514,-,No
1567139432,APAC,Yes
1567494327,-,No
1567868077,-,No
1568055439,EMEA,Yes
1568269420,EMEA,Yes
1568327455,-,No
1568911840,APAC,Yes
1569353501,EMEA,Yes
1569576737,EMEA,Yes
1570960333,-,No
1571098436,EMEA,Yes
1571148423,-,No
1571240725,-,Yes
1571476942,EMEA,Yes
1571884288,EMEA,Yes
1572389890,APAC,Yes
1572631691,EMEA,Yes
1572780278,-,Yes
1572797307,EMEA,Yes
1573133915,APAC,Yes
1573402226,EMEA,Yes
1573565989,-,No
1573910306,EMEA,Yes
1574156168,EMEA,Yes
1574503064,EMEA,Yes
1574544557,Americas,Yes
1575056736,-,No
1575159753,-,No
1575228904,EMEA,Yes
1575412509,-,No
1576162054,-,No
1576311051,-,No
1576528787,-,No
1577130124,Americas,Yes
1577154724,-,No
1577330287,-,No
1577343721,EMEA,Yes
1578810061,-,No
1578920798,-,No
1579489488,Americas,Yes
1579630531,EMEA,Yes
1580054076,EMEA,Yes
1580057848,EMEA,Yes
1580099513,EMEA,Yes
1580138240,-,No
1580300494,APAC,Yes
1580396956,EMEA,Yes
1580683709,-,Yes
1581074249,APAC,Yes
1581750845,APAC,Yes
1581753546,Americas,Yes
1581951555,EMEA,Yes
1581954505,EMEA,Yes
1582114055,APAC,Yes
1582355368,APAC,Yes
1582441001,Americas,Yes
1582472098,-,Yes
1582575774,-,Yes
1582790035,EMEA,Yes
1582943392,-,No
1582959159,-,No
1583061098,-,Yes
1583251752,EMEA,Yes
1583720927,-,No
1583979866,EMEA,Yes
1584318864,APAC,Yes
1584378392,EMEA,Yes
1584541954,EMEA,Yes
1584637019,Americas,Yes
1584652796,-,No
1584777008,-,No
1584796663,-,No
1584852885,-,No
1584996888,EMEA,Yes
1585344300,EMEA,Yes
1585419012,EMEA,Yes
1585604439,-,No
1585647487,EMEA,Yes
1585729056,Americas,Yes
1585796853,-,No
1585809569,-,No
1586073147,-,Yes
1586265498,-,No
1586352197,Americas,Yes
1586422507,EMEA,Yes
1586427890,EMEA,Yes
1586795332,Americas,Yes
1586954190,APAC,Yes
1586985495,Americas,Yes
1587102277,EMEA,Yes
1587318796,-,No
1587860843,-,No
1588049018,APAC,Yes
1588546805,EMEA,Yes
1588597672,-,No
1588735852,EMEA,Yes
1588867216,EMEA,Yes
1589022394,-,No
1589793708,EMEA,Yes
1590137084,EMEA,Yes
1590870694,-,No
1591342284,-,No
1591389424,EMEA,Yes
1591396836,EMEA,Yes
1591724001,-,Yes
1591866513,EMEA,Yes
1592275423,APAC,Yes
1592653448,-,Yes
1592661651,EMEA,Yes
1594194500,-,Yes
1594712929,Americas,Yes
1595593061,-,Yes
1595600677,EMEA,Yes
1596089614,-,No
1596447839,-,No
1596457884,EMEA,Yes
1596516965,APAC,Yes
1596684882,APAC,Yes
1596698632,-,No
1596760470,APAC,Yes
1596871014,APAC,Yes
1596989686,-,No
1597114984,EMEA,Yes
1597450572,-,No
1597720573,EMEA,Yes
1598618777,EMEA,Yes
1598905834,-,No
1599121822,EMEA,Yes
1599745755,-,No
1599990384,-,No
1600044204,APAC,Yes
1600211829,-,No
1600463540,EMEA,Yes
1600577059,-,No
1600687458,EMEA,Yes
1600844711,APAC,Yes
1600897260,-,No
1601146472,-,No
1601300817,Americas,Yes
1601400687,APAC,Yes
1601511059,EMEA,Yes
1601831541,EMEA,Yes
1601984093,EMEA,Yes
1602135535,EMEA,Yes
1602250043,EMEA,Yes
1602955453,EMEA,Yes
1602974261,EMEA,Yes
1603022134,EMEA,Yes
1603034614,EMEA,Yes
1603070330,EMEA,Yes
1603173292,EMEA,Yes
1603568507,EMEA,Yes
1603807269,EMEA,Yes
1603901466,-,Yes
1604412688,-,No
1604533993,EMEA,Yes
1604582056,-,No
1604598518,-,No
1604795018,EMEA,Yes
1605122660,EMEA,Yes
1605327173,APAC,Yes
1605702371,APAC,Yes
1605936596,-,No
1606670978,-,No
1606711438,-,No
1607069246,Americas,Yes
1607320796,EMEA,Yes
1608626369,-,No
1608768926,-,Yes
1608860892,EMEA,Yes
1608947937,-,Yes
1609005712,APAC,Yes
1609041340,APAC,Yes
1609172151,-,No
1609201052,APAC,Yes
1609226324,APAC,Yes
1609247127,EMEA,Yes
1609410196,EMEA,Yes
1609547228,-,No
1609616704,-,No
1609714964,-,No
1611329617,-,No
1611891807,EMEA,Yes
1612029085,EMEA,Yes
1612037965,APAC,Yes
1612582492,Americas,Yes
1612619232,EMEA,Yes
1612666094,-,No
1612792783,APAC,Yes
1612831372,Americas,Yes
1612923182,-,No
1612957699,-,No
1613317323,APAC,Yes
1613413064,-,No
1613515036,-,No
1613527771,EMEA,Yes
1613685459,-,No
1613908087,EMEA,Yes
1613958816,-,No
1614065922,EMEA,Yes
1614184980,APAC,Yes
1615020509,EMEA,Yes
1615336187,APAC,Yes
1615456028,EMEA,Yes
1615721018,EMEA,Yes
1616087354,APAC,Yes
1616149789,EMEA,Yes
1616630362,EMEA,Yes
1616862692,-,No
1617282455,EMEA,Yes
1617304787,-,No
1617578309,EMEA,Yes
1617639287,EMEA,Yes
1617960931,APAC,Yes
1618422331,Americas,Yes
1618707004,APAC,Yes
1618733281,Americas,Yes
1618914291,-,No
1618932648,EMEA,Yes
1619055583,-,No
1619057157,APAC,Yes
1619145707,Americas,Yes
1619823218,-,Yes
1619979233,EMEA,Yes
1619992672,-,No
1620117630,Americas,Yes
1620131322,-,No
1620655463,APAC,Yes
1620656783,EMEA,Yes
1621484338,Americas,Yes
1621550247,-,No
1622000953,EMEA,Yes
1622212325,-,No
1622638360,EMEA,Yes
1623429671,EMEA,Yes
1624048808,EMEA,Yes
1624410958,APAC,Yes
1624555596,-,No
1624617250,-,No
1625043637,Americas,Yes
1625070472,APAC,Yes
1625089761,-,No
1625240099,Americas,Yes
1625252883,Americas,Yes
1625671597,APAC,Yes
1625845245,-,Yes
1626091425,EMEA,Yes
1626418698,-,No
1626463471,EMEA,Yes
1626655770,-,No
1626781939,-,No
1627696789,-,No
1628116563,-,No
1628121089,EMEA,Yes
1628274373,EMEA,Yes
1628327332,EMEA,Yes
1628432896,-,No
1628529988,-,No
1628828149,-,No
1629008907,APAC,Yes
1629425573,EMEA,Yes
1629566531,-,No
1629585492,APAC,Yes
1629854050,EMEA,Yes
1630721979,APAC,Yes
1631079182,APAC,Yes
1631095846,APAC,Yes
1631284295,APAC,Yes
1631309673,EMEA,Yes
1631324621,EMEA,Yes
1631334873,EMEA,Yes
1631830883,APAC,Yes
1631994510,EMEA,Yes
1632018849,-,No
1632019971,-,No
1632393283,-,No
1632399334,-,No
1632573314,APAC,Yes
1632608838,EMEA,Yes
1633027397,EMEA,Yes
1633171432,-,No
1634598093,-,No
1635088365,-,No
1635106782,-,No
1635932669,-,No
1636489486,EMEA,Yes
1636519321,EMEA,Yes
1636664641,APAC,Yes
1636701778,EMEA,Yes
1636818775,-,No
1637363937,APAC,Yes
1637448814,EMEA,Yes
1637886090,EMEA,Yes
1638109868,-,No
1638325898,Americas,Yes
1638355925,EMEA,Yes
1638675018,APAC,Yes
1638823663,-,No
1638861873,APAC,Yes
1638904079,EMEA,Yes
1639080259,EMEA,Yes
1639102160,-,No
1639659477,-,No
1639701877,-,No
1639801168,EMEA,Yes
1639835263,Americas,Yes
1639848849,-,No
1639885040,EMEA,Yes
1640043434,EMEA,Yes
1640090844,-,Yes
1640391567,-,No
1640478624,APAC,Yes
1640659828,APAC,Yes
1641007599,EMEA,Yes
1641040786,APAC,Yes
1641112726,EMEA,Yes
1641229429,-,Yes
1641250955,EMEA,Yes
1641506195,-,No
1641675039,-,No
1641675214,APAC,Yes
1642478675,APAC,Yes
1642873657,EMEA,Yes
1643013597,-,No
1643416039,EMEA,Yes
1643466865,-,No
1643510519,EMEA,Yes
1643518922,-,No
1643880405,-,Yes
1644139993,-,No
1644499551,EMEA,Yes
1644667808,APAC,Yes
1644671333,EMEA,Yes
1644846445,-,No
1645240186,-,No
1645306236,EMEA,Yes
1645499451,-,No
1645521235,-,Yes
1658783602,EMEA,Yes
1659293094,EMEA,Yes
1659329129,APAC,Yes
1659342322,-,No
1659412925,-,Yes
1660005840,-,No
1660013020,Americas,Yes
1660507282,APAC,Yes
1660512387,APAC,Yes
1660614297,-,No
1661114221,-,No
1661259827,-,No
1661510918,-,No
1661752821,-,No
1662128796,EMEA,Yes
1662758641,APAC,Yes
1663169209,APAC,Yes
1663477610,-,No
1663522162,-,No
1663604694,APAC,Yes
1663872796,-,No
1663942664,-,No
1663958329,-,No
1664324139,Americas,Yes
1664430208,-,No
1664708246,-,No
1665091356,APAC,Yes
1665907765,-,No
1665982889,EMEA,Yes
1666079454,-,Yes
1666195364,EMEA,Yes
1666636976,Americas,Yes
1666903635,Americas,Yes
1667251496,Americas,Yes
1667557021,-,Yes
1668123799,EMEA,Yes
1668176193,EMEA,Yes
1668326026,-,No
1669193551,-,No
1669204406,APAC,Yes
1669466518,EMEA,Yes
1669867448,EMEA,Yes
1670102445,EMEA,Yes
1670411974,-,No
1670523517,-,No
1670612450,EMEA,Yes
1670670715,-,Yes
1670815805,APAC,Yes
1670891705,EMEA,Yes
1671113694,APAC,Yes
1671330588,EMEA,Yes
1672313057,-,No
1672368370,EMEA,Yes
1672762490,EMEA,Yes
1673675970,-,No
301152770,-,No
341089820,-,Yes
348787472,-,Yes
356336433,-,No
362890121,-,Yes
364502845,-,Yes
373909230,APAC,Yes
378161776,EMEA,Yes
380161808,-,No
384365348,-,No
387944315,Americas,Yes
388062475,-,No
395672275,APAC,Yes
418044512,Americas,Yes
422515548,-,Yes
427157971,-,No
432750508,Americas,Yes
433592592,-,No
434829018,-,No
440279995,APAC,Yes
448999087,-,No
454730846,Americas,Yes
457130897,-,No
457446957,-,Yes
463768717,-,No
466873868,EMEA,Yes
467329677,-,No
471303390,EMEA,Yes
490979419,-,No
505446332,-,No
513474544,Americas,Yes
527051690,-,No
534342529,Americas,Yes
549019596,EMEA,Yes
550946484,Americas,Yes
575849081,-,No
578252579,-,Yes
587369846,-,Yes
588937297,-,No
590210633,-,No
593048150,-,No
597928938,Americas,Yes
600674056,Americas,Yes
602991338,APAC,Yes
616583799,APAC,Yes
618091469,-,No
624533261,-,Yes
638301139,-,No
638334589,-,No
640441905,-,No
6443397568,APAC,Yes
6443416575,EMEA,Yes
6443447108,APAC,Yes
6443466892,-,No
6443479615,-,No
6443498135,-,No
6443555191,EMEA,Yes
6443563905,EMEA,Yes
6443582515,EMEA,Yes
6443582961,EMEA,Yes
6443603736,APAC,Yes
6443648458,-,No
6443697602,EMEA,Yes
6443760470,-,No
6443770387,EMEA,Yes
6443774278,APAC,Yes
6443791168,EMEA,Yes
6443792311,EMEA,Yes
6443795895,-,No
6443815531,-,No
6443835355,EMEA,Yes
6443889466,APAC,Yes
6443894073,EMEA,Yes
6443895581,EMEA,Yes
6443911855,-,Yes
6443915404,EMEA,Yes
6443933564,APAC,Yes
6443950122,EMEA,Yes
6443968137,EMEA,Yes
6444107954,EMEA,Yes
6444123249,-,No
6444165956,EMEA,Yes
6444254230,-,No
6444327022,-,No
6444336977,-,No
6444461591,EMEA,Yes
6444492702,EMEA,Yes
6444505402,APAC,Yes
6444669813,-,No
6444674771,EMEA,Yes
6444687282,EMEA,Yes
6444722992,EMEA,Yes
6444795301,-,No
6444812698,EMEA,Yes
6444832814,EMEA,Yes
6444842957,APAC,Yes
6444861935,EMEA,Yes
6444895544,-,No
6445807412,EMEA,Yes
6445851340,EMEA,Yes
6445937968,-,No
6445938702,-,No
6445972302,APAC,Yes
6446115774,-,No
6446244134,EMEA,Yes
6446253658,-,No
6446306789,APAC,Yes
6446358509,EMEA,Yes
6446709410,Americas,Yes
6446716465,APAC,Yes
6446891631,EMEA,Yes
6446992813,Americas,Yes
6447053495,APAC,Yes
6447110104,EMEA,Yes
6447154983,-,No
6447186447,-,No
6447191495,EMEA,Yes
6447232515,-,No
6447290553,APAC,Yes
6447300192,EMEA,Yes
6447337409,EMEA,Yes
6447418608,Americas,Yes
6447434082,APAC,Yes
6447538220,APAC,Yes
6447845553,EMEA,Yes
6447911434,EMEA,Yes
6448006311,APAC,Yes
6448006748,-,Yes
6448081136,APAC,Yes
6448185657,EMEA,Yes
6448195469,EMEA,Yes
6448415340,APAC,Yes
6448484908,EMEA,Yes
6448735170,-,No
6448773878,Americas,Yes
6448938048,-,No
6448940301,APAC,Yes
6448941703,-,Yes
6449069509,APAC,Yes
6449182113,APAC,Yes
6449244841,EMEA,Yes
6449256872,EMEA,Yes
6449282116,-,No
6449293050,-,No
6449434210,-,No
6449457179,APAC,Yes
6449541718,-,No
6449595519,-,No
6449642802,EMEA,Yes
6449672681,EMEA,Yes
6449713393,-,No
6449987565,APAC,Yes
6450025138,APAC,Yes
6450046960,EMEA,Yes
6450099614,APAC,Yes
6450140383,APAC,Yes
6450166102,EMEA,Yes
6450172002,-,No
6450273326,-,No
6450404387,APAC,Yes
6450412107,EMEA,Yes
6450421763,APAC,Yes
6450450272,Americas,Yes
6450641803,APAC,Yes
6450673427,EMEA,Yes
6450704164,APAC,Yes
6450773862,APAC,Yes
6450916775,-,No
6450925612,EMEA,Yes
6450973094,-,No
6450975412,EMEA,Yes
6451107811,-,No
6451235645,-,No
6451380839,EMEA,Yes
6451400111,-,No
6451410153,APAC,Yes
6451442142,-,No
6451919770,EMEA,Yes
6452627183,EMEA,Yes
6452628712,-,No
6452801120,EMEA,Yes
6453887657,-,No
6453889809,Americas,Yes
6454935245,Americas,Yes
6455889034,Americas,Yes
6456751444,-,No
6457210569,APAC,Yes
6458926778,-,No
6458984641,-,No
6459410250,EMEA,Yes
6459479258,EMEA,Yes
6459738460,-,No
6460822833,-,Yes
6462423140,EMEA,Yes
6462847997,APAC,Yes
6463131973,Americas,Yes
6463197021,APAC,Yes
6463394958,APAC,Yes
6463492243,EMEA,Yes
6463505497,APAC,Yes
6463616121,-,No
6463772070,APAC,Yes
6463857598,-,No
6463866104,Americas,Yes
6464049923,EMEA,Yes
6464595006,-,No
6465081332,APAC,Yes
6465898279,-,No
6466982460,APAC,Yes
6467041463,-,No
6467384725,APAC,Yes
6467504434,-,No
6467890447,EMEA,Yes
6468238880,-,No
6468263545,-,No
6468484582,-,No
6468541130,APAC,Yes
6468567467,APAC,Yes
6468571577,-,No
6468661964,EMEA,Yes
6468945720,APAC,Yes
6469025878,-,No
6469589140,-,No
6469689973,EMEA,Yes
6469767467,-,No
6470199946,-,No
6470201608,EMEA,Yes
6470271137,APAC,Yes
6470434167,APAC,Yes
6470904037,-,Yes
6470904690,APAC,Yes
6470919687,APAC,Yes
6471081766,-,No
6471243539,-,No
6471383437,EMEA,Yes
6471398131,-,No
6471408981,EMEA,Yes
6471584646,EMEA,Yes
6471585774,EMEA,Yes
6471659071,-,No
6471679383,EMEA,Yes
6471840344,-,No
6471957671,-,No
6471974307,EMEA,Yes
6471992115,-,No
6472042954,-,No
6472051359,Americas,Yes
6472172967,-,No
6472216007,EMEA,Yes
6472251743,APAC,Yes
6472271931,EMEA,Yes
6472430756,APAC,Yes
6472629015,APAC,Yes
6472696406,APAC,Yes
6472698518,APAC,Yes
6472714641,-,No
6472786147,EMEA,Yes
6472888744,Americas,Yes
6473256797,EMEA,Yes
6473402924,APAC,Yes
6473719676,-,No
6473773817,APAC,Yes
6473836744,-,No
6473855240,-,No
6473889053,Americas,Yes
6474034692,-,No
6474101043,-,No
6474220984,-,Yes
6474333096,-,No
6474530141,EMEA,Yes
6474655280,Americas,Yes
6474658210,APAC,Yes
6474667725,EMEA,Yes
6474681724,EMEA,Yes
6474897322,APAC,Yes
6474990513,APAC,Yes
6475002515,APAC,Yes
6475327717,APAC,Yes
6475328057,APAC,Yes
6475328355,-,No
6475573507,APAC,Yes
6475616896,-,No
6475655147,APAC,Yes
6475668812,APAC,Yes
6475700817,-,Yes
6475751363,-,No
6475806932,APAC,Yes
6475878046,-,No
6476139156,-,No
6476143686,EMEA,Yes
6476167922,-,No
6476258144,APAC,Yes
6476366940,-,No
6476374348,-,No
6476617899,-,No
6476685958,-,No
6476732051,-,No
6476797266,APAC,Yes
6476908818,APAC,Yes
6476911291,-,No
6476922970,EMEA,Yes
6476978176,-,No
6477146957,Americas,Yes
6477341267,APAC,Yes
6477372530,Americas,Yes
6477394168,EMEA,Yes
6477413486,-,No
6477542009,EMEA,Yes
6477714643,-,No
6477741060,-,No
6477753862,EMEA,Yes
6477912858,-,No
6478014390,EMEA,Yes
6478036307,-,No
6478077420,APAC,Yes
6478086844,-,No
6478143720,APAC,Yes
6478361339,APAC,Yes
6478535678,EMEA,Yes
6478536448,APAC,Yes
6478594789,Americas,Yes
6478650161,Americas,Yes
6478746115,-,No
6478760464,EMEA,Yes
6478815270,-,No
6478946734,APAC,Yes
6478971501,EMEA,Yes
6479024426,Americas,Yes
6479047409,-,No
6479229672,-,No
6479233698,Americas,Yes
6479285414,APAC,Yes
6479398269,APAC,Yes
6479404655,-,No
6479560695,APAC,Yes
6479597923,APAC,Yes
6479642579,Americas,Yes
6479649436,EMEA,Yes
6479693511,-,Yes
6479863681,EMEA,Yes
6479996316,-,Yes
6480037790,-,Yes
6480046686,Americas,Yes
6480050254,APAC,Yes
6480171672,-,No
6480221279,EMEA,Yes
6480279660,APAC,Yes
6480400926,APAC,Yes
6480410032,EMEA,Yes
6480434901,Americas,Yes
6480446232,Americas,Yes
6480576130,-,No
6480591925,APAC,Yes
6482290011,-,No
6482296491,Americas,Yes
6482853930,-,No
6483807999,-,No
6483931000,EMEA,Yes
648842302,-,No
649264704,-,Yes
6498893347,EMEA,Yes
6499106870,-,No
6499198504,-,No
6499241466,APAC,Yes
6499257603,-,No
6499304362,APAC,Yes
6499507553,APAC,Yes
6502376790,-,No
6502546373,APAC,Yes
6502638921,EMEA,Yes
6502684901,APAC,Yes
6502698243,EMEA,Yes
6502699835,-,No
6502749386,EMEA,Yes
6502761384,-,Yes
6502911541,-,No
6503001517,-,No
6503137325,-,No
6503159875,-,No
6503243073,APAC,Yes
6503285459,-,Yes
6503332571,-,No
6503363375,-,No
6503490148,APAC,Yes
6503627303,APAC,Yes
6503712932,EMEA,Yes
6503954879,-,No
6504009833,-,No
6504046183,EMEA,Yes
6504266914,APAC,Yes
6504282943,APAC,Yes
6504484379,APAC,Yes
6504517755,APAC,Yes
6504531327,-,Yes
6504608124,-,No
6504747481,-,No
6504903997,Americas,Yes
6504962320,APAC,Yes
6511233724,EMEA,Yes
6514311150,EMEA,Yes
652945710,-,No
6532615077,-,No
654671575,EMEA,Yes
6547844225,-,No
655645841,-,No
6560108859,APAC,Yes
6587564086,-,No
6590625919,Americas,Yes
659336346,-,No
6618138053,APAC,Yes
6621227599,-,No
6621264234,-,No
6630373472,APAC,Yes
6636473965,APAC,Yes
6636482757,-,Yes
6648779168,APAC,Yes
6651830614,APAC,Yes
6670245726,APAC,Yes
667461862,Americas,Yes
667645433,-,No
6680193708,EMEA,Yes
668159524,Americas,Yes
6689494845,-,No
6689519370,-,No
6711344072,APAC,Yes
6711354362,-,No
6720738519,-,No
6730113951,APAC,Yes
6736453115,-,No
6736644478,-,Yes
6736681920,-,No
6736703281,-,No
6736977440,-,No
6737011572,APAC,Yes
6737122420,-,No
6737162666,-,No
6737589556,Americas,Yes
6737821790,-,Yes
6738115805,APAC,Yes
6738379788,APAC,Yes
6738574112,-,No
6738641402,-,No
6738763583,-,No
6738836070,-,No
6738839375,Americas,Yes
6739433003,-,No
6739489378,APAC,Yes
6739521579,-,No
6739538105,APAC,Yes
6739570538,-,No
6739613693,APAC,Yes
6739668469,APAC,Yes
6739779986,-,No
6739795643,-,Yes
6740018698,-,No
6740202911,-,No
6740526672,Americas,Yes
6740610914,-,No
6740832454,Americas,Yes
6740897513,APAC,Yes
6740903798,-,No
6741476723,-,No
6741585261,-,No
6741753645,-,No
6741884222,-,No
6742142972,-,No
6742187856,APAC,Yes
6742829886,Americas,Yes
6742874842,APAC,Yes
6743066302,APAC,Yes
6743142993,APAC,Yes
6743346488,APAC,Yes
6743428414,APAC,Yes
6743488042,APAC,Yes
6743693794,-,No
6743744722,-,No
6743745577,APAC,Yes
6744015138,-,No
6744084538,-,Yes
6744131143,-,No
6744382521,-,No
6744525753,APAC,Yes
6744557623,APAC,Yes
6744635698,APAC,Yes
6744677667,-,No
6744684740,-,No
6744722843,-,No
6744826748,-,No
6744922885,-,No
6745133025,-,No
6745498566,APAC,Yes
6745504767,APAC,Yes
6745539079,APAC,Yes
6745540487,-,No
6745782913,APAC,Yes
6745930699,-,No
6746178032,APAC,Yes
6746295219,APAC,Yes
6746395397,-,No
6746524439,-,No
6746798684,-,No
6746828567,APAC,Yes
6746851840,APAC,Yes
6747014139,APAC,Yes
6747024378,APAC,Yes
6747029349,-,No
6747574521,APAC,Yes
6747578086,-,No
6747692754,APAC,Yes
6747732287,APAC,Yes
6747889505,-,No
6748014924,APAC,Yes
6748047311,APAC,Yes
6748190676,APAC,Yes
6748447511,-,No
6748527694,EMEA,Yes
6748612420,-,No
6748623923,APAC,Yes
6748680679,APAC,Yes
6748681094,APAC,Yes
6748945284,APAC,Yes
6749062308,-,No
6749139403,EMEA,Yes
6749534116,Americas,Yes
6749576583,APAC,Yes
6749762011,APAC,Yes
6749852114,APAC,Yes
6749899452,Americas,Yes
6751024070,-,No
6751173142,-,No
6751909777,Americas,Yes
6751940284,APAC,Yes
6751958839,EMEA,Yes
6751991448,APAC,Yes
6752017697,-,No
6752467052,Americas,Yes
6752532674,APAC,Yes
6752557249,APAC,Yes
6752842589,APAC,Yes
6752885262,APAC,Yes
6752947137,EMEA,Yes
6753070857,-,No
6753674471,-,No
6753703810,Americas,Yes
6753888276,APAC,Yes
6753929117,-,No
6753937623,EMEA,Yes
6754054039,-,No
6754129633,-,No
6754545469,APAC,Yes
6754669447,APAC,Yes
6754680372,APAC,Yes
6754833079,-,No
6754842007,-,No
6754972762,-,No
6755016764,-,No
6755058203,-,No
6755168047,APAC,Yes
6755174303,APAC,Yes
6755241954,-,No
6755308429,-,No
6755456417,-,No
6755534889,-,No
6755705025,APAC,Yes
6755751984,-,No
6756244685,APAC,Yes
6756433200,-,No
6756615357,-,No
6756862998,-,No
6757215928,APAC,Yes
6757394217,-,No
6757699707,-,No
6757699774,EMEA,Yes
6757749185,Americas,Yes
6757894940,APAC,Yes
6758430578,-,No
6758611964,APAC,Yes
6758689897,APAC,Yes
6759697773,APAC,Yes
677577549,APAC,Yes
685358784,-,No
690541689,Americas,Yes
706099830,-,No
708971715,-,No
711410889,-,No
718153412,-,No
720063540,-,Yes
721639879,-,No
730280555,APAC,Yes
736071203,-,No
739067593,-,No
739934239,-,No
749046891,-,Yes
749124884,-,Yes
763352892,-,No
775402833,Americas,Yes
791934029,APAC,Yes
809844915,-,No
815036863,-,No
834878585,APAC,Yes
839599050,-,No
843259680,-,No
853672305,-,No
853680597,-,No
854574906,-,No
859154447,-,Yes
860620713,EMEA,Yes
860809977,-,No
876388313,-,No
888622674,EMEA,Yes
889854362,-,No
890812807,-,No
891278325,EMEA,Yes
892331870,EMEA,Yes
894389269,-,No
894532288,-,No
895942435,EMEA,Yes
896180361,-,No
901793885,-,No
901864337,-,No
911152486,EMEA,Yes
917561971,Americas,Yes
917800400,-,No
919979642,EMEA,Yes
920335551,EMEA,Yes
920761536,-,No
921098848,EMEA,Yes
922830533,EMEA,Yes
924807961,-,No
927006017,-,No
933081417,-,No
936603225,-,No
937261650,-,No
946509094,EMEA,Yes
950830884,-,No
951750534,-,No
952315863,-,No
956078948,-,No
956219729,EMEA,Yes
957197231,-,No
959619034,Americas,Yes
961576733,-,No
963929502,-,No
965137032,-,No
967185651,-,Yes
969456511,EMEA,Yes
969488951,-,No
972627326,-,No
972627811,-,No
974772739,-,No
976995149,-,No
978866413,Americas,Yes
979474617,EMEA,Yes
979633999,-,Yes
981143928,-,Yes
981400832,-,No
981796690,-,Yes
986695287,APAC,Yes
986999895,-,No
990247742,APAC,Yes
994788581,APAC,Yes
995864179,APAC,Yes
adad.qhuiwi.qdaj,-,No
adult.coloring.games.happy.art.color,APAC,Yes
ai.generated.art.maker.image.picture.photo.generator.painting,-,No
ai.mirare.photoeditor,APAC,Yes
ai.projectx.clickx.gp,APAC,Yes
alice.music.downloader.download.music.mp3.song.app,-,Yes
alk.crichub.live.sports.live.cricket.tv.hd,EMEA,Yes
and.brainworks.blockjam,APAC,Yes
and.brainworks.sortgoods,APAC,Yes
and.lihuhu.tileconnect3d,APAC,Yes
app.ardrawing.drawanime.aidrawing.trace.sketch,-,No
app.ebeat.android,EMEA,Yes
app.lock.fingerprint.vault.calculator.photo.hide.locker,APAC,Yes
athena.studio.colorisland.pixel.art.puzzle,-,Yes
ball.sort.puzzle.color.sorting.puzzle.games.free.bubble,APAC,Yes
ball.sorting.color.tube.puzzle.games,APAC,Yes
ballz.star,-,No
beat.photoretouch.beautycamera.photoeditor,-,No
block.amaze.android,-,No
block.jam.color.puzzle3d.slide,APAC,Yes
block.puzzle.special.secret.game,APAC,Yes
boom.ghostdetector.ghosttracker,-,No
br.anime.tv.animetv.animes.online,-,Yes
br.com.appstarsbiblia.bibliasagradaemaudio,-,No
br.com.blackmountain.photo.blackwhite,EMEA,Yes
br.com.blackmountain.photo.text,EMEA,Yes
br.com.music.wlisten2.app,EMEA,Yes
br.com.tapps.donotdisturb,-,No
br.com.tapps.donotdisturb2,-,No
br.com.tapps.moneytree,-,No
brainrot.tiles.piano.rhythm.music.game,APAC,Yes
casual.idol.live.dress.up,APAC,Yes
casual.merge.brainzoot.war.fight,APAC,Yes
cc.bubble.match,-,No
cc.bubble.scapes,-,No
cc.stix.hashb,EMEA,Yes
classic.klondike.solitaire.cardgame.patience.lite,APAC,Yes
cn.wps.moffice,APAC,Yes
co.vulcanlabs.psremote,-,No
codes.stable.apps.messenger,-,No
collagemaker.photoeditor.postcreator,-,No
color.sketch.art.puzzle,EMEA,Yes
coloring.sticker.number.color.stickers,-,No
com.AlexandrJanashvili.RoadHills,EMEA,Yes
com.Bike.Parkour.Obby.Game,APAC,Yes
com.BlackTemple.SodaSandbox,EMEA,Yes
com.Bravestars.Stickman.Fight.ShadowOfDeath2,APAC,Yes
com.CrashTime.RampJumpCarCrash,EMEA,Yes
com.CrazySeven.TrapMonster,-,No
com.DNSstudio.BattlefrontEuropeWW2,APAC,Yes
com.Endoscope.scope,EMEA,Yes
com.Garawell.BridgeRace,EMEA,Yes
com.HGS.Passenger.Bus.Real.Bus.Games,-,No
com.HonestChronicle.ViragoMobile,-,No
com.MARSBARS.DrawandRide,-,No
com.Mekogames.DC,-,No
com.Monster.Survival.Challenge,APAC,Yes
com.Multicast.ArtPuzzleWorld,-,No
com.NolodinGames.CatSimulator,EMEA,Yes
com.Pizzart.CrowdSort,EMEA,Yes
com.PlayChi.CrowdSortPuzzle,-,No
com.Polystation.BuildABabe,EMEA,Yes
com.RoshanGames.HorseShoe3D,EMEA,Yes
com.RotabGames.WaterSortMaster3D,-,No
com.SPSoftwareProductions.TheRealJuggle,Americas,Yes
com.Slbazer.Craftsman4,-,No
com.Smiley.Tile.Match,APAC,Yes
com.SmyrnaGames.MyPerfectCasino,EMEA,Yes
com.Stannum.IndieJonasthegreattombraider,EMEA,Yes
com.StarLegion.EnergyFight,EMEA,Yes
com.UnityUserco.EscapeHauntedHouseOnline,EMEA,Yes
com.YovoGames.paintinganimals,-,No
com.ZenithGames.MergeBattle,-,No
com.abi.cat.life.sim,APAC,Yes
com.abi.merge.master.run,APAC,Yes
com.accurate.radar.local.weather.forecast,APAC,Yes
com.actionfit.athena,APAC,Yes
com.adoreapps.photo.editor,APAC,Yes
com.aesar.krios,APAC,Yes
com.afternoonproducts.swipewipe,EMEA,Yes
com.agedstudio.serenity.word,APAC,Yes
com.ai.link.connect.dots,-,No
com.ai.photo.myphoto.editor.app,APAC,Yes
com.ai.photoeditor.fx,APAC,Yes
com.aiartgenerator.aiphotogenerator.photoenhancer,APAC,Yes
com.alarabs.alanime,APAC,Yes
com.alphaquest.pet,-,No
com.amb.monster.runner.building.trainer,APAC,Yes
com.amharic.keyboard.ethiopia.voicetyping,EMEA,Yes
com.an.lunchbox.diy.organizegame,-,No
com.an.prankcall.simulatedcall.sound.video.prank,-,No
com.an.shootingball.billiards3d,-,No
com.andrea.monsterchase,EMEA,Yes
com.andreyrebrik.sudoku,-,No
com.androidaccordion.free,-,No
com.animals.playground.online.puzzle.animalplayground,-,No
com.anime.girly.pink.cute.kawaii.wallpapers.backgrounds.uhd4k,APAC,Yes
com.answer.answermaster,APAC,Yes
com.app.tap.tap,EMEA,Yes
com.appadvisory.drawclimber,EMEA,Yes
com.applocker.photovault,-,No
com.applylabs.whatsmock.free,-,No
com.appmind.radios.cl,EMEA,Yes
com.appmind.radios.my,EMEA,Yes
com.appsuite.photo.compressor.reduce.size,EMEA,Yes
com.appynation.occw,EMEA,Yes
com.aquasort.puzzle,-,No
com.arabicplus.cartoonanime,APAC,Yes
com.ardrawing.traceart,-,No
com.arrow.escape.puzzle,-,No
com.art.pixel.bible.games.paint.color.by.numbers,-,No
com.arthome.squareart,-,No
com.artlife.color.number.coloring.book,EMEA,Yes
com.artlife.color.number.coloring.games,EMEA,Yes
com.artoon.callbreakplay,Americas,Yes
com.as.statusaverforwhatsapp.statusdownloader,APAC,Yes
com.atesgamestudio.actionballs,EMEA,Yes
com.audio.editor.music.edit.sound.ringtone.free,EMEA,Yes
com.augustgame.color.brick.stack.blast.sort,-,No
com.babuyo.footy.tc.android,-,No
com.bacon.bcn03b.bike.racing,APAC,Yes
com.bacon.zdb01.parking.academy,APAC,Yes
com.baiwang.squarephoto,-,No
com.baiwang.styleinstabox,-,No
com.ball.bubb8le,-,Yes
com.balls.connect.puzzle,EMEA,Yes
com.banix.drawsketch.animationmaker,APAC,Yes
com.bbg.car.parking.driving.games,-,No
com.bbqsort.skewer.puzzle,-,No
com.bbumgames.spadesroyale,EMEA,Yes
com.beautyphoto.beautysweet.photo.editor.beautycamera.selfie,-,No
com.become.acat.simulator.mr,APAC,Yes
com.benfei.colorwatersort,APAC,Yes
com.benqu.wuta,-,No
com.best.photo.app.glasses,EMEA,Yes
com.bestgameevobase.baseexploro,EMEA,Yes
com.bgs.ultimate.wild.horse.family.simulator.games,-,No
com.bianca.apps.brokenscreenprank,-,No
com.bigcake.android.bpdaily,APAC,Yes
com.bigdream.radar.speedcam.mapbox,-,No
com.bigduckgames.flowwarps,Americas,Yes
com.bigrig.anime.high.school.girls.sim.free,-,No
com.billion.gaming.studio.single.mom.simulator.virtual.happy.family,-,No
com.binibambini.acad.drawing,-,No
com.bitmango.go.blocktrianglepuzzletangram,APAC,Yes
com.blackcircleapps.cowboybingo,-,No
com.blast.game.saudani.wonder.puzzle,APAC,Yes
com.blazelight.steal.n.catchy.memerot.dont.wake,Americas,Yes
com.blink.beautycam.facemakeup.photoeditor,-,No
com.bloadve.android.cknture,APAC,Yes
com.bloc94kcolor.journey,-,Yes
com.block.challenger,APAC,Yes
com.block1010.shoot2048.free,APAC,Yes
com.blossom.match.flower.sort.game,-,No
com.blu.wsp,Americas,Yes
com.blue.monster.ragdoll,-,No
com.blue.ship.land,APAC,Yes
com.blued.international.qy,APAC,Yes
com.blyts.chinchon,Americas,Yes
com.bm.steal.brainrot.go.tung.sahur.tralalero.bombardino,-,No
com.bodapps.termuxlearn,-,No
com.bonbongame.two.player.games.with.friends,-,No
com.bonc.paintmyroom,-,No
com.bonnie.colorblocks3d,EMEA,Yes
com.boost.samsung.remote,APAC,Yes
com.bp.birdmatch,APAC,Yes
com.braintest.happy.ending,EMEA,Yes
com.bravestars.dressup.diy.paper.doll,APAC,Yes
com.brawlaid.boxsimulatorbrawlstars,-,No
com.briqzen.game.happy.merge.balls,APAC,Yes
com.bu.man,-,No
com.bubadu.pixie,-,No
com.bubbleshooter.bubblepopstar,APAC,Yes
com.bubblesort.puzzle,EMEA,Yes
com.build.craft.master.block.world,APAC,Yes
com.buildingworld.pixel,-,No
com.bus.sort.color.car.parkingjam,-,No
com.calculatorapp.simplecalculator.calculator,APAC,Yes
com.callbreak.card.game.player.tash,APAC,Yes
com.car.away.jam2,-,No
com.card.stress.need,-,No
com.cascade.badminton.game,-,No
com.castle.build.idle,-,No
com.casual.acrylic.nails.simulator,APAC,Yes
com.cat.cattery.browser.catterybrowser,APAC,Yes
com.catchycoconutgames.idlemailtycoon,EMEA,Yes
com.catlab.forge2global,APAC,Yes
com.cats.winter_holidays_adventures,-,Yes
com.cc.car.racing.city.drifting.driving.games,-,No
com.cc.real.bike.driving.moto.racing.games,-,No
com.cdt.monster.band,APAC,Yes
com.cdtg.ragdoll.playground2,APAC,Yes
com.cem.led.running,-,No
com.cem.ranking.filter,-,No
com.charging.fun,EMEA,Yes
com.chef.mix.survive.wasd2025,APAC,Yes
com.chesspuzzle.bellejigsaw.casual.gp,APAC,Yes
com.chihuahua.babyescape,APAC,Yes
com.chocolate.man.simulator.game,Americas,Yes
com.christmas.santa.clause.fakecall.prankcall,APAC,Yes
com.cleverapps.hustlemerge,-,Yes
com.cloverfi.windowgarden,-,No
com.codestudio.voicenote,-,No
com.codigames.idle.fitness.gym.tycoon,-,Yes
com.collectcards.solitairegame,-,No
com.color.block.jam3d.candy.jelly,APAC,Yes
com.color.by.numbers.coloring.events,APAC,Yes
com.color.by.numbers.dark.skull,APAC,Yes
com.color.pin.block,APAC,Yes
com.color.seat.away,APAC,Yes
com.colorhole.game,EMEA,Yes
com.coloring.book.coloring.game.paint.by.number.color.page,APAC,Yes
com.coloring.book.paint.by.number.christmas,APAC,Yes
com.coloring.book.paint.by.number.sing2,APAC,Yes
com.coloring.color.pixel.art.number,-,No
com.coloring.game.black.app.by.number,APAC,Yes
com.coloring.games.paint.by.number.magic.color,APAC,Yes
com.colortime.coloringbook,EMEA,Yes
com.colortime.oilpaint,-,No
com.community.mbox.ng,APAC,Yes
com.compressphotopuma,-,No
com.cookapps.berserkidle,-,No
com.cookapps.my.dream.garden.home.design.mydreamgarden,-,No
com.craftman.sprankyman,-,No
com.craftopia.sprunki,-,No
com.crazy.bird.city.pranks.games,-,No
com.crazy.restaurant.madness.cooking.chef,APAC,Yes
com.crazylabs.horse.rider,EMEA,Yes
com.creative.sandbox.number.drawning.coloring,APAC,Yes
com.creaturecorp.supermarketcashier.android,EMEA,Yes
com.cross.stitch.color.by.number,APAC,Yes
com.cs.steal.a.brainrot.online.game,-,No
com.cscmobi.merge.plant,APAC,Yes
com.cube.color.escape,APAC,Yes
com.cube.dash.safa.go.game,APAC,Yes
com.cueclub.ballspin.trace,APAC,Yes
com.custom.pickmeup,EMEA,Yes
com.cwh5game.kllandlord,-,No
com.cyberjoy.galaxydefense,APAC,Yes
com.cyberjoy.geometrytower,APAC,Yes
com.daily.bloodpressure.sugar.tracker,APAC,Yes
com.daily.challenge.quiz.game,APAC,Yes
com.dailyapps.surveypanda,-,No
com.darkrealms.horrorcraft,-,No
com.dav.watersort,-,No
com.ddu.ai,-,No
com.dead.force.zombie,-,No
com.deepgames.release.becamethedevil,-,No
com.degucigames.trucksimulatordriveeurope,-,No
com.dessertadventure.row,-,No
com.diavostar.messages.sms,-,No
com.differencetenderwhite.skirt,APAC,Yes
com.digiwards.lovelypet,-,No
com.dino.prehistoriccraft,-,No
com.dino.rolling.skyball.balance,APAC,Yes
com.djit.equalizerplusforandroidfree,EMEA,Yes
com.dmg.carmechanicshopsimulator,-,No
com.documentscan.simplescan.scanpdf,APAC,Yes
com.dominigames.chr5.free2play,-,No
com.dominigames.hp1.free2play,-,No
com.domobile.applock.lite,APAC,Yes
com.domobile.pixelfunv2,APAC,Yes
com.doodle.master.draw.glow.art,APAC,Yes
com.dora.lipsfalling.filter.challenge,-,No
com.doubleugames.ngfe.cbj,EMEA,Yes
com.dphole.blast,APAC,Yes
com.dragon.hunter.craft,-,No
com.dragonpuzzle.rescue,APAC,Yes
com.dragons.merge.battle.games,-,No
com.drawapp.magicdoodle,APAC,Yes
com.dream.hop.jump.ball.music.free,-,No
com.dream.house.design.makeover.match,-,Yes
com.dream.onet.dragon.puzzle,APAC,Yes
com.dreamcitystory.dreamcitystory,APAC,Yes
com.dress.up.fashion.challenge,APAC,Yes
com.droid27.sensev2flipclockweather,EMEA,Yes
com.dss.CamperVanLife,-,No
com.dtwb.avacity,-,No
com.dz.heddx,APAC,Yes
com.ea.gp.pvzn3xt,Americas,Yes
com.earnvibe.sktechdeveloper,-,No
com.easy.skateboard.parkour2024,APAC,Yes
com.easybrain.find.word.games,EMEA,Yes
com.easymath.smartcalculator.unitconverter.basiccalculator,APAC,Yes
com.econogames.wordsearch.gp,APAC,Yes
com.edeotech.photo.video.maker,-,No
com.eggame.app.logoguess,-,No
com.elder.icon_pack_oneui7,EMEA,Yes
com.elegant.games.gangster.game.crime.mafia.city,-,No
com.estsoft.picnic,-,Yes
com.europosit.polygon2d.coloringpuzzle,-,Yes
com.ezt.monster.playground,APAC,Yes
com.fa.smart.printer.wireless.print.app,-,No
com.falcon.p.gplay.cat.sort,APAC,Yes
com.fancyforce.happywheels,EMEA,Yes
com.fart.funny.pranks.sounds,-,No
com.fashion.designer.stylist.super.tailor,-,Yes
com.fc.bk.zipper.lock.screen.wallpaper,APAC,Yes
com.fc.block.out.wood.puzzle,APAC,Yes
com.fc.cal.cat.block.blast.puzzle.master,APAC,Yes
com.fc.dm.block.slide.color.puzzle,APAC,Yes
com.fc.monster.survivor.io,-,No
com.fc.rb.pl.superhero.robot.merge.master,APAC,Yes
com.fcy.wordgame,-,No
com.fgs.escape.thief.run,Americas,Yes
com.fgs.flying.snow.mountain.bus.transform.robot.game,-,No
com.fidget.toys.hklr.mi,-,No
com.filerecovery.restorephoto.deletedvideo.imagerecovery,-,No
com.finance.loan.emicalculator,-,No
com.firsttouchgames.hero2,EMEA,Yes
com.fishmerge.moneypuzzle.ball,APAC,Yes
com.flashalert2017.version1,APAC,Yes
com.flatgames.dalgona.survival.challenge,-,No
com.flatgames.stadiumsecurity,-,No
com.fluik.OfficeJerkFree,-,No
com.footballscores.livescore.soccerscores.sports,-,No
com.footej.camera2,EMEA,Yes
com.fortune.dragonslotgold,APAC,Yes
com.fpg.bike.racing,APAC,Yes
com.fps.shooting.game.hq,-,No
com.fragileheart.applock,EMEA,Yes
com.fragileheart.gallery,EMEA,Yes
com.fragileheart.musiccutter,EMEA,Yes
com.free.drawing.coloring.book.paint.by.number,APAC,Yes
com.freenovel.romreads,-,No
com.fruit.puzzlegame.drop.merge,-,No
com.fruit.sort.cas.game,APAC,Yes
com.fruitmatch.meloneat.fusion.coconut,APAC,Yes
com.fubugames.punchrun,EMEA,Yes
com.funcell.catlifesim,EMEA,Yes
com.funcell.duneanddusted,-,No
com.funcell.petsimulator,-,No
com.fungalaxymedia.android_stressrelief,-,No
com.fungame.royaltilematch001,-,No
com.fungamesforfree.colorfy,Americas,Yes
com.funnycamera.crazypictures,EMEA,Yes
com.funnyjoy.snysw.an,APAC,Yes
com.funplus.familyfarmtango,APAC,Yes
com.fuopl3nyop.bigcc.campl,-,No
com.futureartllc.tilesmatchrescuestory,-,Yes
com.gagasoft.ranchat,-,No
com.galaxy.cosmiccrafts,-,No
com.galaxy.piano.moonlight,-,No
com.game.blockslidergame,APAC,Yes
com.game.colorful.block.sort,-,Yes
com.game.fashion.magic.princess.dressup,APAC,Yes
com.game.keepsheep,-,No
com.game.paint.sort,EMEA,Yes
com.game.perfectlands,EMEA,Yes
com.game.space.shooter2,APAC,Yes
com.game5mobile.lineandwater,Americas,Yes
com.gameberrylabs.match3d,Americas,Yes
com.gamecircus.CoinDozerJackpot,-,No
com.gamee.arc8.android.app,APAC,Yes
com.gamee.familyisland.home.pin.gardenscapes,APAC,Yes
com.gamee.kingdoms.survivor.io,APAC,Yes
com.gameease.coindragonmaster,-,No
com.gamehouse.tx,EMEA,Yes
com.gametown.capybara.sort.master.goods.matching.puzzle,APAC,Yes
com.gamingstorm.dinosaur.sim2019.gorillagames.kingkong,-,No
com.gcgp.girlgame.mahjong,-,No
com.gearpaw.defenders.td.game,APAC,Yes
com.generagames.gladiatorheroes,-,No
com.generagames.soccerstarleaguesfootball,-,No
com.genigames.flying.car.jump.evolution,Americas,Yes
com.genigames.mother.family.life.simulator,Americas,Yes
com.genina.android.blackjack.view,Americas,Yes
com.gimica.blockslider,EMEA,Yes
com.gimica.slamdunk,EMEA,Yes
com.gk.orderp,APAC,Yes
com.glamour.match.slide.puzzle.game,APAC,Yes
com.glitter.sparkle.diamond.wallpapers.backgrounds.uhd4k,APAC,Yes
com.gofive.indian.makeup.fashion.dress.up,-,Yes
com.gogallop.equestriad,-,No
com.golden.island.survivors.farm.royal,APAC,Yes
com.gonext.gpsphotolocation,EMEA,Yes
com.goods.shelf.match,-,Yes
com.gplay.horror.coloring.draw.color,-,No
com.gplay.pixel.by.color.pixel.art,-,No
com.gps.map.camera.photo.pkv,EMEA,Yes
com.gps.navigation.streetview.earthmap.satelliteview.compass.pro,-,No
com.gracetile.girl.match,APAC,Yes
com.growfitter.fitkit,-,No
com.gst.color.numbers.pixyfy,-,No
com.gt.food.delivery.rider.life.simulator,Americas,Yes
com.gtmusa.plantsfight.memerots.game,Americas,Yes
com.gtsy.crazy.policegame.slapandsmash.officegame,Americas,Yes
com.gv.gangster.crime.attack.world.city,Americas,Yes
com.gym.idle.battle.simulation,APAC,Yes
com.hadieditz.ninja.TV.pk,EMEA,Yes
com.hala.line,-,No
com.hapu6bfumo.lumm.bapp,-,Yes
com.hduo.color.stacking,APAC,Yes
com.health.track.heartrate.monitor,APAC,Yes
com.herocraft.game.piratearena,-,No
com.hg.heromaking,EMEA,Yes
com.hideseek.boltbrain,-,No
com.higame.par.cat.prank.house,APAC,Yes
com.higame.par.fashion.famous.blox,APAC,Yes
com.high.school.girl.sim.anime.games,-,No
com.highbrow.games.dv,-,No
com.hitapps.BlockinColor,EMEA,Yes
com.hl.woolpuzzle2d,APAC,Yes
com.hld.anzenbokusu,-,No
com.hmbl.connect.ball.dot.link.puzzle,Americas,Yes
com.hmbl.one.draw.line,Americas,Yes
com.ho.ambulance.firefighter.rescue,-,No
com.hole.puzzle.io.game,EMEA,Yes
com.hollywood.displayed.releases,APAC,Yes
com.homuraanimes.appclient,-,No
com.honeyponey.catjump,-,No
com.horos.horos,-,No
com.hotornot.app,EMEA,Yes
com.hp.monster.parkour.obby3D.challenge,APAC,Yes
com.hp.monster.steal.parkour.master,APAC,Yes
com.human.posing.hf,APAC,Yes
com.humbly.pregnant.mother.simulator.pregnancy.life.game,-,No
com.humbly.vip.security.sim.guard.president.chief,-,No
com.hunt.royale,EMEA,Yes
com.hyperfun.paintings,-,No
com.id.gungames.offline.strike.fps.shooting.counter.attack.terrorist.mission.fpscommando,-,No
com.idramas.tv,-,No
com.ie.gangster.game.city.of.crime,-,No
com.ig.cannon.heroes,APAC,Yes
com.ig.coffee.rush,APAC,Yes
com.ig.color.car.coloring,APAC,Yes
com.ig.supermarket.manager.simulator,APAC,Yes
com.indiez.hole.io,APAC,Yes
com.invinciblesstudioltd.soccermanager2024,EMEA,Yes
com.iscoolentertainment.star.of.words.word.stack.game,EMEA,Yes
com.isotope.word.connect.free,-,No
com.iwp.tango,-,No
com.ixdg.ani.mon,APAC,Yes
com.ixdg.uc.hexajam,APAC,Yes
com.jd.game.txbbyy.mihw,-,Yes
com.jjjj.arcade,-,No
com.jmg.mazeball.paint.puzzle,Americas,Yes
com.joj.trtexas,-,No
com.joyfox.game.bubblemania,-,No
com.juice.akgula.star.game,APAC,Yes
com.kalay.equalizer,EMEA,Yes
com.karimcastagnini.castlestorm,EMEA,Yes
com.katanlabs.filltheglass,APAC,Yes
com.kayac.RubberJumping,APAC,Yes
com.kayac.drawSaber,APAC,Yes
com.keplerians.icescream,APAC,Yes
com.kgftwo.fruitstile,-,No
com.kids.repair.cars.build.construct.trucks.rocky.games,-,No
com.kingdomsin.ksslot,-,No
com.kingsfortune.happymatchcafe,APAC,Yes
com.kiwifun.game.android.math.master,APAC,Yes
com.kiwifun.game.android.tile.jam,APAC,Yes
com.kiwifun.game.android.water.sort,APAC,Yes
com.knuckdash.bydeliastudio,-,Yes
com.kongregate.mobile.idlefrontier.google,-,No
com.kongregate.mobile.tmnt.google,-,No
com.launcher.light.theme3d,APAC,Yes
com.ldw.virtualfamilies2,-,No
com.ldyt.ps4.ps5.remoteplay,-,No
com.lesou.blockslide.gp,-,No
com.lf.frontline.elite.war.free.apps,APAC,Yes
com.lightcam.glowcamera,EMEA,Yes
com.limasky.doodlejump2,-,No
com.line.puzzle.game,APAC,Yes
com.linecorp.foodcam.android,APAC,Yes
com.lion.survival.wild.beast.simulator,-,No
com.liontool.coloring.creative.art,-,No
com.lip.pose.filter.challenge,APAC,Yes
com.local.news.radar,APAC,Yes
com.longhorn.swordandpin,EMEA,Yes
com.loop.cube.blast,EMEA,Yes
com.lovely.screw.match,-,No
com.lskj.playstar,-,No
com.ltgames.android.m71.tw,-,No
com.lucky.spin.casino.slots,-,No
com.lykiagames.StuntRampCarGamesGT,-,No
com.lyrebirdstudio.artisan.cartoon.photo.editor,EMEA,Yes
com.lyrebirdstudio.mirror,EMEA,Yes
com.lyrebirdstudio.neon_art,EMEA,Yes
com.lyrebirdstudio.tbt,EMEA,Yes
com.madi.media.sports.football,-,No
com.madovergames.FrozenPop,EMEA,Yes
com.madovergames.PrincessPop,-,No
com.maf.catmart,APAC,Yes
com.mage.goalbattle,-,No
com.magicai.gallery.photoeditor.photo.album,-,No
com.magicmath.mathslover.cameramath.aimath,APAC,Yes
com.mahjong.match.puzzle.game,APAC,Yes
com.mahjong.puzzle.ywuhda.game,APAC,Yes
com.majorfrank.sneakerart,EMEA,Yes
com.makeup.artist.makeover.beauty.diy.stylist,APAC,Yes
com.match.color.rotate,APAC,Yes
com.match.screw.fantasy,-,No
com.matchingham.drawpuzzle.something,EMEA,Yes
com.matryoshka.farminggame,EMEA,Yes
com.maveragames.FriedChickenRoyales,-,No
com.mavofy.gpsmapcamera.geotagginglocationonphoto,APAC,Yes
com.measure.heartrate.bloodpressure,APAC,Yes
com.mecatronium.mezquite,-,No
com.meen.browser,APAC,Yes
com.megames.fire.craft,EMEA,Yes
com.megames.mine.creation,EMEA,Yes
com.melonmergestrategy.game,APAC,Yes
com.memejoy.unpacking.cozy.decor.pocket.life,APAC,Yes
com.memerot.merge.monster.battle.games,-,No
com.mensch.nicht.argern.mens.erger.je.niet.mobilaxy,-,No
com.merge.toilet.monster.battle,APAC,Yes
com.mergegames.monsterandstory.gp,-,No
com.mesibagames.SaveTheFish,-,No
com.messenger.securemessaging.communication,-,No
com.mgp.fairy.rival.horse.pony.stable.sim.care.breed.racing.games,-,No
com.mine.block.craft.world.sandbox.survival.simulator,EMEA,Yes
com.miniit.iq.boost.brain.test,-,Yes
com.miniscule.dollrecycling,APAC,Yes
com.minogames.cats.client,-,No
com.mintgames.christmascolor,APAC,Yes
com.mintgames.colorpainting,APAC,Yes
com.mintgames.wordtrip,APAC,Yes
com.miracle.drawtosave.an,APAC,Yes
com.mirai.badstudent.prank.teacher.craft.chaos,-,Yes
com.mirai.braintest.sprunki.trickypuzzle,-,Yes
com.mirai.funnyjoke.pranksounds.spranky,-,Yes
com.mirai.monster.makeover.dressup.music.beats,-,Yes
com.mirai.punch.fight.battle.kick,-,Yes
com.mirai.spranki.beat.box.music.horror,-,Yes
com.mix.color.paint.game,-,Yes
com.mmcallsapp.sidelinecall.android,-,No
com.mmcallsapp.truecall.android,-,No
com.mmikey.mi1,-,No
com.mobi.beetsshort,-,No
com.mobilecardgames.solitaire,-,No
com.mobilityware.blockpuzzlesudoku,Americas,Yes
com.mobilityware.solitaire,Americas,Yes
com.mobsmile.paintflag,-,No
com.mobz.vd.in,APAC,Yes
com.mom.simulator,Americas,Yes
com.monster.city.game,APAC,Yes
com.monster.fun.music.mix.sound.beat,APAC,Yes
com.monster.war.toilet.battle.strategy.game,APAC,Yes
com.morionstudio.hiddenobject,EMEA,Yes
com.mothersimulator3d2,EMEA,Yes
com.moto.rider.thrill.simulator,Americas,Yes
com.move.people.pose.master,-,Yes
com.mshk.photo.magic,-,Yes
com.mtg.survivalgame.master.clash,APAC,Yes
com.mts.farming.game.tractor.driving.game,-,No
com.music.downloader.edknmua,APAC,Yes
com.music.youngradioplus,APAC,Yes
com.musicvideo.photoeditor.squarefit,-,No
com.mustardgames.muscle.car.stunts.mega.ramp.stunt.car.impossibletracks,-,No
com.mustardgames.police.bike.stunt.mega.ramp.impossibletracks,EMEA,Yes
com.mwm.pixelcolor,EMEA,Yes
com.mxdata.buslondon,EMEA,Yes
com.my.badcatsimulator2.game,-,No
com.my.catsimulator.game,-,No
com.mysticcraft.game,-,No
com.mzgames.carsminigames,-,No
com.nakashimajohn.korean,-,No
com.nbstudio.towercolor,EMEA,Yes
com.neowiz.cats.soup.sng,-,No
com.netmarble.kofafk,-,No
com.newmg.yurao.pro,-,No
com.newstory.DrawHappyPolice,-,No
com.newstory.HappyHunt,-,No
com.newstory.IdleDrawEarth,-,No
com.nexelon.realmonsterfishing2018,-,No
com.nicealam.weatherradar.weather,APAC,Yes
com.night.mode.camera.photo.video,-,No
com.nikita4ever.sccpsd,EMEA,Yes
com.nipogames.noob.playground.human.ragdoll.peaple.melon,EMEA,Yes
com.niuaigo.ball.sort,-,No
com.no.crop,-,No
com.nonogram.color.picturecross.sudoku.puzzle,APAC,Yes
com.nordbrew.sutom,-,No
com.nostel.pikachu,-,No
com.not.jump.up.game2025,APAC,Yes
com.novel.novelah,APAC,Yes
com.noxgroup.game.pbn,-,No
com.ns.sand.castle.build.compete.idle,-,Yes
com.nurigames.casinovegas,-,Yes
com.oceanmatchfrenzy,APAC,Yes
com.one.line.draw.puzzle,Americas,Yes
com.one.m2.world,APAC,Yes
com.oneorwa.idleenergytycoon2,-,No
com.onet.connect.girls.puzzle.an,APAC,Yes
com.opplysning180.no,-,No
com.orbitalknight.castlewreck,EMEA,Yes
com.orbitv.io,-,No
com.oreon.pusherarmy,-,No
com.outloud.petshelter,-,No
com.paint.asmr.beating.color,APAC,Yes
com.paint.by.numbers.coloring.book,APAC,Yes
com.paint.by.numbers.coloring.book.colorize,APAC,Yes
com.paint.by.numbers.coloring.pages.christmas,APAC,Yes
com.paint.color.by.number.coloring.pages.pixel.art,APAC,Yes
com.paint.colorbynumber.relaxcoloringbook,-,No
com.paintball.attack.shooting,EMEA,Yes
com.pandawadroid.modbussid.modbussidterbaru,-,No
com.paper.doll.diy.fashion.dressup,-,No
com.party.legends.multiplayer.game,APAC,Yes
com.paxiegames.tilestar,EMEA,Yes
com.pencil.stack.color.sort,APAC,Yes
com.people.color.jam,APAC,Yes
com.pet.shop.cl,APAC,Yes
com.philipeetienne.stableslife,EMEA,Yes
com.phoenix.game.dragonball.android.plus,-,No
com.photoart.photocartoonframe,-,No
com.photoedit.pipcamera,EMEA,Yes
com.photogallery.galleryvault.galleryapp,-,No
com.photolabs.instagrids,-,No
com.pianofever.taptiles,-,No
com.pianokeyboard.learnpiano.virtualpiano.easypiano.app,-,No
com.pianolesson.keyboard.learnpiano.pianokeyboard.chords.notes.songs.pianoapp,-,No
com.pineapple.hoop.stack.color.sort,-,No
com.pineapple.potion.magic.sort.water,-,No
com.pineapple.woody.block.color.blast,-,No
com.pirate.fortune.slot,-,No
com.pitih.easy.fruits.puzzle,APAC,Yes
com.pixel.guncraftgame,-,No
com.pixel.tntcraftblast,-,No
com.pixelfederation.portcity.ship.tycoon.strategy.simulation,EMEA,Yes
com.pixelfederation.solve.mystery.puzzle.adventure,EMEA,Yes
com.pixelfederation.ts3.train.station.evolution.building.manager.tycoon.simulator,EMEA,Yes
com.pixelisle,-,No
com.pixeption.light,-,No
com.pizza.escape.run.rd2025,APAC,Yes
com.pl.food.tour.world.cooking.games,APAC,Yes
com.pl.hospital.mania.doctor,APAC,Yes
com.playcus.artbook.paint.colorbynumber,-,No
com.playcus.bingostar,-,No
com.playcus.crossstitch.coloring.mandala,-,No
com.playcus.crossstitchcoloringbook,-,No
com.playcus.crst,-,No
com.playfake.fakechat.fakenger.free,-,No
com.playgendary.tombpaint,EMEA,Yes
com.playinfinity.game.mydreamhotel,-,No
com.playstrom.bob,EMEA,Yes
com.playstrom.colorpage2,EMEA,Yes
com.playvalve.crossword,EMEA,Yes
com.playvalve.tc,EMEA,Yes
com.playway.contrabandpolicemobile,EMEA,Yes
com.plusmusic.gomp3player.freemusicplayer,-,No
com.pop.demon.tiptap.challenge,APAC,Yes
com.prankphone.broken.screen.diamond.bg,-,Yes
com.preggieapp.preggie,EMEA,Yes
com.pregnant.mom.games,Americas,Yes
com.promineo.garfield,-,No
com.proto.MonsterHorde,EMEA,Yes
com.protostar.starfish,-,No
com.psv.hello_kitty.kids_beauty_salon,-,Yes
com.psv.vlad_and_niki.travel,-,Yes
com.ptx.carwash.makeover.fixing.games.restore.cargames.repair.garage.games.carwashsimulator,-,No
com.puzzle.fun.free.matching3d,APAC,Yes
com.puzzle.matchtile,APAC,Yes
com.puzzle.relax.fun.color,-,No
com.puzzlegame.puzzledom,APAC,Yes
com.pz.steal.snatch.memerot,Americas,Yes
com.qoni.guesstheiranswer,EMEA,Yes
com.qrlanucher.qrcode.qr999,APAC,Yes
com.quacking.hole.color.puzzle,APAC,Yes
com.quantum.phoneswitch,EMEA,Yes
com.quarzo.escoba,-,No
com.quriousbit.codewords.cryptogram,-,No
com.ra.love.slots.free.casino.games,-,No
com.ragdoll.mutilate.playground.sandbox.people,-,No
com.ragdoll.play.horror.sandbox,-,No
com.ranat.hatif2018,-,No
com.razzlepuzzles.calcudoku,-,No
com.rc15.mutilate.ragdoll.sandbox.playground,-,No
com.rc29B.sandbox.horror.monster.playground,-,No
com.rd.tengfei.bdnotification,-,No
com.reachjunction.puzzle.jigsaw,-,No
com.real.gangster.crime.city.vegas,-,No
com.realdrum.drumset.drumapp.beatmaker.music.instruments.drumkit,-,No
com.realme.as.music,-,Yes
com.redvel.soccer.star.football.legends.games.clash.multiplayer.online,-,No
com.relaxing.blocks.escape.color.puzzle,APAC,Yes
com.remivision.royalpuzzle,-,No
com.rhythm.dancing.tiles.piano.cat.kpop.music,APAC,Yes
com.rift.cat.angry.granny.fun.prank,-,No
com.rift.my.clothing.store.simulator3d,-,No
com.rift.zombie.fight.action.games,-,No
com.robrushgames.rbx,-,No
com.sa.mother.life.mom.care.simulator.games,-,No
com.saeta.location,-,No
com.sanbox.ragdoll.playground.ragdollfall.dismount,-,No
com.sario.whistle,-,No
com.saver.video.downloader.pro,-,No
com.sciplay.spiderpuzzle,-,Yes
com.screw.pin.cat.bolts.jam.puzzle,APAC,Yes
com.screw.sort.puzzle.item,-,No
com.sda.face.swap,-,No
com.sea.match.abyssal.tiles,APAC,Yes
com.secondarm.taptapdash,-,No
com.seven.task,-,No
com.severex.bingo.lottery.number,-,Yes
com.shadowfax.basketball.arena.basketball.games.beasketball.league.street.ball.mobile.basketball,-,No
com.shincraft.speedawakens,-,No
com.shoguncity.craft,-,No
com.shooterhero,EMEA,Yes
com.shortego.dramareels,APAC,Yes
com.shorten,-,No
com.shotstkin.playbite,APAC,Yes
com.sigmagame.imonster,-,No
com.simulator.life.devil.casual,APAC,Yes
com.simulator_game.real_car_crash,EMEA,Yes
com.skiten.quckskit,APAC,Yes
com.skt.skaf.OA00026910,APAC,Yes
com.sky.languagetranslator,APAC,Yes
com.skygo.mydreamroom,-,No
com.slide.block.color.jam.out,APAC,Yes
com.smartcast.android,-,No
com.smartfunapps.happymakeover,APAC,Yes
com.smartwidgetlabs.fitbitandroid,-,No
com.smg.real.gangster.crime.game,Americas,Yes
com.snackshotvideos.videostatus.videosaver,EMEA,Yes
com.snapmusi.mp3,APAC,Yes
com.snowcorp.soda.android,APAC,Yes
com.soccermanager.soccermanager2023,EMEA,Yes
com.soccerstar.supershot.super,APAC,Yes
com.solifl.android.taireow,APAC,Yes
com.solitairedelight.joy.game,-,Yes
com.sophungamesltd.biblewisdom,EMEA,Yes
com.sort.puzzle.dress,APAC,Yes
com.sort.shuffle,EMEA,Yes
com.sorting.cube.jam,APAC,Yes
com.sortpuzzle.puzzlegames.colorsort,APAC,Yes
com.space.mass.likes,-,No
com.sparklingsocietysims.cozytownbuildexploregame,-,Yes
com.sparklingsocietysims.towncityparadisebuildingsimgame,-,Yes
com.spcomes.fruitforest,APAC,Yes
com.speedreading.alexander.speedreading,EMEA,Yes
com.spill.math.puzzle.games.crossmath.number.free,-,No
com.spill.sticker.color.book,-,No
com.spinner.finger.glow.art,APAC,Yes
com.spiraldev.hotmail,-,No
com.sportstechstudio.live.matches.cricket,-,No
com.spyke.royalriches,EMEA,Yes
com.stacity.sort.color.water.drink,-,No
com.starbyface,EMEA,Yes
com.starproject.messagebeta,-,No
com.starwaves.blocksliding,-,No
com.starwaves.zenblocks,-,No
com.steal.n.catche.a.memerots,Americas,Yes
com.steer.gruntrush,-,No
com.steptwo.wordmatch,EMEA,Yes
com.stick.empires.infinity,-,No
com.stick.monster.pocket.run,-,No
com.sticker.puzzle.book.color,-,No
com.stickman.dragon.fight.stick.warriors.stickmanwarriors,APAC,Yes
com.stickman.warriors.stickwarriors.dragon.shadow.fight,APAC,Yes
com.stole.brainzot2025,APAC,Yes
com.streaming.solution.gtv.live,EMEA,Yes
com.string.tie.knot.wool,APAC,Yes
com.stroke.link.dot.run,APAC,Yes
com.stronghold.dude.game,-,Yes
com.sugargames.rainbowweb3,EMEA,Yes
com.sumraf.asmr.color.drawing,Americas,Yes
com.sunnytiles.wish,-,Yes
com.superbox.aos.meowblock,APAC,Yes
com.supersolid.cookandmerge,-,No
com.supersonic.pccol,EMEA,Yes
com.swagmasha.dreamzone,EMEA,Yes
com.sygo7malu.omk.manor,-,Yes
com.symbiote.black.alien.monster,-,No
com.tabtale.soccermom,EMEA,Yes
com.taketop.monster.world.pocket,EMEA,Yes
com.tapps.virtual.pet.hotel.games.world,-,No
com.taste.open.sun,-,No
com.tatemgames.dreamgym,-,No
com.tattoo.body.name.girls.boys.photo.editor,EMEA,Yes
com.techvision.happymatch,APAC,Yes
com.teenpatti.hd.gold,Americas,Yes
com.tellmewow.senior.deal.or.no.deal,-,No
com.tellmewow.senior.pastime,-,No
com.tetris.block.combo.crash.sydh.game,APAC,Yes
com.tfv.paper.doll.diy,Americas,Yes
com.tgame.sand.box,APAC,Yes
com.tgames.line98classic,-,No
com.theme.thememax.widgets.icon.changer,-,No
com.thought.bargain.equity,APAC,Yes
com.thumbspire.weedfirm2,-,No
com.tianxingjian.screenshot,-,No
com.tile.mahjong.game,APAC,Yes
com.tile.mahjong.match.free.green,-,No
com.tilemtilegemmatch,APAC,Yes
com.timuzsolutions.subwayrush,-,No
com.titan.bruno.adventure.world,APAC,Yes
com.titisoftware.romania.car.driving.simulator.games,-,No
com.tnvapps.fakemessages,-,No
com.topchopgames.skyroller,EMEA,Yes
com.transformer.monster.animation,APAC,Yes
com.triangular.guessthefather,EMEA,Yes
com.trimax.army.truck.driver.cargo.game,-,No
com.trimax.scary.babyin.pink.horror.house.game,-,No
com.triplemahjong.tilematch.puzzle.gp,APAC,Yes
com.tt.baby.kid.mother.simulator,EMEA,Yes
com.tt.my.pets.dog.simulator.dogsim.dogs.shepherd.corgi,EMEA,Yes
com.tt.quadrober.simulator,EMEA,Yes
com.ttcoin.network,-,No
com.tummygames.drawandbreakit,EMEA,Yes
com.twelvegigs.solitaire.android,Americas,Yes
com.twinklegames.happyscrew,-,No
com.twopensmedia.coinnect.game,-,No
com.twosteps.twosteps,-,No
com.ty.flights,APAC,Yes
com.ud.tractor.farming.driver.simulator.game,-,No
com.udonistemple.magicalmixing,EMEA,Yes
com.umax.aifusion.aimerge.aimix,-,No
com.unicc.uni,-,Yes
com.unicostudio.fortunewords,EMEA,Yes
com.unicostudio.x2number,EMEA,Yes
com.unimob.idle.eras.bar,-,No
com.uniqcko.ColorDots,EMEA,Yes
com.v2r.JewelDragonSword,-,No
com.v2r.jewelvampire,-,No
com.v2r.v2rCastle,-,No
com.venamax.max,APAC,Yes
com.vento.findthecats,EMEA,Yes
com.veraxen.sortpuzzle,EMEA,Yes
com.verticeapps.bibliaeharpadamulher,-,No
com.vesna.math.crossword,EMEA,Yes
com.vgames.meweatall,APAC,Yes
com.vgi.gangster.game.crime,-,No
com.videomedia.photovideomaker.slideshow,APAC,Yes
com.videous.libraryspace,APAC,Yes
com.virtual.themother,Americas,Yes
com.vitastudio.sudoku,APAC,Yes
com.vizorapps.atlantis,EMEA,Yes
com.vng.circle.tribe.idle,-,No
com.voicetranslator.phototranslator.translateapp,APAC,Yes
com.vrchilli.photo_background.eraser.effect,-,No
com.vx.tractor.cargo.farming.simulator.games.free,-,No
com.walt.browser_gg,APAC,Yes
com.warrior.threadout.gp,APAC,Yes
com.water.sort.color.free.puzzle.game,APAC,Yes
com.watermelon.merge.zella.land,APAC,Yes
com.waveeffect.filterchallenge,-,No
com.weaseldev.ghostcamera,EMEA,Yes
com.webnovel.morefic,-,No
com.wedding.run,-,Yes
com.weegoon.drawfly,-,No
com.westover.mokemon,-,No
com.westover.monster,-,No
com.westpoint.createanimation.drawanimation,APAC,Yes
com.weup.ban.monster.life.challenge.chapter3,APAC,Yes
com.weup.cat.prank.trickster.chaos.simulator,APAC,Yes
com.weup.meme.shooter.sanbox.mods.playgrounds,APAC,Yes
com.weup.monster.garden.friends.chapter5,APAC,Yes
com.winplus.matchmahjong.android,-,No
com.wisdom.superwinslots,-,No
com.wodol.dol,APAC,Yes
com.wool.match.colorjiaqwe,-,No
com.word.cross.connect.puzzle.master,APAC,Yes
com.word.game.crossword.brain.puzzle.scapes.connect,-,No
com.wordparadise.relaxpuzzlegame,-,No
com.workout.fitness.exercise.loseweight.gymworkout,Americas,Yes
com.wuliang.xapkinstaller,EMEA,Yes
com.xbeauty.selfiecamera.photomakeup,-,No
com.xd.craft.school.monster,APAC,Yes
com.xenstudio.garden.photoframe,EMEA,Yes
com.xoyuizk.glsh122,EMEA,Yes
com.xujingkj.sww,-,No
com.xupstudio.volumefinetuner,EMEA,Yes
com.yodo1.rodeo.safari,APAC,Yes
com.yogaworkout.flexrun3d,APAC,Yes
com.yoogalabgaming.harmony.color,-,No
com.yoogalabgaming.mahjong.match.puzzle.tile,-,No
com.zeptolab.ctrm.free.google,EMEA,Yes
com.zhangyue.read.ireaderpor,-,No
com.zimad.puzzle.villa.jigsaw,EMEA,Yes
com.zm.colormaze,EMEA,Yes
com.zm.colorstack3d,EMEA,Yes
com.zoo.run.monster.keeper,-,No
com.zundyeaglespto.bulkuprun.keystore,-,Yes
com.zundyeaglespto.chipsortchallenge,-,Yes
com.zundyeaglespto.dogout,-,Yes
com.zundyeaglespto.funlettersgame,-,Yes
com.zundyeaglespto.treasurebreaker,-,Yes
com.zuuks.truck.simulator.euro,EMEA,Yes
com.zymobile.merge.miracle.town.gp,-,No
com.zymobile.restaurant,-,No
craft.idle.space.ufo,-,No
dbeats.app.mp3.merger.trimmer.mixer.converter.speedchanger.mp3editor,EMEA,Yes
de.softan.brainstorm,-,No
detech.ghost.detector.tracker.prank.scan.radar,-,No
dev.netlob.spotistats,-,No
digital.vim.juststep,EMEA,Yes
domino.classic.board.free.games,APAC,Yes
dots.eat.bean.feast.puzzle.games,APAC,Yes
duet.tiles.meow.music.game,APAC,Yes
ee.simplesoft.picsweep,EMEA,Yes
enjoy.games.scavenger.hunt,-,No
es.parrotgames.restaurantcity,EMEA,Yes
femaleworkout.pro.workouts.home.femalefitnesswomenworkout,EMEA,Yes
found.find.out.hidden.object.games.it.hunt.seek,APAC,Yes
game.color.ballz.block.brick.puzzle.free.physics.balls,-,No
games.burny.playdoku.block.puzzle,EMEA,Yes
gamesbox.offlinegames.freegames,APAC,Yes
goods.sort.puzzle.matching.games,APAC,Yes
h07.fingercolor,-,No
hms.steal.minigames,EMEA,Yes
holy.bible.verse.daily.kjv.audio,APAC,Yes
homework.helper,-,No
huggy.puzzle.logic,EMEA,Yes
in.playsimple.crossword.search.fun.word.puzzles,Americas,Yes
io.superbrick.minimartmaster,APAC,Yes
jam.wood.color.puzzle.block,-,No
joy.animalpopblast.topfree.mop,APAC,Yes
joybits.doodlegod_hd_free2,-,No
jp.co.goodroid.hyper.rope,APAC,Yes
jp.co.goodroid.hyper.sortpuzzle.ball,APAC,Yes
jp.co.granks.clipbox,-,Yes
jp.picappinc.teller,APAC,Yes
jp.razuma.blackandwhitephoto,-,No
jp.uuum.blueman0,APAC,Yes
kallossoft.videotophoto,EMEA,Yes
kika.emoji.keyboard.teclados.clavier,APAC,Yes
kjv.bible.with.apocrypha,EMEA,Yes
kr.co.alohacorp.monsterhouse,-,No
kr.co.hanamembers.hmscustomer,APAC,Yes
kr.co.kweather,APAC,Yes
la.bible.francais.louise.segond,EMEA,Yes
line.fight.arena.sword,-,No
live.earthcam.satellite.map.earthmap.streetview.gps.camera,APAC,Yes
live.party.bingo.free.vegas.online.jackpot.casino.game,-,No
logic.clue.detective.riddle.puzzle,APAC,Yes
magic.friends.rainbow,EMEA,Yes
match.block.blast.puzzle.color.games.juggle,-,No
mate.bluetoothprint,-,No
mensagemdebomdia.versiculodabiblia.mensagensdedeus,-,No
monster.country.idle,-,No
music.piano.magic.tiles.challenge.free,-,No
musica.total.tube.snap.amerigo.com,APAC,Yes
musicplayer.mp3.musicmax,APAC,Yes
mydiary.journal.dailydiary.diarylock.notebook,-,No
naughty.cat.virtual.chaos,APAC,Yes
net.appbeta.minersy,-,No
net.happywit.farm.mania.jam,EMEA,Yes
net.jokergame.flappybird,-,No
nocrop.photoeditor.squarepic,-,No
nuts.color.sorting.puzzle.zen,APAC,Yes
obby.doodle,-,No
org.bible.nltbible.newlivingtranslation,EMEA,Yes
org.hamak.mangareader,-,No
org.smapps.clash,EMEA,Yes
pearl.musicandmore,-,No
pics.karaage.yokaibi,APAC,Yes
pion.star.doll.fashion.idol.anime.princess.dress.up,-,Yes
puzzle.coffe.match.rush.sort,APAC,Yes
recorderpro.voicememos.audio,EMEA,Yes
recovery.deleted.photos.video.file.restore.data.images,APAC,Yes
ru.brothersappsandgames.idlepet,-,No
santa.biblia.reina.valera.gratis,EMEA,Yes
slots.casino.classic.vegas.quick.cash,-,No
sms.mms.messages.text.free,EMEA,Yes
solitaire.classic.pets.town,-,No
solitaire.klondike.patience.spider.freecell.card.free.daily,APAC,Yes
sort.soda.water.puzzle.color.glass.bubble,APAC,Yes
speed.run.citymonster.simulator,-,No
steal.all,-,No
superstar.games.Color.Invaders.Idle,EMEA,Yes
sweet.snap.art.camera.lite.snap.cat.face.camera,EMEA,Yes
tangled.hexa.puzzle.sort,APAC,Yes
tera.aiartgenerator.aiphoto.aiphotoenhancer,APAC,Yes
tokyo.jaykeigames.kisekae,APAC,Yes
tokyo.jaykeigames.suujisagashi,APAC,Yes
top.luxmedia.android.themes,-,No
tr.com.happydigital.happykids,-,No
tr.com.happydigital.happymom,-,No
water.sort.color.puzzle.games,APAC,Yes
water.sorting.games.liquid.color.sort.puzzle,APAC,Yes
watersort.puzzle.water.sort.logic.brain.game.color.fill.wood,APAC,Yes
wdownloader.webpage.picture.saver.video.downloader,APAC,Yes
wheelie.race.master.bike.game,-,No
wiktoria.goroch.bible_kjva.AOUSFCKLLRSGYXYC,EMEA,Yes
wordcross.bible.wordscapes.word.cookies.puzzle.collect.word.games,APAC,Yes
xyz.svfservice.chokin,APAC,Yes
