app_id,account_id,total_spend_7d,daily_spend,app_name
50046b006d791be34e17e959,561e8d936b8d90f61a000ade,49376.77072311657,7053.824389016653,Hay Day IOS
5057845678715d951df74577,561e8d936b8d90f61a0014d2,37230.39238683552,5318.627483833646,Wordfeud
506857fe244c88a76639a514,561e8d936b8d90f61a0014d2,22229.844930372674,3175.692132910382,Wordfeud FREE
5130b34aff10712a34000051,561e8d936b8d90f61a0014ca,11809.249375223175,1687.035625031882,4 Pics 1 Word iOS
515aff900964d0f21f00000e,561e8d936b8d90f61a0014ca,5972.075341359362,853.1536201941946,4 Pics 1 Word Android
51e8f7780f3b8e280700005c,561e8d946b8d90f61a001514,11931.970844664622,1704.5672635235173,Truecaller
5242caf9a4f9e5ad24000009,561e8d946b8d90f61a001509,5662.6991665810965,808.9570237972995,My Talking Tom - Android
524ad17f92fcd29365000006,561e8d936b8d90f61a00134a,11531.8732631519,1647.4104661645572,Jigsaw Collection HD
5255b961b39f75841900000e,561e8d946b8d90f61a001509,6573.326059820967,939.0465799744239,My Talking Tom - appstore
52a764b09fd76a3932000008,561e8d936b8d90f61a000ade,36876.381167083986,5268.05445244057,Hay Day Android
52eb1d5c1fd94b2d1300000c,561e8d936b8d90f61a0006b6,5491.292423550639,784.4703462215199,Plants vs. Zombies 2 iOS
5346f0237963ec4e6a0000c6,561e8d936b8d90f61a000455,73274.48822320306,10467.784031886153,Android Solitaire
5346f0f55cd3b9056a000074,561e8d936b8d90f61a000455,219493.30529333,31356.186470475714,iOS Solitaire
534b34f7b240b36e180000a0,561e8d946b8d90f61a001541,5016.717212947035,716.6738875638621,Private Photo Vault
535ec3d2808374a74e0000e8,561e8d946b8d90f61a0016d5,7913.0299439321025,1130.4328491331576,Flow Free iOS
53d7b79466aa901306000019,561e8d936b8d90f61a000455,50084.104354669325,7154.872050667046,Android Spider
53d7b802ec6bbcff4d000019,561e8d936b8d90f61a000455,20648.87678121843,2949.8395401740613,Android FreeCell
53e0f868838d31b86d00002f,561e8d936b8d90f61a000455,59385.6370323832,8483.6624331976,iOS Spider
53e0f922936129bc6d000033,561e8d936b8d90f61a000455,44352.32097211276,6336.045853158966,iOS FreeCell
542a4bc8e59c024d0b00009b,561e8d946b8d90f61a002087,6434.498432852141,919.2140618360202,Angry Birds Friends iOS
5486f759b55c44932a000145,561e8d966b8d90f61a0039ab,4549.253827586966,649.8934039409951,Trivia Crack iOS
54c63cb2a684cd593e000126,561e8d946b8d90f61a002087,32153.89887878891,4593.414125541273,Angry Birds 2 iOS
54c63cf4a684cd593e000128,561e8d946b8d90f61a002087,10892.079839464019,1556.011405637717,Angry Birds 2 Android
5552167b1f1ac071400000d9,561e8d926b8d90f61a00013e,25350.216224601474,3621.4594606573532,8 Ball Pool iOS Live
55599f8db60c1a3a1900014f,561e8d956b8d90f61a003365,3565.6609411091363,509.3801344441623,Hill Climb Racing
556c6feaf4961f595d00013c,561e8d946b8d90f61a001e51,5598.2135272876985,799.7447896125284,Crafting and Building
556f747e67c16c382100006e,561e8d946b8d90f61a002092,4842.360626616319,691.7658038023312,Solitaire TriPeaks iOS
556f7506790e4e9f32000181,561e8d946b8d90f61a002092,4580.773396976275,654.3961995680393,Solitaire TriPeaks Android
55a4e36aad6c18e83a000159,561e8d926b8d90f61a00013e,37231.75639186093,5318.822341694418,8 Ball Pool
55cd7d5c343bb084400002f2,561e8d976b8d90f61a003fcf,16600.216915183937,2371.459559311991,InShot iOS
56163d74f155120c6d0005df,561e8d976b8d90f61a003fcf,20411.68340671149,2915.9547723873557,InstaShot Video Editor No Crop
5638fa9d45835e485b000008,561e8d936b8d90f61a0006b6,5379.879375684618,768.554196526374,Plants vs. Zombies iOS
56550debff1a19a77b000025,561e8d936b8d90f61a0006b6,5833.416414945919,833.3452021351313,Plants vs. Zombies Android
56a1169c2ef5591f35000023,561e8d936b8d90f61a0006b6,3538.4638344220184,505.4948334888598,SimCity BuildIt iOS
56b8e577819502560b000033,56b2844d24342c3622000032,11794.973933835206,1684.9962762621724,Wattpad Futures - android
56cb247c4c275f425b000054,561e8d976b8d90f61a00418e,14137.192709071904,2019.5989584388433,Block Craft 3D: City Building Simulator
56dfd8e1702a055e0b000019,561e8d946b8d90f61a001509,7377.442109040313,1053.9203012914734,Talking Tom Gold Run - appstore
571de51b3fcc597c3900002e,561e8d946b8d90f61a001509,5340.743325269614,762.9633321813734,Talking Tom Gold Run - Android
5746d3b3bc8494c95b0000be,5746d3108e99b7da740000ad,4269.90606164926,609.9865802356086,FlipDiving
574eb37eba52e5ee5400007a,56cff4d39deefe246000001d,3723.6282849873614,531.9468978553374,The Battle Cats(iOS)
575d1cfa8eee0c91140000be,575d1c861295e1447c0000e5,260789.21768979228,37255.60252711318,Snaptube
5773eb407e454c2e62000065,56cb43391ba696884900000a,6424.6833419673985,917.8119059953426,bubble shooter orig
5785519ef95609d93c00007b,561e8d976b8d90f61a00418e,18267.646580869412,2609.6637972670587,Block Craft: City Building Simulator - Android
57979405fb0fb7fc6e0000a2,579643ec6c081adf5c00004c,130414.51979999966,18630.645685714237,Solitaire Collection Windows
5797949864c72d066f000097,579643ec6c081adf5c00004c,6846.227200000201,978.0324571428858,Mahjong Windows
5798689ea5a73f5568000012,56cb43391ba696884900000a,3954.8137605957995,564.9733943708285,com.ilyondynamics.bubbleShooterClassic_i_1666
579b9dc8b8582d866e000061,579643ec6c081adf5c00004c,66609.35728402856,9515.622469146938,Microsoft Solitaire Collection iOS
579ba0736bccbf375f00007a,579643ec6c081adf5c00004c,29479.420355134494,4211.345765019213,Microsoft Solitaire Collection Android
579c0497be7334703a000072,561e8d966b8d90f61a003414,4548.446036860732,649.7780052658189,Wheel of Fortune - iOS
57ab3a00a16956894a000083,561e8d976b8d90f61a003d96,3577.5137772411617,511.07339674873737,1010! iOS
57bd636e47a977322200001a,561e8d956b8d90f61a0026fb,5629.9601715201725,804.2800245028818,Ludo King
57bfce9a3ce6f97623000025,561e8d956b8d90f61a0026fb,5559.147804080552,794.1639720115074,Ludo King
5810c3edd0479d592800004a,561e8d946b8d90f61a00183b,11890.72150693215,1698.6745009903073,MSM iOS
581790e0591c1ca0390001a0,561e8d936b8d90f61a000455,7981.171094189313,1140.167299169902,iOS Pyramid
5821ac608c3c580c2e000275,561e8d956b8d90f61a003365,6537.849906672423,933.9785580960604,Hill Climb Racing 2
58246fd9773ac51a2b0001ea,56c3a378adccd1cb7e00000a,6631.296622192992,947.3280888847131,101 Okey Plus iOS
5824795d707e72692a000220,56c3a378adccd1cb7e00000a,5910.5623457482025,844.3660493926003,101 Okey Plus Android
582b1fdaad837782410004e4,561e8d956b8d90f61a003365,8634.29403780204,1233.4705768288627,Hill Climb Racing 2
58537c57febcab143c000043,561e8d936b8d90f61a001412,12192.87506282378,1741.8392946891113,Word Cookies!
588861ee4f07880860000354,5886afcdac910ac331000015,4906.645045584721,700.9492922263887,한게임 신맞고 : 국가대표 고스톱
589b92f26beaa884180003d3,5898dc668d35674f40000046,13588.303789234556,1941.1862556049366,Timehop
589e4fdbacfd6c3105000130,561e8d936b8d90f61a000455,3653.3366720403365,521.9052388629052,Android Pyramid
58a15d43eaef6df0270001ad,561e8d936b8d90f61a001412,3833.583743958594,547.6548205655134,Word Cookies
58bf044230aa0e8e3c00043d,561e8d936b8d90f61a000455,6997.522910663391,999.6461300947701,iOS Jigsaw Puzzle
58c6e853459cc56b6a000153,561e8d976b8d90f61a003d3f,5531.848784994198,790.2641121420282,CodyCross: A New Crossword Experience
58c89d172de3913a0b0003de,561e8d976b8d90f61a003d3f,8917.068328067475,1273.8669040096393,CodyCross
58ebd9a452140fe55600117e,561e8d976b8d90f61a0045d7,126327.87626886286,18046.839466980407,Wordscapes
58ed4805d573baf555001be0,561e8d976b8d90f61a0045d7,28925.97555936765,4132.282222766807,Wordscapes GP
58efcc13479e42015600257b,561e8d936b8d90f61a0014bd,3635.8907813157757,519.4129687593966,Text Me - Free Texting & Calls
58efccf3479e42015600260a,561e8d936b8d90f61a0014bd,8207.917022176975,1172.5595745967107,"Text Me! - Free Texting, Messaging and Phone Calls"
590b5df4004ccfdd3b000a35,561e8d956b8d90f61a0030cf,3510.77144587411,501.53877798201574,Rider
5915396ce3b1195326000413,561e8d966b8d90f61a003414,4955.632979247644,707.9475684639491,New YAHTZEE® With Buddies
591539d970abb44126000394,561e8d966b8d90f61a003414,4465.726430901539,637.9609187002198,New YAHTZEE® With Buddies – Fun Game for Friends
592fc29cc10833a4760012c6,57d1b461ae2b57d903000027,94087.54012309291,13441.077160441844,Sudoku - Classic Sudoku Puzzle Game
5936ce6ff2dd8a5e180008f4,56b2844d24342c3622000032,37876.461622533,5410.923088933286,Wattpad_iOS_Interstitial
593fb6104e118dfd71002055,561e8d936b8d90f61a00059f,4459.186157660204,637.0265939514577,June's Journey (iOS)
593fb6656eaa535318001c43,561e8d936b8d90f61a00059f,3710.8853236473974,530.1264748067711,June's Journey (Android)
594b076f74ab6c6835001467,56c3a378adccd1cb7e00000a,6088.14074885724,869.7343926938914,Solitaire
5950d4eef493bbec54002184,56d55c72562b9c353800000d,6405.082040226616,915.0117200323738,Flappy Dunk
597b1b28f6fdf8096600041d,59650c95a4e548f217000ead,12023.812590850595,1717.6875129786565,PicsArt Photo Studio: Collage Maker & Pic Editor
597b765f20522c9d77000202,59650c95a4e548f217000ead,37275.8440664897,5325.1205809271,PicsArt Photo Studio: Collage Maker & Pic Editor (IOS)
598348c317e92baa770027fe,561e8d936b8d90f61a000455,9859.489970717072,1408.498567245296,iOS Gin Rummy
59834c5b76da46c2770023b2,561e8d936b8d90f61a000455,7111.794999448438,1015.9707142069198,Android Gin Rummy
59910dc86d6f6609590041c3,567acc79dea141ea32000008,5196.619855226592,742.3742650323703,Magic Tiles 3 Android
59a6b687318ae8a008002f01,561e8d946b8d90f61a0017d9,4706.167651677988,672.3096645254269,Word Connect v1 - iOS
59af17136413db5d6d001cdc,58910f6a5f5e338431000675,8245.327486781916,1177.903926683131,Panda Pop iOS
59af175806532d636d001afc,58910f6a5f5e338431000675,7452.002022224752,1064.5717174606789,Panda Pop - Android
59b833f0f2287a750a001e81,561e8d936b8d90f61a000662,7603.760908371845,1086.2515583388351,・Solitaire・
59c0bfe44b342c7f280015fe,57d1b461ae2b57d903000027,13550.788355055563,1935.8269078650806,Solitaire – Classic Card Game
59d39cbfef6627a809002d5b,57d1b461ae2b57d903000027,29862.69047057521,4266.0986386536015,Sudoku - Classic Logic Puzzle Game
59d5d0667f2ced5b17003f7b,59d49801fa5a566117002fd5,13643.631932882045,1949.0902761260063,Sweatcoin
59e7db9b598ece421700ded4,561e8d966b8d90f61a003414,46437.36594006047,6633.909420008638,Scrabble Go
59e7dc15a81a003c1700ebfe,561e8d966b8d90f61a003414,35416.5158539616,5059.502264851658,Scrabble Go
5a167dd1d0d008d90400a61d,57d1b461ae2b57d903000027,11029.375767495309,1575.625109642187,Pixel Art - Color by Number
5a30e47b794900452500459c,57d1b461ae2b57d903000027,28556.93290303624,4079.5618432908914,Puzzles IOS
5a38466a6f858d3b0c005c7d,5a1aede25cc4979d7400c935,4128.625982723174,589.8037118175963,"Tagged -Chill, Chat & Go Live!"
5a540f51d49ac43a0c011741,561e8d976b8d90f61a00418e,29722.250663788156,4246.035809112594,color by number FGFF
5a567a1e424992a97101387c,561e8d936b8d90f61a0006b6,12968.900119561247,1852.7000170801782,FC Mobile Android
5a567a9a3610bbb671016c2d,561e8d936b8d90f61a0006b6,8725.296464994603,1246.4709235706575,FC Mobile iOS
5a5dc3f2e9e0ac6c7e0024fb,561e8d976b8d90f61a0045d7,6475.1143604089575,925.0163372012796,Bricks n Balls
5a777f42d76bfe102f007091,5b1526a7de961d3317b1d475,53974.657204597475,7710.6653149424965,Happy Color Android - Paint by Number
5a905921d21df82a03002a6b,58910f6a5f5e338431000675,7132.6997490374515,1018.9571070053502,Cookie Jam Match 3
5a9059cad21df82a03002ca1,58910f6a5f5e338431000675,8103.42069719672,1157.6315281709599,Cookie Jam Match 3 Android
5a9d7e3baa237ef24900b88e,561e8d976b8d90f61a00418e,6882.236862315327,983.1766946164753,Color by Number: Coloring Book Free - Pixel Art
5aa66899bacdc27c1e00d074,59d49801fa5a566117002fd5,12767.738474759091,1823.9626392512987,Sweatcoin Android Tapdaq
5aafe5c62567717fa575bfc1,5aafdd4a0520357fabf54aa6,42047.311110679904,6006.758730097129,Badoo - The Dating App
5ad8f49f2366ab644c5ff33f,561e8d936b8d90f61a0014bf,10235.064869829199,1462.1521242613142,BitLife - Life Simulator
5ae1d7c5cf3ad762761bbca1,5aafdd4a0520357fabf54aa6,53298.61464933182,7614.087807047404,Badoo - Free Chat & Dating App
5af2bc90731d33224a6b9c74,5af2ae1e0f25612233aa2819,6469.180368329529,924.1686240470756,캐시워크 - 돈 버는 만보기
5af2c576731d33224a6b9f2d,5af2ae1e0f25612233aa2819,56823.544208019994,8117.649172574284,캐시워크 - 돈버는 만보기 잠금화면
5af46e1dc134a2360e823c1f,579643ec6c081adf5c00004c,4049.7519099036144,578.5359871290877,Wordament iOS
5af55340bfc6be4ab9a686f0,568b8cb3bb2089a80600000a,18849.425926471136,2692.7751323530197,Daily Themed Crossword - A Fun crossword iOS
5af5545d8e03cf7acee13a66,568b8cb3bb2089a80600000a,6188.962065485659,884.1374379265227,Daily Themed Crossword - A Fun crossword Android
5af56c332803314ab33837f0,56d55c72562b9c353800000d,5802.880545157251,828.9829350224644,Ball Blast
5afb1d908e03cf7acee1a079,5af5b8f9e408f136156e7cae,12481.123952254198,1783.0177074648855,ZEDGE™ Wallpapers
5b14f1027ea39141340a6ada,5b0fc58f19829714e5ad0d2f,19973.818939757693,2853.4027056796704,UNO!™
5b14f1387ea39141340a6d68,5b0fc58f19829714e5ad0d2f,8642.372262566656,1234.6246089380936,UNO!™
5b2a4c2c8815f423b86d090f,56d55c72562b9c353800000d,7516.264317702402,1073.7520453860575,Hole.io
5b2abc08c4867b46785c2206,5b2aad55ec47af23be0124fc,121376.05837596729,17339.43691085247,Grindr - iOS
5b2abc52c4867b46785c2450,5b2aad55ec47af23be0124fc,83643.72928556675,11949.104183652393,Grindr - Android
5b338ba8a3ecc44677296503,561e8d946b8d90f61a001509,13380.250278833424,1911.464325547632,My Talking Tom 2 - Android
5b338d3a2df7e7468a4fb004,561e8d946b8d90f61a001509,14928.119096901846,2132.5884424145493,My Talking Tom 2 - appstore
5b39cf1f8ee1171c6d2df44a,561e8d956b8d90f61a003219,10907.261183501025,1558.180169071575,Bolt Browser and Documents
5b61c1d3a5eacf3ee67a792c,57d1b461ae2b57d903000027,15097.907138160874,2156.8438768801248,Pixel Art: Create by Number
5b7ad40c15117d001b9b514b,561e8d976b8d90f61a0045d7,3918.819878074353,559.8314111534789,Word Stacks
5b7c5bff274f5b2f7bc47219,561e8d976b8d90f61a004735,7979.043067015604,1139.8632952879434,Twodots iOS
5b7c63748734f02f83929e90,561e8d976b8d90f61a004735,4237.110396077059,605.3014851538655,Twdots Android
5b83e2f3ebcb4a0f62d80e85,56d55c72562b9c353800000d,103070.64471592773,14724.377816561104,Paper.io 2
5b88fd2f47346250e209a7b7,561e8d976b8d90f61a003d96,3532.9043493368804,504.70062133384005,Merge Dragons! iOS
5b8903545ea5db50e8fba901,561e8d976b8d90f61a003d96,6714.088945859,959.1555636941429,Merge Dragons!
5b99403f45e58040ccdd7177,56d55c72562b9c353800000d,29156.78360845816,4165.254801208309,Paper.io 2
5ba20b6db9cb8e04476e4c7d,57e3bb936c2966b53500009f,5210.134776137903,744.3049680197004,Ludo Club - Fun Dice Game
5ba8facd40a3d604346f55f8,57e3bb936c2966b53500009f,5155.498964786757,736.4998521123938,Ludo Club - Fun Dice Game
5ba95087cc094f074544b7dd,561e8d936b8d90f61a000455,15523.192414300403,2217.598916328629,IOS Castle
5ba9510159302707328acb9e,561e8d936b8d90f61a000455,5440.536631610065,777.2195188014379,Android Castle
5bae36b2e8801f307022b0e3,561e8d946b8d90f61a002087,3701.001045139301,528.7144350199002,Angry Birds Dream Blast
5bc5a5f7a7806402bb362826,561e8d936b8d90f61a000838,6406.721918689133,915.2459883841619,Dragon City Android IS
5bc875c0be31ab306a216ab2,5b975fcedc73276356309362,5509.946278602871,787.135182657553,BVC Android
5bc876d889418b305edae87a,5b975fcedc73276356309362,5562.510387023138,794.6443410033054,BVC iOS
5bc942ec163100307b07c0bf,5b975fcedc73276356309362,3827.658725856837,546.8083894081195,PBN iOS
5bce9cde53cf5c0014ea9158,568b8cb3bb2089a80600000a,7625.163710064411,1089.309101437773,Word Trip Android
5bd2b484ebaf58797f4c4f83,5bd2ab5a79a00802b5118a87,11237.44272913675,1605.34896130525,X-VPN Unlimited VPN Proxy
5be9c1194d3adf04414b15de,5f73ab8ec84db80016b354bb,55283.71348205743,7897.673354579632,Audiomack | Download New Music
5be9c16e4d3adf04414b1823,5f73ab8ec84db80016b354bb,24630.671836984075,3518.667405283439,Audiomack | Download New Music
5bebfb1c4de124001080db05,568b8cb3bb2089a80600000a,11701.70002759656,1671.6714325137943,Word Trip iOS
5c049329c226ad7c3bd8e92d,561e8d936b8d90f61a001412,12919.57481431988,1845.65354490284,Bubble Pop! Shoot Bubbles
5c093910a4a7ea3d70999820,5c05196699e4374b87bda3b9,70508.76643748462,10072.68091964066,Solitaire - A Classic Card Game
5c093969f7a1953d6377362b,5c05196699e4374b87bda3b9,31058.990323935177,4436.998617705025,Solitaire - A Classic Card Game iOS
5c0de1a896a52a2ba6187dd8,567acc79dea141ea32000008,14383.634639403263,2054.8049484861804,Magic Tiles 3: Piano Game
5c1cdefbd71d110017b3f88b,5bb6123fa4ae3604537ad781,32768.89374662819,4681.270535232599,Words Of Wonders - iOS
5c1dea438aa5b200174b0a72,5bb6123fa4ae3604537ad781,36987.18377457139,5283.883396367341,Words Of Wonders - Android
5c505bc01d8afc08c9a4e14e,568b8cb3bb2089a80600000a,10274.318283337236,1467.7597547624623,Crossword Jam
5c6bcec910122f720df1553b,568b8cb3bb2089a80600000a,9650.483046512656,1378.6404352160937,Crossword Jam : Fun Brain Game
5c708b8a680cf16c1f43417f,5bccfdfc02937a3064660fb7,90371.67599995913,12910.23942856559,Musi - Simple Music Streaming
5c8661882c668752470f7fc5,59e4bb543f0fa9a20900afa3,3739.64715847001,534.2353083528585,Amaze iOS_CL
5c88efab1c2e1f6eb4ca10cc,57d1b461ae2b57d903000027,17862.40310227939,2551.7718717541984,Nonogram IOS
5c9a92cf986bfc0017807c86,5c2e46140360b14200b6259c,3793.871784859757,541.9816835513939,Word Collect iOS
5c9c7a04d13ede0012e22ff2,57d1b461ae2b57d903000027,29477.723543095217,4211.103363299317,Blockudoku IOS
5cb99eb2e520d93f2a43c588,57d1b461ae2b57d903000027,22953.61801000671,3279.0882871438157,Jigsaw Puzzles Android
5ccb2675511fec0012c53925,579643ec6c081adf5c00004c,3643.921675971179,520.5602394244542,Sudoku iOS
5cceb96e511fec0012c55dea,561e8d976b8d90f61a003e81,4709.286873767298,672.7552676810426,CF_iOS
5cd9793d9ccc2b0012438b7c,56d55c72562b9c353800000d,4841.767242506364,691.6810346437662,Aquapark.io
5cdbfb579ccc2b001243c877,561e8d946b8d90f61a00170a,8305.316657463125,1186.4738082090178,Snake.io
5cdbfb879ccc2b001243c996,561e8d946b8d90f61a00170a,7890.098103542054,1127.1568719345792,Snake.io
5cf7b90a169e9a0017613cea,561e8d956b8d90f61a002f2c,6459.563389381416,922.7947699116309,Extreme Car Driving  Simulator
5d075faccf7fcd0018c2939b,561e8d946b8d90f61a001f18,8197.658589962344,1171.094084280335,Cooking Fever
5d0d6125fe3d6f00112ceb97,561e8d936b8d90f61a000455,11202.758807753478,1600.394115393354,iOS Mahjong
5d3ad25290f20b00179e1c0e,5d3a5de9ddc71000189c7a84,42608.512287084304,6086.930326726329,扫描全能王-iOS
5d3e9f2d7ea085001866a696,5d3a5de9ddc71000189c7a84,113478.89485389306,16211.270693413293,扫描全能王
5d406c47cf18f200178643cf,57d1b461ae2b57d903000027,13287.055241893118,1898.150748841874,Nonogram Android
5d4410805bf30c0017376feb,5d1495e8b6c82f00120db30d,3513.7368560403784,501.96240800576834,Lightning Link Casino Slots Android
5d568add1cd761001701e19b,59baf611f2287a750a0034c2,4268.558474071353,609.794067724479,Chapter_ios_01
5d56f96946a2e500175ea918,561e8d976b8d90f61a0045d7,5794.0558455491055,827.7222636498722,▻ Solitaire
5d6019dc04e4d5001778dd6c,561e8d976b8d90f61a0045d7,8575.698119396007,1225.0997313422868,Wordscapes Search GP
5d601a774f58920017a68eb4,561e8d976b8d90f61a0045d7,14283.217125289768,2040.4595893271096,Wordscapes Search iOS
5d778a8a04e89100182b2aaa,5b975fcedc73276356309362,14034.119715705956,2004.8742451008509,Sudoku
5d81c924bf4aa20017e95920,5b0fc58f19829714e5ad0d2f,14978.091481837559,2139.7273545482226,Phase 10 iOS
5d81cc3fe412d000189dc34b,5b0fc58f19829714e5ad0d2f,10977.481333304815,1568.211619043545,Phase 10 Android
5d8352b7e5edcb0018c3932d,571e02473fcc597c3900003b,4610.276687946625,658.6109554209464,CallApp
5d8977f0c8e0320017598a33,5d76031d57ec4f0017743734,32334.215408549862,4619.173629792837,Turbo
5d8990630b15ea00170bdfce,5d76031d57ec4f0017743734,17874.844697526038,2553.5492425037196,Master
5d8aa10f0ce85300171b971a,561e8d976b8d90f61a0045d7,14319.39582388627,2045.6279748408958,▻Sudoku
5d8aa790df0e0a001856d0d7,561e8d976b8d90f61a0045d7,7027.867576753983,1003.981082393426,Spider ▻ Solitaire
5da41973888eb00018871519,5d76031d57ec4f0017743734,22494.56166027902,3213.5088086112887,Turbo iOS
5da53538888eb00018873458,5d76031d57ec4f0017743734,27312.751116307256,3901.821588043894,Master iOS
5da6812659f5670018ae7124,5d76031d57ec4f0017743734,15610.172936174718,2230.024705167817,Pro
5db379f3db8e200011927b68,5d3a10eeddc71000189c7a37,17584.284168407918,2512.040595486845,Brainium Solitaire iOS
5dbbcb0a073003001420bd62,5b975fcedc73276356309362,6809.54972455343,972.7928177933471,QBlock iOS
5dc290cf1051eb0012a6b214,57d1b461ae2b57d903000027,20552.068842447057,2936.009834635294,Blockudoku GP
5dc9a22c9fc5d300176af30c,561e8d936b8d90f61a000455,14867.926871826507,2123.9895531180723,iOS Hearts
5dc9a459b62aad0018cf0a15,561e8d936b8d90f61a000455,5243.366967161492,749.052423880213,Android Hearts
5dcc0ea50f531500173bd7c7,5dcc0df6a4305a00173b9cf8,10616.963030657778,1516.7090043796827,WeWard
5dcc118aa641b70018d331eb,5dcc0df6a4305a00173b9cf8,5275.859463807023,753.6942091152889,WeWard
5dd262ec2aa70a0017bcf071,595cb8330ceef66964001700,6755.077018423677,965.0110026319538,애니팡2 - AOS
5ddc1e48eb34040017baac7a,5dcf09394f6eed0018145e58,8703.52138712857,1243.3601981612244,Brain Test: Tricky Puzzles
5de10e548ce8520017e173ef,5b975fcedc73276356309362,15666.336057580582,2238.0480082257973,Sudoku Android
5de4583d2510a20017316fb9,5d130cdf37472100170775e1,4659.966406474394,665.7094866391991,Bubble Pop Origin! Puzzle Game
5df6fad6a49858001840a5f6,5b513c3a8050575da717f52a,4105.155243405474,586.4507490579248,NT-PT
5df90b5c66091a78d5815e82,5c05196699e4374b87bda3b9,23937.17080346954,3419.5958290670774,Blackjack Casino iOS
5dfae2bf66091a78d58169d1,56c3a378adccd1cb7e00000a,136635.8420910465,19519.406013006643,Words With Friends 3 Word Game
5dfae5f6c3936b78cf456b7d,56c3a378adccd1cb7e00000a,85235.23163812776,12176.46166258968,Words With Friends 3 Android
5e0399f7ddf7457b59f24958,59fb487bbe77065f5800afc3,6563.626992253803,937.6609988934005,Worms Zone .io - Voracious Snake
5e0b2841a36fdd0017617ba5,5b975fcedc73276356309362,4473.099827773125,639.0142611104465,Solitaire Android
5e1d8a1e3434b70018260c4c,561e8d946b8d90f61a001509,7732.905112045494,1104.7007302922134,My Talking Tom Friends - Android
5e1da6c13434b70018260f1a,561e8d946b8d90f61a001509,6843.929214407025,977.7041734867179,My Talking Tom Friends - appstore
5e4a532a9c67e900177fb109,5ce21c80d788b30012b31658,10186.228736643761,1455.1755338062517,LINE PokoPoko
5e4a53856309c20017130e48,5ce21c80d788b30012b31658,9857.514039370184,1408.2162913385978,LINE PokoPoko
5e4e66ea60ce6a001791d156,5c52bd6ffbeb402419bef87d,29033.664352078707,4147.666336011244,Subway Surfers (Non-COPPA)
5e4e6838246d020018f1e653,5c52bd6ffbeb402419bef87d,15070.293159081994,2152.899022725999,Subway Surfers (Non-COPPA)
5e60cd1f3610f800010eaf6a,58665aa0444a4aeb0d000130,7986.989966643281,1140.9985666633258,Instabridge
5e6868c8ffd487601beebc7a,56c3a378adccd1cb7e00000a,22330.039899564268,3190.0056999377525,WWF1 - iOS
5e6869216240746016e31a6d,56c3a378adccd1cb7e00000a,6005.943129509663,857.9918756442376,WWF1 Android
5e68bdb6fd1a750001765a91,59baf14999eaaa880a002c38,4365.417155505492,623.6310222150703,Domino
5e691e25ffd487601beec0cb,56c3a378adccd1cb7e00000a,5673.652168163492,810.5217383090703,Spades Plus - Card Game
5e6920a96240746016e31d5f,56c3a378adccd1cb7e00000a,4941.759054729284,705.9655792470405,Spades Plus - Card Game Android
5e7d32bd4ecf620001e063d3,561e8d966b8d90f61a0033c4,6962.704120134502,994.6720171620717,Family Island Android
5e84a5d1ce415a000187164f,57d1b461ae2b57d903000027,10662.04360437282,1523.1490863389743,Sudoku Killer iOS
5e96c7bdb5581a00012d3e06,5e96c1b29704720015d9f4ae,3784.880458008416,540.6972082869166,Sudoku-iOS
5e96c85e958d250001320562,5e96c1b29704720015d9f4ae,5054.572747104271,722.0818210148958,Sudoku-Android
5ea35bf014514a0001c0cd9e,56c3a378adccd1cb7e00000a,4610.304033013858,658.6148618591226,Harry Potter
5ebc16f75ebede000128445b,57d1b461ae2b57d903000027,3569.128906817418,509.87555811677396,Solitaire Spider GP
5ec132b47c8927000121cb5e,5c530ada487e8c31b1ba7791,4416.785795730735,630.969399390105,Bingo Blitz
5ec133907c8927000121cb62,5c530ada487e8c31b1ba7791,8582.181761459557,1226.0259659227938,Bingo Blitz
5ed4e3b26d7abd00014975e1,561e8d936b8d90f61a001260,12518.924023066362,1788.4177175809089,New QuizDuel
5ed4fc06feb39e0001da38d9,561e8d936b8d90f61a001260,6855.957894581794,979.4225563688277,New QuizDuel
5ee009ec8ca79a00013f1b95,561e8d936b8d90f61a000455,58100.773970719034,8300.110567245576,IOS Spades
5ee34bb92df77a00014809fb,561e8d936b8d90f61a0014bb,7877.232805842545,1125.3189722632208,Traffic Rider Android
5ee8976e2df77a0001480c94,5af5b8f9e408f136156e7cae,91424.98647960961,13060.712354229943,ZEDGE Wallpapers & Ringtones
5ee96179d43e3a0001751cb0,561e8d936b8d90f61a000455,43580.60464768989,6225.800663955699,Android Spades
5ef316979c3a0300015b0a03,57d1b461ae2b57d903000027,15181.383714354342,2168.7691020506204,Art Puzzle - iOS
5efb5d6c93032a0001e65bce,5c05196699e4374b87bda3b9,98860.04022084134,14122.862888691621,Woodoku
5f032a3cad18570001b0cdb6,561e8d936b8d90f61a0014bb,6169.515845201438,881.3594064573483,Traffic Rider iOS
5f07f6f990f19b0001fa32ac,575d1c861295e1447c0000e5,217553.39365187217,31079.056235981738,Lark Player
5f08e579e9abb60001857252,561e8d956b8d90f61a0027d2,20954.273475445076,2993.4676393492964,Tetris® iOS
5f2327451c80d20001311b3a,561e8d946b8d90f61a0017d9,3873.5655175341226,553.3665025048747,Cooking Madness
5f293a77fd8df300014e46b8,5e05c0a26057ae0017e7d51c,8917.313789326154,1273.9019699037362,Dating and Chat - Maybe you
5f2d0c03f503650001351c59,5b1f351e3eddeb10ce7fa54c,6442.8370427547,920.4052918220999,Water Sort Puzzle iOS
5f33efea7aae9f000162155d,57d1b461ae2b57d903000027,34687.58101216015,4955.368716022879,Art Puzzle GP
5f3fcad2f503650001352dfc,5c05196699e4374b87bda3b9,92086.79706115754,13155.256723022507,Woodoku
5f45ffa82f1f7c000130fe19,5f45fb2f150074001547df11,17143.623585597925,2449.0890836568465,トリマ-移動するだけでポイントが貯まる
5f45ffd8256e1b0001a4189a,5f45fb2f150074001547df11,12347.830420613975,1763.9757743734249,トリマ-移動するだけでポイントが貯まる
5f58b1eb58401a000165c9f7,5f58b1ac675b0600157e7105,5530.5614530728335,790.0802075818334,Solitaire Cash
5f5ba15b8b44650001cad5b7,56d55c72562b9c353800000d,11154.558631117463,1593.5083758739233,Hole.io
5f74d53bf1c0751a159817cc,561e8d936b8d90f61a000d42,9202.121378923031,1314.588768417576,Lovoo iOS
5f74f7552f67893c0aa28ff5,561e8d936b8d90f61a000d42,4455.806355590576,636.5437650843679,Lovoo Android
5fa029b49f4c0275a7cf1372,5e3692d21cd3cb0018dd4329,5253.5920583593415,750.5131511941917,Going Balls
5fa1e909a1a78e5fc27dc5e0,561e8d946b8d90f61a002019,20791.751717442363,2970.250245348909,Tubidy Fm Radio Music Player
5fa43a77959e8551bb20d2be,57d2eef0e719d7871d00006e,5261.614174664615,751.6591678092308,Domino!
5fb608ab1484ff2728bfc6c8,5fb606d23069cd0015df7a85,3658.5044966126607,522.6434995160944,blued-iOS
5fd1db884a9ae275930ef975,561e8d936b8d90f61a000662,14933.75789183472,2133.393984547817,Solitaire Android
5fd720c84a9ae275930efc9e,5fbcac40ba624b0015a61709,6354.165247061996,907.737892437428,OK캐쉬백
5fdfae0fc5d4c9ab8efa6701,57d1b461ae2b57d903000027,49982.666153382634,7140.380879054662,Number Match IOS
5ff626a1780aa354b419e1da,56c3a378adccd1cb7e00000a,3952.3175891349947,564.6167984478564,CSR2 iOS
5ff67536418070451b70740d,56c3a378adccd1cb7e00000a,4864.588632733609,694.9412332476585,Boggle With Friends: Word Game
60112a9e7e07f1c9680afb81,60112a3ed3c4a000156a31d9,10331.023378374557,1475.8604826249368,Dice Dreams
6035b4c3019023aabed66830,602ad40427689c0015fb2d9e,10611.54459907344,1515.9349427247773,PhotoCircle
60370bfa488877a0ea0bb3c4,561e8d946b8d90f61a001509,9645.616978464252,1377.9452826377503,My Talking Angela 2 - Android
60371993488877a0ea0bb3d5,561e8d946b8d90f61a001509,9184.246262694924,1312.0351803849892,My Talking Angela 2 - appstore
603cf6d080c4a228357168ea,5b1526a7de961d3317b1d475,95786.6995852247,13683.814226460672,Happy Color iOS (NEW)
6049dfc28457e34b9883e80a,57d1b461ae2b57d903000027,38417.02337270325,5488.146196100463,Number Match GP
604efa9b34395e0dc2003e85,604ec2ae5a93950016a63fdd,6037.756581668171,862.5366545240244,DWG FastView iOS
604efb2b72c6ac4fce8f3b80,604ec2ae5a93950016a63fdd,10948.20947940904,1564.0299256298629,DWG FastView Android
6051fadcdec34f1e8a8888cc,64075f57d6da1900141e5aba,7261.48665045812,1037.3552357797314,"Sweet Crunch - Matching, Blast Puzzle Game"
606a4bfe98071b6c2e623c92,561e8d966b8d90f61a0033c4,5643.414982213053,806.2021403161505,Zen Match
606f2ffdd37415b54988d988,561e8d936b8d90f61a000455,4848.955389971705,692.7079128531007,Bubble Shooter
6076bd25c69dedee4130b263,583c02c932ec4ba51300037e,35362.34256005752,5051.76322286536,Soccer Super Star
60780915a89ffffc0c0a1ed2,561e8d976b8d90f61a003fcf,6536.5586584355515,933.7940940622217,YouCut
60891c6075dd9017131842c0,5b0fc58f19829714e5ad0d2f,4545.650523679108,649.3786462398726,Skip-Bo iOS
60891d3bc6ed3ae6ebd0cf3a,5b0fc58f19829714e5ad0d2f,6765.6315636397585,966.5187948056798,Skip-Bo Android
6096c9f8bd9b731a51e9b0ad,6096c425afa24b0015e74f6f,3807.0749470609126,543.8678495801304,EZMatch iOS
60994b96c5d1524132e8e1a7,56d55c72562b9c353800000d,13449.90515670549,1921.4150223864985,Mob Control
609a2fe4c5d1524132e8e230,583c02c932ec4ba51300037e,45707.29720850411,6529.613886929159,Soccer Super Star
609a8393c5d1524132e8e288,56d55c72562b9c353800000d,18492.149476246894,2641.735639463842,Mob Control Android
609cb1ebeaf8e5066276b1eb,609cb17937f3bf001593dd55,8165.546995557814,1166.5067136511163,TownWiFi by GMO
609cb24169d50614b1e5333c,609cb17937f3bf001593dd55,18176.272226035213,2596.6103180050304,TownWiFi by GMO
60a4e1d7cf4957c21093d8e3,5c05196699e4374b87bda3b9,11898.928650539996,1699.8469500771423,Triple Tile
60a4e1e3cf4957c21093d8e8,5c05196699e4374b87bda3b9,10661.06558755838,1523.0093696511972,Triple Tile
60ccb45348b73dee1c482975,5b5ec3e8337f272131edc824,3638.576050209012,519.7965786012875,Pocket Champs
60ccb4ca950f6127ef6c8e16,5b5ec3e8337f272131edc824,3807.2006530136155,543.8858075733737,Pocket Champs (Android)
60ffae7e872d936336e6b023,5ac42fbc4ef24f72ce45d5e7,5661.161710284188,808.7373871834554,AppLock
61039d3df7710e5ef764c1dd,5e96c1b29704720015d9f4ae,3561.677061536465,508.81100879092355,Video Downloader2
6103ceacdf8b0d54672519dc,5e96c1b29704720015d9f4ae,19512.786114814895,2787.540873544985,Solitaire-Android
6103cef0a6f0bdd3444a5fdb,5e96c1b29704720015d9f4ae,6558.080918801308,936.8687026859012,Solitaire-iOS
6108f3b21706e3c5daa69d0e,6108e61a892d1200173b458c,11081.437253111051,1583.0624647301502,WEBTOON: Comics
610a9babaf13cf5a53374730,610a97385335b40017097b19,5162.6148918018735,737.5164131145533,Supreme Duelist Stickman
610ccc6c9c3ae14ea4312862,5c05196699e4374b87bda3b9,6054.847902685153,864.9782718121647,Get Color - Water Sort Puzzle
6111ed034fa8e426cba05ace,6108e1635335b40017097948,105194.99629988818,15027.85661426974,Vidmate
611bbee5350eb6e37c140bf6,5fc671cbba624b0015a61bf1,10078.005713237753,1439.7151018911077,Overturn Military
611bbf6a80cc92b96866ad3b,5fc671cbba624b0015a61bf1,14545.215697250776,2077.887956750111,Overturn Military
61255f5005522425917c9138,612549a07d54b700104c6ae3,4155.245035807773,593.6064336868247,Project Makeover
61255fc7e1c507583895150c,612549a07d54b700104c6ae3,6457.417681911737,922.4882402731054,Project Makeover
6130d1b1e4bcd916bfa188d5,561e8d936b8d90f61a000c29,3965.2279351117895,566.4611335873985,Online Soccer Manager - iOS
613b6aa33e4cfafb2cc12dd8,5c77abceef995c60fecc3f39,4433.3279697281405,633.3325671040201,iFunny Android
613b6b43712d08f9fac3c118,5c77abceef995c60fecc3f39,16154.021718642973,2307.7173883775677,iFunny iOS
61405fa047e8ae6d60071605,5d8880f1444f7200181b5e1d,4798.3917701593355,685.4845385941908,Match Triple
6143d4a752720098b7949a4a,5f064bf93191d60018f0fd5a,4200.5713077554365,600.0816153936338,Match 3D iOS
6149cce5646a75dcf790f424,5c6a96f373ca3d6bbe3fff38,5235.420497219629,747.9172138885185,Gold and Goblins: Idle Merger & Mining Simulator(android)
615dd65a5e0f3b245d50aa97,57d1b461ae2b57d903000027,11130.955740847174,1590.1365344067392,Backgammon GP
616f5141d877b8dc18b84ead,5efd8ef70165690015e8b224,10347.765367900034,1478.2521954142906,Spades - Android
617abfcb5a0795a1213622a9,5efd8ef70165690015e8b224,4028.8028972647962,575.543271037828,Spades - iOS
61892a879919b001fb111a11,5d9454a0a212f000180a7d7b,3672.8340428275233,524.6905775467891,2248 Puzzle - Android
61892b97f2581e02e2bcdcca,5d9454a0a212f000180a7d7b,5171.063240524543,738.7233200749348,2248 Puzzle - iOS
618cc2e73093eef9fd699719,5e96c1b29704720015d9f4ae,6160.535328107237,880.0764754438909,Water Sort Puzzle - Android
619b54c0dfb892ac20d4c55c,619b548fc9c9c1001796f1f6,3730.144760269001,532.8778228955715,Solitaire Verse
619b54ec1e625bd45aa1ecdc,619b548fc9c9c1001796f1f6,7601.283252166466,1085.8976074523523,Treasure Master
619e4c9f799184ce269991cd,60112a3ed3c4a000156a31d9,9212.136011577712,1316.0194302253874,Dice Dreams
61a9f4b1cc2b76c9343879db,6107c3b4abaef100175b9029,9143.265442298312,1306.1807774711874,Eatventure
61b39c7552b97858d0b18270,61b39b8ac33ab1001726cb2d,5296.104274723461,756.5863249604944,Atlas Earth - Android PROD
61b6a422eba60866d9666610,561e8d976b8d90f61a003e81,4100.720748753245,585.8172498218921,CB_iOS
61c9990776261dfb959407aa,61c991a5fe4ec600172e5e08,21140.858093890813,3020.1225848415447,Moovit iOS
61c9994ec3aa9ecb8f64d131,61c991a5fe4ec600172e5e08,8199.280330828204,1171.3257615468863,Moovit Android
61e1aaaaabec5e9f2ed508c8,577a61dcda179a9c3f000089,4915.585292461117,702.2264703515882,Idle Bank Tycoon
61e5d5d49825bc1d318fdc60,59e4bb543f0fa9a20900afa3,7133.959269397104,1019.1370384853006,Lamar iOS
61ee350cd1b617148c976a59,5f064bf93191d60018f0fd5a,16038.792652707496,2291.256093243928,Wordle!
61f943f8445469a5aa7e6663,61f942f0ba92d00017cd7a43,8936.39099351802,1276.6272847882885,Baby In Yellow
61fbd43bbb5dc5ef7a216388,568b8cb3bb2089a80600000a,3732.3148949506312,533.1878421358044,Crossword Explorer
61fd167eb969e9afd12d5161,5fe2fafd6013fb0015208652,14692.816263107998,2098.973751872571,Mahjong Club
61fd17a90936fb0801aa04bf,5fe2fafd6013fb0015208652,9905.393512372606,1415.0562160532295,Mahjong Club
6204ba3d9a4a25900dde722a,610a5420abaef100175b924d,4251.711645425903,607.3873779179861,Dreame
620a06000b6dd752967c9c1b,573c1e4c69d550c903000024,3772.9159992527393,538.9879998932485,2723_Shoot Bubble
620bb0080b6dd752967c9f48,56cb43391ba696884900000a,3996.6884090852263,570.9554870121752,net.master.triple.3d.find_i_1620
62145348d6a1fb0de34bc483,5b975fcedc73276356309362,17691.22792717831,2527.3182753111873,Jigsaw Android
62227129431815d6a87ea5a4,5f064bf93191d60018f0fd5a,6308.643252041798,901.2347502916855,Wordle!
6226eb84e86004fd4e1a1277,6226eaddb6858a001bb4fb78,6188.419745537628,884.0599636482326,Multiple Accounts: Dual Accounts&Parallel Space
62275ffbd96ee2a0b2bdcbb0,6107c3b4abaef100175b9029,8816.958057021133,1259.5654367173047,Eatventure_IOS
622b3099f2283d7a001c007c,5b975fcedc73276356309362,10181.080957614278,1454.4401368020397,Jigsaw iOS
62314e03f09a34c4383095da,622f25f89bc0cb0014c6c06f,59840.16394508501,8548.594849297859,Pure Tuber
623295f974db3897502144d0,6226eaddb6858a001bb4fb78,5617.562734065599,802.5089620093713,2Accounts - Dual Apps Space & Multiple Accounts
62330ef11261eebebcaf40a0,622f2440e19c1e00147fc083,12007.526772917041,1715.3609675595774,Vanced
623a9298a2335a0f5b77a0aa,5efeed113191d60018f0f4e0,11034.29311340396,1576.3275876291373,LINE：ディズニーツムツム
623a937c155ef61249701f2b,5efeed113191d60018f0f4e0,22139.721615460017,3162.8173736371455,LINE：ディズニーツムツム
623d282d1357d77504c26356,623d267a77ab250011858b6d,25387.040251661834,3626.7200359516905,PLAYit
62443b1b5ea4246a988f8f4b,573c1e4c69d550c903000024,3569.0620841354976,509.8660120193568,2712_Shoot Bubble - Pop Bubbles
6246cd584809ec692bfde5d8,5fe2fafd6013fb0015208652,6161.434162417788,880.2048803453982,Chess Club Android
624d1d920ea4f6b17766ae63,606c7bac7a37680015801ad8,586915.2718641626,83845.03883773752,Block Blast-ios
6256abb9779aeeff574078ba,6256ab6a408c570018e1ef24,6541.287089256173,934.4695841794534,Fun Offline Games
6256c62214e8da0a085db7fb,5c05196699e4374b87bda3b9,11284.549450397199,1612.0784929138856,Get Color
6257f8967c1864a5b530fda2,624fcf9241887a0018618c00,47214.9693293809,6744.995618482986,GoTube
6257f947978c35cea67ef455,624fd1d81bad4b0011a0d52c,15708.197354263151,2244.0281934661643,DailyTube
6257fac5978c35cea67ef45f,624fd55d426bbc0011d5578d,24299.246676124156,3471.320953732022,Oitube
62581e128118d7c8a40aec80,617916e8f3ef190017a83854,3657.7790863004025,522.5398694714861,Currency Converter Plus Android
625d3d93b090bdfbd3c527c0,568b8cb3bb2089a80600000a,11746.897266752629,1678.1281809646612,Word Search Explorer
625eaf7743b3a022a19d93be,621e7a3f257d5f001422669b,8273.709328480965,1181.9584754972807,Animal Kingdom: Coin Raid
625eafbe443b2f1fa136e3e5,621e7a3f257d5f001422669b,6704.661931038916,957.8088472912738,Animal Kingdom: Coin Raid
6266b49b6a7efba7e6ccbbe1,561e8d966b8d90f61a0033c4,26031.567400856387,3718.795342979484,Travel Town iOS
6267b266886bc70496f956fa,561e8d966b8d90f61a0033c4,38753.99837328873,5536.28548189839,Travel Town Android
62684160e2a0ef078b8fc737,56c3a378adccd1cb7e00000a,9861.273605072613,1408.7533721532304,Toy Blast
626841d0d03ae7f7395fdc62,56c3a378adccd1cb7e00000a,13302.991896104772,1900.427413729253,Toy Blast
62684259b7fb3d4fd5c5fb13,56c3a378adccd1cb7e00000a,16441.879983339542,2348.839997619935,Toon Blast
6268445fe544d565a3f73230,56c3a378adccd1cb7e00000a,30189.234536711123,4312.7477909587315,Toon Blast
6269a09080648a204f5b38eb,62223b5eb6858a001bb4e17c,6322.735175123459,903.2478821604942,Web Video Caster iOS
6276cb2872361e0c07c98cec,6276c973f70e7c001895be79,24335.31653076155,3476.473790108793,Geometry Dash Lite
6278efc2dbdc9ece34f3c0f4,6278dcc4c6ef5800188dbe1e,6347.3799624528365,906.768566064691,Gallery
627a7fad9a5916612c6cb77e,5a53889945eaab512501251e,13092.597180734021,1870.3710258191459,IT-PM_Futbin_iOS
6285b5e6ed05d2b72d7d2d9a,5e96c1b29704720015d9f4ae,20108.42444686366,2872.632063837666,Ball Sort Android
6286157287862c977f37336a,628613f18fd8f10017157a48,7730.969597005083,1104.4242281435834,apkpure1
628b5fbc2aae43fd12071c3f,607d46752ca90f00153876e8,16864.744509140794,2409.249215591542,2 Players iOS
628b67c33897e262a2a04e7f,607d46752ca90f00153876e8,4354.590618890649,622.0843741272356,2 Players (Android)
628caa38209aa59215f0cde3,58adf6988e52ab4d320004d1,11097.044300181087,1585.2920428830125,Cookie iOS
6295ff7c3987b19e74b43c3e,6276c973f70e7c001895be79,20790.12367488108,2970.0176678401544,Geometry Dash Lite Android
62969da4f61819e3deac9816,561e8d936b8d90f61a000455,7073.04571999158,1010.43510285594,Dominoes
6297c6dc3987b19e74b43fac,62223b5eb6858a001bb4e17c,9496.85594259857,1356.69370608551,Web Video Caster Android
6298c1a502725ce5f8955ee4,6298c12ee18acf001be07064,6296.376213192848,899.4823161704069,Match Masters
629f2140087f92feaebc3a88,629d92e3affdb4001b645f5a,3580.630237399657,511.51860534280814,JanaTube
62a0dc1c93d8b90a44a85847,622a3f10c690c40013e4728e,105192.70738159395,15027.529625941994,TextNow iOS
62a0dc588e56934e78819436,622a3f10c690c40013e4728e,125871.10682999078,17981.586689998683,TextNow Android
62a7ef0ce27cbecf021d2461,62a1815d11112f001a291752,6628.829559538628,946.9756513626611,Hops
62b055e06894d1a44ef4d3a7,626a9cd05d54fa0018b746b3,32811.464123378886,4687.352017625555,1Weather Android
62b12bd96894d1a44ef4d55d,62a858f7348a840017e80ac5,5690.449739827841,812.9213914039773,C1-英语-Moboreader
62b12c207ce32c085974b360,62a858f7348a840017e80ac5,5098.405783732982,728.343683390426,C1-英语-Moboreader
62b3097379d2cf51a40f50c5,56c3a378adccd1cb7e00000a,3685.5708363583844,526.5101194797692,FarmVille 2: Country Escape
62b30a1cc811d8c31632389d,56c3a378adccd1cb7e00000a,4819.14986514462,688.4499807349457,FarmVille 2: Country Escape
62b9bf18ca3b3113d9762db1,62b9ac4282628b001b5ab74a,88593.13734488445,12656.162477840637,TextFree iOS (53)
62bf067becdcebd553113997,62b9ac4282628b001b5ab74a,6048.873994711561,864.1248563873659,TextFree Pinger (57)
62bf07c073e8429ca7098700,62b9ac4282628b001b5ab74a,17506.03567089504,2500.862238699291,TextFree Ultra (9)
62bf12cedfd4fcbf8613388f,5cd2a8723b1ebe0018ed251b,5435.285267530822,776.4693239329746,Cashwalk
62bfde415d756f0de97c227a,62bfddc4553335001b671041,4608.235178487161,658.3193112124516,워드빗 영어 (WordBit으로 잠금화면에서 자동학습)
62c183465c7d074a7c25f80a,5af96cda0bf9c14aa04bb8a8,3706.0477840033805,529.4353977147687,Survivor!.io
62c29d4a89f2e5795d8cf2c8,622b9915ac4bf1001715b790,4839.031057054803,691.290151007829,Bubble Witch 3 Saga
62c29e6973e8429ca7098ace,622b9915ac4bf1001715b790,8514.337509480281,1216.3339299257545,Bubble Witch 3 Saga
62ce7ef68cd2f0b72c87b683,629f58df585252001b83d5f1,23904.546382999662,3414.9351975713803,VPN - Super Unlimited Proxy
62d0fd8e3761ed0089d9b6b2,5e96c1b29704720015d9f4ae,6019.26206599378,859.8945808562543,Ball Sort iOS
62d1327ec3490026ce022211,62d1322c42406e001be69514,5108.779585458305,729.8256550654721,Fun Runner
62d5275500cb8a913fd2b4dd,629f58df585252001b83d5f1,78956.60853256218,11279.515504651741,VPN - Super Unlimited Proxy
62d7177a2c28498978532511,561e8d936b8d90f61a0006b6,3620.48455152959,517.2120787899414,Golf Clash
62d7181b772704ae6a531587,561e8d936b8d90f61a0006b6,3996.503939062177,570.9291341517395,Golf Clash
62dbbd2d0292f74d5c09177d,62a858f7348a840017e80ac5,7990.628867834672,1141.5184096906673,C4-BestNovel
62dbbe4cb6d3d2d57f0a51df,62a858f7348a840017e80ac5,4394.712450322344,627.8160643317634,C4-Bestnovel
62e67cbbf08f6acac5cfc7d4,6228871f2435180014928c15,6974.056279330172,996.2937541900246,Almosaly IOS
62e9283565ec0d99f0f0fb77,5fc671cbba624b0015a61bf1,7058.026636208977,1008.2895194584253,Hotel Master
62e93c3863ecb481c7bc9b94,5fc671cbba624b0015a61bf1,16517.081761618523,2359.583108802646,Hotel Master
62f1051ffaf12b2a7ad9a1d1,62ea666c62b76e001b3eca4f,4994.281277359522,713.4687539085032,Tanks Blitz
62f26e8e348007e331ea2907,6247027c20721a0018bb6528,71599.53452046448,10228.504931494926,Dream League Soccer
62f26eace36b0fcf8cd64d02,6247027c20721a0018bb6528,115805.98798930724,16543.712569901032,Dream League Soccer
62f47a1d8a0eaaba3f3b6e30,5b975fcedc73276356309362,25569.439419868235,3652.7770599811765,Zen Color  iOS
62fca664c48903a6689672c4,62f4b9c1a0cd3e00172cfe1c,12348.869212174142,1764.1241731677346,Parchisi STAR iOS
63021b704b6012824b206f74,619b548fc9c9c1001796f1f6,4624.768457287474,660.6812081839249,Ball Bounce
6303b22b512c44f4b6d6fce3,62f4b9c1a0cd3e00172cfe1c,4810.449476826867,687.2070681181239,Ludo STAR iOS
6303b36532b01d410e2d4eda,62f4b9c1a0cd3e00172cfe1c,23547.274551398474,3363.896364485496,Parchisi STAR Android
6303b3bcdfba53d4f73a8a26,62f4b9c1a0cd3e00172cfe1c,6087.748040710901,869.6782915301286,Ludo STAR Android
6306068eadc5c5493fa01c91,62f234d9f81a3c001bde7c25,29751.652387531132,4250.23605536159,MX Player 11
630d7d8fca9f4b92d428866d,6306eef82a4be1001b2de06e,4249.708296523322,607.1011852176174,Tolmil(i)
630d8e9e012ff9557822bc4c,630d8dbfb1095d001bb0f04a,12471.629428945895,1781.6613469922706,Muslim Pro Android
630db358adff6b6e29fde846,630d8dbfb1095d001bb0f04a,7216.015237709463,1030.8593196727804,Muslim Pro iOS
6315b8bb85b5a14b0bbc9454,6315b8713c59f7001bacf8fb,16934.659339304686,2419.237048472098,PocketFM Android
63171a7ae52f97968884a5f7,5d53cf81ff5bd700186c5f35,4828.229490506121,689.747070072303,Save The Pets
631afd1248a0f788d7762b15,647deb456149810011be5192,10133.721820030838,1447.6745457186912,Cryptogram: Word Brain Puzzle
6321bbd636535c0cf813b170,630dd09a2334a0001b28ad73,9450.449876271481,1350.064268038783,terabox
63246d89d3a73abffd99d98b,57c05f735b2bd4fa24000030,4098.839821696563,585.5485459566519,figgerits
6329971ad3a73abffd99e1d8,63230c88d6e567001b15e2e1,8731.810574715808,1247.4015106736867,Parallel Space
632cc5c80ca02c6344d51818,622b9915ac4bf1001715b790,16485.284658394725,2355.0406654849608,Farm Heroes Saga_iOS
632cc65fb9383affd1497167,622b9915ac4bf1001715b790,41882.44201080228,5983.206001543183,Farm Heroes Saga_Android
632cc70d35cc2d93ebf3b2d5,622b9915ac4bf1001715b790,162478.35163377103,23211.19309053872,Candy Crush Saga_iOS
632cc7810ca02c6344d51822,622b9915ac4bf1001715b790,244419.93960936338,34917.134229909054,Candy Crush Saga_Android
632cc7ff0c0bbbf867b264ab,622b9915ac4bf1001715b790,34696.46515353019,4956.637879075742,Candy Crush Soda Saga_iOS
632cc883144718961252fcd2,622b9915ac4bf1001715b790,75108.80561087756,10729.829372982509,Candy Crush Soda Saga_Android
632cc919d3a73abffd99e8af,622b9915ac4bf1001715b790,4303.610956542028,614.8015652202897,Candy Crush Jelly Saga_iOS
632cc99bd3a73abffd99e8b4,622b9915ac4bf1001715b790,4120.423060757757,588.6318658225367,Candy Crush Jelly Saga_Android
632ccc760ca02c6344d51837,622b9915ac4bf1001715b790,5495.815408919099,785.1164869884427,Pet Rescue Saga_iOS
632cccde0c0bbbf867b264c3,622b9915ac4bf1001715b790,10447.620401243716,1492.5172001776737,Pet Rescue Saga_Android
63340ee0c8463b8aca742188,63340ea7b82cec00137c42f8,6474.035441599976,924.8622059428537,Macadam iOS
633549fb3901c096a37b2893,606c7bac7a37680015801ad8,379451.4026651135,54207.343237873356,Block Juggle—GP
6336c08284d3dbb5c1b2fb22,58adf6988e52ab4d320004d1,16066.827209276682,2295.261029896669,Gossip Harbor: Merge & Story
6345c091c17e333ca212effc,6315b8713c59f7001bacf8fb,23845.505832745966,3406.500833249424,PocketFM IOS
634d6667e3250700d2b15b85,628dd078e4d67500147c6cc2,7000.485692107894,1000.0693845868419,Mini Soccer Star
635c82c580ffd789c87804ac,63465886049244001b5accb2,4707.89177659531,672.5559680850444,GoGo
6362364f952ac005717d7cb4,64631cb61aec7f0014e2bfed,4823.991335953504,689.1416194219291,Zombie Waves
63764fda650877c584196fbe,5fe2fafd6013fb0015208652,9237.01258404169,1319.57322629167,Sudoku Android
6377904574b3e203dfb81037,577a61dcda179a9c3f000089,7151.806337494342,1021.6866196420489,Idle Bank Tycoon
63807bee031be5e76fb1fec2,6376f00f3d02dc001b2940b6,7428.159774565289,1061.1656820807555,MiChat
6384938d1e0c734133a722a4,561e8d956b8d90f61a003069,26272.377320634492,3753.196760090642,Amerigo File Manager iOS
6385c45b882d129fcf7cb6d9,63857a9148202e00149fcb08,19107.008653193414,2729.5726647419165,Merge Cooking-IOS
6385e7e830da92c237a88a9d,5fc671cbba624b0015a61bf1,4595.178910367739,656.4541300525342,Vehicle Masters
638b435df24a60fa7fe0015b,638b3f012fb066001b8262d1,9697.178575837775,1385.3112251196821,TTD
638badd694d1fb9053c85621,638badabfc61bb001443e715,74435.44767637264,10633.635382338949,Locket iOS
638ee5c8643198f9a752c1f6,6375b18dfdfa75001bf507e2,4574.91680173425,653.5595431048929,Goods Sort - Match Master
6391efd28b0dbf18b5386177,638b3f012fb066001b8262d1,10298.238695545506,1471.1769565065008,all down
6397297dc977f9a89b88a281,5e835e2eff9aca0015e0fd03,5003.867930185692,714.8382757408132,Spider Fighter Open World
63974e72c5c2a3f1faf76b37,57d1b461ae2b57d903000027,9175.56049864093,1310.7943569487045,Backgammon iOS
63a2bd7b78427e936e004a8d,63059267cf2375001ae03848,4613.937908671099,659.1339869530141,易视云
63a2f78e19efc36999474f70,6264fcbf56d5fd0011a66a2e,4071.852412800566,581.6932018286523,test1tube
63ae90ce8d9ff5d9d956e345,5dee0fe5eb22e8001714f2dc,6602.692671773092,943.2418102532989,M61
63b66a4beaf2443e5329bd1c,6375b18dfdfa75001bf507e2,6677.60069158258,953.9429559403686,Goods Triple
63b7bf0fa928816f6c42effc,64075f57d6da1900141e5aba,20504.311636940245,2929.187376705749,Tile Match - Match Puzzle Game
63b7c2a093f2224ffbb8b898,5f226465dd6eb70015f90d44,7370.118877310097,1052.8741253300138,Bubble Shooter Relaxing_Google Play
63b7ecaca0e27a3288582de4,583c02c932ec4ba51300037e,7007.152308989523,1001.0217584270747,Super Goal
63d77e2191f962a0f3ba0fbc,59baf611f2287a750a0034c2,121629.48550199413,17375.640785999163,Reelshort-iOS
63d77f6407dd8c480b4ebaa1,59baf611f2287a750a0034c2,177650.15856117426,25378.594080167753,Reelshort-Android
63dd0e73ff93460cff697297,568b8cb3bb2089a80600000a,16976.90780372287,2425.2725433889814,Word Search Explorer : Fun Game
63e074c07c445b3cfb1b94f7,63e0726b0dce2900138bf123,7563.069848388132,1080.4385497697333,Bilibili
63e0751c6d911e9e2816c10c,63e0726b0dce2900138bf123,9505.53514570273,1357.9335922432472,Bilibili
63e2269d7b1d4f56303514fb,63c7b6b2f22ae3001457f1fb,5780.923564403716,825.8462234862452,Alarmy - Android
63e326a43efda38ea8c0fed5,63d229657d9fc60014b1afdf,3956.0338946262223,565.1476992323174,Merge Studio And
63e362fd4e7898566e42de21,6364b12e3ad6c7001711d812,4113.272023802379,587.6102891146256,Blossom Match - Merge Flowers
63e458023f1b40cf6d5e33eb,63e35991bbe8fa0014380604,21926.832881829414,3132.404697404202,GoodNovel - Android
63e45b777395f8d576e4d44e,63e35991bbe8fa0014380604,9626.073013092304,1375.1532875846149,GoodNovel - IOS
63e6fac461bfc1111d01f4ea,63e35991bbe8fa0014380604,3782.423596838872,540.3462281198389,Buenovela - Android
63f4bec738bbf8348e5de7ed,63f2d8738495cb0015019d7e,4623.877067772742,660.5538668246774,Music player
63f6d6cb9d9df773029fe9c1,63059267cf2375001ae03848,6044.14852552723,863.4497893610329,EseeCloud
63f9bfaac8a3adeead40e9c0,5c657afed9e6e60012bab5d9,11058.342327577902,1579.763189653986,com.lmr.lfm
63fc87836955582402c92c23,63fc7f1c3ad98c0014e9d076,10506.668955570867,1500.9527079386953,Vedu
63ff39ab1e40c644de13073f,64075f57d6da1900141e5aba,11037.042378038896,1576.7203397198423,Tile Match - Match Puzzle Game
6400d8af2fedc3f1a4d8207f,561e8d926b8d90f61a00013e,13084.267619354472,1869.1810884792103,Carrom Pool
640554dbf2aab3d34f7b4432,63f725cfaa034900149db38c,39631.55509263566,5661.65072751938,imo_stable
64055668fe5d0fc275c5880f,63f725cfaa034900149db38c,10957.233675044374,1565.3190964349105,imo_hd
6407bfeaff549a001a163e13,5ec6f4dbdae5f50015c2980b,5498.152085851471,785.4502979787816,Melon Playground
64085e4000b0a652d3aaf1b5,63857a9148202e00149fcb08,14791.434821081357,2113.0621172973365,Merge Cooking
6408c6335f2edf398c67c208,5ec6f4dbdae5f50015c2980b,17690.28957792957,2527.18422541851,Melon Playground
6409d1427175976e265c782b,5e96c1b29704720015d9f4ae,3668.100897777823,524.0144139682604,Cross Math Android
6412fad6dc4ce839176d0e76,6406dc222ecde6001489f995,13591.00101946126,1941.5715742087516,Litmatch—Make new friends Android
6412fbc3460313888d55020e,6406dc222ecde6001489f995,6850.698100018188,978.6711571454554,Litmatch - Make new friends
6413698f6e7664ba85e052b5,561e8d966b8d90f61a003414,3864.368600208131,552.0526571725901,Stumble Guys
641854429091f900e1111e9a,59e4bb543f0fa9a20900afa3,14988.538959915846,2141.2198514165493,Glow: Fashion Idol iOS_CL
64185442e87be9678a7bc049,59e4bb543f0fa9a20900afa3,4114.401348367399,587.7716211953427,Glow: Fashion Idol Google_CL
641bbdc51e0260737618e232,5b975fcedc73276356309362,43421.96164987125,6203.137378553036,ZenWord iOS
641bfa4c6f466643734741e8,64131058280ea30014b0ed99,11839.726666631475,1691.3895238044965,LINEマンガ
641bfa9d59356be2e54a1d90,64131058280ea30014b0ed99,12424.58703653549,1774.9410052193557,LINEマンガ
641c54b44e8910abf4bdad7e,5e072f709b72ee0018763bc3,5111.413760470207,730.2019657814582,Pirate Treasures: Jewel & Gems
64219729dd087c60bef127d1,641d8986be2b36001370ca2a,12867.495690410604,1838.2136700586577,Mackolik Android
6421975d2401c991de092482,641d8986be2b36001370ca2a,9651.168839700116,1378.7384056714452,Mackolik iOS
6422c9bc716f711ab2e01b0a,6422c3cb80513f00143dca6e,3791.9528370761313,541.707548153733,Sweat Wallet
6425f150c4d8b0bedab9783e,5fe2fafd6013fb0015208652,10361.773367936066,1480.253338276581,Tile Club
642eeb44c80b214ca21006f6,619cc4d31a366f0017fe8d06,10416.416337125578,1488.0594767322254,Remini AI
6437bbf28cbfdaf80ef2afb2,617916e8f3ef190017a83854,7345.538118969351,1049.362588424193,My Calendar - Period Tracker
643cdb6ab5bf3c7798346f73,561e8d976b8d90f61a003fcf,13692.45702436499,1956.0652891949987,Peachy
643ce00e6c9fd54552e581e0,583c02c932ec4ba51300037e,22245.887168100555,3177.983881157222,Football League 2023
643e8e4f6c9fd54552e584de,619b548fc9c9c1001796f1f6,4766.7732038771255,680.9676005538751,Sugar Rush Adventure
64493fbeabeffd039af2d895,5e835e2eff9aca0015e0fd03,6632.338910621126,947.4769872315894,Spider Fighter Open World iOS
645243a50ccf9ed0c9ba14b7,619b548fc9c9c1001796f1f6,6597.35748057465,942.4796400820929,Wooden Puzzle Bliss
645f842a0a8b8a88322d5b22,645f83ad1aec7f0014e29dbb,6368.082133873502,909.726019124786,Hi Waifu
646473bff2d97627bcb1a011,6925ce915b68cb80b689803c,3764.679953935514,537.8114219907877,Videocash
64686dae6ac24ac5866284fd,645db622ff6cc50014413271,8401.270301155739,1200.1814715936769,KJV bible now iOS
646b0d38b06633af5707dfca,583c02c932ec4ba51300037e,62068.77745649691,8866.968208070986,Football League 2023
647065abfed1e7a7ec4ab3bf,647064a3001eb40011826210,4025.59950575153,575.08564367879,Truck Simulator : Ultimate
64781b96dac1393f38b604ca,5a57133a3610bbb671016ff3,6367.20996194727,909.6014231353244,Cake Sort - Color Puzzle Game IOS PM D2M
6478799b11f74ed45246d305,6247027c20721a0018bb6528,11038.933502681797,1576.9905003831138,Score! Hero
647dbe0bb7a4c97fb3997264,64075f57d6da1900141e5aba,13316.974786361106,1902.424969480158,Dream Island - Match 3 Games
647febe9eceab671ee15db3c,630dd09a2334a0001b28ad73,16778.946810851972,2396.9924015502816,TeraBox
6482e37be6783160ceb11570,5b975fcedc73276356309362,4275.058517147707,610.7226453068153,VitaSolitaire iOS
6482e3ce2f5f1f435620fdaa,5b975fcedc73276356309362,3568.13173598963,509.73310514137575,VitaSolitaire Android
6486daf5ca87de90227bd02b,6486da2ba6bfa20014cb5d31,3635.7494125409557,519.3927732201365,Cricket Line Guru
6487cb65721f160ac5302d11,63e35991bbe8fa0014380604,18733.64484192131,2676.23497741733,GoodReels-Android
648954542a2e454c7c0aba4e,63e35991bbe8fa0014380604,11805.051913549873,1686.4359876499818,GoodReels-IOS
6489c5bd2a2e454c7c0abb86,6489c502a6bfa20014cb8ca7,20341.874798065168,2905.9821140093095,widgetable
649acaccd89a1b3212020d26,649a9d5a29925f0011c63229,4330.360629486868,618.6229470695525,NovelFlow_iOS
649bd56d831ce850a706382c,6159d295979b9a001749fd59,11199.994739652027,1599.9992485217183,Linked Snake
649bd676831ce850a7063831,6159d295979b9a001749fd59,6981.291515654592,997.3273593792275,Linked Snake
649eeab39018de0fbec588f6,64803209bfd9aa0011593484,3568.8014796632065,509.8287828090295,Yatzy - Dice Game
649fd139847c940a560e47aa,64803209bfd9aa0011593484,5164.564094006557,737.7948705723653,Yatzy - Fun Classic Dice Game
64a3d611830ec394da008f59,63f725cfaa034900149db38c,52319.521270166195,7474.217324309457,IMO_iOS
64a41edf830ec394da0090b7,64803209bfd9aa0011593484,5650.408506047912,807.2012151497017,Solitaire - Card Game
64a41f5638325e04da4db2f3,64803209bfd9aa0011593484,4887.129930107014,698.1614185867163,Word Search - Word Puzzle Game
64a73307830ec394da009431,56c3a378adccd1cb7e00000a,3887.9599026123947,555.4228432303421,Empires & Puzzles
64a73392d89a1b3212021ab0,56c3a378adccd1cb7e00000a,9160.800089653752,1308.685727093393,Empires & Puzzles
64a7ee7b831ce850a706479a,61b84202dacbc60017383dd8,4500.0300913526935,642.8614416218134,HiTV:K-Dramas Base Camp
64ae9ed5faafda98af702482,6159d295979b9a001749fd59,5487.068700614966,783.8669572307093,Pizza Ready
64ae9f17830ec394da009d51,6159d295979b9a001749fd59,5040.297489834891,720.0424985478415,Pizza Ready
64afc9c087a62f8001c6a27d,64afadea4da41800114faaeb,152363.2570526622,21766.179578951742,MetroZone
64b0b1d66e62b478fe548be9,63465886049244001b5accb2,6227.202232843054,889.6003189775791,IndiaA
64bddfb4f5edf073b3bd3a34,64ba3523d63483001120ba5e,7487.934579970699,1069.7049399958141,Likee_Android
64c2648349fc2279edeb88f2,60afcdd4407e6d0018810836,4011.3893567807454,573.0556223972493,Traffic Escape
64c35f0db00399b5942add11,64c3551f1e5137001122d418,19496.365096734527,2785.1950138192183,Capcut_ios
64c35f65eaf5dbf4a692b175,64c3551f1e5137001122d418,96624.33353180379,13803.476218829112,Capcut_android
64c77a97b00399b5942ae28a,6364b12e3ad6c7001711d812,3868.188978511058,552.5984255015798,Blossom Match
64cc9fcad4592a1f1c805a2c,5b975fcedc73276356309362,32636.303556750994,4662.329079535856,ZenWord Android
64d2ee7416d5c6503302f4cd,63c7b6b2f22ae3001457f1fb,13697.569147563943,1956.7955925091348,Alarmy - iOS
64d9176a1acd31e87b5c7638,6489c502a6bfa20014cb8ca7,9290.721286331327,1327.2458980473325,widgetable
64da286899eac20203d759d8,647deb456149810011be5192,4401.792239494831,628.8274627849759,Cryptogram new
64db6180d4592a1f1c806bde,5f687c6436ca1e0016d5fd6d,10262.84456282218,1466.12065183174,SHAREit
64dd7e3dd0a59bea1ebdc488,62a858f7348a840017e80ac5,9743.846440087595,1391.9780628696565,MoboReels
64dd834e1acd31e87b5c7d36,62a858f7348a840017e80ac5,6622.210842404157,946.030120343451,MoboReels
64dd99c6d0a59bea1ebdc4d0,5e96c1b29704720015d9f4ae,5998.084730095091,856.8692471564416,Cross Math iOS
64de05bdabb23eee2a179c21,57d1b461ae2b57d903000027,6402.544370480895,914.649195782985,Number Sums IOS
64e4c1ec575deb9efd61dafb,64803209bfd9aa0011593484,4206.417697048774,600.9168138641106,Water Sortpuz
64ec9253047c0ca49c766f09,619b548fc9c9c1001796f1f6,8013.314431505589,1144.7592045007984,Balls Versus Blocks
64ec93557dd0db95c8120d68,619b548fc9c9c1001796f1f6,8426.259878731904,1203.7514112474148,Mix Blox
64ec9384993b2f0f1f1d1c9a,619b548fc9c9c1001796f1f6,13487.872222993798,1926.838888999114,Solitaire Verse
64ec93a0047c0ca49c766f17,619b548fc9c9c1001796f1f6,20385.78348236598,2912.25478319514,Treasure Masters
64ee188a4ca99f72ba7c5d70,568b8cb3bb2089a80600000a,11944.551191763587,1706.3644559662266,Tile Match -Triple puzzle game
64f1b74118744ab0e084130c,619b548fc9c9c1001796f1f6,4206.86260042953,600.9803714899328,Water Sorter
64f237afb680ca9e9f9856e1,5f064bf93191d60018f0fd5a,13078.142510918226,1868.306072988318,Hexa Sort
64f7008818744ab0e0841919,5f687c6436ca1e0016d5fd6d,44972.637367212184,6424.662481030312,Shareit Android
64f9e2ac8fb8ac04ca897cd1,57d1b461ae2b57d903000027,16072.004589880848,2296.000655697264,Easy Words GP
64fa2b1d875a08fe048906fa,62e85e3836ed04001b6d0adb,4340.919160645171,620.1313086635959,kik android
65006719a4f8fd44fc1731c4,61e93624cf7a710017932586,3740.1357160332263,534.3051022904609,myTuner Radio
65016fb65946c49eb49f6691,5f687c6436ca1e0016d5fd6d,3852.628431226128,550.3754901751612,Shareit Lite
650343fb60aebaee1ce34ae1,56c3a378adccd1cb7e00000a,4421.769642439928,631.6813774914183,Poker
650344a348832e941ea49555,56c3a378adccd1cb7e00000a,5099.919463141359,728.5599233059085,Poker
650363ddd38855ef54aae568,650360eb0950ee00114dc484,252550.42774463817,36078.63253494831,OfferUp iOS
6503642f5551fd9849db7a23,650360eb0950ee00114dc484,42467.77352726229,6066.824789608899,OfferUp Android
650410fbb30c764e0a11f51e,64678a9ed7125400115d9869,7084.110190088103,1012.0157414411576,Avast Antivirus & Security
650411ec5551fd9849db7aca,64678a9ed7125400115d9869,18160.039784768058,2594.291397824008,AVG AntiVirus & Security
650a64add38855ef54aaed95,606c7bac7a37680015801ad8,4208.259275124405,601.1798964463435,Sudoku-iOS
650c7d4548832e941ea4a1d0,561e8d976b8d90f61a003d3f,6305.467844893768,900.7811206991098,Everyday Puzzles
650c7dbcd38855ef54aaf1fc,561e8d976b8d90f61a003d3f,6751.077437707612,964.4396339582303,Everyday Puzzles
651283dcb30c764e0a120808,561e8d946b8d90f61a002087,3683.306298764608,526.1866141092297,Angry Birds Dream Blast (Spender)
651439edb30c764e0a120c14,61e93624cf7a710017932586,8877.723936926925,1268.2462767038464,myTuner Radio
6524875860aebaee1ce371d0,62e85e3836ed04001b6d0adb,13737.581124388267,1962.511589198324,kik ios
652528265551fd9849dba29b,627b73f7023d420018e2f038,3863.382868957607,551.9118384225153,Dominoes iOS
6525293d5946c49eb49f90da,627b73f7023d420018e2f038,3987.0526994878883,569.5789570696983,Dominoes Android
6525346160aebaee1ce37381,627b73f7023d420018e2f038,4873.075903205854,696.1537004579792,Number Crunch (Number Match NPC)
652534b55946c49eb49f90ee,627b73f7023d420018e2f038,4707.733335846498,672.5333336923569,Number Crunch Android (Number Match NPC)
6526703e4168a1c19383dcff,64803209bfd9aa0011593484,5070.29878993563,724.3283985622329,Solitaire - The #1 Card Game
65280eda3acf1b5f6538305a,6107c3b4abaef100175b9029,4348.732795548476,621.2475422212109,We are Warriors
652d6214814931c3829cb10d,65241b8db3ff7d001153bca8,11409.480041280962,1629.9257201829946,OneFootball iOS
6530ccf4814931c3829cb871,60dbe38e8ddaba001783e49e,3706.1098979078115,529.4442711296873,StarMaker
653a33af7b1a3c2b6f2b138a,5b975fcedc73276356309362,304167.02425512247,43452.432036446065,Vita Mahjong
653b335e95201dc8a91e3797,652f4aa5b1392d0011254622,7008.940667689549,1001.2772382413641,QR Scanner
653b724a7b1a3c2b6f2b15a0,5fc0a33dcb32b5001563f9dc,5275.489490788637,753.6413558269481,bubblepop.cannon.puzzle ios
6543f42929ee44e8782a2945,561e8d936b8d90f61a000455,3907.3496202667525,558.1928028952503,Crazy Eights
654400288c556a86968f45d8,561e8d936b8d90f61a000455,3837.4441207690306,548.2063029670044,Crazy Eights
6549f5da8c556a86968f5601,64ba3523d63483001120ba5e,8408.901156177923,1201.2715937397031,likee_ios
654a661c4c6c0e88028ac8e7,654511291f514a0011d49c74,4811.377016578751,687.3395737969644,Easy Launcher
654b71bbd1c31fd96c33fd73,6107c3b4abaef100175b9029,4337.987193281861,619.7124561831231,We are Warriors!
654cfadfcf969be4de4d8eb1,64b7f29fcca9af0011fd585d,5662.823754458101,808.9748220654429,Cryptoguru: Trading Simulator
6551f45e8ec95628af4f0fb4,643c740fc34c0300130c743e,21706.98947921111,3100.998497030159,vpnify_ios
6552da33cf969be4de4d9aba,5d53cf81ff5bd700186c5f35,5834.467644895195,833.4953778421707,Watermelon Drop: Fruit Merge
6553382acf969be4de4d9be6,65532f6b6cdf5900118d1f51,40749.11228306934,5821.301754724192,DramaBox
65533abc8ec95628af4f138d,65532f6b6cdf5900118d1f51,50295.49641746012,7185.070916780017,DramaBox
655c85f46d563178776cc1c7,5c05196699e4374b87bda3b9,6938.454033238865,991.2077190341236,Car Out Android
655f6d086d563178776ccadc,561e8d926b8d90f61a00013e,4282.818448778453,611.8312069683504,Head Ball 2 - Online Soccer
65607dea1df3e90d79a94614,5fc0a33dcb32b5001563f9dc,4799.397692761963,685.6282418231376,Nostal Solitaire iOS
6565d6d13eb26e8fe73a4926,6556edd16cdf5900118d56ce,8550.375039575907,1221.482148510844,YCC365 Plus
6566955ef2be8e652a92b3b8,5f064bf93191d60018f0fd5a,18290.18463015512,2612.8835185935886,Hexa Sort
65669d812e3a639ea9ea7acc,61b84202dacbc60017383dd8,3609.857501350009,515.693928764287,"HiTV - HD Drama, Film, TV Show"
656845fb0c33641a15cafb8c,64fece6f27f7020011a8b65f,4201.193364560654,600.170480651522,비트버니
656850b4e20427efa3fff47c,6556edd16cdf5900118d56ce,10484.22500283668,1497.7464289766685,YCC365 Plus
656f0c89e20427efa3001171,627b73f7023d420018e2f038,14153.568275302809,2021.9383250432584,Business Empire ios
65714019a5cc307500171031,655c62f25942160011cb5305,32231.27843018195,4604.4683471688495,ShortTV
65716832bac8a9b2d3df49d4,58b91be73e5caab04b000296,4612.797896014429,658.9711280020613,Triple Goods: 3D Match Game
65716f6c31ace18371faff52,655c62f25942160011cb5305,24296.187531468866,3470.8839330669807,ShortTV
6571994c0c33641a15cb39e4,655377ea6cdf5900118d252a,10673.99693368717,1524.856704812453,KJV iOS
657199b3bac8a9b2d3df4e94,655377ea6cdf5900118d252a,7463.159505862732,1066.165643694676,KJV Android
6571c9ecba6511036ea4df55,6570788bee73b50011dbb6f6,82325.41062457139,11760.772946367342,Eyecon
657346f307a456fc834c3d84,6570e082214fbe001194ec3e,6177.650376622944,882.5214823747064,Blitz - Win cash
657a0d1ce32ee9b92a27b29d,561e8d976b8d90f61a0045d7,7172.979422423678,1024.7113460605256,Wordscapes Solitaire
657a0dbbcb315bc80c03f796,561e8d976b8d90f61a0045d7,4251.120188631401,607.3028840902001,Wordscapes Solitaire
65802019356fbd1f45ff6c6f,64075f57d6da1900141e5aba,5137.542509944849,733.9346442778357,PiggyKingdom
659677f9c64ca439507c3d73,64803209bfd9aa0011593484,6029.778280673192,861.3968972390275,Spades Stars - Card Game
65979f2c5118aef8c276344b,5fc0a33dcb32b5001563f9dc,3590.079060735567,512.8684372479381,Nostal Solitaire
659e1333a5c8c578aac410f0,5b975fcedc73276356309362,494689.21400131023,70669.88771447289,Vita Mahjong Android
659e4c266cf70883bd095312,659e4bc13d46f600110781db,10537.382442116354,1505.3403488737647,Jagat-iOS
65a7a3491112bfaba3854ea8,653b61bc1f514a0011d4160d,3683.992935754297,526.2847051077567,dポイントクラブ_iOS
65a880066c7debc0a6b15c39,658a2fc2ab2b4800112923f1,15792.885605279866,2256.126515039981,XMEye
65a887bb26f437b17073e50c,658a2fc2ab2b4800112923f1,10674.634656397126,1524.9478080567321,XMEye
65a909094b4b5121d92d9993,5fc7301f7a7f0200153979c7,6643.1814078221105,949.0259154031586,Aged_Solitaire_IOS
65abce9f83257a2e7ed5569a,64b7f29fcca9af0011fd585d,6646.086912640753,949.4409875201076,Cryptoguru: Trading Simulator
65ae59c48c749c0555a5ed77,60f059faaf96d700177d115f,14266.895758900213,2038.1279655571732,Find Hidden Objects - Spot It!
65b1f4524affe7a8358ec6d5,6553339a84a9bc00118131d6,4089.911862933566,584.2731232762237,AutoClicker
65b3572e285feb2100626c91,5fc0a33dcb32b5001563f9dc,3603.103660998291,514.7290944283274,Take Off Bolts: Screw Puzzle
65b787f14affe7a8358ee665,60f059faaf96d700177d115f,14493.658818936376,2070.522688419482,Find Hidden Objects - Spot It!
65ba16acd5857e078ac1c087,64803209bfd9aa0011593484,4048.8216071074366,578.4030867296339,Spades Stars
65ba6971285feb21006299f0,619b548fc9c9c1001796f1f6,21549.311313178772,3078.4730447398247,Water Sorter
65bb6ddb285feb210062a044,65b10d6ad5f847001168a1ea,3552.817423128417,507.5453461612024,ДругВокруг
65ca6d4bf31d94e5290f757e,65ca6ad44e9fff0011d273b7,10120.835785301468,1445.8336836144954,AI Mail Home
65d1c3d37f94e82ba925da38,65d1b497a3d8e10011923d10,9179.609248305514,1311.3727497579307,BeautyPlus iOS
65d36a25d1b71b57183c27a8,65d36866a3d8e10011925549,9131.041373754699,1304.434481964957,Talkie
65d4163727332d35a876b095,65d404b895c34900110c8746,14076.23858185414,2010.891225979163,keepsmile
65d4477227332d35a876b142,6438b601943a92001427793d,9919.982618874083,1417.140374124869,D_12
65d490ed9a4122e9e0de916d,65d4907595c34900110c9204,21123.190334299507,3017.5986191856437,Android - Pi Network
65d4913c9a4122e9e0de9175,65d4907595c34900110c9204,7007.86889952043,1001.1241285029186,iOS - Pi Network
65d561f025cdf63cf9a2d059,65d47091444f8f0011416ee7,7833.526509944572,1119.0752157063675,V360 Pro
65d7922f27332d35a876bb68,58737456236d8f446400071c,8998.818655733648,1285.5455222476642,Spades Android
65d8037fd1b71b57183c34fc,573c1e4c69d550c903000024,5954.287754748276,850.6125363926109,10093 ColorBlock - Combo Blast
65dda6e425cdf63cf9a2e923,6582b6cb32ddea0011e06caf,3885.735422963686,555.1050604233836,UniversalRemote_Android
65dda91fd63f23ff922156aa,638b3f012fb066001b8262d1,13020.17130431364,1860.0244720448059,INS3
65ddede5d1b71b57183c4444,58737456236d8f446400071c,10430.84120077318,1490.1201715390257,Spades iOS
65defd197855ae2db35269a7,561e8d976b8d90f61a00418f,4597.840345105784,656.834335015112,Bricks Breaker Quest
65defe00d13c647695f4ec61,561e8d976b8d90f61a00418f,4177.507356522943,596.7867652175634,Bricks Breaker Quest
65df440fd13c647695f4ed88,64ecb0b0006b5a0011e57f9a,9337.163406125943,1333.8804865894203,Loseit iOS_Liftoff_Nimbus
65e5a4bfd13c647695f4feef,65e5a0f19e0d930011143dfa,3719.1063248444216,531.3009035492031,Whoscall – 防詐騙，交給來電辨識App
65e890a009143409c22e2531,65de2ed395c34900110d36bb,8769.178008911631,1252.7397155588044,Eureka iOS
65e8921a09143409c22e2536,65de2ed395c34900110d36bb,3521.468855928798,503.0669794183997,Survey Spin iOS
65e8c639c8510816ad30c479,649dcc52cc1081001190a228,4004.1422192520395,572.0203170360056,Pogo
65f15037e2703b0ee7fb2de9,5fc0a33dcb32b5001563f9dc,9617.532236192272,1373.933176598896,Screw Puzzle ios
65f1b1c0e37910f3193e4b57,561e8d956b8d90f61a003219,3694.796525239536,527.8280750342194,com.ollie.omanager/757492
65f454e99fc751abe279e206,65f1ab3f0ab4250011ef36b5,4370.914222200417,624.4163174572024,Cittamobi
65fbcc68f5d8b25533af06f8,65f02b00af81650011344521,33651.17183541539,4807.310262202199,zeta Android
65fbcd09d68917830d40a9d5,65f02b00af81650011344521,80324.67929409293,11474.95418487042,zeta iOS
65fbf2bdf5d8b25533af0840,65fa476ea576f30011b05d36,6105.807143123291,872.2581633033273,야핏무브
65fdb0090aa4012353420027,58737456236d8f446400071c,6067.71441612692,866.8163451609886,Dominoes Android Fiogonia
660521d0d4cf07f390cea0fe,5db900fd7ffee000177e2348,7721.012246477191,1103.0017494967417,TTD2
660a20c0c5f237ebf7b4ac68,5a57133a3610bbb671016ff3,16135.97269163931,2305.138955948473,Goods Sorting: Match 3 Puzzle PM_1945
66101aeac0c070078a9775cf,6021599b8b3e5600159fcc76,4423.987097634916,631.998156804988,Connect Words Android
661213bfd4cf07f390ceb1d9,561e8d946b8d90f61a001853,5332.458257034683,761.7797510049547,Color Oasis - Color by Number
661556bb5b2dea6d39bb0063,57d1b461ae2b57d903000027,56539.69269117505,8077.09895588215,Crossword Master GP
661663a84965ba920b737e1e,5cdc50a461a35300113a8971,4193.527756497471,599.0753937853531,Translate - Gamezay
66166d8dc0c070078a977c88,64803209bfd9aa0011593484,5824.259703815855,832.0371005451221,Dominoes Masters
661898f2c0c070078a977fb4,5a57133a3610bbb671016ff3,44995.99338041769,6427.999054345384,Goods Sorting: Match 3 Puzzle iOS PM_1945
661c9929d4cf07f390cebecb,658a2fc2ab2b4800112923f1,87333.0437015949,12476.149100227844,iCSee
661d567d3b493c22d404b24a,661d55e1a81a0e0011db7a84,7443.360675226439,1063.3372393180628,Color Widgets
661f294d8f28921b7a276537,658a2fc2ab2b4800112923f1,71418.44796479872,10202.635423542673,iCSee
662687403b493c22d404bf70,662686e7216c0b00118aef81,25661.610444469785,3665.9443492099695,Chai iOS
6626876f3b493c22d404bf75,662686e7216c0b00118aef81,11217.830474919469,1602.5472107027813,Chai Android
662e0e2c61db5b0a87580cb6,561e8d946b8d90f61a002019,18079.86483620373,2582.83783374339,MusicX Pro
663ae62deb138087031ccf78,5cdc50a461a35300113a8971,6922.358366382763,988.9083380546805,WO
6641ef33e0cbed6459a1b503,65c3655fa3d8e100119171ba,15727.859700811332,2246.8371001159044,PDF Reader App
6642cedde0cbed6459a1b75e,5b975fcedc73276356309362,129357.51566725876,18479.64509532268,Tile Trip Android
6642cf9be0cbed6459a1b767,5b975fcedc73276356309362,89803.6965462064,12829.099506600915,Tile Trip iOS
66447f7b6e3e372b114a8cda,664372d48ffbbf0011f17452,11214.002558753175,1602.0003655361677,Top Eleven - Android
664485f1d09efc5a9e422018,664372d48ffbbf0011f17452,6142.345271969632,877.4778959956618,Top Eleven - iOS
6644b163a8dc2aebddb7b1aa,6644af53557b6e0011536e74,3588.975823401746,512.7108319145351,Alwayz(Android)
66458a7ff10d75e1ff15b47a,5c05196699e4374b87bda3b9,3675.547454242289,525.0782077488984,Tile Dynasty: Triple Mahjong
66469fc26e3e372b114a92e3,5efeed113191d60018f0f4e0,6589.840935675142,941.4058479535917,LINEウォーク
66469ff403a2e938b0e09a17,5efeed113191d60018f0f4e0,6816.240986639491,973.7487123770701,LINEウォーク
6649f71d6e3e372b114a9a75,6649f6de557b6e0011539536,112319.60671646663,16045.658102352376,Video Lite
664e2850d8ed690a5fd5d88f,664e27f28ffbbf0011f1d3b8,41888.568994738656,5984.081284962665,Magic Sort
665702e4329253a128f1f27a,634d301fa3774b001b7c0dbc,9571.466595887043,1367.3523708410062,Screw Sort Puz: Nuts Assemble
666723f8546a6ecbfaa5875c,607d46752ca90f00153876e8,3501.9609846426356,500.2801406632337,1 2 3 4 Player Games
6667a74988cc429f2d801763,634d301fa3774b001b7c0dbc,8316.085841451611,1188.012263064516,Screw Sort Puzzle
66682d2cd3c5ac7c6bb8fd8d,66682afd3c533100115dea8e,5143.535732583282,734.7908189404689,JoyReels
66697324d3c5ac7c6bb90202,62664065ca13b50011fb00a2,4574.823247644882,653.5461782349831,Boba DIY: Tasty Tea Simulator
666979901c5137fed0edf34e,62664065ca13b50011fb00a2,10855.042907601644,1550.7204153716634,Milk Tea iDrink Joke
6672766bd0040dae935441c6,666abf90cbf9b5001145b243,4724.075859376246,674.8679799108922,Muso
6672d811429c14443ac5fb6d,57d1b461ae2b57d903000027,7527.614757699612,1075.3735368142302,Hidden Spots
667401f7c454e70b9452a263,6666afb99ec3300011cdf91d,5082.910431482349,726.1300616403356,AV - Notes with Caller ID - com.caller.notes
667a2daa4d6765df32fe8af3,5dc9534f674ec70017d0306a,10720.831535362839,1531.5473621946912,PDF Reader - PDF Viewer
667aaa6d3a2fe58e15167ee8,5e96c1b29704720015d9f4ae,20441.645707099022,2920.235101014146,Goods Sorting Android
667bec734d6765df32fe9171,664e27f28ffbbf0011f1d3b8,17467.204847056648,2495.3149781509496,Magic Sort!
667c14204d6765df32fe9234,5fe2fafd6013fb0015208652,56529.29382743713,8075.61340391959,Tile Club
66851b564d981e89bb8afc00,607d46752ca90f00153876e8,27325.625774620225,3903.6608249457463,Offline Games - No Wifi Games
66852bd7efa7b310eb763e69,607d46752ca90f00153876e8,13670.039664520382,1952.8628092171973,Offline Games - No Wifi Games
66857e0a4d981e89bb8afda7,668545a239a54a0011299e6e,20171.560268679863,2881.651466954266,Tumblr
66857e436204497f762a9aad,668545a239a54a0011299e6e,106536.07145889667,15219.438779842381,Tumblr
66869524b8c631b497b71178,6297c4bc012073001b3df035,6760.585826173677,965.7979751676681,billing@vpnable-com_andr_com-vpn-free-hotspot-secure-vpnify
668f64b46204497f762ab757,668f645b39a54a001129efc1,4629.981023481579,661.4258604973684,Diskwala
6694c54c4d6765df32fed7ff,6694c47160e2ea00114a8599,8290.085620202894,1184.2979457432705,Fizzo Novel - Android
669776a6fa880d1a7613075f,668fb233514c00001146f038,8420.052386899088,1202.8646266998696,android - Free VPN Proxy by Planet VPN
6697ad3f30f0637f5c7d1d74,668fb233514c00001146f038,6259.853321207964,894.2647601725663,ios - Free VPN Proxy by VPN Planet
6698be43198409320ce72a78,6698b45b60e2ea00114aa807,12863.664862113943,1837.6664088734203,Poly.AI Android
6698d3cdf7bea065c84f3ccc,6698d32f7c55ea0011aabb4f,7075.4799422583055,1010.7828488940437,linky
669d12befa880d1a7613169f,65d8443ea3d8e1001192a39d,3647.069951148196,521.0099930211709,Super Antivirus
669e8af6787c69775be1056f,619b548fc9c9c1001796f1f6,6411.826323204261,915.9751890291801,Tile Match Ultimate
669f584aaac742b8e38f815c,63465886049244001b5accb2,5332.080701732721,761.7258145332459,FlixFox
66a06c4baef015d56fed9008,6364b12e3ad6c7001711d812,9289.895384258372,1327.1279120369104,Car Jam - Escape Puzzle
66a0d468e33c9a548741a772,6698b45b60e2ea00114aa807,42330.181069551545,6047.168724221649,Poly.AI iOS
66a20babaac742b8e38f8dbf,65e037799e0d93001113e55a,4815.641452392889,687.9487789132698,KJV Bible Library
66a33311e33c9a548741b0b4,5f6830b5352f2900152f8a5a,4564.838180910984,652.1197401301406,My Superstore Simulator
66a84cec251757c475bc9046,5c4698f387314c74d39455da,4089.263044883678,584.1804349833826,Jewels Adventure Match Blast GP
66a8f6c8aac742b8e38fce3d,66a8f651514c00001147b0d5,24604.65428449329,3514.9506120704696,Gocrypto
66a9f71be33c9a548741e2e6,5c0f52afec6d3545c59ee54e,5533.449116026791,790.4927308609701,Tile Park Android
66ab1f501ea687af3dc00e4e,66aafef7514c00001147c0c9,5935.827806754555,847.9754009649365,FlickReels
66ac9c873343191babdad3e8,66aafef7514c00001147c0c9,7023.365436689218,1003.3379195270311,FlickReels
66aca975aac742b8e38fd93d,636231beddf9f8001beb4ffa,6724.955653240361,960.7079504629088,Water Sort
66accd5ae33c9a548741ed15,6155ad11120d4a0017386a18,4598.8469698322015,656.9781385474573,Find The Cat - Hidden Objects
66b0c2e2e33c9a548741f773,56d55c72562b9c353800000d,6520.67578681229,931.5251124017558,Epic Plane Evolution
66b341aae33c9a548741fdfd,630ef0afa06121001bbb55a9,4249.7743877848,607.1106268264,Parkour Master: Obby Games Android
66b34dfe8b82298c2add7cb7,5fc671cbba624b0015a61bf1,5018.324692912391,716.903527558913,TDS - Tower Destiny Survive
66b3500a8b82298c2add7cdd,5fc671cbba624b0015a61bf1,8380.425309675826,1197.203615667975,TDS - Tower Destiny Survive
66b372f5e33c9a548741ff37,57d1b461ae2b57d903000027,30342.75282562523,4334.678975089319,Crossword Master IOS
66b57dbcaac742b8e38ff2b0,5981a22bcf89a5b87f001edf,4921.509680646014,703.0728115208592,Mini Games: Calm & Relax
66bc490b4b6b3aa2763d2683,5e96c1b29704720015d9f4ae,16076.834622845228,2296.690660406461,Goods Sort iOS
66c4130fe2d733cb76cdd336,66bf1c62ddea6f0011b313a9,72399.75136825166,10342.82162403595,NetShort_IOS
66c4140316d72e3cce1c86f1,66bf1c62ddea6f0011b313a9,27737.998287088787,3962.5711838698267,NetShort_Andorid
66c5d0ccb5852a686fdb8cb2,5c05196699e4374b87bda3b9,6104.365549850276,872.0522214071823,Block away Android
66c5d3a46bdfe2cbb4e6053e,5c05196699e4374b87bda3b9,6984.990207683443,997.8557439547776,Block Away iOS
66c70b61c869d1f4e9e21743,6925ce915b68cb80b689803c,3822.51980245479,546.0742574935414,Clipcash
66cc45cd3151a503c115fe9b,5c05196699e4374b87bda3b9,23982.686906546918,3426.0981295067027,Spades - Classic Cards
66cc48f0f04eb8d914d2af0d,5c05196699e4374b87bda3b9,12406.92038461569,1772.4171978022416,Spades - Classic Cards
66cd6740334673785d02ece9,64803209bfd9aa0011593484,4873.130389670378,696.1614842386253,Dominoes Master: Classic Game
66cd94caf04eb8d914d2b406,66cd942b3db5f70011e66947,8192.580752302169,1170.3686789003098,StardustTV - Movies & Dramas
66cd95a5f04eb8d914d2b41c,66cd942b3db5f70011e66947,5328.202098041291,761.171728291613,StardustTV - Movies & Dramas
66d0321ea6cf59778900a031,5e96c1b29704720015d9f4ae,11544.17536174102,1649.1679088201456,APFindDIfference - iOS
66d13bb5f04eb8d914d2c287,6364b12e3ad6c7001711d812,5615.379456800064,802.197065257152,Car Jam
66d193dcaa8e1e9b9d293abe,58b91be73e5caab04b000296,10796.257968829139,1542.3225669755914,Screw Hybrid iOS
66d197f92a769ddae74181b7,58b91be73e5caab04b000296,16141.285568650757,2305.8979383786796,Screw Hybrid Android
66d52620e6845db6f88fa9e2,64684dd7d7125400115d9e39,7059.247143448524,1008.4638776355034,Car Jam Solver:Car Puzzle Game
66d574e85634666900b5bc0b,6364b12e3ad6c7001711d812,4518.082214341996,645.4403163345709,Screw Sort 3D
66d6b892e6845db6f88fb048,66d6b6896f113e001198b89c,37955.393244387014,5422.199034912431,com.xiaomi.mipicks
66d6b9d22a769ddae7418cdd,66d6b6896f113e001198b89c,11296.648449821427,1613.8069214030609,com.miui.global.packageinstaller
66d6bafb03eecc42724dfca9,66d6b6896f113e001198b89c,6640.080880250497,948.5829828929282,com.miui.videoplayer
66d6bbfd2a769ddae7418ced,66d6b6896f113e001198b89c,8484.543105740175,1212.0775865343107,com.miui.home
66d6bc912a769ddae7418cf2,66d6b6896f113e001198b89c,6761.7198716358425,965.9599816622632,com.mi.globalbrowser
66d963bc01caff21940cbfc7,66d6b6896f113e001198b89c,15510.009603870738,2215.7156576958196,com.android.thememanager
66db113537f8220673f9e833,57d1b461ae2b57d903000027,10090.415120343965,1441.4878743348522,Easy Words IOS
66df00a7655237cdd139d0f1,6666afb99ec3300011cdf91d,5101.995530492777,728.856504356111,Erasoft - Notepad - Notes and Notebook - er.notepad.notes.notebook.checklist.calendar
66e0363553834547abf558a2,66e0182c82571e00117d2acb,10809.851886674554,1544.264555239222,FotMob iOS
66e04db9655237cdd139d68c,66489a52557b6e0011538fab,5727.266994258534,818.1809991797907,Water Sort
66e149e6f5db8502f5a9e58f,66e148cb6c51490011ca574a,5292.135910677869,756.0194158111242,Smart Switch
66e16cd7d7770a6a369725c3,568b8cb3bb2089a80600000a,4200.349323167881,600.0499033096974,PlaySimple Cryptogram
66e4115921c064bb76dcde5f,58b91be73e5caab04b000296,5688.91959591887,812.7027994169814,Screw Lite And
66e9622858fb9d52b9a34d4b,6666afb99ec3300011cdf91d,19283.47479040182,2754.7821129145455,AV - ZTN Notepad - com.ztnstudio.notepad
66ea968ed96b6cc4df566092,5fc671cbba624b0015a61bf1,22237.625555637664,3176.8036508053806,Hexa Sort
66eab024f909844620b78871,5fc671cbba624b0015a61bf1,18256.834247026138,2608.119178146591,Hexa Sort
66eba96ef2fa5bc8304f9aa3,60c71d9d6b22ac0017d0bca4,4020.0937725909025,574.2991103701289,TH_UnblockMe_iOS
66ebfd8df2fa5bc8304f9dd6,6297c4bc012073001b3df035,4715.996464227047,673.7137806038638,imelab_olcorporationolai
66ed242bf2fa5bc8304fa322,5f0c183af52f8e001b9cc198,4475.184232978051,639.3120332825787,Screw Jam Master - Twist Out
66ed44a4f909844620b79258,6021599b8b3e5600159fcc76,7413.884707461386,1059.126386780198,Connect Word iOS
66f29d46c81241f35a61f93a,57fb4876297c8ce634000039,4319.386887948521,617.0552697069315,Perfect Tidy_ios
66f38672cde9700bb6f022ba,66f36da16f113e0011999ff8,118799.2302753612,16971.318610765888,美圖秀秀
66f3bbcb625d91c8b3694d8f,66f36da16f113e0011999ff8,19470.887993142536,2781.5554275917907,美圖秀秀
66f3e07ae46ccf8835ad0bab,64afadea4da41800114faaeb,6712.005399509351,958.8579142156216,Discovery Hub
66f590f9c81241f35a62033c,6540ac3b1ad27200118e909d,7506.659417727792,1072.379916818256,Merge Fashion: Romance Story
66f65fef901d39379d5a9ed3,561e8d936b8d90f61a000455,15180.637390271639,2168.66248432452,Rummy iOS
66f667b2c81241f35a6205c9,561e8d936b8d90f61a000455,25183.48892505539,3597.641275007913,Rummy Android
66fe1af9cde9700bb6f04290,5c05196699e4374b87bda3b9,24191.134816769976,3455.876402395711,Woodoku Blast Android
66fffb4004a01a45408d13fa,663c90f772fce00011b7f353,11180.813359201291,1597.25905131447,Citymapper
67015658901d39379d5ac3e8,670153ce6f113e00119a0fad,14543.23545679865,2077.6050652569497,Universal TV Remote Control
6701568b6463444629ac65e3,670153ce6f113e00119a0fad,3987.506935445497,569.6438479207853,Remote Control for Rоku & TCL
67036259901d39379d5ac7ba,5c05196699e4374b87bda3b9,22199.08979330065,3171.298541900093,Woodoku Blast iOS
6705f847d4aa891a69ae00e2,5ce32f41e15f77001148e36d,5191.674256999602,741.6677509999432,BusOut_IOS_com.dino.bus.out
67078f17c81241f35a6237cb,67078359be02e20011a686ec,33022.31543221778,4717.473633173969,iOS 365Scores: Live Scores & News
6707900e901d39379d5ad723,67078359be02e20011a686ec,6317.062141589032,902.4374487984331,Android 365Scores: Live Scores & News
6708bf3ad4aa891a69ae0ac4,6708be1b66b8da0011c36828,6236.405415405143,890.9150593435918,OLX AOS APP
670cda36ebba7eba60427108,59e4bb543f0fa9a20900afa3,5319.31203060341,759.90171865763,Coffee Mania:Drink Sort Puzzle iOS_CL
670f35ec4c1e2982cf063b38,5a57133a3610bbb671016ff3,3679.040178602262,525.5771683717518,Bird Sort 2 Color Puzzle Game iOS PM_GPL
670f3a1e7bccdeafa20f703c,66d6b6896f113e001198b89c,10902.544446798627,1557.506349542661,com.mi.globalminusscreen
670f6b98238617185a65736c,66d6b6896f113e001198b89c,17751.893424087757,2535.9847748696798,com.miui.cleaner
670f6cfc238617185a657379,66d6b6896f113e001198b89c,4562.342840904077,651.7632629862967,com.miui.player
670f76be7bccdeafa20f717b,66d6b6896f113e001198b89c,10692.960571119474,1527.5657958742106,com.gogo.launcher
67112d0120deb557b6b2157f,59bbfb5389df7b9d3b000840,9682.833239602474,1383.261891371782,Trebel Music - iOS
67112f5c4c1e2982cf064494,59bbfb5389df7b9d3b000840,9008.495843804832,1286.9279776864046,Trebel Music - Android
67161f1ba3ee0d8eae75599e,619cc4d31a366f0017fe8d06,11852.693400009293,1693.241914287042,Remini iOS
6716548809f72ec0f50798ed,670cfa366f113e00119a799f,113420.53344943537,16202.93334991934,Vinted IOS
671654af58450cca797bb25d,670cfa366f113e00119a799f,29425.146580906956,4203.592368700994,Vinted Android
6718ca934a1ec2bd8d864e26,5fe2fafd6013fb0015208652,6048.149627890184,864.0213754128835,Mahjong Triple Club
671b075c78c69e1cc1bffae7,5981a22bcf89a5b87f001edf,13997.16312866964,1999.5947326670914,UC1 - Minigame iOS
671b7e8c7b3ea5a17e5cfb7c,66c45f2c053da00011d69728,8683.15498711719,1240.4507124453128,SCKi
6728dbd37b3ea5a17e5d21d4,64afadea4da41800114faaeb,18208.551406887487,2601.2216295553553,#news
672c8db687f9dce6e6634762,5bec0018c9af0a7962a96f4a,21192.892407942003,3027.556058277429,ColorBlockJam
672c9b15913e67d2955d1ab6,5bec0018c9af0a7962a96f4a,18006.75614471607,2572.3937349594385,ColorBlockJam
672ec82f913e67d2955d2084,6540ac3b1ad27200118e909d,6245.320170389375,892.1885957699106,Merge Fashion: Romance Story - iOS
6731af3f54a988e7799700e8,66f36da16f113e0011999ff8,5951.102761630898,850.1575373758426,BeautyCam-AI Photo Editor
6732cc9c9be7f23343c03263,66f36da16f113e0011999ff8,27222.39737504805,3888.91391072115,BeautyCam - AI Photo Editor iOS
673389473d9729c67682d8e2,606b29ab14eb890015bd2f01,3896.6742575872004,556.6677510838857,GPS257-01 - Music Player - MP3 Player
673bfb23136e386f160fa8e4,5d76031d57ec4f0017743734,5454.5023992772,779.2146284681714,Turbo VPN Lite
673d806f14a0e4daa676a12c,5f0c183af52f8e001b9cc198,6188.316486122275,884.0452123031821,Screw Jam Master
673dcee201f19870b266002b,5fc671cbba624b0015a61bf1,9422.99246737537,1346.1417810536243,Little Farm Story
673dd572da8bc813a1134e03,5fc671cbba624b0015a61bf1,10729.696713371522,1532.8138161959318,Little Farm Story
673ef71f01f19870b26603c8,5ec639e58150da0015b5c467,8531.606389451421,1218.8009127787743,Smart Remote
673f2108da8bc813a11352d5,62664065ca13b50011fb00a2,3610.7976626322643,515.8282375188949,Prison Survival: Tap Challenge
674447ab14a0e4daa676b5d7,674445ddd02cf30011f20eea,10718.304302365214,1531.1863289093162,OKOK
6744492414a0e4daa676b602,674445ddd02cf30011f20eea,10737.982659601063,1533.9975228001517,OKOK International
674568a601f19870b2661523,673afd953fa40700118c0ff2,10130.327918251036,1447.1897026072909,Yi Home-iOS
674718d1fa70582cee6c049e,67c057525a9de100115b66ec,12536.962158069953,1790.9945940099933,JustPlay
6748805c2cbb484556728dc9,6297c4bc012073001b3df035,19124.28857091168,2732.0412244159547,tiptp1777_com-free-tiptop-vpn-proxy
674983665c1505ce639e4c0e,61825d0b78e35800177c13f0,18521.75315372326,2645.96473624618,Pdf v1
675063a96ec632464fb4244f,6297c4bc012073001b3df035,6190.234036527538,884.3191480753625,HornetLtdProgrammatic_ios_com-gethornet-Hornet
675696667913198c9ecadaac,58b91be73e5caab04b000296,12214.969386187671,1744.9956265982387,Screw 3D Android(CD)
675696da7913198c9ecadac0,58b91be73e5caab04b000296,8243.683430026438,1177.6690614323484,Screw 3D iOS (CD)
6756d6829d0f2cfb524eed56,6756d5101e787500114ab99c,6695.242645436131,956.4632350623044,Novus Smart Transfer
6758020f18487b3be65a790b,5c35531fec1d752b819317b1,4741.455148235879,677.3507354622685,MeloShort
6760906b9e6ef0ac4dc6d30c,604a7ccb4f898b00151e2797,5418.471613887735,774.0673734125336,Farkle
67652d19eeca080cadc5742d,64b77ab3d634830011209287,6814.552342826845,973.5074775466921,mixtube pro
6765b3b90b2f71906881a1cf,5ce32f41e15f77001148e36d,14869.197582470277,2124.1710832100393,Screwdom_com.ig.screwdom
676cf694eeca080cadc58d16,673afd953fa40700118c0ff2,5736.015879771911,819.4308399674159,Yi IoT-安卓
677393b087298a2a13dc7d1b,676405dff3fa5d00114fee22,9061.308805709057,1294.4726865298653,Opera for Android with AI
6773adb80b2f71906881d173,646dd642f8642700116df383,3604.555971833707,514.9365674048153,MOQ_Orb Quest_GP
6773c110cf7851883824cdf0,66c45f2c053da00011d69728,5514.393114402979,787.7704449147113,Si
67764d3aeeca080cadc5aad7,66c8631b3db5f70011e64805,5956.719263029919,850.9598947185598,O-KAM Pro(IOS)
677cf457a18672e70722b88f,677cecb33b9ea20011273987,9825.97680784419,1403.71097254917,Moneywalk_iOS
677e35a5d7a0b145879b00a7,677cecb33b9ea20011273987,15655.350133877715,2236.4785905539593,moneywalk_AOS
677fbb200ed7c46339aa360e,646dd642f8642700116df383,6679.0255556662905,954.1465079523272,MDC_Dessert Crush_GP
6785d3c3d85b8663adee2cba,5ce32f41e15f77001148e36d,44214.55192540759,6316.364560772513,Screwdom_IOS_com.dino.screwdom
678a0872a18672e70722ee72,6788b18b06da640011023eaf,9714.89654324131,1387.8423633201871,palmplaystore
6791d58cef13facef7af0987,646dd642f8642700116df383,4131.479467986784,590.2113525695405,SCB_Crystal Blast_GP
6791e248ffda0af1dd8c4549,6788b18b06da640011023eaf,5993.717241900667,856.245320271524,moviebox
6794f869ffda0af1dd8c5087,5c05196699e4374b87bda3b9,3821.139156948041,545.8770224211487,Gin Rummy iOS
67978c1bc1d0e427bfd009bc,619b548fc9c9c1001796f1f6,24501.895598425926,3500.270799775132,JustPlay iOS
679b8bf0b7c0c84dcaf1d00e,679afd4877bd1c00117aaefd,9876.327729316763,1410.9039613309662,KAUCHE
679b8c7cc1d0e427bfd01588,679afd4877bd1c00117aaefd,7026.825276512815,1003.8321823589737,KAUCHE
67a09724ffda0af1dd8c6caf,568b8cb3bb2089a80600000a,18686.171955767197,2669.453136538171,Crossword Go
67a5c083b7c0c84dcaf1ee86,561e8d936b8d90f61a00046c,5046.635625956037,720.9479465651482,Jigsolitaire
67a5cb9db7c0c84dcaf1eead,67a5bd8b7e5a1b00114a860e,135133.59588194563,19304.799411706517,Melolo
67a71ac1ef13facef7af4716,67a71a4dce727c001181b80d,4855.926890135715,693.7038414479593,おぢポ
67b5f446390c720c73a0e3f3,67b5b2c077bd1c00117b9adc,18265.05513203526,2609.2935902907516,Sofascore android
67b5f7021be9345ad181a7d8,67b5b2c077bd1c00117b9adc,45670.22978928297,6524.318541326138,Sofascore IOS
67bc17e2614e4f5986be43cd,6159d295979b9a001749fd59,4447.663672307474,635.3805246153535,XP hero
67bc2b62d85e20dacde188c4,5d8880f1444f7200181b5e1d,4933.650245078274,704.8071778683249,Hole Em All
67bd8aa3d4e1c44a52e438f2,5e96c1b29704720015d9f4ae,4042.420662804345,577.4886661149064,Color Block Jam Android
67bde85efb32c9bf51cef20f,646dd642f8642700116df383,5159.943119891321,737.1347314130459,SUM_Universe Match_GP
67be80e8d85e20dacde19429,676405dff3fa5d00114fee22,11974.117291773317,1710.5881845390452,Local News
67be8627b5a7d2bd8485c466,676405dff3fa5d00114fee22,5513.018687540376,787.5740982200538,Opera News
67bed62fee9356aafba1c6f2,63c7b6b2f22ae3001457f1fb,4697.486475618923,671.0694965169889,돈이돼지
67c0237dee9356aafba1ccdb,67c01767cc8ae200116e5d00,155637.36501114102,22233.90928730586,dramawave-安卓
67c03741d4e1c44a52e449cd,67c01767cc8ae200116e5d00,112472.96668512166,16067.566669303094,dramawave-ios
67c5d66bb267104b50bac22d,5e3692d21cd3cb0018dd4329,5303.952083468659,757.7074404955227,Hole It 3D
67c6c96a4a068ff910e4138d,67a971203635740011a99501,8907.200801480987,1272.4572573544267,vivo appstore
67cab6353f8ae32f2cbddcbe,5bd009e27e1105796809759b,6344.299632253866,906.3285188934094,Mahjong Match Daily ios
67d1e1671344946c80e455c1,67af94af2d6d8a00115f77e7,4047.8398681657154,578.2628383093879,Applock Pro
67d272b5dc73e19db732c193,67d0848db62d6b0011ccb35e,19848.102914852905,2835.443273550415,SmartNews
67d272dadc73e19db732c198,67d0848db62d6b0011ccb35e,96508.12460465493,13786.874943522134,SmartNews iOS
67d28cc1043308f88f90f139,561e8d936b8d90f61a00046c,11587.344438259568,1655.334919751367,Jigsolitaire
67d3af22e3373f37dc6370cd,6364b12e3ad6c7001711d812,8525.299921072337,1217.8999887246196,Grill Sort - Food Sort Games
67d553af916355d36b9391fc,5fc7301f7a7f0200153979c7,5363.833166705168,766.2618809578811,Aged Solitaire GP
67d822559323fd56d1497c95,646dd642f8642700116df383,4520.055455706304,645.7222079580434,FFB_Fruit Blast_GP
67d8df6781fb2a1e3a1b5191,5ce32f41e15f77001148e36d,6322.898708174556,903.2712440249367,GoodsJam_IOS_com.ig.goods.jam
67db7687afdbc3d8e16bb872,63465886049244001b5accb2,3716.9360067341086,530.9908581048727,India2
67e244a666c089d2cb4950a2,67e22d64b039580011378f33,87828.95806805167,12546.994009721666,V380 Pro
67e2464166c089d2cb4950a7,67e22d64b039580011378f33,51182.16953259469,7311.738504656385,V380 Pro
67e3ec1b571d8b5b896a5c91,67e2846d29108d0011df6d86,5970.443350647983,852.9204786639975,iDrama-Android
67e3f9ac93794ee78a755362,65d36866a3d8e10011925549,9449.667497436105,1349.9524996337293,Talkie Lab
67e5665492e18aa254c976aa,67e466df11985900110edd85,4407.608162407004,629.6583089152863,Fallout Shelter
67e566823803405794163165,67e466df11985900110edd85,4295.604269417956,613.6577527739937,Fallout Shelter
67ee497227032a53848b85a4,62fc92193e90d2001bf7eb00,6187.143965143448,883.877709306207,PaceFit
67efaf829c3da54da0569119,664e27f28ffbbf0011f1d3b8,3942.1254377793252,563.1607768256179,Car Match
67f153c19c3da54da0569622,5b1f351e3eddeb10ce7fa54c,4402.822690994883,628.9746701421261,Screw Block Escape iOS
67f39f84b76095ec339ba448,605332ccfc1a6f00150aab5d,5808.798711811789,829.8283874016842,FX Battle
67f3efcc9c3da54da0569e6b,5c657afed9e6e60012bab5d9,7686.256937973252,1098.0367054247504,6474685600
67f64bb2ee3e8a4c67ae7434,634d301fa3774b001b7c0dbc,30792.46232975459,4398.923189964941,Bubble Buster
67f6602ae9924abb27e06d8e,5bec0018c9af0a7962a96f4a,3898.3081024816374,556.9011574973767,SlitherRush
67fd02d65856c0088117d972,64803209bfd9aa0011593484,13159.232232048473,1879.8903188640675,Playtest Pro
67fdfcfea2c211b71bc73434,645db622ff6cc50014413271,6217.039132626451,888.1484475180644,Women's Bible: Verse & Prayer
67ffcb8a84f5677d170bc3e4,619cc4d31a366f0017fe8d06,3778.7756286752146,539.825089810745,Alight Motion Android
680061dd6e7314c68220322b,64684dd7d7125400115d9e39,6512.851389226114,930.4073413180164,Wool Craze
68075411da8e5a572a730472,680748860437920011951532,13373.078260265393,1910.4397514664847,BeSoccer
6807543f9e0c8ad76e7f0c01,680748860437920011951532,29232.646904801084,4176.092414971584,BeSoccer
6807813a2568b8f33495a258,568b8cb3bb2089a80600000a,8025.6244452118,1146.5177778874,Crossword Go - Android
6808dda56b08d751835d8d7b,6808dbeef6158900110477ca,25437.573737328305,3633.939105332615,Emochi
6809ac2c2568b8f33495b6d8,5cda78f561a35300113a86ab,8013.296538942809,1144.7566484204012,Bubble Bus
680b279139da3f86ec0a2314,6364b12e3ad6c7001711d812,6408.803671391094,915.5433816272991,英语：Grill Sort 日语：グリルソート
680c5cfd2568b8f33495d0e2,680b0906f615890011048c59,4280.14433195759,611.4491902796557,whoo
6810421616e6847d6f099fc1,6336ada8eff220001b2d1061,17174.064194738065,2453.437742105438,Tile Home
6814ec1fae377462a542071c,58737456236d8f446400071c,14766.996848456287,2109.5709783508983,Shape Escape iOS
6814f77716e6847d6f09c8a5,58737456236d8f446400071c,11786.506736056032,1683.786676579433,Shape Escape Android
681881d216e6847d6f09df17,58737456236d8f446400071c,13008.280561379997,1858.3257944828567,Rummy 500 Android
68188fc416e6847d6f09dfd3,58737456236d8f446400071c,15979.34021322581,2282.7628876036874,Rummy 500 iOS
6818be0aae377462a5422042,58737456236d8f446400071c,3745.2099277164084,535.0299896737727,Maze Rush Android
6818c75de2a5963c5d519e4d,58737456236d8f446400071c,4481.503161313872,640.2147373305531,Maze Rush iOS
6819cc8f16e6847d6f09e93f,6489be1351d9b2001171762b,3698.7865981982022,528.3980854568861,Crossword Challenge
681c0866113835d0f3d89475,681c05e62331ea0011439df0,11055.31444799989,1579.3306354285558,LIVE Score_Android
6822af17a288cde6eec33c39,681c54531d9e25001144b6b4,8641.310502917922,1234.4729289882746,cam720
6822c0e938a42a2dc1efb418,5bf769c9efdc0d7c5359f96c,7755.564930208442,1107.9378471726345,Grow Forest: Oasis Word Puzzle
6825b935a288cde6eec35d43,645382d9ff6cc5001440b5a1,4057.759164215745,579.6798806022492,Cleaner Toolbox
682c1a896883128549d0f6b7,682b575afc11e60011201e88,14700.060718023562,2100.008674003366,Meteored Android
682fe7fa6883128549d123f7,62bbce3ce3c137001b5ebbd8,4731.163308762512,675.8804726803589,OneRoom-movies.news.audiobook
6837c96a71e5cc220d1c9a48,677bd16443e94a0011b752b2,6159.782643338465,879.9689490483522,Samsung News
6837cbfb71e5cc220d1c9a6b,677bd16443e94a0011b752b2,17304.674855482415,2472.0964079260593,Gaming Hub
6838a9524bee5d4c6e7f0942,5f064bf93191d60018f0fd5a,5378.827867012109,768.4039810017299,Block Buster
6843dd2bc37f0030bec9c932,67e22d64b039580011378f33,6764.378405608782,966.3397722298259,V380
684807391c6cdeb759d24191,684804f4806ba900114788aa,3822.1141773648524,546.0163110521218,Blessed-Android
684a40fd575c21961f19169a,5c35531fec1d752b819317b1,10018.702261780234,1431.2431802543192,ShortsWave: Watch Drama Series
684ac236c195c4600e87433a,634d301fa3774b001b7c0dbc,9762.074230477272,1394.5820329253245,細胞保衛戰
684f77fffacb2c498d30696c,634d301fa3774b001b7c0dbc,5073.270859539356,724.7529799341937,細胞保衛戰
684fe5259f7ebc7d027585c8,684c3af4806ba9001147f9cd,79219.58038138328,11317.082911626183,IOS | Flashscore: Live Scores & News
684fe594c195c4600e876f24,684c3af4806ba9001147f9cd,41236.91752167,5890.9882173814285,AND | Flashscore: Live Scores & News
685061759f7ebc7d02758b04,6834f4309886e6001161ae5e,16548.503051331667,2364.071864475952,Triumph Arcade
68515eedd1432abf30525019,683bc1bb4c15ca0011ad2b91,32100.977095063776,4585.8538707233965,Block Crush GP
68515f1b9f7ebc7d027598ec,683bc1bb4c15ca0011ad2b91,31948.060181290555,4564.008597327223,Block Crush iOS
685173cd8fb5e7c332790ef2,6297c4bc012073001b3df035,5796.574149537975,828.0820213625678,yuechao-ma_com-beautiful-bird
68527792e9b47688840edfd7,6297c4bc012073001b3df035,7103.991520299798,1014.8559314713997,seamobi-dev-gmail-com_con-hotspot-vpn-free-master
6853f56ed0b5b1d9bfd3e077,5d8880f1444f7200181b5e1d,5037.835892473273,719.6908417818961,Hole Em All
6859240353ef1303f912ce2f,6297c4bc012073001b3df035,21795.073661099203,3113.5819515856006,seamobi-dev-gmail-com_com-supervpn-vpn-free-proxy
685b5c3275c4436861cc7bec,67b5bff30471850011443643,139339.9533852702,19905.70762646717,Mahjong - Royal Tiles IOS
685b5cb975c4436861cc7c72,67b5bff30471850011443643,241258.38664516708,34465.48380645244,Mahjong - Royal Tiles GP
685cb87611676e2c06228d0d,5d53cf81ff5bd700186c5f35,5589.513877237843,798.501982462549,Yarn Fever! Unravel Puzzle
685cebac7ded2eaf8720187f,5e96c1b29704720015d9f4ae,7798.562682999435,1114.0803832856336,Find Object Android
685cf2c5ca735304e9cfe54a,5c81002b9eeed542aa90f233,6941.900608144859,991.700086877837,Unscrew Frenzy 3D - Android
685eae0ea49e6497f395dba1,6297c4bc012073001b3df035,6473.035013440975,924.719287634425,yuechao-ma_com-free-app-open-lite
685eafd4a49e6497f395dbcf,6297c4bc012073001b3df035,4011.998262857838,573.1426089796912,yuechao-ma_com-beautiful-bird-lite
685f0edd6d5c129491a495a9,685efaf2892f9d0011d7b87f,209508.76901310566,29929.82414472938,Weather - The Weather Channel
685f12acc91f8ce8aec2fd7c,685efaf2892f9d0011d7b87f,14125.889902856949,2017.984271836707,The Weather Channel - Radar
686295a9394e0109dd4a2580,6862932aaff9d800114174ac,98104.3769561273,14014.91099373247,Flightradar24 | Flight Tracker
686299fc79819ef02142b9ce,6862932aaff9d800114174ac,41789.86892341693,5969.981274773847,Flightradar24 Flight Tracker
6862f463394e0109dd4a28dd,6297c4bc012073001b3df035,10235.434956111894,1462.2049937302706,seamobi-dev-gmail-com_com-hotspotvpn-super4-ios
6864df5e479aca1c5b26ff20,674d6cfd2f5be200113e4217,51941.45395908491,7420.207708440701,HotMiniDrama
686664ed36273738b61f42a6,5d53cf81ff5bd700186c5f35,12279.50945511343,1754.2156364447758,Yarn Fever! Unravel Puzzle iOS
686b429edea7da802110749f,5dc9534f674ec70017d0306a,4764.14848665079,680.5926409501128,PDF Editor
686b927e6982b2d340c7961e,5b4f0f700aa32c4f543a8b82,3553.8346234238525,507.6906604891218,Happy Screw Trip 3D
686cdae238a354d88e4ccb38,5b69051b3a5ab61db2c22189,31967.269500956318,4566.752785850903,Hexa Away_iOS
686df2b7df49b79de0b0b51e,6140b93df325530017ebcca3,3995.007915064499,570.7154164377855,Knit Away
686eb03d675b99fe079dac34,6107c3b4abaef100175b9029,191309.74706446598,27329.963866352282,Arrows Android
686fe7c89e1a0892895a3bc0,6863fe9df000940011f80bcb,27271.63075991367,3895.9472514162385,Chess - Play & Learn
686fe7f8980de8b1522a8d97,6863fe9df000940011f80bcb,4518.76256258693,645.5375089409899,Chess - Play & Learn
6874d3b3c29b931d7cca398a,62fc92193e90d2001bf7eb00,4023.311127989958,574.758732569994,Walkio
6874f911c29b931d7cca3c05,561e8d966b8d90f61a0033c4,18391.925924796054,2627.4179892565794,Hole Stars
6874fa4e61fad0cbc8862a9e,561e8d966b8d90f61a0033c4,21184.19138363317,3026.3130548047384,Hole Stars
68762a46e27c18d19b12edde,59e4bb543f0fa9a20900afa3,43893.7495675563,6270.535652508042,Sled Surfers iOS_CL
68762a478894e2822280ba12,59e4bb543f0fa9a20900afa3,10007.243306238459,1429.606186605494,Sled Surfers Google_CL
6877b97061fad0cbc8864d87,5fc671cbba624b0015a61bf1,3784.5965085051816,540.6566440721688,RUSH: Xtreme
6878712aeb91ef8f5fcbe233,686c8b9cf56dd70011f46f36,4582.266310801096,654.6094729715851,家族アルバム みてね iOS
6878fcb8eb91ef8f5fcbe810,64803209bfd9aa0011593484,6608.426450317081,944.0609214738687,Block Blitz
687e0c1a28d514326f545087,6866251bdd4af80011a68567,13388.482610169383,1912.6403728813405,MoviePack
687f96e30c57d8be6eea7ace,626a9cd05d54fa0018b746b3,3890.4168253480448,555.7738321925779,1Weather Moto
687fc946b7d9308ece480379,68799f38babc2000110fe539,133203.37360371227,19029.053371958897,Duolingo
687fc975b7d9308ece480382,68799f38babc2000110fe539,180823.53790211445,25831.93398601635,Duolingo
688722745f7b35e31f0652d1,67a2e105ce727c001181897c,4773.133257109999,681.8761795871427,moviebr
68887aeb5f7b35e31f06647a,6021599b8b3e5600159fcc76,82412.90530510896,11773.272186444137,Word Solitaire: Associations IOS
68887b364afcdbfb426b9180,6021599b8b3e5600159fcc76,27475.36542998347,3925.052204283353,Word Solitaire: Associations Android
688a44bfb59f5ddbdc824655,568b8cb3bb2089a80600000a,5770.75374162467,824.3933916606671,Word Connect Association
688be23f5f7b35e31f068efa,5dcf09394f6eed0018145e58,6319.037801249996,902.7196858928565,Screw Out Android
688d0619b474a91081b23c72,5dcf09394f6eed0018145e58,6405.8550987616045,915.1221569659435,Screw Out iOS
6890746abe4de6e6367b84ad,6297c4bc012073001b3df035,5896.646464273533,842.3780663247904,nowhopeteame_com-now-vpn
68907c35b59f5ddbdc8284c7,66d849c60514b700113ccef3,5571.66243216357,795.9517760233672,Women's Bible of Love
6892fc5b23258fc95e5267c4,5c81002b9eeed542aa90f233,5998.850447501777,856.9786353573967,Unscrew Frenzy 3D - iOS
68995e633f6852ed61a9e227,634d301fa3774b001b7c0dbc,21489.454384767887,3069.922054966841,Wool Crush
689afad70703f1332b3e799f,561e8d966b8d90f61a0033c4,5284.303587684311,754.9005125263302,Merge Hotel Empire－Design Game
689b0fdef369593cb0e287e9,67c01767cc8ae200116e5d00,250499.7787025471,35785.68267179244,FreeReels-安卓
689c4f436dce1f7513be19b9,6107c3b4abaef100175b9029,252325.3216232381,36046.47451760544,Arrows – Puzzle Escape
689d8ae90bded193c666bb81,674d6cfd2f5be200113e4217,9256.68886050875,1322.3841229298214,Bubume
689f4dda062ac30777ba31ba,58371a2bafd6eb8b130001ca,9241.259861298147,1320.1799801854497,DiamondSort
68a33d1dc1651e2c85a38a97,5e5381e2bd20d800170948e8,4766.872107113157,680.9817295875938,Drop The Cat iOS
68ad946a70964d7ef8707448,6641b3748ffbbf0011f15c05,6185.10106148426,883.5858659263229,8 Ball King
68aea78b0212c2d06bac02c3,67e409397b1b830011800180,5944.300190345897,849.1857414779853,"MobiOffice: Word, Sheets, PDF"
68b189669c238ff1a0a5b1c7,568b8cb3bb2089a80600000a,7083.010176513178,1011.8585966447397,Word Search Zen
68b542000cc4dedb7b9cf4ab,685a4add8cccbe0011f6c96c,13153.70027433799,1879.1000391911416,VibeMedia：HD Movie&TV
68b584b971c490d59a8888cb,68b57bc85828fa59037e71c3,12454.864735555897,1779.2663907936997,Sticker GO!
68b584d80cc4dedb7b9cfaf7,68b57bc85828fa59037e71c3,4706.186749055774,672.3123927222534,Sticker GO!
68b6880a45dd3cedc41fb20a,686e09cb49fa94001121cd60,7318.17107398972,1045.45301056996,Cycle AI
68b6936e73a766bfda9905e0,573c1e4c69d550c903000024,16205.343833126815,2315.0491190181165,2677 Puzzle Bricks
68b6b11a0e4ccdf0435abc0a,68b15a7cc3df44b6b016cb9f,17831.842348277794,2547.406049753971,BonusTV
68b745a053ed8f1c847e64b5,68b71eb3d7cac5dae6e2a61f,6328.055873753971,904.007981964853,Bus Times iOS
68b83ce1a509f9a037747cdc,561e8d946b8d90f61a002019,4412.545898906429,630.3636998437756,Musix Player
68b9632689ca41b14ce7d8d0,68b95a589a39b4828a65a39e,3853.8022289440605,550.5431755634372,DramaRush
68bf95bf06f90247f50741d7,5fc0a33dcb32b5001563f9dc,3852.5884396122456,550.3697770874636,Find Hidden Cats- Spot it! (iOS)
68c1356a121da3ce64d86a25,63c7b6b2f22ae3001457f1fb,7016.691275620001,1002.3844679457144,Sticker.ly - iOS
68c13580121da3ce64d86a2a,63c7b6b2f22ae3001457f1fb,6559.908596898568,937.1297995569383,Sticker.ly - Android
68c17bab0ed903cf7fceab95,5fc618102e8dd2001579b65d,10566.619962022043,1509.5171374317204,Pillow Chase Home App
68c19e650ed903cf7fceacb1,676405dff3fa5d00114fee22,6176.041629795849,882.291661399407,Breaking News
68c23acd4b9f993905ba9ea9,68c149fb167d908cf140905e,11160.183933267293,1594.3119904667562,iScreen - Widgets & Wallpaper
68c38a7e4b9f993905bab4d8,5ec639e58150da0015b5c467,6646.717374861358,949.5310535516226,Clean009
68c440008bd300152cfb70c4,5fc671cbba624b0015a61bf1,23202.637117345435,3314.6624453350623,Pocket Sort: coin puzzle
68c573f82244405453a37901,685a4add8cccbe0011f6c96c,11652.112555376129,1664.5875079108755,StreamVerse
68c8d140d20dcd3c2c2ab61b,6641b3748ffbbf0011f15c05,4918.925019463158,702.7035742090226,CashDrama
68ca949aebc4d0ee151622eb,68ca90f7cdcaeb20374f5716,5356.73779728847,765.2482567554956,Sync.me
68caef64eed2e73438ddd312,6093fd75b33a50001533d418,3619.206204162002,517.0294577374289,Big Farm Homestead
68cbdca90b1389d880129815,5fc618102e8dd2001579b65d,8465.694569943815,1209.384938563402,Yoga Flex Home App
68d0053e5d4cf995d2b88096,66e545690f05bd0011e185b8,5268.556653395108,752.6509504850154,Gallery - Photos & Videos App
68d0074c5d4cf995d2b88105,5fc618102e8dd2001579b65d,5072.079691916231,724.5828131308901,Hole U Can Eat Home App
68d262d8243b588097fd5dda,64803209bfd9aa0011593484,15355.57718779282,2193.653883970403,BESTPLAY Play to earn & donate
68d40d4f63e6cee0292ae24b,643d1561e09b08001442e672,7798.955358209382,1114.1364797441975,T-Mobile Play
68d4bc2f63e6cee0292ae99a,61a48b142787820017b43e27,3823.585533951573,546.2265048502247,2015 Music X - Music Offline Player
68d8fb978fe35d3c0053c504,683bc1bb4c15ca0011ad2b91,3723.9251393656987,531.9893056236713,Jade Mahjong GP
68e2673c5f81a96145dc421d,5fc618102e8dd2001579b65d,4137.033819268069,591.0048313240098,City on Fire Home App
68ec9d87bea871f372009eb1,64b77ab3d634830011209287,4266.224047377396,609.4605781967709,Vimo
68ee72e79797ab8c2943d2d9,68ed0a0c4cac2a9dc3250a10,85930.34138642317,12275.76305520331,Pixel Flow!
68ee73f89797ab8c2943d33e,68ed0a0c4cac2a9dc3250a10,30542.973633780504,4363.281947682929,Pixel Flow!
68ef5439bea871f37200bd4f,5c35531fec1d752b819317b1,7916.695705135847,1130.956529305121,ShortsWave: Watch Drama Series
68ef8349bea871f37200c0f0,688b3725c446f77fe6eaaff8,15736.115766435867,2248.0165380622666,uc browser
68efa5a24ebb41ab326d8070,643d1561e09b08001442e672,13615.948483719192,1945.1354976741702,Metro Play
68f0c51cbea871f37200d1c0,5ce6bee4142941540d1c9d36,10879.824174441219,1554.2605963487456,SGH And
68f0c55c7ae17ddd8cf0aad3,5ce6bee4142941540d1c9d36,4383.729907552701,626.2471296503858,SGH IOS
68f61435da231d4f28128efc,5fc671cbba624b0015a61bf1,7091.675803318219,1013.0965433311741,Arrows Escape
68f7eda0b65407fe11cbcc7c,5f064bf93191d60018f0fd5a,28395.675456686342,4056.525065240906,Arrow Out
68f85eff99569462272ec436,5fadec8fd8ff880015e844d9,6533.520264260994,933.3600377515705,Snake Escape
68f9f643adc1b994d6b7c171,68f9f5db75ceafc7a8ee6155,9270.863794307064,1324.4091134724379,Livescore
68fa0df4c4da864926b0e4ff,68fa0d672fef766b2dac5f75,63142.97697730768,9020.425282472524,Seekee - Ai Search & Assistant
68fb4d094b59fa48e1ca4db5,66c45f2c053da00011d69728,9299.893120456838,1328.5561600652625,SCi
68fb9bbf7f709b69e4128604,57d1b461ae2b57d903000027,10346.034208400824,1478.0048869144034,Brick blast GP
68fcc73f63adfe977a1f5415,606c7bac7a37680015801ad8,12288.749409076809,1755.5356298681156,Mahjong Blast! - GP
68ff58a163adfe977a1f6cc3,5fc671cbba624b0015a61bf1,4470.552013298239,638.6502876140341,Arrows escape
6900cbd3b383cce7e0b80a8e,646dd642f8642700116df383,4420.0535066193615,631.4362152313373,SST_StoryBlast_GP
6901057909203de1195afec1,5f064bf93191d60018f0fd5a,19357.78617829706,2765.3980254710086,com.arrow.out
69017e99b383cce7e0b8120b,68f4da512fef766b2dac1581,6678.157503086374,954.0225004409106,캐시모어-안드로이드
69033660fb2dadf108d1ea87,66a8f651514c00001147b0d5,11174.140848802046,1596.3058355431494,Gocrypto
6903ce8d9664e76e5b26150c,674ae9323800780011af68ca,3914.2046334992756,559.1720904998965,aka
69048f452e9735e4101ea4cf,64b77ab3d634830011209287,8343.592092021621,1191.9417274316602,Weezer Audio
6905adc23ab3eb7275ecffe1,5b84c65ca73f7a027c553f4a,4812.045536202748,687.4350766003926,Color Pixel Shooter
69080c482e9735e4101ec6ed,634d301fa3774b001b7c0dbc,3509.1656645510293,501.30938065014703,Order Crazy
69088411bafb456cf25439bb,6908648bf5a7288c87f52a5b,7284.979047458489,1040.7112924940698,iCam365-iOS
690884be98a1f1e2d3337661,6908648bf5a7288c87f52a5b,11718.034750983588,1674.004964426227,iCam365-Android
690885f3bafb456cf25439e9,5fc671cbba624b0015a61bf1,4809.199893022608,687.0285561460869,RUSH: Xtreme
690b971c132d38cba483530d,5f064bf93191d60018f0fd5a,4240.965621525087,605.852231646441,Bubble Word Jam
691179d680715d355dc1c1c8,5e96c1b29704720015d9f4ae,4089.2178275593874,584.1739753656268,Color Block Jam iOS
6911b2a9bd1fb70887c01f0c,66d6b6896f113e001198b89c,11364.130506261397,1623.4472151801997,com.mi.appfinder
6911ef10844b74af78c4afeb,6297c4bc012073001b3df035,10757.300511423837,1536.757215917691,tds-easyapp_com-breakpoint-ficbook_ios
6912064edcd984f22c652c3f,6297c4bc012073001b3df035,5395.311717521159,770.758816788737,deveem_io-deveem-vpn
691426563811dec416c345c4,5b975fcedc73276356309362,10999.893469554327,1571.4133527934753,Jigsawcard Android
69154b0b1de7be35146a52bd,5b975fcedc73276356309362,13926.307434619494,1989.4724906599276,Jigsawcard iOS
6915a8e5a4aa904933f4139e,64803209bfd9aa0011593484,4909.951423007954,701.4216318582792,Block Blitz: Puzzle Adventure
69165ca6db8feadf7f6ab9aa,57d1b461ae2b57d903000027,55544.50689099981,7934.929555857116,Arrow Puzzle GP
691acb73f3cd41299fea3ff2,64d4aff7bedba60011a4ca25,6046.640570619152,863.8057958027359,Clover Hit Slot-iOS
691b2920eb8573f6001bc3ed,5ed15ca4662ff10016409214,12431.41196803331,1775.91599543333,QR & Barcode Scanner
691db66d63ddd979c47b5da1,6297c4bc012073001b3df035,3638.6616008493006,519.8088001213287,yurihead_com-infoshell-recradio
69271712f65130bc5467d34a,5fc671cbba624b0015a61bf1,19146.585945849074,2735.226563692725,Pocket Sort: coin puzzle
69297e78b88dcb4daa968fa5,6297c4bc012073001b3df035,5401.2377491157795,771.6053927308257,tds-easyapp_com-anoshenko-android-solitaires
692e5d08b88dcb4daa96c359,58b91be73e5caab04b000296,6592.458487240671,941.7797838915245,JigSort Puzzle Android
693161fe713ec82bbfc4b736,56d55c72562b9c353800000d,9066.966684703306,1295.2809549576152,Marble Sort!
693166e7728b5ddeb6aff0cb,56d55c72562b9c353800000d,6632.255069545577,947.4650099350823,Marble Sort!
6937e3ed4ec75c29056b4ff0,60c319e160f8540017a53701,16181.192758876694,2311.5989655538133,Yarn Flow
69381c3fb92039a768f7847d,6641b3748ffbbf0011f15c05,3911.878203952198,558.8397434217426,Ace Pool Elite
6938cb6cb92039a768f78cc6,634d301fa3774b001b7c0dbc,4842.350274710667,691.7643249586666,Animal Ranch Life
69396939dcd0ca7503955f33,58737456236d8f446400071c,8835.4405175821,1262.2057882260142,Drop Escape Android
6939907bb92039a768f79b52,6936de53192ce0aadaecc0c6,9736.44703125837,1390.9210044654815,CryptoRush - Trading Academy
693a32ea4ec2844d2531226d,691300ff50bffb2bb3a10d66,4005.1960305680386,572.1708615097198,Da Fit-Android
693a9616e1459e7b85d0fa28,5e01b8af1a0f960017f9603e,3861.4098494712603,551.6299784958943,Brain Puzzle 3: Crazy Mind - Android
693fe580a5e39c9bec6605be,6297c4bc012073001b3df035,15379.17719709717,2197.025313871024,yan443193697dex_com.zsskxsw.android.zclientapp
69437dbc01d2a42bf6087b8f,69379d46192ce0aadaecc874,26642.369951407396,3806.0528502010566,Scoopz: Your People Your Video
69437de9f9db799a8390058c,69379d46192ce0aadaecc874,32412.34241453316,4630.334630647594,"Scoopz: Real Life, Real Videos"
69437e3201d2a42bf6087b94,69379d46192ce0aadaecc874,123133.24171370702,17590.463101958147,NewsBreak: Local News & Alerts
69437e6fed3b627e3079edb8,69379d46192ce0aadaecc874,184610.00308670188,26372.857583814555,NewsBreak: Local News & Alerts
6944c6740386411826a708bc,634d301fa3774b001b7c0dbc,6779.369442673634,968.4813489533763,Word Screw-3D Unscrew Bolts
6944fe900909df412ec5212c,634d301fa3774b001b7c0dbc,10830.229063268971,1547.1755804669958,Sheep Away
6948bbf78dc394ead5f8bad4,679868362d6d8a00115eb04b,4536.810249271127,648.1157498958753,Star Twinkle: Pop & Dream
6948bd7b8301764ca7d4f046,61b84202dacbc60017383dd8,3905.8853791434058,557.9836255919151,HITV_zenith
69495ce058c80b13f78eff4b,60c319e160f8540017a53701,12105.753670989596,1729.3933815699422,Yarn Flow
694966f98301764ca7d4fd6b,5fc618102e8dd2001579b65d,5664.417549281912,809.2025070402732,Barber Salon Launcher
694a4ebe0909df412ec565fc,561e8d936b8d90f61a0013cf,4566.4775701815925,652.3539385973703,Cardscapes iOS
694b60ccde78228fcc078c09,606c7bac7a37680015801ad8,5300.33284536266,757.19040648038,Block Blast! VN-iOS
694b63c5dd28ef10e371e830,606c7bac7a37680015801ad8,6295.913749241223,899.4162498916032,Block Blast! VN-GP
694cebc0ef46c85a1b2e084a,5e01b8af1a0f960017f9603e,4826.612177398552,689.5160253426503,Brain Puzzle 3: Crazy Mind - IOS
694f683758c80b13f78f54fb,61e5debc97db9400178b0529,5130.909139719793,732.9870199599703,com.bixmax.global_android
69539feb58c80b13f78f8725,65b2753cc0bb0b00110566e7,8446.5845979008,1206.6549425572573,Search It
6957275e16da9127a3d3f221,63c7b6b2f22ae3001457f1fb,8309.87053400109,1187.1243620001555,삼쩜삼 (삼쩜삼) - Android
695b7a29c9bdaccfbb31e99f,65b2753cc0bb0b00110566e7,5967.606049217883,852.515149888269,Search It
695bba07c9bdaccfbb31ef23,67347bc8d694410011b7e2ef,3880.2543137912735,554.3220448273248,QR & Barcode Scanner
695de6ce96e85e768a56b8bc,695dd01f2334b471dc1dec59,3897.0969549166466,556.7281364166638,LSU Lite 8Super
695f5d7f012a302218f674d5,6823ff6a9886e60011610e2b,8540.354216869515,1220.0506024099307,v720
69613d6aa37bf42bb072233f,57d1b461ae2b57d903000027,9409.667177095344,1344.2381681564777,Brick Blast iOS
6963b8c8a37bf42bb0723c32,561e8d966b8d90f61a0033c4,16290.918431846245,2327.2740616923206,Jelly Busters iOS
69649dc5db109ebf7b7adfab,5b975fcedc73276356309362,9837.556186280764,1405.3651694686807,Tile Clear android
6964bd7ad36c1656eeacff93,6297c4bc012073001b3df035,13212.318078251717,1887.4740111788167,lyvgames-outlook-com_com-lyh-flowvpn
69680f5935536525d31e36b2,67d0848db62d6b0011ccb35e,5870.146036887555,838.5922909839364,SmartNews for docomo
6968b4cfde96560c91c4c11a,6297c4bc012073001b3df035,10887.322557866182,1555.3317939808833,mliu43734-gmail-com_com-fly-ultra-free-vpn-high
6968c1a8de96560c91c4c28c,5ce32f41e15f77001148e36d,6023.223390268744,860.4604843241062,iG_Hotpot_Flow_IOS
6969d8ad9557abdc3c8cf6a2,5e96c1b29704720015d9f4ae,4836.184238639006,690.8834626627151,Arrow Madness Android
696cfd2ad4ba143db905d408,674ae9323800780011af68ca,6268.90786248955,895.5582660699357,aka iOS
696dcf33d4ba143db905dd66,6263cd0856d5fd0011a669a5,3689.1789239235445,527.0255605605064,Arrow 2
696e0a48efa06da9cbed45fa,57d1b461ae2b57d903000027,3756.7075402233277,536.6725057461897,Arrow Puzzle iOS
69709d8d73c0a231fff79934,6943c0c727e1a44402a2712f,4128.840892018922,589.8344131455603,Click Wood GP
6970c7fe73c0a231fff79cc7,67c01767cc8ae200116e5d00,22851.585417912647,3264.5122025589494,FreeReels-iOS
6971d28373c0a231fff7ac66,6336ada8eff220001b2d1061,22835.139077358657,3262.162725336951,Mahjong Master: Daily Match
6971dc22d4ba143db9061eec,6920858f3fcd392133e22a59,63718.5779170599,9102.653988151415,Rakuten Viber
6971eef873c0a231fff7afde,6920858f3fcd392133e22a59,30678.690606265536,4382.670086609362,Rakuten Viber
697728659557abdc3c8db5da,6297c4bc012073001b3df035,5350.095131350927,764.2993044787038,qichen-big_com-teng-ify-master-vpn
69787a762f4f00ef306b7f73,561e8d976b8d90f61a00409c,4749.584472102696,678.5120674432422,Classic Card Games - Solitaire
69788b9b9557abdc3c8dcfc2,65950837ab2b48001129b412,5463.129264520324,780.4470377886176,Coin Cash Reward
697a03a0a265576fe9242149,5f064bf93191d60018f0fd5a,10046.52850963643,1435.21835851949,Bubble Word Jam
697b3a91a265576fe924357a,6263cd0856d5fd0011a669a5,4678.083719511858,668.2976742159798,Arrow Clear Master
697b68bda265576fe92438e3,6297c4bc012073001b3df035,12448.657882580019,1778.3796975114312,qichen-big_com-tiptop-free-super-fast-link
698217064f170c846e96869e,693a98f538cf425060b4c773,7189.603791201796,1027.086255885971,LCM - Android
6983c71c7af5831af034f4aa,69834b2ea3ac73e99b7077db,3733.5749175005226,533.3678453572176,Teamsnap
69845ea1e6f73fe2b5840739,5b975fcedc73276356309362,95118.10551179117,13588.300787398739,Arrows GO! Android
698a021a0df678167264c02b,643d1561e09b08001442e672,15467.394766473175,2209.627823781882,Headlines Tiger
698a103cefc515f9db958ea0,5fc618102e8dd2001579b65d,9196.894938376448,1313.8421340537784,Duck Blast Launcher
698a67f2da615c18d6dab1bd,698a6771eea67583ba0bada3,152562.48769783793,21794.641099691133,Character.ai
698acd68efc515f9db9599a2,5b975fcedc73276356309362,4471.082691186608,638.7260987409439,ZenColor2_Android
698b4202d2a96479c4932245,5fc618102e8dd2001579b65d,9879.232403930208,1411.3189148471724,Shark Madness Launcher
698b4e5ca3a2efa5595260d5,693a98f538cf425060b4c773,7797.941728974713,1113.9916755678162,LCM - IOS
698c18a8d2a96479c4932e53,5e96c1b29704720015d9f4ae,3761.6609728463745,537.3801389780535,Arrow2
6992e0b5ec24d3c731fe139a,698a14ac910ce7b2f1f5662b,7042.412178985209,1006.0588827121727,Notes Launcher
699484620df6781672655eb1,5ce32f41e15f77001148e36d,5361.373446176731,765.9104923109616,IG_Mahjong_Jam
69956fbdeca04079046054bc,69930b23eea67583ba0c3092,3584.410078169263,512.058582595609,Yazio iOS
6995aeab422f11044497f9b2,62a1815d11112f001a291752,4323.943704097688,617.7062434425269,うさポ
6996fd123630b752386af791,5fc618102e8dd2001579b65d,19406.818846780046,2772.4026923971496,Candy Race Launcher
6997eac750c5b8992ac54561,61e5debc97db9400178b0529,3888.243611333831,555.4633730476901,com.zuper.fire_android
699f01023630b752386b72d0,5fc618102e8dd2001579b65d,4173.333802107573,596.1905431582247,Makeup Challenge Launcher
699f9c8aec7a8f27180ea671,69986b1e026acf48a90fdd4b,4366.187919854332,623.7411314077617,OLX: Compras Online e Vendas
69a010803630b752386b84eb,697702c10199fcad0554f955,21026.940216061204,3003.8486022944576,VibeShort: AI Comic Dramas
69a287e7a55413945451237c,697702c10199fcad0554f955,37866.16926999345,5409.452752856208,VibeShort: AI Comic Dramas
69a335d4646fe74838526bfe,693ff17dacc6e5cd2311ae4b,5770.436781382971,824.3481116261388,RigiTv
69a337c63630b752386bb689,69a33528e458622da39fd9d8,7692.873048056417,1098.9818640080596,StepUp iOS
69a546513630b752386bd1a8,6297c4bc012073001b3df035,6360.9853490804835,908.7121927257833,qichen-big_com-quan-brother-secure-vpn
69a6bd2113ccef6d33213092,694a7a072325f894f1e4e141,9944.588984964455,1420.6555692806364,FreeDrama
69a7f850090600979197dfb1,674d6cfd2f5be200113e4217,40584.05225640292,5797.721750914703,Fun Drama
69a818fbc212359192fdc3cc,69a816c2814b9fb75404bc85,35408.54984842453,5058.364264060648,com.rummikubfree
69a99270644cb24efdfc8235,69a2f4704c0d69d44ce44e6d,3827.9208408393856,546.8458344056265,Snoggle
69a9ba0b0906009791980362,69a2f4704c0d69d44ce44e6d,5867.63016745018,838.2328810643114,Snoggle
69aa88340906009791981043,696df09b3eafeed3e7b21d7e,6034.867904149965,862.1239863071379,8585-Coin Stack Mania
69aad36709060097919816e9,69986b1e026acf48a90fdd4b,4232.868787586334,604.695541083762,Olx Brasil
69ae7c17718fb1ac2b4c4dcb,62664065ca13b50011fb00a2,4971.851107535009,710.2644439335727,Mini Games: Finger Rush
69afbb5bba87afee00ff7fa1,5eb4c67d5e6ebc00166b8d04,5796.705260635343,828.1007515193347,Diamond Flow: Color Puzzle
69b04c714f9ec504f3655f91,5f3414f3b421040016eb5132,6654.465701121192,950.6379573030274,Royal Kingdom iOS
69b10266987039d6bdff392f,6991423beea67583ba0c1965,13783.989297124459,1969.141328160637,D 1
69b118dd3e8180318ca50a41,674d6cfd2f5be200113e4217,38868.16485290346,5552.594978986208,ReelMoment
69b1546f987039d6bdff41fa,6641b3748ffbbf0011f15c05,18757.55533195533,2679.650761707904,MixReels
69b169a7987039d6bdff43fa,6297c4bc012073001b3df035,7555.092817332351,1079.2989739046216,zhouwu19894325-gmail-com_com-bluesunrise-PaperFly
69b1908779865051d32f1222,698a6771eea67583ba0bada3,57486.16017875097,8212.308596964425,"Character AI: Chat, Talk, Text"
69b41355706d59116318272d,5b69051b3a5ab61db2c22189,9164.665691457112,1309.2379559224446,CubeAway - 3DPuzzle - iOS
69b41482102c6dbbb60d58e0,5cc173c6d788b30012b2ff51,5749.282996572116,821.3261423674451,Money Sort
69b7213584330c0bd0f61dc2,5b69051b3a5ab61db2c22189,24591.756441566864,3513.1080630809806,Bus Rush Fever!
69b7234c706d591163185603,5b69051b3a5ab61db2c22189,37611.95566170153,5373.136523100219,Bus Rush Fever!
69b77a8d1f89c74f7a8d10da,68cd1ed00f90835398be25f1,3851.1248373615404,550.1606910516487,Harvest Block Crush
69b7c74fe797e72329f6938f,6297c4bc012073001b3df035,308107.849737036,44015.407105290855,zhouwu19894325-gmail-com_com-toplinkc-foxexcellent
69b84c8e706d591163186e43,6647d1649965a7001157bc8a,9790.574066687237,1398.6534380981768,Cube Blast Puzzle Game
69b93ca2706d59116318809e,664e27f28ffbbf0011f1d3b8,20046.04218989409,2863.720312842013,Block Out!
69ba6b5a0114322d67472974,6297c4bc012073001b3df035,13190.814808231102,1884.402115461586,zhouwu19894325-gmail-com_com-meilingnet-fastnetd
69ba71e0d1024b492e90e048,66c45f2c053da00011d69728,11088.88310512574,1584.1261578751057,MSi
69bb65b252d4bba2185c9740,614d6b2d47bd8d00170030ca,3728.1670568923537,532.5952938417648,PDF11B
69bbb45e6a450f7b4f11e1c4,6297c4bc012073001b3df035,6199.059291040532,885.579898720076,yuechao-ma_com-ray-litter-stars
69c1153d920938260175197f,64b77ab3d634830011209287,5816.6826397530085,830.9546628218584,Cineme
69c20204a8a6fba7d1a1780d,59f943ef3f415d7d580076a0,3805.8085264084734,543.6869323440676,sdyjtpath
69c23f81a8a6fba7d1a17e41,69c2321c4bae0d5981c00b17,22507.806426213607,3215.400918030515,yoosee_ios
69c248f169448a91164d8feb,69c2321c4bae0d5981c00b17,49460.7893870338,7065.827055290543,yoosee-Android
69c2954b7c25f96d75ccd5f2,5b975fcedc73276356309362,20393.606152576333,2913.3723075109046,Arrows GO! iOS
69c3fa1ffc715c15d6ae9ec3,5fc618102e8dd2001579b65d,29192.837573814344,4170.405367687764,DramaStream Launcher
69cb292c29ef4f8d2a742e74,6915398050bffb2bb3a12605,4009.497599800642,572.7853714000918,master-lite
69cb38b78a916d2a3115581c,69539cc1215711e3530d17f8,4406.615279892982,629.5164685561402,海外全搜
69cc8e838a916d2a31157136,696df09b3eafeed3e7b21d7e,3960.623154726913,565.8033078181304,8556-Tile Voyage: Match Puzzle
69cc8eba8a916d2a3115713b,696df09b3eafeed3e7b21d7e,5215.227460180742,745.0324943115346,8555-Shanghai Mahjongg Puzzle
69d20b9a5adfe10ca04f803b,69a816c2814b9fb75404bc85,12287.68491355276,1755.3835590789656,Android Rummikub Free
69d4dba5c6080cd56d9ec589,57e0a10627faef781e000031,5484.944001149628,783.5634287356612,Rap Star:Idle Clicker
69d715dd55af88c3731520ab,658a2fc2ab2b4800112923f1,10190.555694190549,1455.79367059865,XMEye Pro
69d721c65c9606f21f6693eb,658a2fc2ab2b4800112923f1,5738.499355405174,819.7856222007392,监控眼Pro
69d8d57bde1ae099c68ca3ea,634d301fa3774b001b7c0dbc,6041.970133337558,863.138590476794,Piggy Escape
69ddad0185e1099908b8ee47,67bc0dade07afc0011689ab9,5990.151442131518,855.7359203045025,EasyClean - File CLeaner
69df0c207067309f02ccd71c,69c343956cffa56c03badbb0,8624.412270686194,1232.0588958123135,NovaDrama
69df26be7067309f02ccd929,69db7b997dbb2c94758de027,14283.171665602757,2040.453095086108,kakaopay_iOS
69e09835b6a93be17be96eac,67b440da04718500114423f1,3604.625043368285,514.9464347668978,Mico_iOS
69e0a1a567d7824cc773f518,6641b3748ffbbf0011f15c05,4504.300244368322,643.4714634811888,Gold Merge Mania
69e0a6fab6a93be17be970f3,5b975fcedc73276356309362,107319.38752801012,15331.341075430017,Meowdoku iOS
69e0a7d4b6a93be17be97116,5b975fcedc73276356309362,49201.90212716868,7028.843161024097,Meowdoku And
69e0c0dd67d7824cc773f804,642fcca2b04a200010798b74,3545.429622500085,506.48994607144067,AI Mirror: Screen Mirroring TV
69e1abd8ba7fb8ae930375ad,69dca1d80e0891e59aa248e0,20244.334574352826,2892.047796336118,StoryReel-ios
69e1ac12ba7fb8ae930375b9,69dca1d80e0891e59aa248e0,11225.124753941429,1603.5892505630613,StoryReel-android
69e5ef2c1007f69ac2864b4e,67b5bff30471850011443643,6979.778373284524,997.1111961835034,Tap Tile-GP
69e68e87b1e4be9ed9885d41,6297c4bc012073001b3df035,3771.767167916292,538.8238811308988,lyvgames-outlook-com_digital-pinnaclewave-vpn-work-huade
69e6e1a6b1e4be9ed98861c3,69c62dd58cf790e099c02480,18070.91313640608,2581.559019486583,GreatShort
69e99dd8b1e4be9ed988a962,58b91be73e5caab04b000296,3885.4069018908313,555.0581288415473,Loop Sort Android
69e9d18ee3a260bf55fae83d,6940fbf7aa92acbac5362ff8,5561.154250159758,794.4506071656797,Mingotalk
69e9ec8e164265a039e917bc,695f2ae70199fcad0553cb4d,4010.1646865193393,572.8806695027628,RioDrama
69eae0643e2ffb9da91d5c24,69ead3c0a33b05d61de6186b,5316.850762476917,759.5501089252739,StickerHub iOS
69eae084731c8519ff93da28,69ead3c0a33b05d61de6186b,4206.604636969738,600.9435195671055,StickerHub Android
69ef11151beedcc0ffe75c4e,63230fa0d6e567001b15e305,9555.777667369568,1365.1110953385098,Storage Clean - Quick & Secure
69ef1d96497433e470cdd338,6641b3748ffbbf0011f15c05,5826.063364296264,832.2947663280377,Cash Arrows
69ef74e3578bb52471f73cb9,696a2d72a3f5d61ac707c85a,21397.354684416,3056.7649549165717,Money Tycoon
69f1f50b650039032ad3f6db,6940fbf7aa92acbac5362ff8,3582.6715026242287,511.8102146606041,minglo
69f8597141d4695486a1959b,65e71ba517069f0011a36cfa,3813.998203275031,544.8568861821473,Cymera iOS
69fa1fa13d225f31f458c6ed,69fa1edb63ed3b5eefe8c177,34156.477356617776,4879.496765231111,Cannon Fest
69fae486650039032ad49502,6943c0c727e1a44402a2712f,3547.823395561888,506.8319136516983,Click X iOS
69fb037f637148d12c1cf74d,69fb02a08f95e24c6f99ed31,7755.248112216324,1107.892587459475,playus iOS
69fb053d637148d12c1cf786,5de9e38ecca8210018d5923b,3788.7141630550223,541.2448804364318,Rebel Queen_ios
69fc2d4d637148d12c1d1583,691f18db3fcd392133e21961,5197.069198122897,742.4384568746997,TV Remote-007
69fdbc8a71992407adfd0beb,59f943ef3f415d7d580076a0,6620.535370182627,945.7907671689467,igddyarrow
69fee8e1f9684568f365de84,696df09b3eafeed3e7b21d7e,16985.36178585721,2426.480255122459,8720-Fluffy Drop
6a02c7e57e1f4431ec7469f8,6823ff6a9886e60011610e2b,8592.133457134682,1227.447636733526,zmodo
6a042cd871992407adfd7c3a,5c99bb9a419bc70011bbebcd,6197.559566376124,885.3656523394463,Jigsaw Drop: Solitaire Puzzle
6a0468c3a076ba86dfd30bff,696df09b3eafeed3e7b21d7e,9495.63698009963,1356.5195685856615,8721-Fluffy Drop
6a047a82a076ba86dfd30d7a,6297c4bc012073001b3df035,38017.18316543623,5431.02616649089,verbitsky-retoucher_com_pingsecure_client_app
6a05a59a5d0339c565bd97e7,5c99bb9a419bc70011bbebcd,3958.656775649442,565.5223965213488,Jigsaw Drop: Solitaire Puzzle
6a05ab0f5d0339c565bd9817,5fc618102e8dd2001579b65d,15045.369609032889,2149.338515576127,Buns and Bounce Home Screen
6a06cb03a2d92198892871c9,69de35d17dbb2c94758e086d,6124.99344161741,874.9990630882014,荣耀应用市场
6a06e7caea1371b7b7d2789d,69c343956cffa56c03badbb0,4857.3774552931245,693.911065041875,PeakShort
6a0bc153ea1371b7b7d2c720,5b84c65ca73f7a027c553f4a,16121.125653682848,2303.0179505261212,Food Hunt
6a0bddfd3b0cec9d5d435e58,5fc0a33dcb32b5001563f9dc,6927.274827731328,989.6106896759039,Arrow Pro 3D（iOS）
6a140f98a696cf11fd580c1c,66cc1f476f113e00119863ee,5117.821884491101,731.1174120701572,Cluck Carnival
6a141a4ae4af78f417c35fd5,6875f522babc2000110fb14e,8982.33355233369,1283.1905074762415,LOKTV - morph
6a1422f8506d51d291ff3005,5b84c65ca73f7a027c553f4a,6144.679405445046,877.8113436350066,Food Hunt: Pixel Puzzle
6a1427b727cc99a77349fe78,68fa0d672fef766b2dac5f75,4706.390303784312,672.3414719691874,Seekee: AI Art Generator
6a17ee2a61c353560da63dfe,642fcca2b04a200010798b74,6911.446298590897,987.349471227271,IPTV Online Player: Live TV
6a18a8892600fb6971bb15de,69379d46192ce0aadaecc874,10076.094659291448,1439.4420941844926,CrimeRadar Dispatch Audio
6a1935e7fd2b32d040f9701f,59f943ef3f415d7d580076a0,5172.49009528122,738.9271564687458,igddyarrowb
6a238ba51057ab86f3013663,68b15a7cc3df44b6b016cb9f,7781.863600934361,1111.6948001334802,BonusTV Lite
6a238de39d2772ffc62da3d4,68b15a7cc3df44b6b016cb9f,8026.234465162053,1146.604923594579,PassionDrama Pro
6a26b2e7a7247ddc21445a90,6a26737de6f5b8e17bdcb8df,22532.197608151244,3218.885372593035,DramaSpot
6a26fede79b3d1c1f0737cef,69fa1edb63ed3b5eefe8c177,8397.503692792476,1199.6433846846394,Cannon Fest Android
6a27cafe79b3d1c1f0738d0c,69c343956cffa56c03badbb0,4456.978269786638,636.7111813980911,MVShort
6a27ccfc1aa91a42d50e6c58,68b15a7cc3df44b6b016cb9f,19954.355302399432,2850.6221860570618,BonusTV Pro
6a27d93179b3d1c1f0738ebb,693cdc3aaa92acbac5360f24,5192.640287645521,741.8057553779316,WalkRuns
6a2a286c1aa91a42d50e9f9e,6808dbeef6158900110477ca,3780.0001325028243,540.0000189289749,Emochi World
6a2f70f3c05301d38f4501e5,674d6cfd2f5be200113e4217,5741.843513694666,820.2633590992381,hook drama
6a30ba261aa91a42d50f1cab,67e2846d29108d0011df6d86,10240.468347019552,1462.9240495742217,DramaStack
6a3903b165d215ba76bd7ab8,6a38fde93ccf56e7838442b5,6058.072653670821,865.4389505244029,Royal Smash iOS
6a3909e9988bcb73fb73a89b,6a38fde93ccf56e7838442b5,8453.79442051072,1207.684917215817,Royal Smash Android
6a3b013c117a4bef554e02b6,62ed34b9c7573a0017012671,4441.298962872743,634.4712804103918,TuneIn iOS
6a41df4d117a4bef554e8590,6a213e2e2e7e292a6e52dc9a,6119.0876147807785,874.1553735401112,Volume Booster-Tool Center
6a437aeccc70cbac7ffcdadd,6297c4bc012073001b3df035,7001.6040669104195,1000.2291524157743,direct-manager-world_com-piplnetwork-piplvpn
6a451d094b0c5a99a07a0330,6a25a5b6a3e2e589b0b4a855,3531.439883940282,504.49141199146885,Remote for LG TV Smart Control
6a47a34d9d0f9cfabf697a19,6297c4bc012073001b3df035,5016.896527136971,716.6995038767101,yuechao-ma_com-lychee-vpn-supervpn-speed
