pub_account,pub_account_id,region,am_name,pub_app,pub_app_id,pub_market_id,pub_daily_spend,missing_combo,domain,rtb_account_id,country,combo_daily_spend,network_share,est_uplift_daily,exempted_combo_count,total_combos
OAKEVER GAMES PTE LTD,5b975fcedc73276356309362,APAC,Aria Gao,Vita Mahjong Android,659e1333a5c8c578aac410f0,com.vitastudio.mahjong,69445.7427,Combo3,casino.draftkings.com,5f6413c9612b1a0015099993,CA,7902.2809,0.00176958,122.8896,6,10
OAKEVER GAMES PTE LTD,5b975fcedc73276356309362,APAC,Aria Gao,Vita Mahjong Android,659e1333a5c8c578aac410f0,com.vitastudio.mahjong,69445.7427,Combo4,draftkings.com,602442ef9f0893001526406b,US,3830.5002,0.00085777,59.5687,6,10
Skywork AI PTELTD,67c01767cc8ae200116e5d00,APAC,Ronald Long,FreeReels-安卓,689b0fdef369593cb0e287e9,com.freereels.app,35620.5561,Combo5,sportsbook.draftkings.com,5bc0e10e25c7d7796ebe8fc0,US,3465.1714,0.00077596,27.6403,6,10
OAKEVER GAMES PTE LTD,5b975fcedc73276356309362,APAC,Aria Gao,Meowdoku iOS,69e0a6fab6a93be17be970f3,6761760135,15211.7956,Combo3,casino.draftkings.com,5f6413c9612b1a0015099993,CA,7902.2809,0.00176958,26.9184,2,10
Easybrain Ltd,57d1b461ae2b57d903000027,EMEA,Dina Eraksan,Sudoku - Classic Sudoku Puzzle Game,592fc29cc10833a4760012c6,1193508329,13380.144,Combo3,casino.draftkings.com,5f6413c9612b1a0015099993,CA,7902.2809,0.00176958,23.6772,6,10
OAKEVER GAMES PTE LTD,5b975fcedc73276356309362,APAC,Aria Gao,Arrows GO! Android,69845ea1e6f73fe2b5840739,com.oakever.arrows,13278.6625,Combo3,casino.draftkings.com,5f6413c9612b1a0015099993,CA,7902.2809,0.00176958,23.4976,2,10
OAKEVER GAMES PTE LTD,5b975fcedc73276356309362,APAC,Aria Gao,Vita Mahjong Android,659e1333a5c8c578aac410f0,com.vitastudio.mahjong,69445.7427,Combo6,draftkings.com,5f6413c9612b1a0015099993,CA,1296.3796,0.0002903,20.1602,6,10
OAKEVER GAMES PTE LTD,5b975fcedc73276356309362,APAC,Aria Gao,Vita Mahjong Android,659e1333a5c8c578aac410f0,com.vitastudio.mahjong,69445.7427,Combo7,casino.draftkings.com,602442ef9f0893001526406b,US,1225.3136,0.00027439,19.055,6,10
Skywork AI PTELTD,67c01767cc8ae200116e5d00,APAC,Ronald Long,dramawave-安卓,67c0237dee9356aafba1ccdb,com.dramawave.app,23919.9714,Combo5,sportsbook.draftkings.com,5bc0e10e25c7d7796ebe8fc0,US,3465.1714,0.00077596,18.561,6,10
Easybrain Ltd,57d1b461ae2b57d903000027,EMEA,Dina Eraksan,Crossword Master GP,661556bb5b2dea6d39bb0063,com.easybrain.crossword.puzzles,8061.9121,Combo3,casino.draftkings.com,5f6413c9612b1a0015099993,CA,7902.2809,0.00176958,14.2662,6,10
OAKEVER GAMES PTE LTD,5b975fcedc73276356309362,APAC,Aria Gao,Meowdoku iOS,69e0a6fab6a93be17be970f3,6761760135,15211.7956,Combo4,draftkings.com,602442ef9f0893001526406b,US,3830.5002,0.00085777,13.0483,2,10
Easybrain Ltd,57d1b461ae2b57d903000027,EMEA,Dina Eraksan,Number Match IOS,5fdfae0fc5d4c9ab8efa6701,1545567989,7299.1855,Combo3,casino.draftkings.com,5f6413c9612b1a0015099993,CA,7902.2809,0.00176958,12.9165,6,10
OAKEVER GAMES PTE LTD,5b975fcedc73276356309362,APAC,Aria Gao,Meowdoku And,69e0a7d4b6a93be17be97116,com.oakever.meowdoku,6974.7269,Combo3,casino.draftkings.com,5f6413c9612b1a0015099993,CA,7902.2809,0.00176958,12.3423,2,10
OAKEVER GAMES PTE LTD,5b975fcedc73276356309362,APAC,Aria Gao,Meowdoku iOS,69e0a6fab6a93be17be970f3,6761760135,15211.7956,Combo5,sportsbook.draftkings.com,5bc0e10e25c7d7796ebe8fc0,US,3465.1714,0.00077596,11.8038,2,10
Easybrain Ltd,57d1b461ae2b57d903000027,EMEA,Dina Eraksan,Sudoku - Classic Sudoku Puzzle Game,592fc29cc10833a4760012c6,1193508329,13380.144,Combo4,draftkings.com,602442ef9f0893001526406b,US,3830.5002,0.00085777,11.4771,6,10
OAKEVER GAMES PTE LTD,5b975fcedc73276356309362,APAC,Aria Gao,Arrows GO! Android,69845ea1e6f73fe2b5840739,com.oakever.arrows,13278.6625,Combo4,draftkings.com,602442ef9f0893001526406b,US,3830.5002,0.00085777,11.3901,2,10
Voodoo,56d55c72562b9c353800000d,EMEA,Hadil Salameh,Paper.io 2,5b83e2f3ebcb4a0f62d80e85,1423046460,13243.7217,Combo4,draftkings.com,602442ef9f0893001526406b,US,3830.5002,0.00085777,11.3601,8,10
FALCON GLOBAL LTD.,5a57133a3610bbb671016ff3,APAC,Nam Trinh,Goods Sorting: Match 3 Puzzle iOS PM_1945,661898f2c0c070078a977fb4,6482849843,6385.6497,Combo3,casino.draftkings.com,5f6413c9612b1a0015099993,CA,7902.2809,0.00176958,11.2999,2,10
X-FLOW LTD,5b1526a7de961d3317b1d475,EMEA,Kseniia Fesenko,Happy Color iOS (NEW),603cf6d080c4a228357168ea,1407852246,13623.4338,Combo5,sportsbook.draftkings.com,5bc0e10e25c7d7796ebe8fc0,US,3465.1714,0.00077596,10.5713,6,10
SmartNews,67d0848db62d6b0011ccb35e,Americas,Lisa Tolentino,SmartNews iOS,67d272dadc73e19db732c198,579581125,13606.7959,Combo5,sportsbook.draftkings.com,5bc0e10e25c7d7796ebe8fc0,US,3465.1714,0.00077596,10.5584,6,10
OAKEVER GAMES PTE LTD,5b975fcedc73276356309362,APAC,Aria Gao,Arrows GO! Android,69845ea1e6f73fe2b5840739,com.oakever.arrows,13278.6625,Combo5,sportsbook.draftkings.com,5bc0e10e25c7d7796ebe8fc0,US,3465.1714,0.00077596,10.3038,2,10
Skywork AI PTELTD,67c01767cc8ae200116e5d00,APAC,Ronald Long,FreeReels-安卓,689b0fdef369593cb0e287e9,com.freereels.app,35620.5561,Combo8,draftkings.com,5bc0e10e25c7d7796ebe8fc0,US,1178.8851,0.00026399,9.4035,6,10
Easybrain Ltd,57d1b461ae2b57d903000027,EMEA,Dina Eraksan,Crossword Master IOS,66b372f5e33c9a548741ff37,6547858927,4410.9121,Combo3,casino.draftkings.com,5f6413c9612b1a0015099993,CA,7902.2809,0.00176958,7.8055,6,10
Easybrain Ltd,57d1b461ae2b57d903000027,EMEA,Dina Eraksan,Puzzles IOS,5a30e47b794900452500459c,1324604053,4309.4034,Combo3,casino.draftkings.com,5f6413c9612b1a0015099993,CA,7902.2809,0.00176958,7.6258,6,10
SYBO Games,5c52bd6ffbeb402419bef87d,EMEA,Louis Wallworth,Subway Surfers (Non-COPPA),5e4e66ea60ce6a001791d156,512939461,4182.4116,Combo3,casino.draftkings.com,5f6413c9612b1a0015099993,CA,7902.2809,0.00176958,7.4011,6,10
Easybrain Ltd,57d1b461ae2b57d903000027,EMEA,Dina Eraksan,Blockudoku IOS,5c9c7a04d13ede0012e22ff2,1452227871,4177.5385,Combo3,casino.draftkings.com,5f6413c9612b1a0015099993,CA,7902.2809,0.00176958,7.3925,6,10
Easybrain Ltd,57d1b461ae2b57d903000027,EMEA,Dina Eraksan,Crossword Master GP,661556bb5b2dea6d39bb0063,com.easybrain.crossword.puzzles,8061.9121,Combo4,draftkings.com,602442ef9f0893001526406b,US,3830.5002,0.00085777,6.9153,6,10
Skywork AI PTELTD,67c01767cc8ae200116e5d00,APAC,Ronald Long,dramawave-安卓,67c0237dee9356aafba1ccdb,com.dramawave.app,23919.9714,Combo8,draftkings.com,5bc0e10e25c7d7796ebe8fc0,US,1178.8851,0.00026399,6.3146,6,10
Easybrain Ltd,57d1b461ae2b57d903000027,EMEA,Dina Eraksan,Number Match IOS,5fdfae0fc5d4c9ab8efa6701,1545567989,7299.1855,Combo4,draftkings.com,602442ef9f0893001526406b,US,3830.5002,0.00085777,6.261,6,10
Pocket Entertainment Services LLC,6315b8713c59f7001bacf8fb,Americas,Rutvij Jadav,PocketFM IOS,6345c091c17e333ca212effc,1538433480,3447.9015,Combo3,casino.draftkings.com,5f6413c9612b1a0015099993,CA,7902.2809,0.00176958,6.1013,6,10
OAKEVER GAMES PTE LTD,5b975fcedc73276356309362,APAC,Aria Gao,Meowdoku And,69e0a7d4b6a93be17be97116,com.oakever.meowdoku,6974.7269,Combo4,draftkings.com,602442ef9f0893001526406b,US,3830.5002,0.00085777,5.9827,2,10
X-FLOW LTD,5b1526a7de961d3317b1d475,EMEA,Kseniia Fesenko,Happy Color Android - Paint by Number,5a777f42d76bfe102f007091,com.pixel.art.coloring.color.number,7674.6411,Combo5,sportsbook.draftkings.com,5bc0e10e25c7d7796ebe8fc0,US,3465.1714,0.00077596,5.9552,6,10
INJOY TECHNOLOGY PTE.LTD.,5f687c6436ca1e0016d5fd6d,APAC,Seven Tu,Shareit Android,64f7008818744ab0e0841919,com.lenovo.anyshare.gps,6390.6848,Combo4,draftkings.com,602442ef9f0893001526406b,US,3830.5002,0.00085777,5.4818,4,10
FALCON GLOBAL LTD.,5a57133a3610bbb671016ff3,APAC,Nam Trinh,Goods Sorting: Match 3 Puzzle iOS PM_1945,661898f2c0c070078a977fb4,6482849843,6385.6497,Combo4,draftkings.com,602442ef9f0893001526406b,US,3830.5002,0.00085777,5.4774,2,10
OAKEVER GAMES PTE LTD,5b975fcedc73276356309362,APAC,Aria Gao,Meowdoku And,69e0a7d4b6a93be17be97116,com.oakever.meowdoku,6974.7269,Combo5,sportsbook.draftkings.com,5bc0e10e25c7d7796ebe8fc0,US,3465.1714,0.00077596,5.4121,2,10
Scopely,561e8d966b8d90f61a003414,Americas,Natalie Kenyon,Scrabble Go,59e7db9b598ece421700ded4,1215933788,6051.7925,Combo4,draftkings.com,602442ef9f0893001526406b,US,3830.5002,0.00085777,5.1911,8,10
OAKEVER GAMES PTE LTD,5b975fcedc73276356309362,APAC,Aria Gao,Arrows GO! iOS,69c2954b7c25f96d75ccd5f2,6758326278,2911.1141,Combo3,casino.draftkings.com,5f6413c9612b1a0015099993,CA,7902.2809,0.00176958,5.1514,2,10
Mattel163 Limited,5b0fc58f19829714e5ad0d2f,APAC,Aria Gao,UNO!™,5b14f1027ea39141340a6ada,1344700142,2895.2487,Combo3,casino.draftkings.com,5f6413c9612b1a0015099993,CA,7902.2809,0.00176958,5.1234,6,10
INJOY TECHNOLOGY PTE.LTD.,5f687c6436ca1e0016d5fd6d,APAC,Seven Tu,Shareit Android,64f7008818744ab0e0841919,com.lenovo.anyshare.gps,6390.6848,Combo5,sportsbook.draftkings.com,5bc0e10e25c7d7796ebe8fc0,US,3465.1714,0.00077596,4.9589,4,10
FALCON GLOBAL LTD.,5a57133a3610bbb671016ff3,APAC,Nam Trinh,Goods Sorting: Match 3 Puzzle iOS PM_1945,661898f2c0c070078a977fb4,6482849843,6385.6497,Combo5,sportsbook.draftkings.com,5bc0e10e25c7d7796ebe8fc0,US,3465.1714,0.00077596,4.955,2,10
Easybrain Ltd,57d1b461ae2b57d903000027,EMEA,Dina Eraksan,Nonogram IOS,5c88efab1c2e1f6eb4ca10cc,1452992954,2522.3054,Combo3,casino.draftkings.com,5f6413c9612b1a0015099993,CA,7902.2809,0.00176958,4.4634,6,10
OAKEVER GAMES PTE LTD,5b975fcedc73276356309362,APAC,Aria Gao,Meowdoku iOS,69e0a6fab6a93be17be970f3,6761760135,15211.7956,Combo6,draftkings.com,5f6413c9612b1a0015099993,CA,1296.3796,0.0002903,4.416,2,10
Skywork AI PTELTD,67c01767cc8ae200116e5d00,APAC,Ronald Long,FreeReels-安卓,689b0fdef369593cb0e287e9,com.freereels.app,35620.5561,Combo9,draftkings.com,5bc0e10e25c7d7796ebe8fc0,CA,537.4353,0.00012035,4.2869,6,10
Easybrain Ltd,57d1b461ae2b57d903000027,EMEA,Dina Eraksan,Art Puzzle GP,5f33efea7aae9f000162155d,com.easybrain.art.puzzle,4962.1386,Combo4,draftkings.com,602442ef9f0893001526406b,US,3830.5002,0.00085777,4.2564,4,10
Pocket Entertainment Services LLC,6315b8713c59f7001bacf8fb,Americas,Rutvij Jadav,PocketFM Android,6315b8bb85b5a14b0bbc9454,com.radio.pocketfm,2377.0222,Combo3,casino.draftkings.com,5f6413c9612b1a0015099993,CA,7902.2809,0.00176958,4.2063,6,10
Scopely,561e8d966b8d90f61a003414,Americas,Natalie Kenyon,Scrabble Go,59e7dc15a81a003c1700ebfe,com.pieyel.scrabble,4870.4114,Combo4,draftkings.com,602442ef9f0893001526406b,US,3830.5002,0.00085777,4.1777,4,10
OAKEVER GAMES PTE LTD,5b975fcedc73276356309362,APAC,Aria Gao,Meowdoku iOS,69e0a6fab6a93be17be970f3,6761760135,15211.7956,Combo7,casino.draftkings.com,602442ef9f0893001526406b,US,1225.3136,0.00027439,4.1739,2,10
OAKEVER GAMES PTE LTD,5b975fcedc73276356309362,APAC,Aria Gao,Meowdoku iOS,69e0a6fab6a93be17be970f3,6761760135,15211.7956,Combo8,draftkings.com,5bc0e10e25c7d7796ebe8fc0,US,1178.8851,0.00026399,4.0158,2,10
FALCON GLOBAL LTD.,5a57133a3610bbb671016ff3,APAC,Nam Trinh,Goods Sorting: Match 3 Puzzle PM_1945,660a20c0c5f237ebf7b4ac68,com.fc.goods.sort.matching.puzzle.triplemaster,2243.5693,Combo3,casino.draftkings.com,5f6413c9612b1a0015099993,CA,7902.2809,0.00176958,3.9702,2,10
Easybrain Ltd,57d1b461ae2b57d903000027,EMEA,Dina Eraksan,Sudoku - Classic Sudoku Puzzle Game,592fc29cc10833a4760012c6,1193508329,13380.144,Combo6,draftkings.com,5f6413c9612b1a0015099993,CA,1296.3796,0.0002903,3.8843,6,10
OAKEVER GAMES PTE LTD,5b975fcedc73276356309362,APAC,Aria Gao,Arrows GO! Android,69845ea1e6f73fe2b5840739,com.oakever.arrows,13278.6625,Combo6,draftkings.com,5f6413c9612b1a0015099993,CA,1296.3796,0.0002903,3.8548,2,10
Easybrain Ltd,57d1b461ae2b57d903000027,EMEA,Dina Eraksan,Art Puzzle GP,5f33efea7aae9f000162155d,com.easybrain.art.puzzle,4962.1386,Combo5,sportsbook.draftkings.com,5bc0e10e25c7d7796ebe8fc0,US,3465.1714,0.00077596,3.8504,4,10
Mattel163 Limited,5b0fc58f19829714e5ad0d2f,APAC,Aria Gao,Phase 10 iOS,5d81c924bf4aa20017e95920,1463509237,2148.0516,Combo3,casino.draftkings.com,5f6413c9612b1a0015099993,CA,7902.2809,0.00176958,3.8011,6,10
SYBO Games,5c52bd6ffbeb402419bef87d,EMEA,Louis Wallworth,Subway Surfers (Non-COPPA),5e4e6838246d020018f1e653,com.kiloo.subwaysurf,2143.2636,Combo3,casino.draftkings.com,5f6413c9612b1a0015099993,CA,7902.2809,0.00176958,3.7927,4,10
Easybrain Ltd,57d1b461ae2b57d903000027,EMEA,Dina Eraksan,Crossword Master IOS,66b372f5e33c9a548741ff37,6547858927,4410.9121,Combo4,draftkings.com,602442ef9f0893001526406b,US,3830.5002,0.00085777,3.7836,6,10
Scopely,561e8d966b8d90f61a003414,Americas,Natalie Kenyon,Scrabble Go,59e7dc15a81a003c1700ebfe,com.pieyel.scrabble,4870.4114,Combo5,sportsbook.draftkings.com,5bc0e10e25c7d7796ebe8fc0,US,3465.1714,0.00077596,3.7793,4,10
Easybrain Ltd,57d1b461ae2b57d903000027,EMEA,Dina Eraksan,Puzzles IOS,5a30e47b794900452500459c,1324604053,4309.4034,Combo4,draftkings.com,602442ef9f0893001526406b,US,3830.5002,0.00085777,3.6965,6,10
Easybrain Ltd,57d1b461ae2b57d903000027,EMEA,Dina Eraksan,Sudoku - Classic Sudoku Puzzle Game,592fc29cc10833a4760012c6,1193508329,13380.144,Combo7,casino.draftkings.com,602442ef9f0893001526406b,US,1225.3136,0.00027439,3.6713,6,10
Easybrain Ltd,57d1b461ae2b57d903000027,EMEA,Dina Eraksan,Sudoku - Classic Logic Puzzle Game,59d39cbfef6627a809002d5b,com.easybrain.sudoku.android,4265.0582,Combo4,draftkings.com,602442ef9f0893001526406b,US,3830.5002,0.00085777,3.6585,8,10
OAKEVER GAMES PTE LTD,5b975fcedc73276356309362,APAC,Aria Gao,Arrows GO! Android,69845ea1e6f73fe2b5840739,com.oakever.arrows,13278.6625,Combo7,casino.draftkings.com,602442ef9f0893001526406b,US,1225.3136,0.00027439,3.6435,2,10
Voodoo,56d55c72562b9c353800000d,EMEA,Hadil Salameh,Paper.io 2,5b83e2f3ebcb4a0f62d80e85,1423046460,13243.7217,Combo7,casino.draftkings.com,602442ef9f0893001526406b,US,1225.3136,0.00027439,3.6339,8,10
X-FLOW LTD,5b1526a7de961d3317b1d475,EMEA,Kseniia Fesenko,Happy Color iOS (NEW),603cf6d080c4a228357168ea,1407852246,13623.4338,Combo8,draftkings.com,5bc0e10e25c7d7796ebe8fc0,US,1178.8851,0.00026399,3.5965,6,10
SmartNews,67d0848db62d6b0011ccb35e,Americas,Lisa Tolentino,SmartNews iOS,67d272dadc73e19db732c198,579581125,13606.7959,Combo8,draftkings.com,5bc0e10e25c7d7796ebe8fc0,US,1178.8851,0.00026399,3.5921,6,10
SYBO Games,5c52bd6ffbeb402419bef87d,EMEA,Louis Wallworth,Subway Surfers (Non-COPPA),5e4e66ea60ce6a001791d156,512939461,4182.4116,Combo4,draftkings.com,602442ef9f0893001526406b,US,3830.5002,0.00085777,3.5876,6,10
Easybrain Ltd,57d1b461ae2b57d903000027,EMEA,Dina Eraksan,Blockudoku IOS,5c9c7a04d13ede0012e22ff2,1452227871,4177.5385,Combo4,draftkings.com,602442ef9f0893001526406b,US,3830.5002,0.00085777,3.5834,6,10
Vinted,670cfa366f113e00119a799f,EMEA,Dumitru Cazacu,Vinted Android,671654af58450cca797bb25d,fr.vinted,4170.9759,Combo4,draftkings.com,602442ef9f0893001526406b,US,3830.5002,0.00085777,3.5778,4,10
OAKEVER GAMES PTE LTD,5b975fcedc73276356309362,APAC,Aria Gao,Jigsawcard iOS,69154b0b1de7be35146a52bd,6754900673,2000.8595,Combo3,casino.draftkings.com,5f6413c9612b1a0015099993,CA,7902.2809,0.00176958,3.5407,2,10
OAKEVER GAMES PTE LTD,5b975fcedc73276356309362,APAC,Aria Gao,Arrows GO! Android,69845ea1e6f73fe2b5840739,com.oakever.arrows,13278.6625,Combo8,draftkings.com,5bc0e10e25c7d7796ebe8fc0,US,1178.8851,0.00026399,3.5054,2,10
Easybrain Ltd,57d1b461ae2b57d903000027,EMEA,Dina Eraksan,Nonogram Android,5d406c47cf18f200178643cf,com.easybrain.nonogram,1897.2346,Combo3,casino.draftkings.com,5f6413c9612b1a0015099993,CA,7902.2809,0.00176958,3.3573,4,10
Voodoo,56d55c72562b9c353800000d,EMEA,Hadil Salameh,Paper.io 2,5b99403f45e58040ccdd7177,io.voodoo.paper2,3814.5932,Combo4,draftkings.com,602442ef9f0893001526406b,US,3830.5002,0.00085777,3.2721,4,10
Vinted,670cfa366f113e00119a799f,EMEA,Dumitru Cazacu,Vinted Android,671654af58450cca797bb25d,fr.vinted,4170.9759,Combo5,sportsbook.draftkings.com,5bc0e10e25c7d7796ebe8fc0,US,3465.1714,0.00077596,3.2365,4,10
Voodoo,56d55c72562b9c353800000d,EMEA,Hadil Salameh,Paper.io 2,5b99403f45e58040ccdd7177,io.voodoo.paper2,3814.5932,Combo5,sportsbook.draftkings.com,5bc0e10e25c7d7796ebe8fc0,US,3465.1714,0.00077596,2.96,4,10
Pocket Entertainment Services LLC,6315b8713c59f7001bacf8fb,Americas,Rutvij Jadav,PocketFM IOS,6345c091c17e333ca212effc,1538433480,3447.9015,Combo4,draftkings.com,602442ef9f0893001526406b,US,3830.5002,0.00085777,2.9575,6,10
Skywork AI PTELTD,67c01767cc8ae200116e5d00,APAC,Ronald Long,FreeReels-安卓,689b0fdef369593cb0e287e9,com.freereels.app,35620.5561,Combo10,sportsbook.draftkings.com,5bc0e10e25c7d7796ebe8fc0,CA,365.6717,8.189e-05,2.9168,6,10
Skywork AI PTELTD,67c01767cc8ae200116e5d00,APAC,Ronald Long,dramawave-安卓,67c0237dee9356aafba1ccdb,com.dramawave.app,23919.9714,Combo9,draftkings.com,5bc0e10e25c7d7796ebe8fc0,CA,537.4353,0.00012035,2.8787,6,10
Easybrain Ltd,57d1b461ae2b57d903000027,EMEA,Dina Eraksan,Jigsaw Puzzles Android,5cb99eb2e520d93f2a43c588,com.easybrain.jigsaw.puzzles,3278.9761,Combo4,draftkings.com,602442ef9f0893001526406b,US,3830.5002,0.00085777,2.8126,8,10
FotMob AS,66e0182c82571e00117d2acb,EMEA,Louis Wallworth,FotMob iOS,66e0363553834547abf558a2,488575683,1584.5514,Combo3,casino.draftkings.com,5f6413c9612b1a0015099993,CA,7902.2809,0.00176958,2.804,4,10
Mattel163 Limited,5b0fc58f19829714e5ad0d2f,APAC,Aria Gao,Phase 10 Android,5d81cc3fe412d000189dc34b,com.mattel163.phase10,1583.0986,Combo3,casino.draftkings.com,5f6413c9612b1a0015099993,CA,7902.2809,0.00176958,2.8014,4,10
HIGAME Jsc,62664065ca13b50011fb00a2,APAC,Nam Trinh,Milk Tea iDrink Joke,666979901c5137fed0edf34e,6444123306,1551.55,Combo3,casino.draftkings.com,5f6413c9612b1a0015099993,CA,7902.2809,0.00176958,2.7456,2,10
RobTop Games AB,6276c973f70e7c001895be79,EMEA,Louis Wallworth,Geometry Dash Lite,6276cb2872361e0c07c98cec,698255242,3471.3525,Combo5,sportsbook.draftkings.com,5bc0e10e25c7d7796ebe8fc0,US,3465.1714,0.00077596,2.6936,6,10
Skywork AI PTELTD,67c01767cc8ae200116e5d00,APAC,Ronald Long,FreeReels-iOS,6970c7fe73c0a231fff79cc7,6738081517,3320.4948,Combo5,sportsbook.draftkings.com,5bc0e10e25c7d7796ebe8fc0,US,3465.1714,0.00077596,2.5766,6,10
Easybrain Ltd,57d1b461ae2b57d903000027,EMEA,Dina Eraksan,Blockudoku GP,5dc290cf1051eb0012a6b214,com.easybrain.block.puzzle.games,2959.6395,Combo4,draftkings.com,602442ef9f0893001526406b,US,3830.5002,0.00085777,2.5387,8,10
Code Dish GmbH,64075f57d6da1900141e5aba,EMEA,Hadil Salameh,Tile Match - Match Puzzle Game,63b7bf0fa928816f6c42effc,com.tile.match.blockpuzzle,3248.3204,Combo5,sportsbook.draftkings.com,5bc0e10e25c7d7796ebe8fc0,US,3465.1714,0.00077596,2.5206,6,10
OAKEVER GAMES PTE LTD,5b975fcedc73276356309362,APAC,Aria Gao,Arrows GO! iOS,69c2954b7c25f96d75ccd5f2,6758326278,2911.1141,Combo4,draftkings.com,602442ef9f0893001526406b,US,3830.5002,0.00085777,2.4971,2,10
Mattel163 Limited,5b0fc58f19829714e5ad0d2f,APAC,Aria Gao,UNO!™,5b14f1027ea39141340a6ada,1344700142,2895.2487,Combo4,draftkings.com,602442ef9f0893001526406b,US,3830.5002,0.00085777,2.4835,6,10
Easybrain Ltd,57d1b461ae2b57d903000027,EMEA,Dina Eraksan,Crossword Master GP,661556bb5b2dea6d39bb0063,com.easybrain.crossword.puzzles,8061.9121,Combo6,draftkings.com,5f6413c9612b1a0015099993,CA,1296.3796,0.0002903,2.3404,6,10
RobTop Games AB,6276c973f70e7c001895be79,EMEA,Louis Wallworth,Geometry Dash Lite Android,6295ff7c3987b19e74b43c3e,com.robtopx.geometryjumplite,2971.0927,Combo5,sportsbook.draftkings.com,5bc0e10e25c7d7796ebe8fc0,US,3465.1714,0.00077596,2.3055,6,10
OAKEVER GAMES PTE LTD,5b975fcedc73276356309362,APAC,Aria Gao,Arrows GO! iOS,69c2954b7c25f96d75ccd5f2,6758326278,2911.1141,Combo5,sportsbook.draftkings.com,5bc0e10e25c7d7796ebe8fc0,US,3465.1714,0.00077596,2.2589,2,10
Easybrain Ltd,57d1b461ae2b57d903000027,EMEA,Dina Eraksan,Crossword Master GP,661556bb5b2dea6d39bb0063,com.easybrain.crossword.puzzles,8061.9121,Combo7,casino.draftkings.com,602442ef9f0893001526406b,US,1225.3136,0.00027439,2.2121,6,10
Easybrain Ltd,57d1b461ae2b57d903000027,EMEA,Dina Eraksan,Nonogram IOS,5c88efab1c2e1f6eb4ca10cc,1452992954,2522.3054,Combo4,draftkings.com,602442ef9f0893001526406b,US,3830.5002,0.00085777,2.1636,6,10
GeoTechnologies Inc.,5f45fb2f150074001547df11,APAC,Nam Trinh,トリマ-移動するだけでポイントが貯まる,5f45ffa82f1f7c000130fe19,1502193377,2510.4773,Combo4,draftkings.com,602442ef9f0893001526406b,US,3830.5002,0.00085777,2.1534,4,10
SmartNews,67d0848db62d6b0011ccb35e,Americas,Lisa Tolentino,SmartNews,67d272b5dc73e19db732c193,jp.gocro.smartnews.android,2759.772,Combo5,sportsbook.draftkings.com,5bc0e10e25c7d7796ebe8fc0,US,3465.1714,0.00077596,2.1415,6,10
Mattel163 Limited,5b0fc58f19829714e5ad0d2f,APAC,Aria Gao,UNO!™,5b14f1387ea39141340a6d68,com.matteljv.uno,1202.5102,Combo3,casino.draftkings.com,5f6413c9612b1a0015099993,CA,7902.2809,0.00176958,2.1279,4,10
Easybrain Ltd,57d1b461ae2b57d903000027,EMEA,Dina Eraksan,Number Match IOS,5fdfae0fc5d4c9ab8efa6701,1545567989,7299.1855,Combo6,draftkings.com,5f6413c9612b1a0015099993,CA,1296.3796,0.0002903,2.119,6,10
Pocket Entertainment Services LLC,6315b8713c59f7001bacf8fb,Americas,Rutvij Jadav,PocketFM Android,6315b8bb85b5a14b0bbc9454,com.radio.pocketfm,2377.0222,Combo4,draftkings.com,602442ef9f0893001526406b,US,3830.5002,0.00085777,2.0389,6,10
Dots,561e8d976b8d90f61a004735,EMEA,Louis Wallworth,Twodots iOS,5b7c5bff274f5b2f7bc47219,880178264,1147.9624,Combo3,casino.draftkings.com,5f6413c9612b1a0015099993,CA,7902.2809,0.00176958,2.0314,6,10
X-FLOW LTD,5b1526a7de961d3317b1d475,EMEA,Kseniia Fesenko,Happy Color Android - Paint by Number,5a777f42d76bfe102f007091,com.pixel.art.coloring.color.number,7674.6411,Combo8,draftkings.com,5bc0e10e25c7d7796ebe8fc0,US,1178.8851,0.00026399,2.026,6,10
OAKEVER GAMES PTE LTD,5b975fcedc73276356309362,APAC,Aria Gao,Meowdoku And,69e0a7d4b6a93be17be97116,com.oakever.meowdoku,6974.7269,Combo6,draftkings.com,5f6413c9612b1a0015099993,CA,1296.3796,0.0002903,2.0248,2,10
Easybrain Ltd,57d1b461ae2b57d903000027,EMEA,Dina Eraksan,Number Match IOS,5fdfae0fc5d4c9ab8efa6701,1545567989,7299.1855,Combo7,casino.draftkings.com,602442ef9f0893001526406b,US,1225.3136,0.00027439,2.0028,6,10
Easybrain Ltd,57d1b461ae2b57d903000027,EMEA,Dina Eraksan,Easy Words GP,64f9e2ac8fb8ac04ca897cd1,com.easybrain.word.puzzle.game,2316.8434,Combo4,draftkings.com,602442ef9f0893001526406b,US,3830.5002,0.00085777,1.9873,4,10
Skywork AI PTELTD,67c01767cc8ae200116e5d00,APAC,Ronald Long,dramawave-安卓,67c0237dee9356aafba1ccdb,com.dramawave.app,23919.9714,Combo10,sportsbook.draftkings.com,5bc0e10e25c7d7796ebe8fc0,CA,365.6717,8.189e-05,1.9587,6,10
GeoTechnologies Inc.,5f45fb2f150074001547df11,APAC,Nam Trinh,トリマ-移動するだけでポイントが貯まる,5f45ffa82f1f7c000130fe19,1502193377,2510.4773,Combo5,sportsbook.draftkings.com,5bc0e10e25c7d7796ebe8fc0,US,3465.1714,0.00077596,1.948,4,10
FALCON GLOBAL LTD.,5a57133a3610bbb671016ff3,APAC,Nam Trinh,Goods Sorting: Match 3 Puzzle PM_1945,660a20c0c5f237ebf7b4ac68,com.fc.goods.sort.matching.puzzle.triplemaster,2243.5693,Combo4,draftkings.com,602442ef9f0893001526406b,US,3830.5002,0.00085777,1.9245,2,10
OAKEVER GAMES PTE LTD,5b975fcedc73276356309362,APAC,Aria Gao,Meowdoku And,69e0a7d4b6a93be17be97116,com.oakever.meowdoku,6974.7269,Combo7,casino.draftkings.com,602442ef9f0893001526406b,US,1225.3136,0.00027439,1.9138,2,10
Easybrain Ltd,57d1b461ae2b57d903000027,EMEA,Dina Eraksan,Art Puzzle - iOS,5ef316979c3a0300015b0a03,1519174001,2211.0834,Combo4,draftkings.com,602442ef9f0893001526406b,US,3830.5002,0.00085777,1.8966,4,10
HITAPPS GAMES LTD,6021599b8b3e5600159fcc76,EMEA,Beth Taylor-Lowen,Connect Word iOS,66ed44a4f909844620b79258,6692629257,1069.3365,Combo3,casino.draftkings.com,5f6413c9612b1a0015099993,CA,7902.2809,0.00176958,1.8923,6,10
Easybrain Ltd,57d1b461ae2b57d903000027,EMEA,Dina Eraksan,Pixel Art: Create by Number,5b61c1d3a5eacf3ee67a792c,com.europosit.pixelcoloring,2173.309,Combo4,draftkings.com,602442ef9f0893001526406b,US,3830.5002,0.00085777,1.8642,4,10
FALCON GLOBAL LTD.,5a57133a3610bbb671016ff3,APAC,Nam Trinh,Goods Sorting: Match 3 Puzzle iOS PM_1945,661898f2c0c070078a977fb4,6482849843,6385.6497,Combo6,draftkings.com,5f6413c9612b1a0015099993,CA,1296.3796,0.0002903,1.8538,2,10
Mattel163 Limited,5b0fc58f19829714e5ad0d2f,APAC,Aria Gao,Phase 10 iOS,5d81c924bf4aa20017e95920,1463509237,2148.0516,Combo4,draftkings.com,602442ef9f0893001526406b,US,3830.5002,0.00085777,1.8425,6,10
OAKEVER GAMES PTE LTD,5b975fcedc73276356309362,APAC,Aria Gao,Meowdoku And,69e0a7d4b6a93be17be97116,com.oakever.meowdoku,6974.7269,Combo8,draftkings.com,5bc0e10e25c7d7796ebe8fc0,US,1178.8851,0.00026399,1.8413,2,10
SYBO Games,5c52bd6ffbeb402419bef87d,EMEA,Louis Wallworth,Subway Surfers (Non-COPPA),5e4e6838246d020018f1e653,com.kiloo.subwaysurf,2143.2636,Combo4,draftkings.com,602442ef9f0893001526406b,US,3830.5002,0.00085777,1.8384,4,10
OAKEVER GAMES PTE LTD,5b975fcedc73276356309362,APAC,Aria Gao,Meowdoku iOS,69e0a6fab6a93be17be970f3,6761760135,15211.7956,Combo9,draftkings.com,5bc0e10e25c7d7796ebe8fc0,CA,537.4353,0.00012035,1.8307,2,10
Easybrain Ltd,57d1b461ae2b57d903000027,EMEA,Dina Eraksan,Easy Words GP,64f9e2ac8fb8ac04ca897cd1,com.easybrain.word.puzzle.game,2316.8434,Combo5,sportsbook.draftkings.com,5bc0e10e25c7d7796ebe8fc0,US,3465.1714,0.00077596,1.7978,4,10
INJOY TECHNOLOGY PTE.LTD.,5f687c6436ca1e0016d5fd6d,APAC,Seven Tu,Shareit Android,64f7008818744ab0e0841919,com.lenovo.anyshare.gps,6390.6848,Combo7,casino.draftkings.com,602442ef9f0893001526406b,US,1225.3136,0.00027439,1.7535,4,10
FALCON GLOBAL LTD.,5a57133a3610bbb671016ff3,APAC,Nam Trinh,Goods Sorting: Match 3 Puzzle iOS PM_1945,661898f2c0c070078a977fb4,6482849843,6385.6497,Combo7,casino.draftkings.com,602442ef9f0893001526406b,US,1225.3136,0.00027439,1.7521,2,10
FALCON GLOBAL LTD.,5a57133a3610bbb671016ff3,APAC,Nam Trinh,Goods Sorting: Match 3 Puzzle PM_1945,660a20c0c5f237ebf7b4ac68,com.fc.goods.sort.matching.puzzle.triplemaster,2243.5693,Combo5,sportsbook.draftkings.com,5bc0e10e25c7d7796ebe8fc0,US,3465.1714,0.00077596,1.7409,2,10
Gravity Labs,677cecb33b9ea20011273987,APAC,Ives Cui,moneywalk_AOS,677e35a5d7a0b145879b00a7,com.tracerofficial,2237.4241,Combo5,sportsbook.draftkings.com,5bc0e10e25c7d7796ebe8fc0,US,3465.1714,0.00077596,1.7362,6,10
Code Dish GmbH,64075f57d6da1900141e5aba,EMEA,Hadil Salameh,Dream Island - Match 3 Games,647dbe0bb7a4c97fb3997264,com.dream.free.games.match3,2227.9975,Combo5,sportsbook.draftkings.com,5bc0e10e25c7d7796ebe8fc0,US,3465.1714,0.00077596,1.7288,6,10
OAKEVER GAMES PTE LTD,5b975fcedc73276356309362,APAC,Aria Gao,Jigsawcard iOS,69154b0b1de7be35146a52bd,6754900673,2000.8595,Combo4,draftkings.com,602442ef9f0893001526406b,US,3830.5002,0.00085777,1.7163,2,10
Easybrain Ltd,57d1b461ae2b57d903000027,EMEA,Dina Eraksan,Art Puzzle - iOS,5ef316979c3a0300015b0a03,1519174001,2211.0834,Combo5,sportsbook.draftkings.com,5bc0e10e25c7d7796ebe8fc0,US,3465.1714,0.00077596,1.7157,4,10
Mattel163 Limited,5b0fc58f19829714e5ad0d2f,APAC,Aria Gao,Skip-Bo Android,60891d3bc6ed3ae6ebd0cf3a,com.mattel163.skipbo,963.685,Combo3,casino.draftkings.com,5f6413c9612b1a0015099993,CA,7902.2809,0.00176958,1.7053,4,10
INJOY TECHNOLOGY PTE.LTD.,5f687c6436ca1e0016d5fd6d,APAC,Seven Tu,Shareit Android,64f7008818744ab0e0841919,com.lenovo.anyshare.gps,6390.6848,Combo8,draftkings.com,5bc0e10e25c7d7796ebe8fc0,US,1178.8851,0.00026399,1.6871,4,10
Easybrain Ltd,57d1b461ae2b57d903000027,EMEA,Dina Eraksan,Pixel Art: Create by Number,5b61c1d3a5eacf3ee67a792c,com.europosit.pixelcoloring,2173.309,Combo5,sportsbook.draftkings.com,5bc0e10e25c7d7796ebe8fc0,US,3465.1714,0.00077596,1.6864,4,10
FALCON GLOBAL LTD.,5a57133a3610bbb671016ff3,APAC,Nam Trinh,Goods Sorting: Match 3 Puzzle iOS PM_1945,661898f2c0c070078a977fb4,6482849843,6385.6497,Combo8,draftkings.com,5bc0e10e25c7d7796ebe8fc0,US,1178.8851,0.00026399,1.6858,2,10
Scopely,561e8d966b8d90f61a003414,Americas,Natalie Kenyon,Scrabble Go,59e7db9b598ece421700ded4,1215933788,6051.7925,Combo7,casino.draftkings.com,602442ef9f0893001526406b,US,1225.3136,0.00027439,1.6605,8,10
Voodoo,56d55c72562b9c353800000d,EMEA,Hadil Salameh,Mob Control,60994b96c5d1524132e8e1a7,1562817072,1920.8751,Combo4,draftkings.com,602442ef9f0893001526406b,US,3830.5002,0.00085777,1.6477,8,10
X-FLOW LTD,5b1526a7de961d3317b1d475,EMEA,Kseniia Fesenko,Happy Color iOS (NEW),603cf6d080c4a228357168ea,1407852246,13623.4338,Combo9,draftkings.com,5bc0e10e25c7d7796ebe8fc0,CA,537.4353,0.00012035,1.6396,6,10
SmartNews,67d0848db62d6b0011ccb35e,Americas,Lisa Tolentino,SmartNews iOS,67d272dadc73e19db732c198,579581125,13606.7959,Combo9,draftkings.com,5bc0e10e25c7d7796ebe8fc0,CA,537.4353,0.00012035,1.6376,6,10
Easybrain Ltd,57d1b461ae2b57d903000027,EMEA,Dina Eraksan,Solitaire – Classic Card Game,59c0bfe44b342c7f280015fe,1190849728,1907.0377,Combo4,draftkings.com,602442ef9f0893001526406b,US,3830.5002,0.00085777,1.6358,8,10
Easybrain Ltd,57d1b461ae2b57d903000027,EMEA,Dina Eraksan,Nonogram Android,5d406c47cf18f200178643cf,com.easybrain.nonogram,1897.2346,Combo4,draftkings.com,602442ef9f0893001526406b,US,3830.5002,0.00085777,1.6274,4,10
IEC Global Pty Ltd.,5b1f351e3eddeb10ce7fa54c,APAC,Nam Trinh,Water Sort Puzzle iOS,5f2d0c03f503650001351c59,1514542157,916.6048,Combo3,casino.draftkings.com,5f6413c9612b1a0015099993,CA,7902.2809,0.00176958,1.622,2,10
OAKEVER GAMES PTE LTD,5b975fcedc73276356309362,APAC,Aria Gao,Arrows GO! Android,69845ea1e6f73fe2b5840739,com.oakever.arrows,13278.6625,Combo9,draftkings.com,5bc0e10e25c7d7796ebe8fc0,CA,537.4353,0.00012035,1.5981,2,10
FALCON GLOBAL LTD.,5a57133a3610bbb671016ff3,APAC,Nam Trinh,Cake Sort - Color Puzzle Game IOS PM D2M,64781b96dac1393f38b604ca,6448392144,892.843,Combo3,casino.draftkings.com,5f6413c9612b1a0015099993,CA,7902.2809,0.00176958,1.58,2,10
OAKEVER GAMES PTE LTD,5b975fcedc73276356309362,APAC,Aria Gao,Jigsawcard iOS,69154b0b1de7be35146a52bd,6754900673,2000.8595,Combo5,sportsbook.draftkings.com,5bc0e10e25c7d7796ebe8fc0,US,3465.1714,0.00077596,1.5526,2,10
GeoTechnologies Inc.,5f45fb2f150074001547df11,APAC,Nam Trinh,トリマ-移動するだけでポイントが貯まる,5f45ffd8256e1b0001a4189a,jp.co.incrementp.milemobile,1808.1312,Combo4,draftkings.com,602442ef9f0893001526406b,US,3830.5002,0.00085777,1.551,4,10
Bluetile Games,64803209bfd9aa0011593484,EMEA,Tori Edwards,Solitaire - Card Game,64a41edf830ec394da0090b7,com.playvalve.solitaire,815.1386,Combo3,casino.draftkings.com,5f6413c9612b1a0015099993,CA,7902.2809,0.00176958,1.4425,6,10
Bluetile Games,64803209bfd9aa0011593484,EMEA,Tori Edwards,Dominoes Masters,66166d8dc0c070078a977c88,com.playvalve.dominoes,801.3498,Combo3,casino.draftkings.com,5f6413c9612b1a0015099993,CA,7902.2809,0.00176958,1.4181,6,10
Easybrain Ltd,57d1b461ae2b57d903000027,EMEA,Dina Eraksan,Pixel Art - Color by Number,5a167dd1d0d008d90400a61d,1274972321,1640.7307,Combo4,draftkings.com,602442ef9f0893001526406b,US,3830.5002,0.00085777,1.4074,4,10
Playsimple Games,568b8cb3bb2089a80600000a,Americas,Rutvij Jadav,Word Search Explorer,625d3d93b090bdfbd3c527c0,in.playsimple.wordsearch,1639.7783,Combo4,draftkings.com,602442ef9f0893001526406b,US,3830.5002,0.00085777,1.4066,8,10
Playsimple Games,568b8cb3bb2089a80600000a,Americas,Rutvij Jadav,Tile Match -Triple puzzle game,64ee188a4ca99f72ba7c5d70,in.playsimple.triple.tile.matchgame.pair.three.puzzle.object.royale,1639.763,Combo4,draftkings.com,602442ef9f0893001526406b,US,3830.5002,0.00085777,1.4065,4,10
GeoTechnologies Inc.,5f45fb2f150074001547df11,APAC,Nam Trinh,トリマ-移動するだけでポイントが貯まる,5f45ffd8256e1b0001a4189a,jp.co.incrementp.milemobile,1808.1312,Combo5,sportsbook.draftkings.com,5bc0e10e25c7d7796ebe8fc0,US,3465.1714,0.00077596,1.403,4,10
Veraxen Ltd,561e8d936b8d90f61a00134a,EMEA,Kseniia Fesenko,Jigsaw Collection HD,524ad17f92fcd29365000006,642831690,1626.5089,Combo4,draftkings.com,602442ef9f0893001526406b,US,3830.5002,0.00085777,1.3952,4,10
Easybrain Ltd,57d1b461ae2b57d903000027,EMEA,Dina Eraksan,Backgammon GP,615dd65a5e0f3b245d50aa97,com.easybrain.backgammon.board.games,1609.4442,Combo4,draftkings.com,602442ef9f0893001526406b,US,3830.5002,0.00085777,1.3805,8,10
Voodoo,56d55c72562b9c353800000d,EMEA,Hadil Salameh,Hole.io,5f5ba15b8b44650001cad5b7,1389111413,1588.1584,Combo4,draftkings.com,602442ef9f0893001526406b,US,3830.5002,0.00085777,1.3623,4,10
Easybrain Ltd,57d1b461ae2b57d903000027,EMEA,Dina Eraksan,Art Puzzle GP,5f33efea7aae9f000162155d,com.easybrain.art.puzzle,4962.1386,Combo7,casino.draftkings.com,602442ef9f0893001526406b,US,1225.3136,0.00027439,1.3615,4,10
FotMob AS,66e0182c82571e00117d2acb,EMEA,Louis Wallworth,FotMob iOS,66e0363553834547abf558a2,488575683,1584.5514,Combo4,draftkings.com,602442ef9f0893001526406b,US,3830.5002,0.00085777,1.3592,4,10
Mattel163 Limited,5b0fc58f19829714e5ad0d2f,APAC,Aria Gao,Phase 10 Android,5d81cc3fe412d000189dc34b,com.mattel163.phase10,1583.0986,Combo4,draftkings.com,602442ef9f0893001526406b,US,3830.5002,0.00085777,1.3579,4,10
LOTUM Media GmbH,561e8d936b8d90f61a0014ca,EMEA,Hadil Salameh,4 Pics 1 Word iOS,5130b34aff10712a34000051,595558452,1732.9825,Combo5,sportsbook.draftkings.com,5bc0e10e25c7d7796ebe8fc0,US,3465.1714,0.00077596,1.3447,6,10
Scopely,561e8d966b8d90f61a003414,Americas,Natalie Kenyon,Scrabble Go,59e7dc15a81a003c1700ebfe,com.pieyel.scrabble,4870.4114,Combo7,casino.draftkings.com,602442ef9f0893001526406b,US,1225.3136,0.00027439,1.3364,4,10
HIGAME Jsc,62664065ca13b50011fb00a2,APAC,Nam Trinh,Milk Tea iDrink Joke,666979901c5137fed0edf34e,6444123306,1551.55,Combo4,draftkings.com,602442ef9f0893001526406b,US,3830.5002,0.00085777,1.3309,2,10
Easybrain Ltd,57d1b461ae2b57d903000027,EMEA,Dina Eraksan,Sudoku Killer iOS,5e84a5d1ce415a000187164f,1505735640,1530.1728,Combo4,draftkings.com,602442ef9f0893001526406b,US,3830.5002,0.00085777,1.3125,4,10
Easybrain Ltd,57d1b461ae2b57d903000027,EMEA,Dina Eraksan,Art Puzzle GP,5f33efea7aae9f000162155d,com.easybrain.art.puzzle,4962.1386,Combo8,draftkings.com,5bc0e10e25c7d7796ebe8fc0,US,1178.8851,0.00026399,1.31,4,10
Bluetile Games,64803209bfd9aa0011593484,EMEA,Tori Edwards,Yatzy - Fun Classic Dice Game,649fd139847c940a560e47aa,com.playvalve.yatzy,730.9495,Combo3,casino.draftkings.com,5f6413c9612b1a0015099993,CA,7902.2809,0.00176958,1.2935,6,10
Scopely,561e8d966b8d90f61a003414,Americas,Natalie Kenyon,Scrabble Go,59e7dc15a81a003c1700ebfe,com.pieyel.scrabble,4870.4114,Combo8,draftkings.com,5bc0e10e25c7d7796ebe8fc0,US,1178.8851,0.00026399,1.2857,4,10
Easybrain Ltd,57d1b461ae2b57d903000027,EMEA,Dina Eraksan,Crossword Master IOS,66b372f5e33c9a548741ff37,6547858927,4410.9121,Combo6,draftkings.com,5f6413c9612b1a0015099993,CA,1296.3796,0.0002903,1.2805,6,10
Easybrain Ltd,57d1b461ae2b57d903000027,EMEA,Dina Eraksan,Pixel Art - Color by Number,5a167dd1d0d008d90400a61d,1274972321,1640.7307,Combo5,sportsbook.draftkings.com,5bc0e10e25c7d7796ebe8fc0,US,3465.1714,0.00077596,1.2731,4,10
Bluetile Games,64803209bfd9aa0011593484,EMEA,Tori Edwards,Solitaire - The #1 Card Game,6526703e4168a1c19383dcff,1578681725,719.1781,Combo3,casino.draftkings.com,5f6413c9612b1a0015099993,CA,7902.2809,0.00176958,1.2726,6,10
Playsimple Games,568b8cb3bb2089a80600000a,Americas,Rutvij Jadav,Tile Match -Triple puzzle game,64ee188a4ca99f72ba7c5d70,in.playsimple.triple.tile.matchgame.pair.three.puzzle.object.royale,1639.763,Combo5,sportsbook.draftkings.com,5bc0e10e25c7d7796ebe8fc0,US,3465.1714,0.00077596,1.2724,4,10
INJOY TECHNOLOGY PTE.LTD.,5f687c6436ca1e0016d5fd6d,APAC,Seven Tu,SHAREit,64db6180d4592a1f1c806bde,725215120,1482.4063,Combo4,draftkings.com,602442ef9f0893001526406b,US,3830.5002,0.00085777,1.2716,4,10
Veraxen Ltd,561e8d936b8d90f61a00134a,EMEA,Kseniia Fesenko,Jigsaw Collection HD,524ad17f92fcd29365000006,642831690,1626.5089,Combo5,sportsbook.draftkings.com,5bc0e10e25c7d7796ebe8fc0,US,3465.1714,0.00077596,1.2621,4,10
Easybrain Ltd,57d1b461ae2b57d903000027,EMEA,Dina Eraksan,Easy Words IOS,66db113537f8220673f9e833,6612024746,1458.7926,Combo4,draftkings.com,602442ef9f0893001526406b,US,3830.5002,0.00085777,1.2513,8,10
Easybrain Ltd,57d1b461ae2b57d903000027,EMEA,Dina Eraksan,Puzzles IOS,5a30e47b794900452500459c,1324604053,4309.4034,Combo6,draftkings.com,5f6413c9612b1a0015099993,CA,1296.3796,0.0002903,1.251,6,10
OAKEVER GAMES PTE LTD,5b975fcedc73276356309362,APAC,Aria Gao,Meowdoku iOS,69e0a6fab6a93be17be970f3,6761760135,15211.7956,Combo10,sportsbook.draftkings.com,5bc0e10e25c7d7796ebe8fc0,CA,365.6717,8.189e-05,1.2456,2,10
Code Dish GmbH,64075f57d6da1900141e5aba,EMEA,Hadil Salameh,Tile Match - Match Puzzle Game,63ff39ab1e40c644de13073f,6444056676,1595.8747,Combo5,sportsbook.draftkings.com,5bc0e10e25c7d7796ebe8fc0,US,3465.1714,0.00077596,1.2383,6,10
Lihuhu,5d8880f1444f7200181b5e1d,APAC,Nam Trinh,Match Triple,61405fa047e8ae6d60071605,1530876832,698.5963,Combo3,casino.draftkings.com,5f6413c9612b1a0015099993,CA,7902.2809,0.00176958,1.2362,4,10
Bluetile Games,64803209bfd9aa0011593484,EMEA,Tori Edwards,Word Search - Word Puzzle Game,64a41f5638325e04da4db2f3,com.playvalve.wsjourney,698.0834,Combo3,casino.draftkings.com,5f6413c9612b1a0015099993,CA,7902.2809,0.00176958,1.2353,6,10
Voodoo,56d55c72562b9c353800000d,EMEA,Hadil Salameh,Hole.io,5f5ba15b8b44650001cad5b7,1389111413,1588.1584,Combo5,sportsbook.draftkings.com,5bc0e10e25c7d7796ebe8fc0,US,3465.1714,0.00077596,1.2324,4,10
SYBO Games,5c52bd6ffbeb402419bef87d,EMEA,Louis Wallworth,Subway Surfers (Non-COPPA),5e4e66ea60ce6a001791d156,512939461,4182.4116,Combo6,draftkings.com,5f6413c9612b1a0015099993,CA,1296.3796,0.0002903,1.2142,6,10
Easybrain Ltd,57d1b461ae2b57d903000027,EMEA,Dina Eraksan,Blockudoku IOS,5c9c7a04d13ede0012e22ff2,1452227871,4177.5385,Combo6,draftkings.com,5f6413c9612b1a0015099993,CA,1296.3796,0.0002903,1.2127,6,10
Easybrain Ltd,57d1b461ae2b57d903000027,EMEA,Dina Eraksan,Crossword Master IOS,66b372f5e33c9a548741ff37,6547858927,4410.9121,Combo7,casino.draftkings.com,602442ef9f0893001526406b,US,1225.3136,0.00027439,1.2103,6,10
Bluetile Games,64803209bfd9aa0011593484,EMEA,Tori Edwards,Dominoes Master: Classic Game,66cd6740334673785d02ece9,6467129396,683.7022,Combo3,casino.draftkings.com,5f6413c9612b1a0015099993,CA,7902.2809,0.00176958,1.2099,6,10
HIGAME Jsc,62664065ca13b50011fb00a2,APAC,Nam Trinh,Milk Tea iDrink Joke,666979901c5137fed0edf34e,6444123306,1551.55,Combo5,sportsbook.draftkings.com,5bc0e10e25c7d7796ebe8fc0,US,3465.1714,0.00077596,1.2039,2,10
Playsimple Games,568b8cb3bb2089a80600000a,Americas,Rutvij Jadav,Crossword Jam : Fun Brain Game,5c6bcec910122f720df1553b,1269540854,1400.6844,Combo4,draftkings.com,602442ef9f0893001526406b,US,3830.5002,0.00085777,1.2015,8,10
Easybrain Ltd,57d1b461ae2b57d903000027,EMEA,Dina Eraksan,Sudoku Killer iOS,5e84a5d1ce415a000187164f,1505735640,1530.1728,Combo5,sportsbook.draftkings.com,5bc0e10e25c7d7796ebe8fc0,US,3465.1714,0.00077596,1.1874,4,10
Easybrain Ltd,57d1b461ae2b57d903000027,EMEA,Dina Eraksan,Puzzles IOS,5a30e47b794900452500459c,1324604053,4309.4034,Combo7,casino.draftkings.com,602442ef9f0893001526406b,US,1225.3136,0.00027439,1.1824,6,10
Mattel163 Limited,5b0fc58f19829714e5ad0d2f,APAC,Aria Gao,Skip-Bo iOS,60891c6075dd9017131842c0,1538912205,663.0106,Combo3,casino.draftkings.com,5f6413c9612b1a0015099993,CA,7902.2809,0.00176958,1.1732,6,10
Easybrain Ltd,57d1b461ae2b57d903000027,EMEA,Dina Eraksan,Sudoku - Classic Logic Puzzle Game,59d39cbfef6627a809002d5b,com.easybrain.sudoku.android,4265.0582,Combo7,casino.draftkings.com,602442ef9f0893001526406b,US,1225.3136,0.00027439,1.1703,8,10
INJOY TECHNOLOGY PTE.LTD.,5f687c6436ca1e0016d5fd6d,APAC,Seven Tu,SHAREit,64db6180d4592a1f1c806bde,725215120,1482.4063,Combo5,sportsbook.draftkings.com,5bc0e10e25c7d7796ebe8fc0,US,3465.1714,0.00077596,1.1503,4,10
SYBO Games,5c52bd6ffbeb402419bef87d,EMEA,Louis Wallworth,Subway Surfers (Non-COPPA),5e4e66ea60ce6a001791d156,512939461,4182.4116,Combo7,casino.draftkings.com,602442ef9f0893001526406b,US,1225.3136,0.00027439,1.1476,6,10
Easybrain Ltd,57d1b461ae2b57d903000027,EMEA,Dina Eraksan,Blockudoku IOS,5c9c7a04d13ede0012e22ff2,1452227871,4177.5385,Combo7,casino.draftkings.com,602442ef9f0893001526406b,US,1225.3136,0.00027439,1.1463,6,10
Vinted,670cfa366f113e00119a799f,EMEA,Dumitru Cazacu,Vinted Android,671654af58450cca797bb25d,fr.vinted,4170.9759,Combo7,casino.draftkings.com,602442ef9f0893001526406b,US,1225.3136,0.00027439,1.1445,4,10
Easybrain Ltd,57d1b461ae2b57d903000027,EMEA,Dina Eraksan,Backgammon iOS,63974e72c5c2a3f1faf76b37,6443484197,1306.6428,Combo4,draftkings.com,602442ef9f0893001526406b,US,3830.5002,0.00085777,1.1208,8,10
X-FLOW LTD,5b1526a7de961d3317b1d475,EMEA,Kseniia Fesenko,Happy Color iOS (NEW),603cf6d080c4a228357168ea,1407852246,13623.4338,Combo10,sportsbook.draftkings.com,5bc0e10e25c7d7796ebe8fc0,CA,365.6717,8.189e-05,1.1156,6,10
SmartNews,67d0848db62d6b0011ccb35e,Americas,Lisa Tolentino,SmartNews iOS,67d272dadc73e19db732c198,579581125,13606.7959,Combo10,sportsbook.draftkings.com,5bc0e10e25c7d7796ebe8fc0,CA,365.6717,8.189e-05,1.1142,6,10
Vinted,670cfa366f113e00119a799f,EMEA,Dumitru Cazacu,Vinted Android,671654af58450cca797bb25d,fr.vinted,4170.9759,Combo8,draftkings.com,5bc0e10e25c7d7796ebe8fc0,US,1178.8851,0.00026399,1.1011,4,10
Gravity Labs,677cecb33b9ea20011273987,APAC,Ives Cui,Moneywalk_iOS,677cf457a18672e70722b88f,1638253339,1417.9879,Combo5,sportsbook.draftkings.com,5bc0e10e25c7d7796ebe8fc0,US,3465.1714,0.00077596,1.1003,6,10
OAKEVER GAMES PTE LTD,5b975fcedc73276356309362,APAC,Aria Gao,Arrows GO! Android,69845ea1e6f73fe2b5840739,com.oakever.arrows,13278.6625,Combo10,sportsbook.draftkings.com,5bc0e10e25c7d7796ebe8fc0,CA,365.6717,8.189e-05,1.0873,2,10
Bluetile Games,64803209bfd9aa0011593484,EMEA,Tori Edwards,Water Sortpuz,64e4c1ec575deb9efd61dafb,1615960653,594.5179,Combo3,casino.draftkings.com,5f6413c9612b1a0015099993,CA,7902.2809,0.00176958,1.052,6,10
Voodoo,56d55c72562b9c353800000d,EMEA,Hadil Salameh,Paper.io 2,5b99403f45e58040ccdd7177,io.voodoo.paper2,3814.5932,Combo7,casino.draftkings.com,602442ef9f0893001526406b,US,1225.3136,0.00027439,1.0467,4,10
Mattel163 Limited,5b0fc58f19829714e5ad0d2f,APAC,Aria Gao,UNO!™,5b14f1387ea39141340a6d68,com.matteljv.uno,1202.5102,Combo4,draftkings.com,602442ef9f0893001526406b,US,3830.5002,0.00085777,1.0315,4,10
Bluetile Games,64803209bfd9aa0011593484,EMEA,Tori Edwards,Spades Stars,65ba16acd5857e078ac1c087,6467129657,581.0344,Combo3,casino.draftkings.com,5f6413c9612b1a0015099993,CA,7902.2809,0.00176958,1.0282,6,10
ToGather Fun Limited,634d301fa3774b001b7c0dbc,APAC,Harper Zhang,Screw Sort Puzzle,6667a74988cc429f2d801763,6499293031,1193.3197,Combo4,draftkings.com,602442ef9f0893001526406b,US,3830.5002,0.00085777,1.0236,4,10
Voodoo,56d55c72562b9c353800000d,EMEA,Hadil Salameh,Paper.io 2,5b99403f45e58040ccdd7177,io.voodoo.paper2,3814.5932,Combo8,draftkings.com,5bc0e10e25c7d7796ebe8fc0,US,1178.8851,0.00026399,1.007,4,10
Pocket Entertainment Services LLC,6315b8713c59f7001bacf8fb,Americas,Rutvij Jadav,PocketFM IOS,6345c091c17e333ca212effc,1538433480,3447.9015,Combo6,draftkings.com,5f6413c9612b1a0015099993,CA,1296.3796,0.0002903,1.0009,6,10
Dots,561e8d976b8d90f61a004735,EMEA,Louis Wallworth,Twodots iOS,5b7c5bff274f5b2f7bc47219,880178264,1147.9624,Combo4,draftkings.com,602442ef9f0893001526406b,US,3830.5002,0.00085777,0.9847,6,10
Sliide,643d1561e09b08001442e672,EMEA,Beth Taylor-Lowen,T-Mobile Play,68d40d4f63e6cee0292ae24b,com.tmobile.m1,1119.1264,Combo4,draftkings.com,602442ef9f0893001526406b,US,3830.5002,0.00085777,0.96,9,10
Pocket Entertainment Services LLC,6315b8713c59f7001bacf8fb,Americas,Rutvij Jadav,PocketFM IOS,6345c091c17e333ca212effc,1538433480,3447.9015,Combo7,casino.draftkings.com,602442ef9f0893001526406b,US,1225.3136,0.00027439,0.9461,6,10
ToGather Fun Limited,634d301fa3774b001b7c0dbc,APAC,Harper Zhang,Screw Sort Puzzle,6667a74988cc429f2d801763,6499293031,1193.3197,Combo5,sportsbook.draftkings.com,5bc0e10e25c7d7796ebe8fc0,US,3465.1714,0.00077596,0.926,4,10
Easybrain Ltd,57d1b461ae2b57d903000027,EMEA,Dina Eraksan,Hidden Spots,6672d811429c14443ac5fb6d,com.easybrain.hidden.spots,1078.6017,Combo4,draftkings.com,602442ef9f0893001526406b,US,3830.5002,0.00085777,0.9252,4,10
X-FLOW LTD,5b1526a7de961d3317b1d475,EMEA,Kseniia Fesenko,Happy Color Android - Paint by Number,5a777f42d76bfe102f007091,com.pixel.art.coloring.color.number,7674.6411,Combo9,draftkings.com,5bc0e10e25c7d7796ebe8fc0,CA,537.4353,0.00012035,0.9236,6,10
HITAPPS GAMES LTD,6021599b8b3e5600159fcc76,EMEA,Beth Taylor-Lowen,Connect Word iOS,66ed44a4f909844620b79258,6692629257,1069.3365,Combo4,draftkings.com,602442ef9f0893001526406b,US,3830.5002,0.00085777,0.9172,6,10
RobTop Games AB,6276c973f70e7c001895be79,EMEA,Louis Wallworth,Geometry Dash Lite,6276cb2872361e0c07c98cec,698255242,3471.3525,Combo8,draftkings.com,5bc0e10e25c7d7796ebe8fc0,US,1178.8851,0.00026399,0.9164,6,10
Easybrain Ltd,57d1b461ae2b57d903000027,EMEA,Dina Eraksan,Jigsaw Puzzles Android,5cb99eb2e520d93f2a43c588,com.easybrain.jigsaw.puzzles,3278.9761,Combo7,casino.draftkings.com,602442ef9f0893001526406b,US,1225.3136,0.00027439,0.8997,8,10
Voodoo,56d55c72562b9c353800000d,EMEA,Hadil Salameh,Hole.io,5b2a4c2c8815f423b86d090f,io.voodoo.holeio,1045.8782,Combo4,draftkings.com,602442ef9f0893001526406b,US,3830.5002,0.00085777,0.8971,4,10
Bluetile Games,64803209bfd9aa0011593484,EMEA,Tori Edwards,Yatzy - Dice Game,649eeab39018de0fbec588f6,1602149052,506.2068,Combo3,casino.draftkings.com,5f6413c9612b1a0015099993,CA,7902.2809,0.00176958,0.8958,6,10
Skywork AI PTELTD,67c01767cc8ae200116e5d00,APAC,Ronald Long,FreeReels-iOS,6970c7fe73c0a231fff79cc7,6738081517,3320.4948,Combo8,draftkings.com,5bc0e10e25c7d7796ebe8fc0,US,1178.8851,0.00026399,0.8766,6,10
FARSUN PTE LTD,66aafef7514c00001147c0c9,APAC,Harper Zhang,FlickReels,66ac9c873343191babdad3e8,com.zyhwplatform.shortplay,1012.3075,Combo4,draftkings.com,602442ef9f0893001526406b,US,3830.5002,0.00085777,0.8683,4,10
Code Dish GmbH,64075f57d6da1900141e5aba,EMEA,Hadil Salameh,Tile Match - Match Puzzle Game,63b7bf0fa928816f6c42effc,com.tile.match.blockpuzzle,3248.3204,Combo8,draftkings.com,5bc0e10e25c7d7796ebe8fc0,US,1178.8851,0.00026399,0.8575,6,10
OAKEVER GAMES PTE LTD,5b975fcedc73276356309362,APAC,Aria Gao,Arrows GO! iOS,69c2954b7c25f96d75ccd5f2,6758326278,2911.1141,Combo6,draftkings.com,5f6413c9612b1a0015099993,CA,1296.3796,0.0002903,0.8451,2,10
Mattel163 Limited,5b0fc58f19829714e5ad0d2f,APAC,Aria Gao,UNO!™,5b14f1027ea39141340a6ada,1344700142,2895.2487,Combo6,draftkings.com,5f6413c9612b1a0015099993,CA,1296.3796,0.0002903,0.8405,6,10
OAKEVER GAMES PTE LTD,5b975fcedc73276356309362,APAC,Aria Gao,Meowdoku And,69e0a7d4b6a93be17be97116,com.oakever.meowdoku,6974.7269,Combo9,draftkings.com,5bc0e10e25c7d7796ebe8fc0,CA,537.4353,0.00012035,0.8394,2,10
Easybrain Ltd,57d1b461ae2b57d903000027,EMEA,Dina Eraksan,Hidden Spots,6672d811429c14443ac5fb6d,com.easybrain.hidden.spots,1078.6017,Combo5,sportsbook.draftkings.com,5bc0e10e25c7d7796ebe8fc0,US,3465.1714,0.00077596,0.837,4,10
Mattel163 Limited,5b0fc58f19829714e5ad0d2f,APAC,Aria Gao,Skip-Bo Android,60891d3bc6ed3ae6ebd0cf3a,com.mattel163.skipbo,963.685,Combo4,draftkings.com,602442ef9f0893001526406b,US,3830.5002,0.00085777,0.8266,4,10
Easybrain Ltd,57d1b461ae2b57d903000027,EMEA,Dina Eraksan,Blockudoku GP,5dc290cf1051eb0012a6b214,com.easybrain.block.puzzle.games,2959.6395,Combo7,casino.draftkings.com,602442ef9f0893001526406b,US,1225.3136,0.00027439,0.8121,8,10
Voodoo,56d55c72562b9c353800000d,EMEA,Hadil Salameh,Hole.io,5b2a4c2c8815f423b86d090f,io.voodoo.holeio,1045.8782,Combo5,sportsbook.draftkings.com,5bc0e10e25c7d7796ebe8fc0,US,3465.1714,0.00077596,0.8116,4,10
Aged Studio Limited,5fc7301f7a7f0200153979c7,APAC,Seven Tu,Aged_Solitaire_IOS,65a909094b4b5121d92d9993,1482887935,943.5261,Combo4,draftkings.com,602442ef9f0893001526406b,US,3830.5002,0.00085777,0.8093,8,10
Voodoo,56d55c72562b9c353800000d,EMEA,Hadil Salameh,Epic Plane Evolution,66b0c2e2e33c9a548741f773,6504122823,936.4398,Combo4,draftkings.com,602442ef9f0893001526406b,US,3830.5002,0.00085777,0.8033,8,10
Code Dish GmbH,64075f57d6da1900141e5aba,EMEA,Hadil Salameh,"Sweet Crunch - Matching, Blast Puzzle Game",6051fadcdec34f1e8a8888cc,com.cookie.match3.casual,1034.5435,Combo5,sportsbook.draftkings.com,5bc0e10e25c7d7796ebe8fc0,US,3465.1714,0.00077596,0.8028,6,10
OAKEVER GAMES PTE LTD,5b975fcedc73276356309362,APAC,Aria Gao,Arrows GO! iOS,69c2954b7c25f96d75ccd5f2,6758326278,2911.1141,Combo7,casino.draftkings.com,602442ef9f0893001526406b,US,1225.3136,0.00027439,0.7988,2,10
Playsimple Games,568b8cb3bb2089a80600000a,Americas,Rutvij Jadav,Daily Themed Crossword - A Fun crossword Android,5af5545d8e03cf7acee13a66,in.crossy.daily_crossword,926.4727,Combo4,draftkings.com,602442ef9f0893001526406b,US,3830.5002,0.00085777,0.7947,8,10
Mattel163 Limited,5b0fc58f19829714e5ad0d2f,APAC,Aria Gao,UNO!™,5b14f1027ea39141340a6ada,1344700142,2895.2487,Combo7,casino.draftkings.com,602442ef9f0893001526406b,US,1225.3136,0.00027439,0.7944,6,10
Easybrain Ltd,57d1b461ae2b57d903000027,EMEA,Dina Eraksan,Number Sums IOS,64de05bdabb23eee2a179c21,6449427809,917.2234,Combo4,draftkings.com,602442ef9f0893001526406b,US,3830.5002,0.00085777,0.7868,8,10
IEC Global Pty Ltd.,5b1f351e3eddeb10ce7fa54c,APAC,Nam Trinh,Water Sort Puzzle iOS,5f2d0c03f503650001351c59,1514542157,916.6048,Combo4,draftkings.com,602442ef9f0893001526406b,US,3830.5002,0.00085777,0.7862,2,10
FARSUN PTE LTD,66aafef7514c00001147c0c9,APAC,Harper Zhang,FlickReels,66ac9c873343191babdad3e8,com.zyhwplatform.shortplay,1012.3075,Combo5,sportsbook.draftkings.com,5bc0e10e25c7d7796ebe8fc0,US,3465.1714,0.00077596,0.7855,4,10
RobTop Games AB,6276c973f70e7c001895be79,EMEA,Louis Wallworth,Geometry Dash Lite Android,6295ff7c3987b19e74b43c3e,com.robtopx.geometryjumplite,2971.0927,Combo8,draftkings.com,5bc0e10e25c7d7796ebe8fc0,US,1178.8851,0.00026399,0.7843,6,10
Voodoo,56d55c72562b9c353800000d,EMEA,Hadil Salameh,Flappy Dunk,5950d4eef493bbec54002184,1235581326,901.4023,Combo4,draftkings.com,602442ef9f0893001526406b,US,3830.5002,0.00085777,0.7732,4,10
INJOY TECHNOLOGY PTE.LTD.,5f687c6436ca1e0016d5fd6d,APAC,Seven Tu,Shareit Android,64f7008818744ab0e0841919,com.lenovo.anyshare.gps,6390.6848,Combo9,draftkings.com,5bc0e10e25c7d7796ebe8fc0,CA,537.4353,0.00012035,0.7691,4,10
FALCON GLOBAL LTD.,5a57133a3610bbb671016ff3,APAC,Nam Trinh,Goods Sorting: Match 3 Puzzle iOS PM_1945,661898f2c0c070078a977fb4,6482849843,6385.6497,Combo9,draftkings.com,5bc0e10e25c7d7796ebe8fc0,CA,537.4353,0.00012035,0.7685,2,10
OAKEVER GAMES PTE LTD,5b975fcedc73276356309362,APAC,Aria Gao,Arrows GO! iOS,69c2954b7c25f96d75ccd5f2,6758326278,2911.1141,Combo8,draftkings.com,5bc0e10e25c7d7796ebe8fc0,US,1178.8851,0.00026399,0.7685,2,10
FARSUN PTE LTD,66aafef7514c00001147c0c9,APAC,Harper Zhang,FlickReels,66ab1f501ea687af3dc00e4e,6514312894,893.8792,Combo4,draftkings.com,602442ef9f0893001526406b,US,3830.5002,0.00085777,0.7667,8,10
FALCON GLOBAL LTD.,5a57133a3610bbb671016ff3,APAC,Nam Trinh,Cake Sort - Color Puzzle Game IOS PM D2M,64781b96dac1393f38b604ca,6448392144,892.843,Combo4,draftkings.com,602442ef9f0893001526406b,US,3830.5002,0.00085777,0.7659,2,10
Easybrain Ltd,57d1b461ae2b57d903000027,EMEA,Dina Eraksan,Nonogram IOS,5c88efab1c2e1f6eb4ca10cc,1452992954,2522.3054,Combo6,draftkings.com,5f6413c9612b1a0015099993,CA,1296.3796,0.0002903,0.7322,6,10
SmartNews,67d0848db62d6b0011ccb35e,Americas,Lisa Tolentino,SmartNews,67d272b5dc73e19db732c193,jp.gocro.smartnews.android,2759.772,Combo8,draftkings.com,5bc0e10e25c7d7796ebe8fc0,US,1178.8851,0.00026399,0.7286,6,10
Voodoo,56d55c72562b9c353800000d,EMEA,Hadil Salameh,Ball Blast,5af56c332803314ab33837f0,1383187127,829.4025,Combo4,draftkings.com,602442ef9f0893001526406b,US,3830.5002,0.00085777,0.7114,4,10
IEC Global Pty Ltd.,5b1f351e3eddeb10ce7fa54c,APAC,Nam Trinh,Water Sort Puzzle iOS,5f2d0c03f503650001351c59,1514542157,916.6048,Combo5,sportsbook.draftkings.com,5bc0e10e25c7d7796ebe8fc0,US,3465.1714,0.00077596,0.7113,2,10
Voodoo,56d55c72562b9c353800000d,EMEA,Hadil Salameh,Flappy Dunk,5950d4eef493bbec54002184,1235581326,901.4023,Combo5,sportsbook.draftkings.com,5bc0e10e25c7d7796ebe8fc0,US,3465.1714,0.00077596,0.6995,4,10
Bluetile Games,64803209bfd9aa0011593484,EMEA,Tori Edwards,Solitaire - Card Game,64a41edf830ec394da0090b7,com.playvalve.solitaire,815.1386,Combo4,draftkings.com,602442ef9f0893001526406b,US,3830.5002,0.00085777,0.6992,6,10
FALCON GLOBAL LTD.,5a57133a3610bbb671016ff3,APAC,Nam Trinh,Cake Sort - Color Puzzle Game IOS PM D2M,64781b96dac1393f38b604ca,6448392144,892.843,Combo5,sportsbook.draftkings.com,5bc0e10e25c7d7796ebe8fc0,US,3465.1714,0.00077596,0.6928,2,10
Easybrain Ltd,57d1b461ae2b57d903000027,EMEA,Dina Eraksan,Nonogram IOS,5c88efab1c2e1f6eb4ca10cc,1452992954,2522.3054,Combo7,casino.draftkings.com,602442ef9f0893001526406b,US,1225.3136,0.00027439,0.6921,6,10
Gametion,561e8d956b8d90f61a0026fb,Americas,Rutvij Jadav,Ludo King,57bd636e47a977322200001a,993090598,806.2307,Combo4,draftkings.com,602442ef9f0893001526406b,US,3830.5002,0.00085777,0.6916,4,10
Pocket Entertainment Services LLC,6315b8713c59f7001bacf8fb,Americas,Rutvij Jadav,PocketFM Android,6315b8bb85b5a14b0bbc9454,com.radio.pocketfm,2377.0222,Combo6,draftkings.com,5f6413c9612b1a0015099993,CA,1296.3796,0.0002903,0.6901,6,10
GeoTechnologies Inc.,5f45fb2f150074001547df11,APAC,Nam Trinh,トリマ-移動するだけでポイントが貯まる,5f45ffa82f1f7c000130fe19,1502193377,2510.4773,Combo7,casino.draftkings.com,602442ef9f0893001526406b,US,1225.3136,0.00027439,0.6888,4,10
Gametion,561e8d956b8d90f61a0026fb,Americas,Rutvij Jadav,Ludo King,57bfce9a3ce6f97623000025,com.ludo.king,802.8256,Combo4,draftkings.com,602442ef9f0893001526406b,US,3830.5002,0.00085777,0.6886,4,10
Bluetile Games,64803209bfd9aa0011593484,EMEA,Tori Edwards,Dominoes Masters,66166d8dc0c070078a977c88,com.playvalve.dominoes,801.3498,Combo4,draftkings.com,602442ef9f0893001526406b,US,3830.5002,0.00085777,0.6874,6,10
GeoTechnologies Inc.,5f45fb2f150074001547df11,APAC,Nam Trinh,トリマ-移動するだけでポイントが貯まる,5f45ffa82f1f7c000130fe19,1502193377,2510.4773,Combo8,draftkings.com,5bc0e10e25c7d7796ebe8fc0,US,1178.8851,0.00026399,0.6627,4,10
Aged Studio Limited,5fc7301f7a7f0200153979c7,APAC,Seven Tu,Aged Solitaire GP,67d553af916355d36b9391fc,com.agedstudio.card.solitaire.klondike,771.6683,Combo4,draftkings.com,602442ef9f0893001526406b,US,3830.5002,0.00085777,0.6619,4,10
SuperSonic Studios,5e3692d21cd3cb0018dd4329,EMEA,Beth Taylor-Lowen,Going Balls,5fa029b49f4c0275a7cf1372,1499081620,771.2801,Combo4,draftkings.com,602442ef9f0893001526406b,US,3830.5002,0.00085777,0.6616,4,10
LOTUM Media GmbH,561e8d936b8d90f61a0014ca,EMEA,Hadil Salameh,4 Pics 1 Word Android,515aff900964d0f21f00000e,de.lotum.whatsinthefoto.us,850.5224,Combo5,sportsbook.draftkings.com,5bc0e10e25c7d7796ebe8fc0,US,3465.1714,0.00077596,0.66,6,10
Pocket Entertainment Services LLC,6315b8713c59f7001bacf8fb,Americas,Rutvij Jadav,PocketFM Android,6315b8bb85b5a14b0bbc9454,com.radio.pocketfm,2377.0222,Combo7,casino.draftkings.com,602442ef9f0893001526406b,US,1225.3136,0.00027439,0.6522,6,10
FALCON GLOBAL LTD.,5a57133a3610bbb671016ff3,APAC,Nam Trinh,Goods Sorting: Match 3 Puzzle PM_1945,660a20c0c5f237ebf7b4ac68,com.fc.goods.sort.matching.puzzle.triplemaster,2243.5693,Combo6,draftkings.com,5f6413c9612b1a0015099993,CA,1296.3796,0.0002903,0.6513,2,10
Voodoo,56d55c72562b9c353800000d,EMEA,Hadil Salameh,Ball Blast,5af56c332803314ab33837f0,1383187127,829.4025,Combo5,sportsbook.draftkings.com,5bc0e10e25c7d7796ebe8fc0,US,3465.1714,0.00077596,0.6436,4,10
Easybrain Ltd,57d1b461ae2b57d903000027,EMEA,Dina Eraksan,Easy Words GP,64f9e2ac8fb8ac04ca897cd1,com.easybrain.word.puzzle.game,2316.8434,Combo7,casino.draftkings.com,602442ef9f0893001526406b,US,1225.3136,0.00027439,0.6357,4,10
LLC East-Games,62ea666c62b76e001b3eca4f,EMEA,Kseniia Fesenko,Tanks Blitz,62f1051ffaf12b2a7ad9a1d1,com.tanksblitz,739.3919,Combo4,draftkings.com,602442ef9f0893001526406b,US,3830.5002,0.00085777,0.6342,4,10
X-FLOW LTD,5b1526a7de961d3317b1d475,EMEA,Kseniia Fesenko,Happy Color Android - Paint by Number,5a777f42d76bfe102f007091,com.pixel.art.coloring.color.number,7674.6411,Combo10,sportsbook.draftkings.com,5bc0e10e25c7d7796ebe8fc0,CA,365.6717,8.189e-05,0.6284,6,10
Bluetile Games,64803209bfd9aa0011593484,EMEA,Tori Edwards,Yatzy - Fun Classic Dice Game,649fd139847c940a560e47aa,com.playvalve.yatzy,730.9495,Combo4,draftkings.com,602442ef9f0893001526406b,US,3830.5002,0.00085777,0.627,6,10
Gametion,561e8d956b8d90f61a0026fb,Americas,Rutvij Jadav,Ludo King,57bd636e47a977322200001a,993090598,806.2307,Combo5,sportsbook.draftkings.com,5bc0e10e25c7d7796ebe8fc0,US,3465.1714,0.00077596,0.6256,4,10
Mattel163 Limited,5b0fc58f19829714e5ad0d2f,APAC,Aria Gao,Phase 10 iOS,5d81c924bf4aa20017e95920,1463509237,2148.0516,Combo6,draftkings.com,5f6413c9612b1a0015099993,CA,1296.3796,0.0002903,0.6236,6,10
SmartNews,67d0848db62d6b0011ccb35e,Americas,Lisa Tolentino,SmartNews for docomo,69680f5935536525d31e36b2,com.nttdocomo.android.mymagazine,802.949,Combo5,sportsbook.draftkings.com,5bc0e10e25c7d7796ebe8fc0,US,3465.1714,0.00077596,0.6231,6,10
Gametion,561e8d956b8d90f61a0026fb,Americas,Rutvij Jadav,Ludo King,57bfce9a3ce6f97623000025,com.ludo.king,802.8256,Combo5,sportsbook.draftkings.com,5bc0e10e25c7d7796ebe8fc0,US,3465.1714,0.00077596,0.623,4,10
SYBO Games,5c52bd6ffbeb402419bef87d,EMEA,Louis Wallworth,Subway Surfers (Non-COPPA),5e4e6838246d020018f1e653,com.kiloo.subwaysurf,2143.2636,Combo6,draftkings.com,5f6413c9612b1a0015099993,CA,1296.3796,0.0002903,0.6222,4,10
Bluetile Games,64803209bfd9aa0011593484,EMEA,Tori Edwards,Solitaire - The #1 Card Game,6526703e4168a1c19383dcff,1578681725,719.1781,Combo4,draftkings.com,602442ef9f0893001526406b,US,3830.5002,0.00085777,0.6169,6,10
FALCON GLOBAL LTD.,5a57133a3610bbb671016ff3,APAC,Nam Trinh,Goods Sorting: Match 3 Puzzle PM_1945,660a20c0c5f237ebf7b4ac68,com.fc.goods.sort.matching.puzzle.triplemaster,2243.5693,Combo7,casino.draftkings.com,602442ef9f0893001526406b,US,1225.3136,0.00027439,0.6156,2,10
Easybrain Ltd,57d1b461ae2b57d903000027,EMEA,Dina Eraksan,Easy Words GP,64f9e2ac8fb8ac04ca897cd1,com.easybrain.word.puzzle.game,2316.8434,Combo8,draftkings.com,5bc0e10e25c7d7796ebe8fc0,US,1178.8851,0.00026399,0.6116,4,10
Voodoo,56d55c72562b9c353800000d,EMEA,Hadil Salameh,Aquapark.io,5cd9793d9ccc2b0012438b7c,1453989822,710.5107,Combo4,draftkings.com,602442ef9f0893001526406b,US,3830.5002,0.00085777,0.6095,8,10
Easybrain Ltd,57d1b461ae2b57d903000027,EMEA,Dina Eraksan,Art Puzzle - iOS,5ef316979c3a0300015b0a03,1519174001,2211.0834,Combo7,casino.draftkings.com,602442ef9f0893001526406b,US,1225.3136,0.00027439,0.6067,4,10
Scopely,561e8d966b8d90f61a003414,Americas,Natalie Kenyon,New YAHTZEE® With Buddies,5915396ce3b1195326000413,1206967173,705.3155,Combo4,draftkings.com,602442ef9f0893001526406b,US,3830.5002,0.00085777,0.605,4,10
Lihuhu,5d8880f1444f7200181b5e1d,APAC,Nam Trinh,Match Triple,61405fa047e8ae6d60071605,1530876832,698.5963,Combo4,draftkings.com,602442ef9f0893001526406b,US,3830.5002,0.00085777,0.5992,4,10
Aged Studio Limited,5fc7301f7a7f0200153979c7,APAC,Seven Tu,Aged Solitaire GP,67d553af916355d36b9391fc,com.agedstudio.card.solitaire.klondike,771.6683,Combo5,sportsbook.draftkings.com,5bc0e10e25c7d7796ebe8fc0,US,3465.1714,0.00077596,0.5988,4,10
Bluetile Games,64803209bfd9aa0011593484,EMEA,Tori Edwards,Word Search - Word Puzzle Game,64a41f5638325e04da4db2f3,com.playvalve.wsjourney,698.0834,Combo4,draftkings.com,602442ef9f0893001526406b,US,3830.5002,0.00085777,0.5988,6,10
SuperSonic Studios,5e3692d21cd3cb0018dd4329,EMEA,Beth Taylor-Lowen,Going Balls,5fa029b49f4c0275a7cf1372,1499081620,771.2801,Combo5,sportsbook.draftkings.com,5bc0e10e25c7d7796ebe8fc0,US,3465.1714,0.00077596,0.5985,4,10
Easybrain Ltd,57d1b461ae2b57d903000027,EMEA,Dina Eraksan,Art Puzzle GP,5f33efea7aae9f000162155d,com.easybrain.art.puzzle,4962.1386,Combo9,draftkings.com,5bc0e10e25c7d7796ebe8fc0,CA,537.4353,0.00012035,0.5972,4,10
Easybrain Ltd,57d1b461ae2b57d903000027,EMEA,Dina Eraksan,Pixel Art: Create by Number,5b61c1d3a5eacf3ee67a792c,com.europosit.pixelcoloring,2173.309,Combo7,casino.draftkings.com,602442ef9f0893001526406b,US,1225.3136,0.00027439,0.5963,4,10
FALCON GLOBAL LTD.,5a57133a3610bbb671016ff3,APAC,Nam Trinh,Goods Sorting: Match 3 Puzzle PM_1945,660a20c0c5f237ebf7b4ac68,com.fc.goods.sort.matching.puzzle.triplemaster,2243.5693,Combo8,draftkings.com,5bc0e10e25c7d7796ebe8fc0,US,1178.8851,0.00026399,0.5923,2,10
Gravity Labs,677cecb33b9ea20011273987,APAC,Ives Cui,moneywalk_AOS,677e35a5d7a0b145879b00a7,com.tracerofficial,2237.4241,Combo8,draftkings.com,5bc0e10e25c7d7796ebe8fc0,US,1178.8851,0.00026399,0.5907,6,10
Mattel163 Limited,5b0fc58f19829714e5ad0d2f,APAC,Aria Gao,Phase 10 iOS,5d81c924bf4aa20017e95920,1463509237,2148.0516,Combo7,casino.draftkings.com,602442ef9f0893001526406b,US,1225.3136,0.00027439,0.5894,6,10
Code Dish GmbH,64075f57d6da1900141e5aba,EMEA,Hadil Salameh,Dream Island - Match 3 Games,647dbe0bb7a4c97fb3997264,com.dream.free.games.match3,2227.9975,Combo8,draftkings.com,5bc0e10e25c7d7796ebe8fc0,US,1178.8851,0.00026399,0.5882,6,10
SYBO Games,5c52bd6ffbeb402419bef87d,EMEA,Louis Wallworth,Subway Surfers (Non-COPPA),5e4e6838246d020018f1e653,com.kiloo.subwaysurf,2143.2636,Combo7,casino.draftkings.com,602442ef9f0893001526406b,US,1225.3136,0.00027439,0.5881,4,10
Bluetile Games,64803209bfd9aa0011593484,EMEA,Tori Edwards,Dominoes Master: Classic Game,66cd6740334673785d02ece9,6467129396,683.7022,Combo4,draftkings.com,602442ef9f0893001526406b,US,3830.5002,0.00085777,0.5865,6,10
Scopely,561e8d966b8d90f61a003414,Americas,Natalie Kenyon,Scrabble Go,59e7dc15a81a003c1700ebfe,com.pieyel.scrabble,4870.4114,Combo9,draftkings.com,5bc0e10e25c7d7796ebe8fc0,CA,537.4353,0.00012035,0.5862,4,10
Easybrain Ltd,57d1b461ae2b57d903000027,EMEA,Dina Eraksan,Art Puzzle - iOS,5ef316979c3a0300015b0a03,1519174001,2211.0834,Combo8,draftkings.com,5bc0e10e25c7d7796ebe8fc0,US,1178.8851,0.00026399,0.5837,4,10
Puzzle1Studio,5d130cdf37472100170775e1,APAC,Ives Cui,Bubble Pop Origin! Puzzle Game,5de4583d2510a20017316fb9,1487907763,679.9213,Combo4,draftkings.com,602442ef9f0893001526406b,US,3830.5002,0.00085777,0.5832,4,10
OAKEVER GAMES PTE LTD,5b975fcedc73276356309362,APAC,Aria Gao,Jigsawcard iOS,69154b0b1de7be35146a52bd,6754900673,2000.8595,Combo6,draftkings.com,5f6413c9612b1a0015099993,CA,1296.3796,0.0002903,0.5809,2,10
LLC East-Games,62ea666c62b76e001b3eca4f,EMEA,Kseniia Fesenko,Tanks Blitz,62f1051ffaf12b2a7ad9a1d1,com.tanksblitz,739.3919,Combo5,sportsbook.draftkings.com,5bc0e10e25c7d7796ebe8fc0,US,3465.1714,0.00077596,0.5737,4,10
Easybrain Ltd,57d1b461ae2b57d903000027,EMEA,Dina Eraksan,Pixel Art: Create by Number,5b61c1d3a5eacf3ee67a792c,com.europosit.pixelcoloring,2173.309,Combo8,draftkings.com,5bc0e10e25c7d7796ebe8fc0,US,1178.8851,0.00026399,0.5737,4,10
OAKEVER GAMES PTE LTD,5b975fcedc73276356309362,APAC,Aria Gao,Meowdoku And,69e0a7d4b6a93be17be97116,com.oakever.meowdoku,6974.7269,Combo10,sportsbook.draftkings.com,5bc0e10e25c7d7796ebe8fc0,CA,365.6717,8.189e-05,0.5711,2,10
HITAPPS GAMES LTD,6021599b8b3e5600159fcc76,EMEA,Beth Taylor-Lowen,Connect Words Android,66101aeac0c070078a9775cf,com.hitappsgames.connectwords,665.0986,Combo4,draftkings.com,602442ef9f0893001526406b,US,3830.5002,0.00085777,0.5705,4,10
Mattel163 Limited,5b0fc58f19829714e5ad0d2f,APAC,Aria Gao,Skip-Bo iOS,60891c6075dd9017131842c0,1538912205,663.0106,Combo4,draftkings.com,602442ef9f0893001526406b,US,3830.5002,0.00085777,0.5687,6,10
Code Dish GmbH,64075f57d6da1900141e5aba,EMEA,Hadil Salameh,PiggyKingdom,65802019356fbd1f45ff6c6f,com.olleyo.piggy.king.free,732.502,Combo5,sportsbook.draftkings.com,5bc0e10e25c7d7796ebe8fc0,US,3465.1714,0.00077596,0.5684,6,10
Scopely,561e8d966b8d90f61a003414,Americas,Natalie Kenyon,Wheel of Fortune - iOS,579c0497be7334703a000072,898040123,657.6067,Combo4,draftkings.com,602442ef9f0893001526406b,US,3830.5002,0.00085777,0.5641,8,10
Scopely,561e8d966b8d90f61a003414,Americas,Natalie Kenyon,New YAHTZEE® With Buddies – Fun Game for Friends,591539d970abb44126000394,com.scopely.yux,649.5941,Combo4,draftkings.com,602442ef9f0893001526406b,US,3830.5002,0.00085777,0.5572,8,10
Easybrain Ltd,57d1b461ae2b57d903000027,EMEA,Dina Eraksan,Nonogram Android,5d406c47cf18f200178643cf,com.easybrain.nonogram,1897.2346,Combo6,draftkings.com,5f6413c9612b1a0015099993,CA,1296.3796,0.0002903,0.5508,4,10
OAKEVER GAMES PTE LTD,5b975fcedc73276356309362,APAC,Aria Gao,Jigsawcard iOS,69154b0b1de7be35146a52bd,6754900673,2000.8595,Combo7,casino.draftkings.com,602442ef9f0893001526406b,US,1225.3136,0.00027439,0.549,2,10
Scopely,561e8d966b8d90f61a003414,Americas,Natalie Kenyon,New YAHTZEE® With Buddies,5915396ce3b1195326000413,1206967173,705.3155,Combo5,sportsbook.draftkings.com,5bc0e10e25c7d7796ebe8fc0,US,3465.1714,0.00077596,0.5473,4,10
Dots,561e8d976b8d90f61a004735,EMEA,Louis Wallworth,Twdots Android,5b7c63748734f02f83929e90,com.weplaydots.twodotsandroid,635.4355,Combo4,draftkings.com,602442ef9f0893001526406b,US,3830.5002,0.00085777,0.5451,4,10
OAKEVER GAMES PTE LTD,5b975fcedc73276356309362,APAC,Aria Gao,Jigsawcard iOS,69154b0b1de7be35146a52bd,6754900673,2000.8595,Combo8,draftkings.com,5bc0e10e25c7d7796ebe8fc0,US,1178.8851,0.00026399,0.5282,2,10
Puzzle1Studio,5d130cdf37472100170775e1,APAC,Ives Cui,Bubble Pop Origin! Puzzle Game,5de4583d2510a20017316fb9,1487907763,679.9213,Combo5,sportsbook.draftkings.com,5bc0e10e25c7d7796ebe8fc0,US,3465.1714,0.00077596,0.5276,4,10
Voodoo,56d55c72562b9c353800000d,EMEA,Hadil Salameh,Mob Control,60994b96c5d1524132e8e1a7,1562817072,1920.8751,Combo7,casino.draftkings.com,602442ef9f0893001526406b,US,1225.3136,0.00027439,0.5271,8,10
Playsimple Games,568b8cb3bb2089a80600000a,Americas,Rutvij Jadav,PlaySimple Cryptogram,66e16cd7d7770a6a369725c3,in.playsimple.cryptogram,614.3112,Combo4,draftkings.com,602442ef9f0893001526406b,US,3830.5002,0.00085777,0.5269,4,10
Easybrain Ltd,57d1b461ae2b57d903000027,EMEA,Dina Eraksan,Solitaire – Classic Card Game,59c0bfe44b342c7f280015fe,1190849728,1907.0377,Combo7,casino.draftkings.com,602442ef9f0893001526406b,US,1225.3136,0.00027439,0.5233,8,10
INJOY TECHNOLOGY PTE.LTD.,5f687c6436ca1e0016d5fd6d,APAC,Seven Tu,Shareit Android,64f7008818744ab0e0841919,com.lenovo.anyshare.gps,6390.6848,Combo10,sportsbook.draftkings.com,5bc0e10e25c7d7796ebe8fc0,CA,365.6717,8.189e-05,0.5233,4,10
FALCON GLOBAL LTD.,5a57133a3610bbb671016ff3,APAC,Nam Trinh,Goods Sorting: Match 3 Puzzle iOS PM_1945,661898f2c0c070078a977fb4,6482849843,6385.6497,Combo10,sportsbook.draftkings.com,5bc0e10e25c7d7796ebe8fc0,CA,365.6717,8.189e-05,0.5229,2,10
Easybrain Ltd,57d1b461ae2b57d903000027,EMEA,Dina Eraksan,Nonogram Android,5d406c47cf18f200178643cf,com.easybrain.nonogram,1897.2346,Combo7,casino.draftkings.com,602442ef9f0893001526406b,US,1225.3136,0.00027439,0.5206,4,10
HITAPPS GAMES LTD,6021599b8b3e5600159fcc76,EMEA,Beth Taylor-Lowen,Connect Words Android,66101aeac0c070078a9775cf,com.hitappsgames.connectwords,665.0986,Combo5,sportsbook.draftkings.com,5bc0e10e25c7d7796ebe8fc0,US,3465.1714,0.00077596,0.5161,4,10
Severex,57c05f735b2bd4fa24000030,,Sales Ops,figgerits,63246d89d3a73abffd99d98b,1636821805,595.6902,Combo4,draftkings.com,602442ef9f0893001526406b,US,3830.5002,0.00085777,0.511,4,10
Bluetile Games,64803209bfd9aa0011593484,EMEA,Tori Edwards,Water Sortpuz,64e4c1ec575deb9efd61dafb,1615960653,594.5179,Combo4,draftkings.com,602442ef9f0893001526406b,US,3830.5002,0.00085777,0.51,6,10
Vinted,670cfa366f113e00119a799f,EMEA,Dumitru Cazacu,Vinted Android,671654af58450cca797bb25d,fr.vinted,4170.9759,Combo9,draftkings.com,5bc0e10e25c7d7796ebe8fc0,CA,537.4353,0.00012035,0.502,4,10
Bluetile Games,64803209bfd9aa0011593484,EMEA,Tori Edwards,Spades Stars,65ba16acd5857e078ac1c087,6467129657,581.0344,Combo4,draftkings.com,602442ef9f0893001526406b,US,3830.5002,0.00085777,0.4984,6,10
GeoTechnologies Inc.,5f45fb2f150074001547df11,APAC,Nam Trinh,トリマ-移動するだけでポイントが貯まる,5f45ffd8256e1b0001a4189a,jp.co.incrementp.milemobile,1808.1312,Combo7,casino.draftkings.com,602442ef9f0893001526406b,US,1225.3136,0.00027439,0.4961,4,10
Dots,561e8d976b8d90f61a004735,EMEA,Louis Wallworth,Twdots Android,5b7c63748734f02f83929e90,com.weplaydots.twodotsandroid,635.4355,Combo5,sportsbook.draftkings.com,5bc0e10e25c7d7796ebe8fc0,US,3465.1714,0.00077596,0.4931,4,10
Gamebasics BV,561e8d936b8d90f61a000c29,,Sales Ops,Online Soccer Manager - iOS,6130d1b1e4bcd916bfa188d5,400201466,564.0222,Combo4,draftkings.com,602442ef9f0893001526406b,US,3830.5002,0.00085777,0.4838,4,10
INJOY TECHNOLOGY PTE.LTD.,5f687c6436ca1e0016d5fd6d,APAC,Seven Tu,Shareit Lite,65016fb65946c49eb49f6691,shareit.lite,559.5803,Combo4,draftkings.com,602442ef9f0893001526406b,US,3830.5002,0.00085777,0.48,4,10
GeoTechnologies Inc.,5f45fb2f150074001547df11,APAC,Nam Trinh,トリマ-移動するだけでポイントが貯まる,5f45ffd8256e1b0001a4189a,jp.co.incrementp.milemobile,1808.1312,Combo8,draftkings.com,5bc0e10e25c7d7796ebe8fc0,US,1178.8851,0.00026399,0.4773,4,10
Playsimple Games,568b8cb3bb2089a80600000a,Americas,Rutvij Jadav,PlaySimple Cryptogram,66e16cd7d7770a6a369725c3,in.playsimple.cryptogram,614.3112,Combo5,sportsbook.draftkings.com,5bc0e10e25c7d7796ebe8fc0,US,3465.1714,0.00077596,0.4767,4,10
Scopely,561e8d966b8d90f61a003414,Americas,Natalie Kenyon,Stumble Guys,6413698f6e7664ba85e052b5,1541153375,555.163,Combo4,draftkings.com,602442ef9f0893001526406b,US,3830.5002,0.00085777,0.4762,4,10
Severex,57c05f735b2bd4fa24000030,,Sales Ops,figgerits,63246d89d3a73abffd99d98b,1636821805,595.6902,Combo5,sportsbook.draftkings.com,5bc0e10e25c7d7796ebe8fc0,US,3465.1714,0.00077596,0.4622,4,10
FotMob AS,66e0182c82571e00117d2acb,EMEA,Louis Wallworth,FotMob iOS,66e0363553834547abf558a2,488575683,1584.5514,Combo6,draftkings.com,5f6413c9612b1a0015099993,CA,1296.3796,0.0002903,0.46,4,10
Mattel163 Limited,5b0fc58f19829714e5ad0d2f,APAC,Aria Gao,Phase 10 Android,5d81cc3fe412d000189dc34b,com.mattel163.phase10,1583.0986,Combo6,draftkings.com,5f6413c9612b1a0015099993,CA,1296.3796,0.0002903,0.4596,4,10
Voodoo,56d55c72562b9c353800000d,EMEA,Hadil Salameh,Paper.io 2,5b99403f45e58040ccdd7177,io.voodoo.paper2,3814.5932,Combo9,draftkings.com,5bc0e10e25c7d7796ebe8fc0,CA,537.4353,0.00012035,0.4591,4,10
Playsimple Games,568b8cb3bb2089a80600000a,Americas,Rutvij Jadav,Crossword Explorer,61fbd43bbb5dc5ef7a216388,1512407890,534.354,Combo4,draftkings.com,602442ef9f0893001526406b,US,3830.5002,0.00085777,0.4584,8,10
LOTUM Media GmbH,561e8d936b8d90f61a0014ca,EMEA,Hadil Salameh,4 Pics 1 Word iOS,5130b34aff10712a34000051,595558452,1732.9825,Combo8,draftkings.com,5bc0e10e25c7d7796ebe8fc0,US,1178.8851,0.00026399,0.4575,6,10
HIGAME Jsc,62664065ca13b50011fb00a2,APAC,Nam Trinh,Milk Tea iDrink Joke,666979901c5137fed0edf34e,6444123306,1551.55,Combo6,draftkings.com,5f6413c9612b1a0015099993,CA,1296.3796,0.0002903,0.4504,2,10
Easybrain Ltd,57d1b461ae2b57d903000027,EMEA,Dina Eraksan,Pixel Art - Color by Number,5a167dd1d0d008d90400a61d,1274972321,1640.7307,Combo7,casino.draftkings.com,602442ef9f0893001526406b,US,1225.3136,0.00027439,0.4502,4,10
Playsimple Games,568b8cb3bb2089a80600000a,Americas,Rutvij Jadav,Word Search Explorer,625d3d93b090bdfbd3c527c0,in.playsimple.wordsearch,1639.7783,Combo7,casino.draftkings.com,602442ef9f0893001526406b,US,1225.3136,0.00027439,0.4499,8,10
Playsimple Games,568b8cb3bb2089a80600000a,Americas,Rutvij Jadav,Tile Match -Triple puzzle game,64ee188a4ca99f72ba7c5d70,in.playsimple.triple.tile.matchgame.pair.three.puzzle.object.royale,1639.763,Combo7,casino.draftkings.com,602442ef9f0893001526406b,US,1225.3136,0.00027439,0.4499,4,10
Veraxen Ltd,561e8d936b8d90f61a00134a,EMEA,Kseniia Fesenko,Jigsaw Collection HD,524ad17f92fcd29365000006,642831690,1626.5089,Combo7,casino.draftkings.com,602442ef9f0893001526406b,US,1225.3136,0.00027439,0.4463,4,10
Ketchapp,561e8d956b8d90f61a0030cf,EMEA,Hadil Salameh,Rider,590b5df4004ccfdd3b000a35,1229618961,517.3778,Combo4,draftkings.com,602442ef9f0893001526406b,US,3830.5002,0.00085777,0.4438,4,10
Easybrain Ltd,57d1b461ae2b57d903000027,EMEA,Dina Eraksan,Backgammon GP,615dd65a5e0f3b245d50aa97,com.easybrain.backgammon.board.games,1609.4442,Combo7,casino.draftkings.com,602442ef9f0893001526406b,US,1225.3136,0.00027439,0.4416,8,10
Easybrain Ltd,57d1b461ae2b57d903000027,EMEA,Dina Eraksan,Solitaire Spider GP,5ebc16f75ebede000128445b,com.easybrain.spider.solitaire,513.6172,Combo4,draftkings.com,602442ef9f0893001526406b,US,3830.5002,0.00085777,0.4406,8,10
Gamebasics BV,561e8d936b8d90f61a000c29,,Sales Ops,Online Soccer Manager - iOS,6130d1b1e4bcd916bfa188d5,400201466,564.0222,Combo5,sportsbook.draftkings.com,5bc0e10e25c7d7796ebe8fc0,US,3465.1714,0.00077596,0.4377,4,10
Voodoo,56d55c72562b9c353800000d,EMEA,Hadil Salameh,Hole.io,5f5ba15b8b44650001cad5b7,1389111413,1588.1584,Combo7,casino.draftkings.com,602442ef9f0893001526406b,US,1225.3136,0.00027439,0.4358,4,10
FotMob AS,66e0182c82571e00117d2acb,EMEA,Louis Wallworth,FotMob iOS,66e0363553834547abf558a2,488575683,1584.5514,Combo7,casino.draftkings.com,602442ef9f0893001526406b,US,1225.3136,0.00027439,0.4348,4,10
Mattel163 Limited,5b0fc58f19829714e5ad0d2f,APAC,Aria Gao,Phase 10 Android,5d81cc3fe412d000189dc34b,com.mattel163.phase10,1583.0986,Combo7,casino.draftkings.com,602442ef9f0893001526406b,US,1225.3136,0.00027439,0.4344,4,10
Bluetile Games,64803209bfd9aa0011593484,EMEA,Tori Edwards,Yatzy - Dice Game,649eeab39018de0fbec588f6,1602149052,506.2068,Combo4,draftkings.com,602442ef9f0893001526406b,US,3830.5002,0.00085777,0.4342,6,10
INJOY TECHNOLOGY PTE.LTD.,5f687c6436ca1e0016d5fd6d,APAC,Seven Tu,Shareit Lite,65016fb65946c49eb49f6691,shareit.lite,559.5803,Combo5,sportsbook.draftkings.com,5bc0e10e25c7d7796ebe8fc0,US,3465.1714,0.00077596,0.4342,4,10
Easybrain Ltd,57d1b461ae2b57d903000027,EMEA,Dina Eraksan,Pixel Art - Color by Number,5a167dd1d0d008d90400a61d,1274972321,1640.7307,Combo8,draftkings.com,5bc0e10e25c7d7796ebe8fc0,US,1178.8851,0.00026399,0.4331,4,10
Playsimple Games,568b8cb3bb2089a80600000a,Americas,Rutvij Jadav,Tile Match -Triple puzzle game,64ee188a4ca99f72ba7c5d70,in.playsimple.triple.tile.matchgame.pair.three.puzzle.object.royale,1639.763,Combo8,draftkings.com,5bc0e10e25c7d7796ebe8fc0,US,1178.8851,0.00026399,0.4329,4,10
Scopely,561e8d966b8d90f61a003414,Americas,Natalie Kenyon,Stumble Guys,6413698f6e7664ba85e052b5,1541153375,555.163,Combo5,sportsbook.draftkings.com,5bc0e10e25c7d7796ebe8fc0,US,3465.1714,0.00077596,0.4308,4,10
Veraxen Ltd,561e8d936b8d90f61a00134a,EMEA,Kseniia Fesenko,Jigsaw Collection HD,524ad17f92fcd29365000006,642831690,1626.5089,Combo8,draftkings.com,5bc0e10e25c7d7796ebe8fc0,US,1178.8851,0.00026399,0.4294,4,10
HIGAME Jsc,62664065ca13b50011fb00a2,APAC,Nam Trinh,Milk Tea iDrink Joke,666979901c5137fed0edf34e,6444123306,1551.55,Combo7,casino.draftkings.com,602442ef9f0893001526406b,US,1225.3136,0.00027439,0.4257,2,10
Code Dish GmbH,64075f57d6da1900141e5aba,EMEA,Hadil Salameh,Tile Match - Match Puzzle Game,63ff39ab1e40c644de13073f,6444056676,1595.8747,Combo8,draftkings.com,5bc0e10e25c7d7796ebe8fc0,US,1178.8851,0.00026399,0.4213,6,10
Easybrain Ltd,57d1b461ae2b57d903000027,EMEA,Dina Eraksan,Sudoku Killer iOS,5e84a5d1ce415a000187164f,1505735640,1530.1728,Combo7,casino.draftkings.com,602442ef9f0893001526406b,US,1225.3136,0.00027439,0.4199,4,10
Voodoo,56d55c72562b9c353800000d,EMEA,Hadil Salameh,Hole.io,5f5ba15b8b44650001cad5b7,1389111413,1588.1584,Combo8,draftkings.com,5bc0e10e25c7d7796ebe8fc0,US,1178.8851,0.00026399,0.4193,4,10
RobTop Games AB,6276c973f70e7c001895be79,EMEA,Louis Wallworth,Geometry Dash Lite,6276cb2872361e0c07c98cec,698255242,3471.3525,Combo9,draftkings.com,5bc0e10e25c7d7796ebe8fc0,CA,537.4353,0.00012035,0.4178,6,10
HIGAME Jsc,62664065ca13b50011fb00a2,APAC,Nam Trinh,Milk Tea iDrink Joke,666979901c5137fed0edf34e,6444123306,1551.55,Combo8,draftkings.com,5bc0e10e25c7d7796ebe8fc0,US,1178.8851,0.00026399,0.4096,2,10
INJOY TECHNOLOGY PTE.LTD.,5f687c6436ca1e0016d5fd6d,APAC,Seven Tu,SHAREit,64db6180d4592a1f1c806bde,725215120,1482.4063,Combo7,casino.draftkings.com,602442ef9f0893001526406b,US,1225.3136,0.00027439,0.4068,4,10
Easybrain Ltd,57d1b461ae2b57d903000027,EMEA,Dina Eraksan,Art Puzzle GP,5f33efea7aae9f000162155d,com.easybrain.art.puzzle,4962.1386,Combo10,sportsbook.draftkings.com,5bc0e10e25c7d7796ebe8fc0,CA,365.6717,8.189e-05,0.4063,4,10
Easybrain Ltd,57d1b461ae2b57d903000027,EMEA,Dina Eraksan,Sudoku Killer iOS,5e84a5d1ce415a000187164f,1505735640,1530.1728,Combo8,draftkings.com,5bc0e10e25c7d7796ebe8fc0,US,1178.8851,0.00026399,0.404,4,10
Ketchapp,561e8d956b8d90f61a0030cf,EMEA,Hadil Salameh,Rider,590b5df4004ccfdd3b000a35,1229618961,517.3778,Combo5,sportsbook.draftkings.com,5bc0e10e25c7d7796ebe8fc0,US,3465.1714,0.00077596,0.4015,4,10
Easybrain Ltd,57d1b461ae2b57d903000027,EMEA,Dina Eraksan,Easy Words IOS,66db113537f8220673f9e833,6612024746,1458.7926,Combo7,casino.draftkings.com,602442ef9f0893001526406b,US,1225.3136,0.00027439,0.4003,8,10
Skywork AI PTELTD,67c01767cc8ae200116e5d00,APAC,Ronald Long,FreeReels-iOS,6970c7fe73c0a231fff79cc7,6738081517,3320.4948,Combo9,draftkings.com,5bc0e10e25c7d7796ebe8fc0,CA,537.4353,0.00012035,0.3996,6,10
Scopely,561e8d966b8d90f61a003414,Americas,Natalie Kenyon,Scrabble Go,59e7dc15a81a003c1700ebfe,com.pieyel.scrabble,4870.4114,Combo10,sportsbook.draftkings.com,5bc0e10e25c7d7796ebe8fc0,CA,365.6717,8.189e-05,0.3988,4,10
INJOY TECHNOLOGY PTE.LTD.,5f687c6436ca1e0016d5fd6d,APAC,Seven Tu,SHAREit,64db6180d4592a1f1c806bde,725215120,1482.4063,Combo8,draftkings.com,5bc0e10e25c7d7796ebe8fc0,US,1178.8851,0.00026399,0.3913,4,10
Code Dish GmbH,64075f57d6da1900141e5aba,EMEA,Hadil Salameh,Tile Match - Match Puzzle Game,63b7bf0fa928816f6c42effc,com.tile.match.blockpuzzle,3248.3204,Combo9,draftkings.com,5bc0e10e25c7d7796ebe8fc0,CA,537.4353,0.00012035,0.3909,6,10
Playsimple Games,568b8cb3bb2089a80600000a,Americas,Rutvij Jadav,Crossword Jam : Fun Brain Game,5c6bcec910122f720df1553b,1269540854,1400.6844,Combo7,casino.draftkings.com,602442ef9f0893001526406b,US,1225.3136,0.00027439,0.3843,8,10
Gravity Labs,677cecb33b9ea20011273987,APAC,Ives Cui,Moneywalk_iOS,677cf457a18672e70722b88f,1638253339,1417.9879,Combo8,draftkings.com,5bc0e10e25c7d7796ebe8fc0,US,1178.8851,0.00026399,0.3743,6,10
Easybrain Ltd,57d1b461ae2b57d903000027,EMEA,Dina Eraksan,Backgammon iOS,63974e72c5c2a3f1faf76b37,6443484197,1306.6428,Combo7,casino.draftkings.com,602442ef9f0893001526406b,US,1225.3136,0.00027439,0.3585,8,10
RobTop Games AB,6276c973f70e7c001895be79,EMEA,Louis Wallworth,Geometry Dash Lite Android,6295ff7c3987b19e74b43c3e,com.robtopx.geometryjumplite,2971.0927,Combo9,draftkings.com,5bc0e10e25c7d7796ebe8fc0,CA,537.4353,0.00012035,0.3576,6,10
OAKEVER GAMES PTE LTD,5b975fcedc73276356309362,APAC,Aria Gao,Arrows GO! iOS,69c2954b7c25f96d75ccd5f2,6758326278,2911.1141,Combo9,draftkings.com,5bc0e10e25c7d7796ebe8fc0,CA,537.4353,0.00012035,0.3504,2,10
Mattel163 Limited,5b0fc58f19829714e5ad0d2f,APAC,Aria Gao,UNO!™,5b14f1387ea39141340a6d68,com.matteljv.uno,1202.5102,Combo6,draftkings.com,5f6413c9612b1a0015099993,CA,1296.3796,0.0002903,0.3491,4,10
Vinted,670cfa366f113e00119a799f,EMEA,Dumitru Cazacu,Vinted Android,671654af58450cca797bb25d,fr.vinted,4170.9759,Combo10,sportsbook.draftkings.com,5bc0e10e25c7d7796ebe8fc0,CA,365.6717,8.189e-05,0.3415,4,10
Dots,561e8d976b8d90f61a004735,EMEA,Louis Wallworth,Twodots iOS,5b7c5bff274f5b2f7bc47219,880178264,1147.9624,Combo6,draftkings.com,5f6413c9612b1a0015099993,CA,1296.3796,0.0002903,0.3333,6,10
SmartNews,67d0848db62d6b0011ccb35e,Americas,Lisa Tolentino,SmartNews,67d272b5dc73e19db732c193,jp.gocro.smartnews.android,2759.772,Combo9,draftkings.com,5bc0e10e25c7d7796ebe8fc0,CA,537.4353,0.00012035,0.3321,6,10
Mattel163 Limited,5b0fc58f19829714e5ad0d2f,APAC,Aria Gao,UNO!™,5b14f1387ea39141340a6d68,com.matteljv.uno,1202.5102,Combo7,casino.draftkings.com,602442ef9f0893001526406b,US,1225.3136,0.00027439,0.33,4,10
ToGather Fun Limited,634d301fa3774b001b7c0dbc,APAC,Harper Zhang,Screw Sort Puzzle,6667a74988cc429f2d801763,6499293031,1193.3197,Combo7,casino.draftkings.com,602442ef9f0893001526406b,US,1225.3136,0.00027439,0.3274,4,10
Dots,561e8d976b8d90f61a004735,EMEA,Louis Wallworth,Twodots iOS,5b7c5bff274f5b2f7bc47219,880178264,1147.9624,Combo7,casino.draftkings.com,602442ef9f0893001526406b,US,1225.3136,0.00027439,0.315,6,10
ToGather Fun Limited,634d301fa3774b001b7c0dbc,APAC,Harper Zhang,Screw Sort Puzzle,6667a74988cc429f2d801763,6499293031,1193.3197,Combo8,draftkings.com,5bc0e10e25c7d7796ebe8fc0,US,1178.8851,0.00026399,0.315,4,10
Voodoo,56d55c72562b9c353800000d,EMEA,Hadil Salameh,Paper.io 2,5b99403f45e58040ccdd7177,io.voodoo.paper2,3814.5932,Combo10,sportsbook.draftkings.com,5bc0e10e25c7d7796ebe8fc0,CA,365.6717,8.189e-05,0.3124,4,10
HITAPPS GAMES LTD,6021599b8b3e5600159fcc76,EMEA,Beth Taylor-Lowen,Connect Word iOS,66ed44a4f909844620b79258,6692629257,1069.3365,Combo6,draftkings.com,5f6413c9612b1a0015099993,CA,1296.3796,0.0002903,0.3104,6,10
GeoTechnologies Inc.,5f45fb2f150074001547df11,APAC,Nam Trinh,トリマ-移動するだけでポイントが貯まる,5f45ffa82f1f7c000130fe19,1502193377,2510.4773,Combo9,draftkings.com,5bc0e10e25c7d7796ebe8fc0,CA,537.4353,0.00012035,0.3021,4,10
Easybrain Ltd,57d1b461ae2b57d903000027,EMEA,Dina Eraksan,Hidden Spots,6672d811429c14443ac5fb6d,com.easybrain.hidden.spots,1078.6017,Combo7,casino.draftkings.com,602442ef9f0893001526406b,US,1225.3136,0.00027439,0.296,4,10
HITAPPS GAMES LTD,6021599b8b3e5600159fcc76,EMEA,Beth Taylor-Lowen,Connect Word iOS,66ed44a4f909844620b79258,6692629257,1069.3365,Combo7,casino.draftkings.com,602442ef9f0893001526406b,US,1225.3136,0.00027439,0.2934,6,10
Voodoo,56d55c72562b9c353800000d,EMEA,Hadil Salameh,Hole.io,5b2a4c2c8815f423b86d090f,io.voodoo.holeio,1045.8782,Combo7,casino.draftkings.com,602442ef9f0893001526406b,US,1225.3136,0.00027439,0.287,4,10
Easybrain Ltd,57d1b461ae2b57d903000027,EMEA,Dina Eraksan,Hidden Spots,6672d811429c14443ac5fb6d,com.easybrain.hidden.spots,1078.6017,Combo8,draftkings.com,5bc0e10e25c7d7796ebe8fc0,US,1178.8851,0.00026399,0.2847,4,10
RobTop Games AB,6276c973f70e7c001895be79,EMEA,Louis Wallworth,Geometry Dash Lite,6276cb2872361e0c07c98cec,698255242,3471.3525,Combo10,sportsbook.draftkings.com,5bc0e10e25c7d7796ebe8fc0,CA,365.6717,8.189e-05,0.2843,6,10
Mattel163 Limited,5b0fc58f19829714e5ad0d2f,APAC,Aria Gao,Skip-Bo Android,60891d3bc6ed3ae6ebd0cf3a,com.mattel163.skipbo,963.685,Combo6,draftkings.com,5f6413c9612b1a0015099993,CA,1296.3796,0.0002903,0.2798,4,10
Easybrain Ltd,57d1b461ae2b57d903000027,EMEA,Dina Eraksan,Easy Words GP,64f9e2ac8fb8ac04ca897cd1,com.easybrain.word.puzzle.game,2316.8434,Combo9,draftkings.com,5bc0e10e25c7d7796ebe8fc0,CA,537.4353,0.00012035,0.2788,4,10
FARSUN PTE LTD,66aafef7514c00001147c0c9,APAC,Harper Zhang,FlickReels,66ac9c873343191babdad3e8,com.zyhwplatform.shortplay,1012.3075,Combo7,casino.draftkings.com,602442ef9f0893001526406b,US,1225.3136,0.00027439,0.2778,4,10
Voodoo,56d55c72562b9c353800000d,EMEA,Hadil Salameh,Hole.io,5b2a4c2c8815f423b86d090f,io.voodoo.holeio,1045.8782,Combo8,draftkings.com,5bc0e10e25c7d7796ebe8fc0,US,1178.8851,0.00026399,0.2761,4,10
Code Dish GmbH,64075f57d6da1900141e5aba,EMEA,Hadil Salameh,"Sweet Crunch - Matching, Blast Puzzle Game",6051fadcdec34f1e8a8888cc,com.cookie.match3.casual,1034.5435,Combo8,draftkings.com,5bc0e10e25c7d7796ebe8fc0,US,1178.8851,0.00026399,0.2731,6,10
Skywork AI PTELTD,67c01767cc8ae200116e5d00,APAC,Ronald Long,FreeReels-iOS,6970c7fe73c0a231fff79cc7,6738081517,3320.4948,Combo10,sportsbook.draftkings.com,5bc0e10e25c7d7796ebe8fc0,CA,365.6717,8.189e-05,0.2719,6,10
FALCON GLOBAL LTD.,5a57133a3610bbb671016ff3,APAC,Nam Trinh,Goods Sorting: Match 3 Puzzle PM_1945,660a20c0c5f237ebf7b4ac68,com.fc.goods.sort.matching.puzzle.triplemaster,2243.5693,Combo9,draftkings.com,5bc0e10e25c7d7796ebe8fc0,CA,537.4353,0.00012035,0.27,2,10
Gravity Labs,677cecb33b9ea20011273987,APAC,Ives Cui,moneywalk_AOS,677e35a5d7a0b145879b00a7,com.tracerofficial,2237.4241,Combo9,draftkings.com,5bc0e10e25c7d7796ebe8fc0,CA,537.4353,0.00012035,0.2693,6,10
Code Dish GmbH,64075f57d6da1900141e5aba,EMEA,Hadil Salameh,Dream Island - Match 3 Games,647dbe0bb7a4c97fb3997264,com.dream.free.games.match3,2227.9975,Combo9,draftkings.com,5bc0e10e25c7d7796ebe8fc0,CA,537.4353,0.00012035,0.2681,6,10
FARSUN PTE LTD,66aafef7514c00001147c0c9,APAC,Harper Zhang,FlickReels,66ac9c873343191babdad3e8,com.zyhwplatform.shortplay,1012.3075,Combo8,draftkings.com,5bc0e10e25c7d7796ebe8fc0,US,1178.8851,0.00026399,0.2672,4,10
IEC Global Pty Ltd.,5b1f351e3eddeb10ce7fa54c,APAC,Nam Trinh,Water Sort Puzzle iOS,5f2d0c03f503650001351c59,1514542157,916.6048,Combo6,draftkings.com,5f6413c9612b1a0015099993,CA,1296.3796,0.0002903,0.2661,2,10
Easybrain Ltd,57d1b461ae2b57d903000027,EMEA,Dina Eraksan,Art Puzzle - iOS,5ef316979c3a0300015b0a03,1519174001,2211.0834,Combo9,draftkings.com,5bc0e10e25c7d7796ebe8fc0,CA,537.4353,0.00012035,0.2661,4,10
Code Dish GmbH,64075f57d6da1900141e5aba,EMEA,Hadil Salameh,Tile Match - Match Puzzle Game,63b7bf0fa928816f6c42effc,com.tile.match.blockpuzzle,3248.3204,Combo10,sportsbook.draftkings.com,5bc0e10e25c7d7796ebe8fc0,CA,365.6717,8.189e-05,0.266,6,10
Mattel163 Limited,5b0fc58f19829714e5ad0d2f,APAC,Aria Gao,Skip-Bo Android,60891d3bc6ed3ae6ebd0cf3a,com.mattel163.skipbo,963.685,Combo7,casino.draftkings.com,602442ef9f0893001526406b,US,1225.3136,0.00027439,0.2644,4,10
Easybrain Ltd,57d1b461ae2b57d903000027,EMEA,Dina Eraksan,Pixel Art: Create by Number,5b61c1d3a5eacf3ee67a792c,com.europosit.pixelcoloring,2173.309,Combo9,draftkings.com,5bc0e10e25c7d7796ebe8fc0,CA,537.4353,0.00012035,0.2616,4,10
FALCON GLOBAL LTD.,5a57133a3610bbb671016ff3,APAC,Nam Trinh,Cake Sort - Color Puzzle Game IOS PM D2M,64781b96dac1393f38b604ca,6448392144,892.843,Combo6,draftkings.com,5f6413c9612b1a0015099993,CA,1296.3796,0.0002903,0.2592,2,10
Aged Studio Limited,5fc7301f7a7f0200153979c7,APAC,Seven Tu,Aged_Solitaire_IOS,65a909094b4b5121d92d9993,1482887935,943.5261,Combo7,casino.draftkings.com,602442ef9f0893001526406b,US,1225.3136,0.00027439,0.2589,8,10
SYBO Games,5c52bd6ffbeb402419bef87d,EMEA,Louis Wallworth,Subway Surfers (Non-COPPA),5e4e6838246d020018f1e653,com.kiloo.subwaysurf,2143.2636,Combo9,draftkings.com,5bc0e10e25c7d7796ebe8fc0,CA,537.4353,0.00012035,0.2579,4,10
Voodoo,56d55c72562b9c353800000d,EMEA,Hadil Salameh,Epic Plane Evolution,66b0c2e2e33c9a548741f773,6504122823,936.4398,Combo7,casino.draftkings.com,602442ef9f0893001526406b,US,1225.3136,0.00027439,0.2569,8,10
Playsimple Games,568b8cb3bb2089a80600000a,Americas,Rutvij Jadav,Daily Themed Crossword - A Fun crossword Android,5af5545d8e03cf7acee13a66,in.crossy.daily_crossword,926.4727,Combo7,casino.draftkings.com,602442ef9f0893001526406b,US,1225.3136,0.00027439,0.2542,8,10
Easybrain Ltd,57d1b461ae2b57d903000027,EMEA,Dina Eraksan,Number Sums IOS,64de05bdabb23eee2a179c21,6449427809,917.2234,Combo7,casino.draftkings.com,602442ef9f0893001526406b,US,1225.3136,0.00027439,0.2517,8,10
IEC Global Pty Ltd.,5b1f351e3eddeb10ce7fa54c,APAC,Nam Trinh,Water Sort Puzzle iOS,5f2d0c03f503650001351c59,1514542157,916.6048,Combo7,casino.draftkings.com,602442ef9f0893001526406b,US,1225.3136,0.00027439,0.2515,2,10
Voodoo,56d55c72562b9c353800000d,EMEA,Hadil Salameh,Flappy Dunk,5950d4eef493bbec54002184,1235581326,901.4023,Combo7,casino.draftkings.com,602442ef9f0893001526406b,US,1225.3136,0.00027439,0.2473,4,10
FARSUN PTE LTD,66aafef7514c00001147c0c9,APAC,Harper Zhang,FlickReels,66ab1f501ea687af3dc00e4e,6514312894,893.8792,Combo7,casino.draftkings.com,602442ef9f0893001526406b,US,1225.3136,0.00027439,0.2453,8,10
FALCON GLOBAL LTD.,5a57133a3610bbb671016ff3,APAC,Nam Trinh,Cake Sort - Color Puzzle Game IOS PM D2M,64781b96dac1393f38b604ca,6448392144,892.843,Combo7,casino.draftkings.com,602442ef9f0893001526406b,US,1225.3136,0.00027439,0.245,2,10
RobTop Games AB,6276c973f70e7c001895be79,EMEA,Louis Wallworth,Geometry Dash Lite Android,6295ff7c3987b19e74b43c3e,com.robtopx.geometryjumplite,2971.0927,Combo10,sportsbook.draftkings.com,5bc0e10e25c7d7796ebe8fc0,CA,365.6717,8.189e-05,0.2433,6,10
IEC Global Pty Ltd.,5b1f351e3eddeb10ce7fa54c,APAC,Nam Trinh,Water Sort Puzzle iOS,5f2d0c03f503650001351c59,1514542157,916.6048,Combo8,draftkings.com,5bc0e10e25c7d7796ebe8fc0,US,1178.8851,0.00026399,0.242,2,10
OAKEVER GAMES PTE LTD,5b975fcedc73276356309362,APAC,Aria Gao,Jigsawcard iOS,69154b0b1de7be35146a52bd,6754900673,2000.8595,Combo9,draftkings.com,5bc0e10e25c7d7796ebe8fc0,CA,537.4353,0.00012035,0.2408,2,10
OAKEVER GAMES PTE LTD,5b975fcedc73276356309362,APAC,Aria Gao,Arrows GO! iOS,69c2954b7c25f96d75ccd5f2,6758326278,2911.1141,Combo10,sportsbook.draftkings.com,5bc0e10e25c7d7796ebe8fc0,CA,365.6717,8.189e-05,0.2384,2,10
Voodoo,56d55c72562b9c353800000d,EMEA,Hadil Salameh,Flappy Dunk,5950d4eef493bbec54002184,1235581326,901.4023,Combo8,draftkings.com,5bc0e10e25c7d7796ebe8fc0,US,1178.8851,0.00026399,0.238,4,10
Bluetile Games,64803209bfd9aa0011593484,EMEA,Tori Edwards,Solitaire - Card Game,64a41edf830ec394da0090b7,com.playvalve.solitaire,815.1386,Combo6,draftkings.com,5f6413c9612b1a0015099993,CA,1296.3796,0.0002903,0.2366,6,10
FALCON GLOBAL LTD.,5a57133a3610bbb671016ff3,APAC,Nam Trinh,Cake Sort - Color Puzzle Game IOS PM D2M,64781b96dac1393f38b604ca,6448392144,892.843,Combo8,draftkings.com,5bc0e10e25c7d7796ebe8fc0,US,1178.8851,0.00026399,0.2357,2,10
Bluetile Games,64803209bfd9aa0011593484,EMEA,Tori Edwards,Dominoes Masters,66166d8dc0c070078a977c88,com.playvalve.dominoes,801.3498,Combo6,draftkings.com,5f6413c9612b1a0015099993,CA,1296.3796,0.0002903,0.2326,6,10
Easybrain Ltd,57d1b461ae2b57d903000027,EMEA,Dina Eraksan,Nonogram Android,5d406c47cf18f200178643cf,com.easybrain.nonogram,1897.2346,Combo9,draftkings.com,5bc0e10e25c7d7796ebe8fc0,CA,537.4353,0.00012035,0.2283,4,10
Voodoo,56d55c72562b9c353800000d,EMEA,Hadil Salameh,Ball Blast,5af56c332803314ab33837f0,1383187127,829.4025,Combo7,casino.draftkings.com,602442ef9f0893001526406b,US,1225.3136,0.00027439,0.2276,4,10
SmartNews,67d0848db62d6b0011ccb35e,Americas,Lisa Tolentino,SmartNews,67d272b5dc73e19db732c193,jp.gocro.smartnews.android,2759.772,Combo10,sportsbook.draftkings.com,5bc0e10e25c7d7796ebe8fc0,CA,365.6717,8.189e-05,0.226,6,10
LOTUM Media GmbH,561e8d936b8d90f61a0014ca,EMEA,Hadil Salameh,4 Pics 1 Word Android,515aff900964d0f21f00000e,de.lotum.whatsinthefoto.us,850.5224,Combo8,draftkings.com,5bc0e10e25c7d7796ebe8fc0,US,1178.8851,0.00026399,0.2245,6,10
Bluetile Games,64803209bfd9aa0011593484,EMEA,Tori Edwards,Solitaire - Card Game,64a41edf830ec394da0090b7,com.playvalve.solitaire,815.1386,Combo7,casino.draftkings.com,602442ef9f0893001526406b,US,1225.3136,0.00027439,0.2237,6,10
Gametion,561e8d956b8d90f61a0026fb,Americas,Rutvij Jadav,Ludo King,57bd636e47a977322200001a,993090598,806.2307,Combo7,casino.draftkings.com,602442ef9f0893001526406b,US,1225.3136,0.00027439,0.2212,4,10
Gametion,561e8d956b8d90f61a0026fb,Americas,Rutvij Jadav,Ludo King,57bfce9a3ce6f97623000025,com.ludo.king,802.8256,Combo7,casino.draftkings.com,602442ef9f0893001526406b,US,1225.3136,0.00027439,0.2203,4,10
Bluetile Games,64803209bfd9aa0011593484,EMEA,Tori Edwards,Dominoes Masters,66166d8dc0c070078a977c88,com.playvalve.dominoes,801.3498,Combo7,casino.draftkings.com,602442ef9f0893001526406b,US,1225.3136,0.00027439,0.2199,6,10
Voodoo,56d55c72562b9c353800000d,EMEA,Hadil Salameh,Ball Blast,5af56c332803314ab33837f0,1383187127,829.4025,Combo8,draftkings.com,5bc0e10e25c7d7796ebe8fc0,US,1178.8851,0.00026399,0.219,4,10
GeoTechnologies Inc.,5f45fb2f150074001547df11,APAC,Nam Trinh,トリマ-移動するだけでポイントが貯まる,5f45ffd8256e1b0001a4189a,jp.co.incrementp.milemobile,1808.1312,Combo9,draftkings.com,5bc0e10e25c7d7796ebe8fc0,CA,537.4353,0.00012035,0.2176,4,10
Gametion,561e8d956b8d90f61a0026fb,Americas,Rutvij Jadav,Ludo King,57bd636e47a977322200001a,993090598,806.2307,Combo8,draftkings.com,5bc0e10e25c7d7796ebe8fc0,US,1178.8851,0.00026399,0.2128,4,10
Bluetile Games,64803209bfd9aa0011593484,EMEA,Tori Edwards,Yatzy - Fun Classic Dice Game,649fd139847c940a560e47aa,com.playvalve.yatzy,730.9495,Combo6,draftkings.com,5f6413c9612b1a0015099993,CA,1296.3796,0.0002903,0.2122,6,10
SmartNews,67d0848db62d6b0011ccb35e,Americas,Lisa Tolentino,SmartNews for docomo,69680f5935536525d31e36b2,com.nttdocomo.android.mymagazine,802.949,Combo8,draftkings.com,5bc0e10e25c7d7796ebe8fc0,US,1178.8851,0.00026399,0.212,6,10
Gametion,561e8d956b8d90f61a0026fb,Americas,Rutvij Jadav,Ludo King,57bfce9a3ce6f97623000025,com.ludo.king,802.8256,Combo8,draftkings.com,5bc0e10e25c7d7796ebe8fc0,US,1178.8851,0.00026399,0.2119,4,10
Aged Studio Limited,5fc7301f7a7f0200153979c7,APAC,Seven Tu,Aged Solitaire GP,67d553af916355d36b9391fc,com.agedstudio.card.solitaire.klondike,771.6683,Combo7,casino.draftkings.com,602442ef9f0893001526406b,US,1225.3136,0.00027439,0.2117,4,10
SuperSonic Studios,5e3692d21cd3cb0018dd4329,EMEA,Beth Taylor-Lowen,Going Balls,5fa029b49f4c0275a7cf1372,1499081620,771.2801,Combo7,casino.draftkings.com,602442ef9f0893001526406b,US,1225.3136,0.00027439,0.2116,4,10
Bluetile Games,64803209bfd9aa0011593484,EMEA,Tori Edwards,Solitaire - The #1 Card Game,6526703e4168a1c19383dcff,1578681725,719.1781,Combo6,draftkings.com,5f6413c9612b1a0015099993,CA,1296.3796,0.0002903,0.2088,6,10
LOTUM Media GmbH,561e8d936b8d90f61a0014ca,EMEA,Hadil Salameh,4 Pics 1 Word iOS,5130b34aff10712a34000051,595558452,1732.9825,Combo9,draftkings.com,5bc0e10e25c7d7796ebe8fc0,CA,537.4353,0.00012035,0.2086,6,10
GeoTechnologies Inc.,5f45fb2f150074001547df11,APAC,Nam Trinh,トリマ-移動するだけでポイントが貯まる,5f45ffa82f1f7c000130fe19,1502193377,2510.4773,Combo10,sportsbook.draftkings.com,5bc0e10e25c7d7796ebe8fc0,CA,365.6717,8.189e-05,0.2056,4,10
Aged Studio Limited,5fc7301f7a7f0200153979c7,APAC,Seven Tu,Aged Solitaire GP,67d553af916355d36b9391fc,com.agedstudio.card.solitaire.klondike,771.6683,Combo8,draftkings.com,5bc0e10e25c7d7796ebe8fc0,US,1178.8851,0.00026399,0.2037,4,10
SuperSonic Studios,5e3692d21cd3cb0018dd4329,EMEA,Beth Taylor-Lowen,Going Balls,5fa029b49f4c0275a7cf1372,1499081620,771.2801,Combo8,draftkings.com,5bc0e10e25c7d7796ebe8fc0,US,1178.8851,0.00026399,0.2036,4,10
LLC East-Games,62ea666c62b76e001b3eca4f,EMEA,Kseniia Fesenko,Tanks Blitz,62f1051ffaf12b2a7ad9a1d1,com.tanksblitz,739.3919,Combo7,casino.draftkings.com,602442ef9f0893001526406b,US,1225.3136,0.00027439,0.2029,4,10
Lihuhu,5d8880f1444f7200181b5e1d,APAC,Nam Trinh,Match Triple,61405fa047e8ae6d60071605,1530876832,698.5963,Combo6,draftkings.com,5f6413c9612b1a0015099993,CA,1296.3796,0.0002903,0.2028,4,10
Bluetile Games,64803209bfd9aa0011593484,EMEA,Tori Edwards,Word Search - Word Puzzle Game,64a41f5638325e04da4db2f3,com.playvalve.wsjourney,698.0834,Combo6,draftkings.com,5f6413c9612b1a0015099993,CA,1296.3796,0.0002903,0.2027,6,10
Bluetile Games,64803209bfd9aa0011593484,EMEA,Tori Edwards,Yatzy - Fun Classic Dice Game,649fd139847c940a560e47aa,com.playvalve.yatzy,730.9495,Combo7,casino.draftkings.com,602442ef9f0893001526406b,US,1225.3136,0.00027439,0.2006,6,10
Bluetile Games,64803209bfd9aa0011593484,EMEA,Tori Edwards,Dominoes Master: Classic Game,66cd6740334673785d02ece9,6467129396,683.7022,Combo6,draftkings.com,5f6413c9612b1a0015099993,CA,1296.3796,0.0002903,0.1985,6,10
Easybrain Ltd,57d1b461ae2b57d903000027,EMEA,Dina Eraksan,Pixel Art - Color by Number,5a167dd1d0d008d90400a61d,1274972321,1640.7307,Combo9,draftkings.com,5bc0e10e25c7d7796ebe8fc0,CA,537.4353,0.00012035,0.1975,4,10
Bluetile Games,64803209bfd9aa0011593484,EMEA,Tori Edwards,Solitaire - The #1 Card Game,6526703e4168a1c19383dcff,1578681725,719.1781,Combo7,casino.draftkings.com,602442ef9f0893001526406b,US,1225.3136,0.00027439,0.1973,6,10
Playsimple Games,568b8cb3bb2089a80600000a,Americas,Rutvij Jadav,Tile Match -Triple puzzle game,64ee188a4ca99f72ba7c5d70,in.playsimple.triple.tile.matchgame.pair.three.puzzle.object.royale,1639.763,Combo9,draftkings.com,5bc0e10e25c7d7796ebe8fc0,CA,537.4353,0.00012035,0.1973,4,10
Veraxen Ltd,561e8d936b8d90f61a00134a,EMEA,Kseniia Fesenko,Jigsaw Collection HD,524ad17f92fcd29365000006,642831690,1626.5089,Combo9,draftkings.com,5bc0e10e25c7d7796ebe8fc0,CA,537.4353,0.00012035,0.1957,4,10
LLC East-Games,62ea666c62b76e001b3eca4f,EMEA,Kseniia Fesenko,Tanks Blitz,62f1051ffaf12b2a7ad9a1d1,com.tanksblitz,739.3919,Combo8,draftkings.com,5bc0e10e25c7d7796ebe8fc0,US,1178.8851,0.00026399,0.1952,4,10
Voodoo,56d55c72562b9c353800000d,EMEA,Hadil Salameh,Aquapark.io,5cd9793d9ccc2b0012438b7c,1453989822,710.5107,Combo7,casino.draftkings.com,602442ef9f0893001526406b,US,1225.3136,0.00027439,0.195,8,10
Scopely,561e8d966b8d90f61a003414,Americas,Natalie Kenyon,New YAHTZEE® With Buddies,5915396ce3b1195326000413,1206967173,705.3155,Combo7,casino.draftkings.com,602442ef9f0893001526406b,US,1225.3136,0.00027439,0.1935,4,10
Code Dish GmbH,64075f57d6da1900141e5aba,EMEA,Hadil Salameh,PiggyKingdom,65802019356fbd1f45ff6c6f,com.olleyo.piggy.king.free,732.502,Combo8,draftkings.com,5bc0e10e25c7d7796ebe8fc0,US,1178.8851,0.00026399,0.1934,6,10
Mattel163 Limited,5b0fc58f19829714e5ad0d2f,APAC,Aria Gao,Skip-Bo iOS,60891c6075dd9017131842c0,1538912205,663.0106,Combo6,draftkings.com,5f6413c9612b1a0015099993,CA,1296.3796,0.0002903,0.1925,6,10
Code Dish GmbH,64075f57d6da1900141e5aba,EMEA,Hadil Salameh,Tile Match - Match Puzzle Game,63ff39ab1e40c644de13073f,6444056676,1595.8747,Combo9,draftkings.com,5bc0e10e25c7d7796ebe8fc0,CA,537.4353,0.00012035,0.1921,6,10
Lihuhu,5d8880f1444f7200181b5e1d,APAC,Nam Trinh,Match Triple,61405fa047e8ae6d60071605,1530876832,698.5963,Combo7,casino.draftkings.com,602442ef9f0893001526406b,US,1225.3136,0.00027439,0.1917,4,10
Bluetile Games,64803209bfd9aa0011593484,EMEA,Tori Edwards,Word Search - Word Puzzle Game,64a41f5638325e04da4db2f3,com.playvalve.wsjourney,698.0834,Combo7,casino.draftkings.com,602442ef9f0893001526406b,US,1225.3136,0.00027439,0.1915,6,10
Voodoo,56d55c72562b9c353800000d,EMEA,Hadil Salameh,Hole.io,5f5ba15b8b44650001cad5b7,1389111413,1588.1584,Combo9,draftkings.com,5bc0e10e25c7d7796ebe8fc0,CA,537.4353,0.00012035,0.1911,4,10
FotMob AS,66e0182c82571e00117d2acb,EMEA,Louis Wallworth,FotMob iOS,66e0363553834547abf558a2,488575683,1584.5514,Combo9,draftkings.com,5bc0e10e25c7d7796ebe8fc0,CA,537.4353,0.00012035,0.1907,4,10
Mattel163 Limited,5b0fc58f19829714e5ad0d2f,APAC,Aria Gao,Phase 10 Android,5d81cc3fe412d000189dc34b,com.mattel163.phase10,1583.0986,Combo9,draftkings.com,5bc0e10e25c7d7796ebe8fc0,CA,537.4353,0.00012035,0.1905,4,10
Easybrain Ltd,57d1b461ae2b57d903000027,EMEA,Dina Eraksan,Easy Words GP,64f9e2ac8fb8ac04ca897cd1,com.easybrain.word.puzzle.game,2316.8434,Combo10,sportsbook.draftkings.com,5bc0e10e25c7d7796ebe8fc0,CA,365.6717,8.189e-05,0.1897,4,10
Bluetile Games,64803209bfd9aa0011593484,EMEA,Tori Edwards,Dominoes Master: Classic Game,66cd6740334673785d02ece9,6467129396,683.7022,Combo7,casino.draftkings.com,602442ef9f0893001526406b,US,1225.3136,0.00027439,0.1876,6,10
HIGAME Jsc,62664065ca13b50011fb00a2,APAC,Nam Trinh,Milk Tea iDrink Joke,666979901c5137fed0edf34e,6444123306,1551.55,Combo9,draftkings.com,5bc0e10e25c7d7796ebe8fc0,CA,537.4353,0.00012035,0.1867,2,10
Puzzle1Studio,5d130cdf37472100170775e1,APAC,Ives Cui,Bubble Pop Origin! Puzzle Game,5de4583d2510a20017316fb9,1487907763,679.9213,Combo7,casino.draftkings.com,602442ef9f0893001526406b,US,1225.3136,0.00027439,0.1866,4,10
Scopely,561e8d966b8d90f61a003414,Americas,Natalie Kenyon,New YAHTZEE® With Buddies,5915396ce3b1195326000413,1206967173,705.3155,Combo8,draftkings.com,5bc0e10e25c7d7796ebe8fc0,US,1178.8851,0.00026399,0.1862,4,10
Easybrain Ltd,57d1b461ae2b57d903000027,EMEA,Dina Eraksan,Sudoku Killer iOS,5e84a5d1ce415a000187164f,1505735640,1530.1728,Combo9,draftkings.com,5bc0e10e25c7d7796ebe8fc0,CA,537.4353,0.00012035,0.1842,4,10
FALCON GLOBAL LTD.,5a57133a3610bbb671016ff3,APAC,Nam Trinh,Goods Sorting: Match 3 Puzzle PM_1945,660a20c0c5f237ebf7b4ac68,com.fc.goods.sort.matching.puzzle.triplemaster,2243.5693,Combo10,sportsbook.draftkings.com,5bc0e10e25c7d7796ebe8fc0,CA,365.6717,8.189e-05,0.1837,2,10
Gravity Labs,677cecb33b9ea20011273987,APAC,Ives Cui,moneywalk_AOS,677e35a5d7a0b145879b00a7,com.tracerofficial,2237.4241,Combo10,sportsbook.draftkings.com,5bc0e10e25c7d7796ebe8fc0,CA,365.6717,8.189e-05,0.1832,6,10
HITAPPS GAMES LTD,6021599b8b3e5600159fcc76,EMEA,Beth Taylor-Lowen,Connect Words Android,66101aeac0c070078a9775cf,com.hitappsgames.connectwords,665.0986,Combo7,casino.draftkings.com,602442ef9f0893001526406b,US,1225.3136,0.00027439,0.1825,4,10
Code Dish GmbH,64075f57d6da1900141e5aba,EMEA,Hadil Salameh,Dream Island - Match 3 Games,647dbe0bb7a4c97fb3997264,com.dream.free.games.match3,2227.9975,Combo10,sportsbook.draftkings.com,5bc0e10e25c7d7796ebe8fc0,CA,365.6717,8.189e-05,0.1824,6,10
Mattel163 Limited,5b0fc58f19829714e5ad0d2f,APAC,Aria Gao,Skip-Bo iOS,60891c6075dd9017131842c0,1538912205,663.0106,Combo7,casino.draftkings.com,602442ef9f0893001526406b,US,1225.3136,0.00027439,0.1819,6,10
Easybrain Ltd,57d1b461ae2b57d903000027,EMEA,Dina Eraksan,Art Puzzle - iOS,5ef316979c3a0300015b0a03,1519174001,2211.0834,Combo10,sportsbook.draftkings.com,5bc0e10e25c7d7796ebe8fc0,CA,365.6717,8.189e-05,0.1811,4,10
Scopely,561e8d966b8d90f61a003414,Americas,Natalie Kenyon,Wheel of Fortune - iOS,579c0497be7334703a000072,898040123,657.6067,Combo7,casino.draftkings.com,602442ef9f0893001526406b,US,1225.3136,0.00027439,0.1804,8,10
Puzzle1Studio,5d130cdf37472100170775e1,APAC,Ives Cui,Bubble Pop Origin! Puzzle Game,5de4583d2510a20017316fb9,1487907763,679.9213,Combo8,draftkings.com,5bc0e10e25c7d7796ebe8fc0,US,1178.8851,0.00026399,0.1795,4,10
INJOY TECHNOLOGY PTE.LTD.,5f687c6436ca1e0016d5fd6d,APAC,Seven Tu,SHAREit,64db6180d4592a1f1c806bde,725215120,1482.4063,Combo9,draftkings.com,5bc0e10e25c7d7796ebe8fc0,CA,537.4353,0.00012035,0.1784,4,10
Scopely,561e8d966b8d90f61a003414,Americas,Natalie Kenyon,New YAHTZEE® With Buddies – Fun Game for Friends,591539d970abb44126000394,com.scopely.yux,649.5941,Combo7,casino.draftkings.com,602442ef9f0893001526406b,US,1225.3136,0.00027439,0.1782,8,10
Easybrain Ltd,57d1b461ae2b57d903000027,EMEA,Dina Eraksan,Pixel Art: Create by Number,5b61c1d3a5eacf3ee67a792c,com.europosit.pixelcoloring,2173.309,Combo10,sportsbook.draftkings.com,5bc0e10e25c7d7796ebe8fc0,CA,365.6717,8.189e-05,0.178,4,10
HITAPPS GAMES LTD,6021599b8b3e5600159fcc76,EMEA,Beth Taylor-Lowen,Connect Words Android,66101aeac0c070078a9775cf,com.hitappsgames.connectwords,665.0986,Combo8,draftkings.com,5bc0e10e25c7d7796ebe8fc0,US,1178.8851,0.00026399,0.1756,4,10
SYBO Games,5c52bd6ffbeb402419bef87d,EMEA,Louis Wallworth,Subway Surfers (Non-COPPA),5e4e6838246d020018f1e653,com.kiloo.subwaysurf,2143.2636,Combo10,sportsbook.draftkings.com,5bc0e10e25c7d7796ebe8fc0,CA,365.6717,8.189e-05,0.1755,4,10
Dots,561e8d976b8d90f61a004735,EMEA,Louis Wallworth,Twdots Android,5b7c63748734f02f83929e90,com.weplaydots.twodotsandroid,635.4355,Combo7,casino.draftkings.com,602442ef9f0893001526406b,US,1225.3136,0.00027439,0.1744,4,10
Bluetile Games,64803209bfd9aa0011593484,EMEA,Tori Edwards,Water Sortpuz,64e4c1ec575deb9efd61dafb,1615960653,594.5179,Combo6,draftkings.com,5f6413c9612b1a0015099993,CA,1296.3796,0.0002903,0.1726,6,10
Gravity Labs,677cecb33b9ea20011273987,APAC,Ives Cui,Moneywalk_iOS,677cf457a18672e70722b88f,1638253339,1417.9879,Combo9,draftkings.com,5bc0e10e25c7d7796ebe8fc0,CA,537.4353,0.00012035,0.1707,6,10
Bluetile Games,64803209bfd9aa0011593484,EMEA,Tori Edwards,Spades Stars,65ba16acd5857e078ac1c087,6467129657,581.0344,Combo6,draftkings.com,5f6413c9612b1a0015099993,CA,1296.3796,0.0002903,0.1687,6,10
Playsimple Games,568b8cb3bb2089a80600000a,Americas,Rutvij Jadav,PlaySimple Cryptogram,66e16cd7d7770a6a369725c3,in.playsimple.cryptogram,614.3112,Combo7,casino.draftkings.com,602442ef9f0893001526406b,US,1225.3136,0.00027439,0.1686,4,10
Dots,561e8d976b8d90f61a004735,EMEA,Louis Wallworth,Twdots Android,5b7c63748734f02f83929e90,com.weplaydots.twodotsandroid,635.4355,Combo8,draftkings.com,5bc0e10e25c7d7796ebe8fc0,US,1178.8851,0.00026399,0.1677,4,10
OAKEVER GAMES PTE LTD,5b975fcedc73276356309362,APAC,Aria Gao,Jigsawcard iOS,69154b0b1de7be35146a52bd,6754900673,2000.8595,Combo10,sportsbook.draftkings.com,5bc0e10e25c7d7796ebe8fc0,CA,365.6717,8.189e-05,0.1638,2,10
Severex,57c05f735b2bd4fa24000030,,Sales Ops,figgerits,63246d89d3a73abffd99d98b,1636821805,595.6902,Combo7,casino.draftkings.com,602442ef9f0893001526406b,US,1225.3136,0.00027439,0.1634,4,10
Bluetile Games,64803209bfd9aa0011593484,EMEA,Tori Edwards,Water Sortpuz,64e4c1ec575deb9efd61dafb,1615960653,594.5179,Combo7,casino.draftkings.com,602442ef9f0893001526406b,US,1225.3136,0.00027439,0.1631,6,10
Playsimple Games,568b8cb3bb2089a80600000a,Americas,Rutvij Jadav,PlaySimple Cryptogram,66e16cd7d7770a6a369725c3,in.playsimple.cryptogram,614.3112,Combo8,draftkings.com,5bc0e10e25c7d7796ebe8fc0,US,1178.8851,0.00026399,0.1622,4,10
Bluetile Games,64803209bfd9aa0011593484,EMEA,Tori Edwards,Spades Stars,65ba16acd5857e078ac1c087,6467129657,581.0344,Combo7,casino.draftkings.com,602442ef9f0893001526406b,US,1225.3136,0.00027439,0.1594,6,10
Severex,57c05f735b2bd4fa24000030,,Sales Ops,figgerits,63246d89d3a73abffd99d98b,1636821805,595.6902,Combo8,draftkings.com,5bc0e10e25c7d7796ebe8fc0,US,1178.8851,0.00026399,0.1573,4,10
Easybrain Ltd,57d1b461ae2b57d903000027,EMEA,Dina Eraksan,Nonogram Android,5d406c47cf18f200178643cf,com.easybrain.nonogram,1897.2346,Combo10,sportsbook.draftkings.com,5bc0e10e25c7d7796ebe8fc0,CA,365.6717,8.189e-05,0.1554,4,10
Gamebasics BV,561e8d936b8d90f61a000c29,,Sales Ops,Online Soccer Manager - iOS,6130d1b1e4bcd916bfa188d5,400201466,564.0222,Combo7,casino.draftkings.com,602442ef9f0893001526406b,US,1225.3136,0.00027439,0.1548,4,10
INJOY TECHNOLOGY PTE.LTD.,5f687c6436ca1e0016d5fd6d,APAC,Seven Tu,Shareit Lite,65016fb65946c49eb49f6691,shareit.lite,559.5803,Combo7,casino.draftkings.com,602442ef9f0893001526406b,US,1225.3136,0.00027439,0.1535,4,10
Scopely,561e8d966b8d90f61a003414,Americas,Natalie Kenyon,Stumble Guys,6413698f6e7664ba85e052b5,1541153375,555.163,Combo7,casino.draftkings.com,602442ef9f0893001526406b,US,1225.3136,0.00027439,0.1523,4,10
Gamebasics BV,561e8d936b8d90f61a000c29,,Sales Ops,Online Soccer Manager - iOS,6130d1b1e4bcd916bfa188d5,400201466,564.0222,Combo8,draftkings.com,5bc0e10e25c7d7796ebe8fc0,US,1178.8851,0.00026399,0.1489,4,10
GeoTechnologies Inc.,5f45fb2f150074001547df11,APAC,Nam Trinh,トリマ-移動するだけでポイントが貯まる,5f45ffd8256e1b0001a4189a,jp.co.incrementp.milemobile,1808.1312,Combo10,sportsbook.draftkings.com,5bc0e10e25c7d7796ebe8fc0,CA,365.6717,8.189e-05,0.1481,4,10
INJOY TECHNOLOGY PTE.LTD.,5f687c6436ca1e0016d5fd6d,APAC,Seven Tu,Shareit Lite,65016fb65946c49eb49f6691,shareit.lite,559.5803,Combo8,draftkings.com,5bc0e10e25c7d7796ebe8fc0,US,1178.8851,0.00026399,0.1477,4,10
Bluetile Games,64803209bfd9aa0011593484,EMEA,Tori Edwards,Yatzy - Dice Game,649eeab39018de0fbec588f6,1602149052,506.2068,Combo6,draftkings.com,5f6413c9612b1a0015099993,CA,1296.3796,0.0002903,0.147,6,10
Scopely,561e8d966b8d90f61a003414,Americas,Natalie Kenyon,Stumble Guys,6413698f6e7664ba85e052b5,1541153375,555.163,Combo8,draftkings.com,5bc0e10e25c7d7796ebe8fc0,US,1178.8851,0.00026399,0.1466,4,10
Playsimple Games,568b8cb3bb2089a80600000a,Americas,Rutvij Jadav,Crossword Explorer,61fbd43bbb5dc5ef7a216388,1512407890,534.354,Combo7,casino.draftkings.com,602442ef9f0893001526406b,US,1225.3136,0.00027439,0.1466,8,10
Mattel163 Limited,5b0fc58f19829714e5ad0d2f,APAC,Aria Gao,UNO!™,5b14f1387ea39141340a6d68,com.matteljv.uno,1202.5102,Combo9,draftkings.com,5bc0e10e25c7d7796ebe8fc0,CA,537.4353,0.00012035,0.1447,4,10
ToGather Fun Limited,634d301fa3774b001b7c0dbc,APAC,Harper Zhang,Screw Sort Puzzle,6667a74988cc429f2d801763,6499293031,1193.3197,Combo9,draftkings.com,5bc0e10e25c7d7796ebe8fc0,CA,537.4353,0.00012035,0.1436,4,10
Ketchapp,561e8d956b8d90f61a0030cf,EMEA,Hadil Salameh,Rider,590b5df4004ccfdd3b000a35,1229618961,517.3778,Combo7,casino.draftkings.com,602442ef9f0893001526406b,US,1225.3136,0.00027439,0.142,4,10
LOTUM Media GmbH,561e8d936b8d90f61a0014ca,EMEA,Hadil Salameh,4 Pics 1 Word iOS,5130b34aff10712a34000051,595558452,1732.9825,Combo10,sportsbook.draftkings.com,5bc0e10e25c7d7796ebe8fc0,CA,365.6717,8.189e-05,0.1419,6,10
Easybrain Ltd,57d1b461ae2b57d903000027,EMEA,Dina Eraksan,Solitaire Spider GP,5ebc16f75ebede000128445b,com.easybrain.spider.solitaire,513.6172,Combo7,casino.draftkings.com,602442ef9f0893001526406b,US,1225.3136,0.00027439,0.1409,8,10
Bluetile Games,64803209bfd9aa0011593484,EMEA,Tori Edwards,Yatzy - Dice Game,649eeab39018de0fbec588f6,1602149052,506.2068,Combo7,casino.draftkings.com,602442ef9f0893001526406b,US,1225.3136,0.00027439,0.1389,6,10
Ketchapp,561e8d956b8d90f61a0030cf,EMEA,Hadil Salameh,Rider,590b5df4004ccfdd3b000a35,1229618961,517.3778,Combo8,draftkings.com,5bc0e10e25c7d7796ebe8fc0,US,1178.8851,0.00026399,0.1366,4,10
Easybrain Ltd,57d1b461ae2b57d903000027,EMEA,Dina Eraksan,Pixel Art - Color by Number,5a167dd1d0d008d90400a61d,1274972321,1640.7307,Combo10,sportsbook.draftkings.com,5bc0e10e25c7d7796ebe8fc0,CA,365.6717,8.189e-05,0.1344,4,10
Playsimple Games,568b8cb3bb2089a80600000a,Americas,Rutvij Jadav,Tile Match -Triple puzzle game,64ee188a4ca99f72ba7c5d70,in.playsimple.triple.tile.matchgame.pair.three.puzzle.object.royale,1639.763,Combo10,sportsbook.draftkings.com,5bc0e10e25c7d7796ebe8fc0,CA,365.6717,8.189e-05,0.1343,4,10
Veraxen Ltd,561e8d936b8d90f61a00134a,EMEA,Kseniia Fesenko,Jigsaw Collection HD,524ad17f92fcd29365000006,642831690,1626.5089,Combo10,sportsbook.draftkings.com,5bc0e10e25c7d7796ebe8fc0,CA,365.6717,8.189e-05,0.1332,4,10
Code Dish GmbH,64075f57d6da1900141e5aba,EMEA,Hadil Salameh,Tile Match - Match Puzzle Game,63ff39ab1e40c644de13073f,6444056676,1595.8747,Combo10,sportsbook.draftkings.com,5bc0e10e25c7d7796ebe8fc0,CA,365.6717,8.189e-05,0.1307,6,10
Voodoo,56d55c72562b9c353800000d,EMEA,Hadil Salameh,Hole.io,5f5ba15b8b44650001cad5b7,1389111413,1588.1584,Combo10,sportsbook.draftkings.com,5bc0e10e25c7d7796ebe8fc0,CA,365.6717,8.189e-05,0.13,4,10
Easybrain Ltd,57d1b461ae2b57d903000027,EMEA,Dina Eraksan,Hidden Spots,6672d811429c14443ac5fb6d,com.easybrain.hidden.spots,1078.6017,Combo9,draftkings.com,5bc0e10e25c7d7796ebe8fc0,CA,537.4353,0.00012035,0.1298,4,10
FotMob AS,66e0182c82571e00117d2acb,EMEA,Louis Wallworth,FotMob iOS,66e0363553834547abf558a2,488575683,1584.5514,Combo10,sportsbook.draftkings.com,5bc0e10e25c7d7796ebe8fc0,CA,365.6717,8.189e-05,0.1298,4,10
Mattel163 Limited,5b0fc58f19829714e5ad0d2f,APAC,Aria Gao,Phase 10 Android,5d81cc3fe412d000189dc34b,com.mattel163.phase10,1583.0986,Combo10,sportsbook.draftkings.com,5bc0e10e25c7d7796ebe8fc0,CA,365.6717,8.189e-05,0.1296,4,10
HIGAME Jsc,62664065ca13b50011fb00a2,APAC,Nam Trinh,Milk Tea iDrink Joke,666979901c5137fed0edf34e,6444123306,1551.55,Combo10,sportsbook.draftkings.com,5bc0e10e25c7d7796ebe8fc0,CA,365.6717,8.189e-05,0.127,2,10
Voodoo,56d55c72562b9c353800000d,EMEA,Hadil Salameh,Hole.io,5b2a4c2c8815f423b86d090f,io.voodoo.holeio,1045.8782,Combo9,draftkings.com,5bc0e10e25c7d7796ebe8fc0,CA,537.4353,0.00012035,0.1259,4,10
Easybrain Ltd,57d1b461ae2b57d903000027,EMEA,Dina Eraksan,Sudoku Killer iOS,5e84a5d1ce415a000187164f,1505735640,1530.1728,Combo10,sportsbook.draftkings.com,5bc0e10e25c7d7796ebe8fc0,CA,365.6717,8.189e-05,0.1253,4,10
Code Dish GmbH,64075f57d6da1900141e5aba,EMEA,Hadil Salameh,"Sweet Crunch - Matching, Blast Puzzle Game",6051fadcdec34f1e8a8888cc,com.cookie.match3.casual,1034.5435,Combo9,draftkings.com,5bc0e10e25c7d7796ebe8fc0,CA,537.4353,0.00012035,0.1245,6,10
FARSUN PTE LTD,66aafef7514c00001147c0c9,APAC,Harper Zhang,FlickReels,66ac9c873343191babdad3e8,com.zyhwplatform.shortplay,1012.3075,Combo9,draftkings.com,5bc0e10e25c7d7796ebe8fc0,CA,537.4353,0.00012035,0.1218,4,10
INJOY TECHNOLOGY PTE.LTD.,5f687c6436ca1e0016d5fd6d,APAC,Seven Tu,SHAREit,64db6180d4592a1f1c806bde,725215120,1482.4063,Combo10,sportsbook.draftkings.com,5bc0e10e25c7d7796ebe8fc0,CA,365.6717,8.189e-05,0.1214,4,10
Gravity Labs,677cecb33b9ea20011273987,APAC,Ives Cui,Moneywalk_iOS,677cf457a18672e70722b88f,1638253339,1417.9879,Combo10,sportsbook.draftkings.com,5bc0e10e25c7d7796ebe8fc0,CA,365.6717,8.189e-05,0.1161,6,10
Mattel163 Limited,5b0fc58f19829714e5ad0d2f,APAC,Aria Gao,Skip-Bo Android,60891d3bc6ed3ae6ebd0cf3a,com.mattel163.skipbo,963.685,Combo9,draftkings.com,5bc0e10e25c7d7796ebe8fc0,CA,537.4353,0.00012035,0.116,4,10
IEC Global Pty Ltd.,5b1f351e3eddeb10ce7fa54c,APAC,Nam Trinh,Water Sort Puzzle iOS,5f2d0c03f503650001351c59,1514542157,916.6048,Combo9,draftkings.com,5bc0e10e25c7d7796ebe8fc0,CA,537.4353,0.00012035,0.1103,2,10
Voodoo,56d55c72562b9c353800000d,EMEA,Hadil Salameh,Flappy Dunk,5950d4eef493bbec54002184,1235581326,901.4023,Combo9,draftkings.com,5bc0e10e25c7d7796ebe8fc0,CA,537.4353,0.00012035,0.1085,4,10
FALCON GLOBAL LTD.,5a57133a3610bbb671016ff3,APAC,Nam Trinh,Cake Sort - Color Puzzle Game IOS PM D2M,64781b96dac1393f38b604ca,6448392144,892.843,Combo9,draftkings.com,5bc0e10e25c7d7796ebe8fc0,CA,537.4353,0.00012035,0.1075,2,10
LOTUM Media GmbH,561e8d936b8d90f61a0014ca,EMEA,Hadil Salameh,4 Pics 1 Word Android,515aff900964d0f21f00000e,de.lotum.whatsinthefoto.us,850.5224,Combo9,draftkings.com,5bc0e10e25c7d7796ebe8fc0,CA,537.4353,0.00012035,0.1024,6,10
Voodoo,56d55c72562b9c353800000d,EMEA,Hadil Salameh,Ball Blast,5af56c332803314ab33837f0,1383187127,829.4025,Combo9,draftkings.com,5bc0e10e25c7d7796ebe8fc0,CA,537.4353,0.00012035,0.0998,4,10
Mattel163 Limited,5b0fc58f19829714e5ad0d2f,APAC,Aria Gao,UNO!™,5b14f1387ea39141340a6d68,com.matteljv.uno,1202.5102,Combo10,sportsbook.draftkings.com,5bc0e10e25c7d7796ebe8fc0,CA,365.6717,8.189e-05,0.0985,4,10
ToGather Fun Limited,634d301fa3774b001b7c0dbc,APAC,Harper Zhang,Screw Sort Puzzle,6667a74988cc429f2d801763,6499293031,1193.3197,Combo10,sportsbook.draftkings.com,5bc0e10e25c7d7796ebe8fc0,CA,365.6717,8.189e-05,0.0977,4,10
Gametion,561e8d956b8d90f61a0026fb,Americas,Rutvij Jadav,Ludo King,57bd636e47a977322200001a,993090598,806.2307,Combo9,draftkings.com,5bc0e10e25c7d7796ebe8fc0,CA,537.4353,0.00012035,0.097,4,10
Gametion,561e8d956b8d90f61a0026fb,Americas,Rutvij Jadav,Ludo King,57bfce9a3ce6f97623000025,com.ludo.king,802.8256,Combo9,draftkings.com,5bc0e10e25c7d7796ebe8fc0,CA,537.4353,0.00012035,0.0966,4,10
SmartNews,67d0848db62d6b0011ccb35e,Americas,Lisa Tolentino,SmartNews for docomo,69680f5935536525d31e36b2,com.nttdocomo.android.mymagazine,802.949,Combo9,draftkings.com,5bc0e10e25c7d7796ebe8fc0,CA,537.4353,0.00012035,0.0966,6,10
Aged Studio Limited,5fc7301f7a7f0200153979c7,APAC,Seven Tu,Aged Solitaire GP,67d553af916355d36b9391fc,com.agedstudio.card.solitaire.klondike,771.6683,Combo9,draftkings.com,5bc0e10e25c7d7796ebe8fc0,CA,537.4353,0.00012035,0.0929,4,10
SuperSonic Studios,5e3692d21cd3cb0018dd4329,EMEA,Beth Taylor-Lowen,Going Balls,5fa029b49f4c0275a7cf1372,1499081620,771.2801,Combo9,draftkings.com,5bc0e10e25c7d7796ebe8fc0,CA,537.4353,0.00012035,0.0928,4,10
LLC East-Games,62ea666c62b76e001b3eca4f,EMEA,Kseniia Fesenko,Tanks Blitz,62f1051ffaf12b2a7ad9a1d1,com.tanksblitz,739.3919,Combo9,draftkings.com,5bc0e10e25c7d7796ebe8fc0,CA,537.4353,0.00012035,0.089,4,10
Easybrain Ltd,57d1b461ae2b57d903000027,EMEA,Dina Eraksan,Hidden Spots,6672d811429c14443ac5fb6d,com.easybrain.hidden.spots,1078.6017,Combo10,sportsbook.draftkings.com,5bc0e10e25c7d7796ebe8fc0,CA,365.6717,8.189e-05,0.0883,4,10
Code Dish GmbH,64075f57d6da1900141e5aba,EMEA,Hadil Salameh,PiggyKingdom,65802019356fbd1f45ff6c6f,com.olleyo.piggy.king.free,732.502,Combo9,draftkings.com,5bc0e10e25c7d7796ebe8fc0,CA,537.4353,0.00012035,0.0882,6,10
Voodoo,56d55c72562b9c353800000d,EMEA,Hadil Salameh,Hole.io,5b2a4c2c8815f423b86d090f,io.voodoo.holeio,1045.8782,Combo10,sportsbook.draftkings.com,5bc0e10e25c7d7796ebe8fc0,CA,365.6717,8.189e-05,0.0856,4,10
Scopely,561e8d966b8d90f61a003414,Americas,Natalie Kenyon,New YAHTZEE® With Buddies,5915396ce3b1195326000413,1206967173,705.3155,Combo9,draftkings.com,5bc0e10e25c7d7796ebe8fc0,CA,537.4353,0.00012035,0.0849,4,10
Code Dish GmbH,64075f57d6da1900141e5aba,EMEA,Hadil Salameh,"Sweet Crunch - Matching, Blast Puzzle Game",6051fadcdec34f1e8a8888cc,com.cookie.match3.casual,1034.5435,Combo10,sportsbook.draftkings.com,5bc0e10e25c7d7796ebe8fc0,CA,365.6717,8.189e-05,0.0847,6,10
Lihuhu,5d8880f1444f7200181b5e1d,APAC,Nam Trinh,Match Triple,61405fa047e8ae6d60071605,1530876832,698.5963,Combo9,draftkings.com,5bc0e10e25c7d7796ebe8fc0,CA,537.4353,0.00012035,0.0841,4,10
FARSUN PTE LTD,66aafef7514c00001147c0c9,APAC,Harper Zhang,FlickReels,66ac9c873343191babdad3e8,com.zyhwplatform.shortplay,1012.3075,Combo10,sportsbook.draftkings.com,5bc0e10e25c7d7796ebe8fc0,CA,365.6717,8.189e-05,0.0829,4,10
Puzzle1Studio,5d130cdf37472100170775e1,APAC,Ives Cui,Bubble Pop Origin! Puzzle Game,5de4583d2510a20017316fb9,1487907763,679.9213,Combo9,draftkings.com,5bc0e10e25c7d7796ebe8fc0,CA,537.4353,0.00012035,0.0818,4,10
HITAPPS GAMES LTD,6021599b8b3e5600159fcc76,EMEA,Beth Taylor-Lowen,Connect Words Android,66101aeac0c070078a9775cf,com.hitappsgames.connectwords,665.0986,Combo9,draftkings.com,5bc0e10e25c7d7796ebe8fc0,CA,537.4353,0.00012035,0.08,4,10
Mattel163 Limited,5b0fc58f19829714e5ad0d2f,APAC,Aria Gao,Skip-Bo Android,60891d3bc6ed3ae6ebd0cf3a,com.mattel163.skipbo,963.685,Combo10,sportsbook.draftkings.com,5bc0e10e25c7d7796ebe8fc0,CA,365.6717,8.189e-05,0.0789,4,10
Dots,561e8d976b8d90f61a004735,EMEA,Louis Wallworth,Twdots Android,5b7c63748734f02f83929e90,com.weplaydots.twodotsandroid,635.4355,Combo9,draftkings.com,5bc0e10e25c7d7796ebe8fc0,CA,537.4353,0.00012035,0.0765,4,10
IEC Global Pty Ltd.,5b1f351e3eddeb10ce7fa54c,APAC,Nam Trinh,Water Sort Puzzle iOS,5f2d0c03f503650001351c59,1514542157,916.6048,Combo10,sportsbook.draftkings.com,5bc0e10e25c7d7796ebe8fc0,CA,365.6717,8.189e-05,0.0751,2,10
Playsimple Games,568b8cb3bb2089a80600000a,Americas,Rutvij Jadav,PlaySimple Cryptogram,66e16cd7d7770a6a369725c3,in.playsimple.cryptogram,614.3112,Combo9,draftkings.com,5bc0e10e25c7d7796ebe8fc0,CA,537.4353,0.00012035,0.0739,4,10
Voodoo,56d55c72562b9c353800000d,EMEA,Hadil Salameh,Flappy Dunk,5950d4eef493bbec54002184,1235581326,901.4023,Combo10,sportsbook.draftkings.com,5bc0e10e25c7d7796ebe8fc0,CA,365.6717,8.189e-05,0.0738,4,10
FALCON GLOBAL LTD.,5a57133a3610bbb671016ff3,APAC,Nam Trinh,Cake Sort - Color Puzzle Game IOS PM D2M,64781b96dac1393f38b604ca,6448392144,892.843,Combo10,sportsbook.draftkings.com,5bc0e10e25c7d7796ebe8fc0,CA,365.6717,8.189e-05,0.0731,2,10
Severex,57c05f735b2bd4fa24000030,,Sales Ops,figgerits,63246d89d3a73abffd99d98b,1636821805,595.6902,Combo9,draftkings.com,5bc0e10e25c7d7796ebe8fc0,CA,537.4353,0.00012035,0.0717,4,10
LOTUM Media GmbH,561e8d936b8d90f61a0014ca,EMEA,Hadil Salameh,4 Pics 1 Word Android,515aff900964d0f21f00000e,de.lotum.whatsinthefoto.us,850.5224,Combo10,sportsbook.draftkings.com,5bc0e10e25c7d7796ebe8fc0,CA,365.6717,8.189e-05,0.0696,6,10
Gamebasics BV,561e8d936b8d90f61a000c29,,Sales Ops,Online Soccer Manager - iOS,6130d1b1e4bcd916bfa188d5,400201466,564.0222,Combo9,draftkings.com,5bc0e10e25c7d7796ebe8fc0,CA,537.4353,0.00012035,0.0679,4,10
Voodoo,56d55c72562b9c353800000d,EMEA,Hadil Salameh,Ball Blast,5af56c332803314ab33837f0,1383187127,829.4025,Combo10,sportsbook.draftkings.com,5bc0e10e25c7d7796ebe8fc0,CA,365.6717,8.189e-05,0.0679,4,10
INJOY TECHNOLOGY PTE.LTD.,5f687c6436ca1e0016d5fd6d,APAC,Seven Tu,Shareit Lite,65016fb65946c49eb49f6691,shareit.lite,559.5803,Combo9,draftkings.com,5bc0e10e25c7d7796ebe8fc0,CA,537.4353,0.00012035,0.0673,4,10
Scopely,561e8d966b8d90f61a003414,Americas,Natalie Kenyon,Stumble Guys,6413698f6e7664ba85e052b5,1541153375,555.163,Combo9,draftkings.com,5bc0e10e25c7d7796ebe8fc0,CA,537.4353,0.00012035,0.0668,4,10
Gametion,561e8d956b8d90f61a0026fb,Americas,Rutvij Jadav,Ludo King,57bd636e47a977322200001a,993090598,806.2307,Combo10,sportsbook.draftkings.com,5bc0e10e25c7d7796ebe8fc0,CA,365.6717,8.189e-05,0.066,4,10
SmartNews,67d0848db62d6b0011ccb35e,Americas,Lisa Tolentino,SmartNews for docomo,69680f5935536525d31e36b2,com.nttdocomo.android.mymagazine,802.949,Combo10,sportsbook.draftkings.com,5bc0e10e25c7d7796ebe8fc0,CA,365.6717,8.189e-05,0.0658,6,10
Gametion,561e8d956b8d90f61a0026fb,Americas,Rutvij Jadav,Ludo King,57bfce9a3ce6f97623000025,com.ludo.king,802.8256,Combo10,sportsbook.draftkings.com,5bc0e10e25c7d7796ebe8fc0,CA,365.6717,8.189e-05,0.0657,4,10
SuperSonic Studios,5e3692d21cd3cb0018dd4329,EMEA,Beth Taylor-Lowen,Going Balls,5fa029b49f4c0275a7cf1372,1499081620,771.2801,Combo10,sportsbook.draftkings.com,5bc0e10e25c7d7796ebe8fc0,CA,365.6717,8.189e-05,0.0632,4,10
Aged Studio Limited,5fc7301f7a7f0200153979c7,APAC,Seven Tu,Aged Solitaire GP,67d553af916355d36b9391fc,com.agedstudio.card.solitaire.klondike,771.6683,Combo10,sportsbook.draftkings.com,5bc0e10e25c7d7796ebe8fc0,CA,365.6717,8.189e-05,0.0632,4,10
Ketchapp,561e8d956b8d90f61a0030cf,EMEA,Hadil Salameh,Rider,590b5df4004ccfdd3b000a35,1229618961,517.3778,Combo9,draftkings.com,5bc0e10e25c7d7796ebe8fc0,CA,537.4353,0.00012035,0.0623,4,10
LLC East-Games,62ea666c62b76e001b3eca4f,EMEA,Kseniia Fesenko,Tanks Blitz,62f1051ffaf12b2a7ad9a1d1,com.tanksblitz,739.3919,Combo10,sportsbook.draftkings.com,5bc0e10e25c7d7796ebe8fc0,CA,365.6717,8.189e-05,0.0605,4,10
Code Dish GmbH,64075f57d6da1900141e5aba,EMEA,Hadil Salameh,PiggyKingdom,65802019356fbd1f45ff6c6f,com.olleyo.piggy.king.free,732.502,Combo10,sportsbook.draftkings.com,5bc0e10e25c7d7796ebe8fc0,CA,365.6717,8.189e-05,0.06,6,10
Scopely,561e8d966b8d90f61a003414,Americas,Natalie Kenyon,New YAHTZEE® With Buddies,5915396ce3b1195326000413,1206967173,705.3155,Combo10,sportsbook.draftkings.com,5bc0e10e25c7d7796ebe8fc0,CA,365.6717,8.189e-05,0.0578,4,10
Lihuhu,5d8880f1444f7200181b5e1d,APAC,Nam Trinh,Match Triple,61405fa047e8ae6d60071605,1530876832,698.5963,Combo10,sportsbook.draftkings.com,5bc0e10e25c7d7796ebe8fc0,CA,365.6717,8.189e-05,0.0572,4,10
Puzzle1Studio,5d130cdf37472100170775e1,APAC,Ives Cui,Bubble Pop Origin! Puzzle Game,5de4583d2510a20017316fb9,1487907763,679.9213,Combo10,sportsbook.draftkings.com,5bc0e10e25c7d7796ebe8fc0,CA,365.6717,8.189e-05,0.0557,4,10
HITAPPS GAMES LTD,6021599b8b3e5600159fcc76,EMEA,Beth Taylor-Lowen,Connect Words Android,66101aeac0c070078a9775cf,com.hitappsgames.connectwords,665.0986,Combo10,sportsbook.draftkings.com,5bc0e10e25c7d7796ebe8fc0,CA,365.6717,8.189e-05,0.0545,4,10
Dots,561e8d976b8d90f61a004735,EMEA,Louis Wallworth,Twdots Android,5b7c63748734f02f83929e90,com.weplaydots.twodotsandroid,635.4355,Combo10,sportsbook.draftkings.com,5bc0e10e25c7d7796ebe8fc0,CA,365.6717,8.189e-05,0.052,4,10
Playsimple Games,568b8cb3bb2089a80600000a,Americas,Rutvij Jadav,PlaySimple Cryptogram,66e16cd7d7770a6a369725c3,in.playsimple.cryptogram,614.3112,Combo10,sportsbook.draftkings.com,5bc0e10e25c7d7796ebe8fc0,CA,365.6717,8.189e-05,0.0503,4,10
Severex,57c05f735b2bd4fa24000030,,Sales Ops,figgerits,63246d89d3a73abffd99d98b,1636821805,595.6902,Combo10,sportsbook.draftkings.com,5bc0e10e25c7d7796ebe8fc0,CA,365.6717,8.189e-05,0.0488,4,10
Gamebasics BV,561e8d936b8d90f61a000c29,,Sales Ops,Online Soccer Manager - iOS,6130d1b1e4bcd916bfa188d5,400201466,564.0222,Combo10,sportsbook.draftkings.com,5bc0e10e25c7d7796ebe8fc0,CA,365.6717,8.189e-05,0.0462,4,10
INJOY TECHNOLOGY PTE.LTD.,5f687c6436ca1e0016d5fd6d,APAC,Seven Tu,Shareit Lite,65016fb65946c49eb49f6691,shareit.lite,559.5803,Combo10,sportsbook.draftkings.com,5bc0e10e25c7d7796ebe8fc0,CA,365.6717,8.189e-05,0.0458,4,10
Scopely,561e8d966b8d90f61a003414,Americas,Natalie Kenyon,Stumble Guys,6413698f6e7664ba85e052b5,1541153375,555.163,Combo10,sportsbook.draftkings.com,5bc0e10e25c7d7796ebe8fc0,CA,365.6717,8.189e-05,0.0455,4,10
Ketchapp,561e8d956b8d90f61a0030cf,EMEA,Hadil Salameh,Rider,590b5df4004ccfdd3b000a35,1229618961,517.3778,Combo10,sportsbook.draftkings.com,5bc0e10e25c7d7796ebe8fc0,CA,365.6717,8.189e-05,0.0424,4,10
