app_id,account_id,app_only_domains,app_only_market_ids
5130b34aff10712a34000051,561e8d936b8d90f61a0014ca,[],[]
515aff900964d0f21f00000e,561e8d936b8d90f61a0014ca,[],[]
524ad17f92fcd29365000006,561e8d936b8d90f61a00134a,[],"[""1011501094"", ""1022231358"", ""1045849829"", ""1049229735"", ""1086126576"", ""1091435618"", ""1101761147"", ""1104808461"", ""1113263978"", ""1115014615"", ""1116642217"", ""1127804471"", ""1137494289"", ""1160082725"", ""1161672426"", ""1176039568"", ""1176223706"", ""1182900346"", ""1190624509"", ""1205120029"", ""1217925171"", ""1235644749"", ""1239729922"", ""1240081666"", ""1266303977"", ""1273974155"", ""1286539159"", ""1290077665"", ""1297924322"", ""1324604053"", ""1328936029"", ""1353739934"", ""1370370115"", ""1375850193"", ""1383218130"", ""1440151043"", ""1446532291"", ""1447199530"", ""1450580739"", ""1466930739"", ""1475069754"", ""1475229898"", ""1477002422"", ""1492788234"", ""1494135182"", ""1495172764"", ""1495324535"", ""1498897533"", ""1499239088"", ""1505014939"", ""1514909174"", ""1518746102"", ""1519174001"", ""1523273449"", ""1523486909"", ""1528844711"", ""1532393483"", ""1533857603"", ""1535739964"", ""1540085348"", ""1542981576"", ""1546199312"", ""1547692973"", ""1547764140"", ""1549636026"", ""1554601502"", ""1555218430"", ""1566782000"", ""1572092499"", ""1578225228"", ""1578703763"", ""1580531574"", ""1585970304"", ""1588862493"", ""1589762792"", ""1603688971"", ""1610705845"", ""1611547216"", ""1642483304"", ""1660835173"", ""408666248"", ""435357526"", ""435749624"", ""439873467"", ""440969744"", ""445358235"", ""468092531"", ""479491701"", ""490953349"", ""493051480"", ""495583407"", ""495583717"", ""514473273"", ""523642255"", ""543822916"", ""553834731"", ""558267252"", ""570107094"", ""575845341"", ""6443916869"", ""6444705716"", ""6445890717"", ""6446246671"", ""6448161041"", ""6449009743"", ""6450017895"", ""6453471674"", ""6459830902"", ""6463419262"", ""6463695846"", ""6466300988"", ""6466640072"", ""6469045391"", ""6469541260"", ""6472899730"", ""6473258542"", ""6474012858"", ""649530933"", ""6504332779"", ""672246969"", ""6739214526"", ""6739272396"", ""6740428939"", ""6741408932"", ""6742224257"", ""6744055140"", ""6748057256"", ""6748354357"", ""6749558340"", ""6751399524"", ""6751948253"", ""6752020786"", ""6752535267"", ""6752883564"", ""6754129633"", ""6754954188"", ""6754964161"", ""6758124631"", ""6759697773"", ""6759943639"", ""6760633478"", ""6760742606"", ""725169583"", ""779522558"", ""789634564"", ""796882776"", ""796885130"", ""804982722"", ""838802923"", ""848469604"", ""870116373"", ""878625143"", ""898285634"", ""918875294"", ""925322691"", ""945885228"", ""966029884"", ""985977336"", ""998904099"", ""999263063""]"
579c0497be7334703a000072,561e8d966b8d90f61a003414,[],"[""1023782170"", ""1057860506"", ""1058317706"", ""1076615810"", ""1078776661"", ""1095569891"", ""1118406919"", ""1123930673"", ""1153883316"", ""1184083151"", ""1196764367"", ""1197041040"", ""1197354394"", ""1207472156"", ""1207472160"", ""1214223596"", ""1225078420"", ""1226926872"", ""1237172656"", ""1237529195"", ""1245525899"", ""1260789484"", ""1269460400"", ""1269540854"", ""1273162445"", ""1276152771"", ""1291854522"", ""1299611345"", ""1299956969"", ""1302451299"", ""1311141262"", ""1313561414"", ""1314642201"", ""1335823906"", ""1347684152"", ""1369521645"", ""1370245504"", ""1370307771"", ""1373182463"", ""1375433870"", ""1388081123"", ""1403535416"", ""1413942319"", ""1418492982"", ""1420294918"", ""1437273344"", ""1438250448"", ""1439243654"", ""1439282938"", ""1441957412"", ""1443448520"", ""1446527131"", ""1446728841"", ""1449821332"", ""1452741962"", ""1453795744"", ""1462123372"", ""1462860914"", ""1464051413"", ""1466588301"", ""1476429715"", ""1477668963"", ""1477794664"", ""1478404082"", ""1482382774"", ""1486915152"", ""1570303461"", ""306245714"", ""321916506"", ""383076094"", ""517840944"", ""550946484"", ""582340397"", ""603338614"", ""609067187"", ""663996719"", ""694967269"", ""698848120"", ""708600202"", ""804379658"", ""922488002"", ""979759584"", ""994855806""]"
57bd636e47a977322200001a,561e8d956b8d90f61a0026fb,[],"[""6448104157""]"
57bfce9a3ce6f97623000025,561e8d956b8d90f61a0026fb,[],"[""ludo.tycoon.online.board.game""]"
590b5df4004ccfdd3b000a35,561e8d956b8d90f61a0030cf,[],"[""656971078""]"
5915396ce3b1195326000413,561e8d966b8d90f61a003414,[],"[""1023782170"", ""1057860506"", ""1058317706"", ""1076615810"", ""1078776661"", ""1095569891"", ""1118406919"", ""1123930673"", ""1153883316"", ""1182341536"", ""1184083151"", ""1196764367"", ""1197041040"", ""1197354394"", ""1207472156"", ""1207472160"", ""1214223596"", ""1225078420"", ""1226926872"", ""1237172656"", ""1237529195"", ""1245525899"", ""1260789484"", ""1269460400"", ""1269540854"", ""1273162445"", ""1276152771"", ""1291854522"", ""1299611345"", ""1299956969"", ""1302451299"", ""1311141262"", ""1313561414"", ""1314642201"", ""1335823906"", ""1347684152"", ""1369521645"", ""1370245504"", ""1370307771"", ""1373182463"", ""1375433870"", ""1388081123"", ""1403535416"", ""1407804709"", ""1413942319"", ""1418492982"", ""1420294918"", ""1437273344"", ""1438250448"", ""1439243654"", ""1439282938"", ""1441957412"", ""1443448520"", ""1446527131"", ""1446728841"", ""1449821332"", ""1452741962"", ""1453795744"", ""1462123372"", ""1462860914"", ""1464051413"", ""1466588301"", ""1476429715"", ""1477668963"", ""1477794664"", ""1478404082"", ""1482382774"", ""1486915152"", ""1570303461"", ""1582996254"", ""1602149052"", ""306245714"", ""321916506"", ""383076094"", ""517840944"", ""550946484"", ""582340397"", ""603338614"", ""609067187"", ""6447827216"", ""6471679383"", ""6478950175"", ""663996719"", ""694967269"", ""698848120"", ""708600202"", ""804379658"", ""922488002"", ""979759584"", ""994855806""]"
591539d970abb44126000394,561e8d966b8d90f61a003414,[],"[""athena.studio.wordhome"", ""com.LoopGames.Yatzy"", ""com.apprope.wordbubbles"", ""com.appynation.occw"", ""com.best.wordsearch.free"", ""com.bestword.freeword.flower"", ""com.bitmango.go.fourpicsonewordsolvethequiz"", ""com.bitmango.go.wordchampion"", ""com.bitmango.go.wordcookies"", ""com.bitmango.go.wordcookiescross"", ""com.bitmango.go.wordsearchhiddenwords"", ""com.bitmango.go.wordsfarmcross"", ""com.bitmango.go.wordtiles"", ""com.bitmango.wordscrush"", ""com.blacklight.word.alchemy"", ""com.bruyere.android.wordsearch"", ""com.crikey.wordtour"", ""com.crossword.bible.cookies.find.english"", ""com.disney.wordsofwonder_goo"", ""com.fanatee.noodles"", ""com.fillword.cross.wordmind.en"", ""com.fiogonia.yatzy"", ""com.fotoable.WordVillas"", ""com.fugo.wow"", ""com.funstudio.wordtravels"", ""com.histonegames.hicrosswordg"", ""com.histudiogames.games.wordshop"", ""com.histudiogames.wordtowng"", ""com.icogroup.apensar"", ""com.iscoolentertainment.snc"", ""com.iscoolentertainment.wordoxfree"", ""com.lazymasters.wordweekend"", ""com.lescapadou.ttsalphabet"", ""com.littleengine.wordpal"", ""com.lucky.yatzy.game.yahtzee.android"", ""com.mobilityware.zenwords"", ""com.peoplefun.wordchums"", ""com.peoplefun.wordcircle"", ""com.peoplefun.wordcross"", ""com.peoplefun.wordflowers"", ""com.peoplefun.wordsearch"", ""com.peoplefun.wordstacks"", ""com.peoplefun.wordvistas"", ""com.platinumplayer.word.addict"", ""com.playvalve.yatzy"", ""com.puzzle1studio.go.wordcalmcross"", ""com.puzzlegamelab.wordsearchpopg"", ""com.qiiwi.wordington"", ""com.randomlogicgames.crossword"", ""com.randomlogicgames.guesstheword"", ""com.randomlogicgames.wordsearch"", ""com.rlg.guesstheemoji"", ""com.scopely.fortunecookie"", ""com.seavus.yatzyultimate.droid"", ""com.sng.yatzy"", ""com.socketwire.wordfinder"", ""com.softtowelgames.cwp.android"", ""com.sonypicturestelevision.wordsoffortune"", ""com.supercosi.cosiyatzy"", ""com.theangrykraken.wordgame"", ""com.townsend.puzzlescapes"", ""com.vottzapps.wordle"", ""com.word.game.fun.puzzle.prison.escape.captain"", ""com.word.puzzle.game.connect"", ""com.wordgame.cross.android.en"", ""com.wordgame.puzzle.block.crush"", ""com.wordgame.words.connect"", ""com.wordloco.wordchallenge"", ""com.yatzy.blitz.dice.roll.game"", ""com.zengardenapps.yatzy"", ""com.zynga.crosswordswithfriends"", ""com.zynga.scramble"", ""com.zynga.scramble.paid"", ""com.zynga.words"", ""com.zynga.words3"", ""com.zynga.wwf2.free"", ""es.socialpoint.wordlife"", ""games.stellarplay.dicetown"", ""in.crossy.daily_crossword"", ""in.playsimple.tripcross"", ""in.playsimple.word_up"", ""in.playsimple.wordtrip"", ""loppipoppi.yatzy"", ""se.maginteractive.wordalot"", ""se.maginteractive.wordbrain"", ""se.maginteractive.wordbrain2"", ""se.maginteractive.worddomination"", ""se.maginteractive.wordzee"", ""uk.co.harmonic.puzzle.word.pro.android"", ""word.connect.wordcross.wordgame"", ""word.search.puzzle"", ""word.tower.puzzle""]"
592fc29cc10833a4760012c6,57d1b461ae2b57d903000027,[],"[""1098342019"", ""1106778762"", ""1114617409"", ""1216020610"", ""1260190370"", ""1271796899"", ""1385379152"", ""1407780576"", ""1442749804"", ""1444261450"", ""1446246286"", ""1460985516"", ""1462494195"", ""1465370843"", ""1466738593"", ""1467609353"", ""1472747600"", ""1483549696"", ""1488838275"", ""1489118195"", ""1494090673"", ""1500326655"", ""1500400013"", ""1522685808"", ""1527531742"", ""1533935003"", ""1552662612"", ""1579132658"", ""1588887190"", ""1605842465"", ""307466242"", ""366247306"", ""397227037"", ""398990729"", ""408188960"", ""418044512"", ""540946844"", ""6443889466"", ""6447060944"", ""6447336660"", ""6448104157"", ""6450412432"", ""6468650387"", ""6474989365"", ""6476258144"", ""6497716251"", ""6550913213"", ""6714467918"", ""671755288"", ""6742390458"", ""6744889695"", ""6752707915"", ""6755758608"", ""717754939"", ""727577974"", ""739121026"", ""773121479"", ""834107022""]"
5950d4eef493bbec54002184,56d55c72562b9c353800000d,[],[]
59c0bfe44b342c7f280015fe,57d1b461ae2b57d903000027,[],"[""1064399844"", ""1066752474"", ""1073936461"", ""1087685392"", ""1095357836"", ""1098342019"", ""1100116796"", ""1103438575"", ""1105328798"", ""1117332465"", ""1140351199"", ""1160262973"", ""1163777816"", ""1166981451"", ""1191441346"", ""1198999113"", ""1203790171"", ""1207916285"", ""1209986063"", ""1216193188"", ""1223338261"", ""1227389093"", ""1230169843"", ""1243351872"", ""1251359095"", ""1272040721"", ""1274440615"", ""1277486668"", ""1287601809"", ""1310489416"", ""1313800622"", ""1330527681"", ""1350822588"", ""1355053216"", ""1360098321"", ""1411285750"", ""1412735962"", ""1434592327"", ""1434648535"", ""1446537009"", ""1449539396"", ""1449713068"", ""1459297734"", ""1466590208"", ""1470955012"", ""1474104369"", ""1475864805"", ""1476825164"", ""1476836651"", ""1482887935"", ""1487577418"", ""1494422884"", ""1496599497"", ""1500560833"", ""1502872313"", ""1505285543"", ""1508304853"", ""1509441273"", ""1523402128"", ""1524753887"", ""1528896160"", ""1536804215"", ""1549387337"", ""1557197419"", ""1558444241"", ""1563230518"", ""1575516934"", ""1575519620"", ""1575684487"", ""1578681725"", ""1581750845"", ""1588196796"", ""1593883221"", ""1597698322"", ""1600463540"", ""1601788065"", ""1606400625"", ""1616149789"", ""1622560807"", ""1632384400"", ""1633387208"", ""1635741553"", ""1640478624"", ""1641086404"", ""1643674029"", ""1664162753"", ""1667538256"", ""284791396"", ""295830095"", ""359917414"", ""387301602"", ""391855805"", ""395979574"", ""403274099"", ""468993187"", ""479280326"", ""487025819"", ""500962489"", ""500963785"", ""500964912"", ""572537866"", ""593715088"", ""597928938"", ""606413051"", ""6443474985"", ""6443760633"", ""6443916869"", ""6444123060"", ""6444758473"", ""6445882100"", ""6446482716"", ""6446669987"", ""6446947180"", ""6449250749"", ""6449806707"", ""6449934686"", ""6450030269"", ""6450620633"", ""6450958246"", ""6451380846"", ""6453475783"", ""645704840"", ""6462077019"", ""6463859997"", ""6465892380"", ""6467534785"", ""6467742649"", ""6473000893"", ""6473575512"", ""6475964307"", ""6476732051"", ""6477341267"", ""647804489"", ""6478316225"", ""6478738305"", ""6484265518"", ""6499317052"", ""6503436530"", ""6651830614"", ""6717586224"", ""6720740396"", ""6736685989"", ""6737193671"", ""6737788333"", ""6739206972"", ""6739694698"", ""6740520597"", ""6742104349"", ""6742443145"", ""6742874750"", ""6744087256"", ""6744435737"", ""6745124789"", ""6747065291"", ""6747660451"", ""6751533084"", ""6752946896"", ""789981425"", ""887640616"", ""894483184"", ""902398367"", ""949295212"", ""977549339"", ""979061864""]"
59d39cbfef6627a809002d5b,57d1b461ae2b57d903000027,[],"[""air.com.tectum.sudoku"", ""and.lihuhu.woober"", ""at.ner.Sudoku"", ""com.Appgeneration.Sudoku"", ""com.JindoBlu.OfflineGames"", ""com.StudioGoya.ClassicSudoku"", ""com.appynation.puzzlepage"", ""com.aquaman.sudoku"", ""com.bitmango.go.sudokunewspaper"", ""com.bitmango.sudokucafe1"", ""com.brain.square.puzzle.sudoku"", ""com.brainium.sudoku.free"", ""com.bruyere.android.sudoku"", ""com.classicpuzzle.freegames.sudoku"", ""com.conceptispuzzles.multisudoku"", ""com.coolmango.sudokufun"", ""com.crossfield.numberplace5"", ""com.domobile.sudoku"", ""com.dopuz.klotski.riddle"", ""com.dotfinger.sudoku.free"", ""com.fassor.android.sudoku"", ""com.free.puzzlegame.collection.puzzle"", ""com.gamovation.sudoku"", ""com.gape9.sudoku.puzzle"", ""com.hangxun.sudoku"", ""com.happydream.sudoku"", ""com.harpan.sudokuGooglePlay"", ""com.hashcube.sudokuquest"", ""com.icenta.sudoku.ui"", ""com.kraisoft.sudoku"", ""com.kristanix.android.sudokuepic2"", ""com.linkedbit.megasudoku"", ""com.linkedbit.megasudokufree"", ""com.llsoft.sudoku"", ""com.meevii.testappbundle"", ""com.microsoft.sudoku"", ""com.mobilityware.Sudoku"", ""com.mobirix.sudokuGame"", ""com.monkeys.sscramble"", ""com.newsudoku.number.maze"", ""com.ninecatsgames.csudoku"", ""com.numbergame.freesudoku.classic"", ""com.numberpuzzles.sudoku.fun"", ""com.nytimes.crossword"", ""com.onecmobile.sudoku"", ""com.oneup.sudoku.free"", ""com.oneup.sudoku.numbers.free"", ""com.openmygame.games.android.sudokumaster"", ""com.pinkpointer.sudoku"", ""com.puzzle.games.math.brain.sudoku"", ""com.puzzle.sudoku.free.games.sudoku"", ""com.puzzlegames.sudoku.free"", ""com.relitygames.sudokux"", ""com.scn.sudokuchamp"", ""com.smartcooper.sudoku"", ""com.soodexlabs.sudoku2"", ""com.staplegames.sudokuClassicGP"", ""com.submarineapps.sudoku"", ""com.sudoku.free.game.sudokufree.android"", ""com.sudoku.game.puzzle.adventure"", ""com.sudoku.number.puzzle.board.game.brain.android.slover.free.master"", ""com.sudoku.numbers.puzzlegame"", ""com.sudoku.puzzle.freebraingame"", ""com.sudoku.puzzlefree.casualgames"", ""com.sudoku.puzzles.free.killer.classic.fun"", ""com.sudoku.sddr.classic.puzzlegames"", ""com.supersimpleapps.sudoku"", ""com.tellmewow.senior.pastime"", ""com.theangrykraken.sudoku"", ""com.timOsStudios.premiumSudokuCardsGP"", ""com.unicostudio.sudoku"", ""com.uvmlab.classic"", ""com.wisdomlogix.braingames.logic.tricky.iqpuzzles"", ""com.zeeron.sudoku.puzzle"", ""coop.co.uk"", ""draziw.karavan.sudoku"", ""easy.classic.daily.sudoku.puzzles.solver.quest.free.challenge.games"", ""easy.sudoku.puzzle.solver.free"", ""ee.dustland.android.dustlandsudoku"", ""fun.sudoku.freepuzzle.master"", ""info.nullhouse.sudoku"", ""ittechco.sudoku2018"", ""jp.co.ohte.extremesudoku"", ""jp.co.puzzle.NPK"", ""le.lenovo.sudoku"", ""magic.sudoku.pro"", ""numberplace.ohte"", ""org.qtproject.hexsudoku"", ""sudoku.classic.brain.number.puzzle.games"", ""sudoku.classic.easy.puzzle.free.brain"", ""sudoku.easy.puzzle.brain.dovi"", ""sudoku.puzzle.brain.games.number.puzzles.free"", ""sudoku.puzzle.brain.number.free.android"", ""sudoku.puzzle.classic.math.games.train.brain"", ""sudoku.puzzle.free.game.brain"", ""sudoku.puzzle.games.scenery"", ""sudoku.puzzle.math.games"", ""sudoku.puzzle.tiktikgame"", ""techmasterplus.sudokupuzzlepro""]"
59e7db9b598ece421700ded4,561e8d966b8d90f61a003414,[],"[""1023782170"", ""1057860506"", ""1058317706"", ""1076615810"", ""1078776661"", ""1092689152"", ""1095569891"", ""1118406919"", ""1123930673"", ""1153883316"", ""1184083151"", ""1196764367"", ""1197041040"", ""1197354394"", ""1207472156"", ""1207472160"", ""1214223596"", ""1225078420"", ""1226926872"", ""1237172656"", ""1237529195"", ""1245525899"", ""1260789484"", ""1269460400"", ""1269540854"", ""1273162445"", ""1276152771"", ""1291854522"", ""1299611345"", ""1299956969"", ""1302451299"", ""1311141262"", ""1313561414"", ""1314642201"", ""1335823906"", ""1347684152"", ""1369521645"", ""1370245504"", ""1370307771"", ""1373182463"", ""1375433870"", ""1388081123"", ""1403535416"", ""1413942319"", ""1418492982"", ""1420294918"", ""1437273344"", ""1438250448"", ""1439243654"", ""1439282938"", ""1441957412"", ""1443448520"", ""1446527131"", ""1446728841"", ""1449821332"", ""1452741962"", ""1453351862"", ""1453795744"", ""1462123372"", ""1462860914"", ""1464051413"", ""1466588301"", ""1476429715"", ""1477668963"", ""1477794664"", ""1478404082"", ""1482382774"", ""1486915152"", ""1487585438"", ""1563215345"", ""1570303461"", ""1602508478"", ""306245714"", ""321916506"", ""383076094"", ""517840944"", ""550946484"", ""582340397"", ""603338614"", ""609067187"", ""6612024746"", ""663996719"", ""6736897776"", ""687877464"", ""694967269"", ""698848120"", ""708600202"", ""804379658"", ""922488002"", ""979759584"", ""994855806""]"
59e7dc15a81a003c1700ebfe,561e8d966b8d90f61a003414,[],"[""athena.studio.wordhome"", ""com.apprope.wordbubbles"", ""com.appynation.occw"", ""com.best.wordsearch.free"", ""com.bestword.freeword.flower"", ""com.bitmango.go.fourpicsonewordsolvethequiz"", ""com.bitmango.go.wordchampion"", ""com.bitmango.go.wordcookies"", ""com.bitmango.go.wordcookiescross"", ""com.bitmango.go.wordsearchhiddenwords"", ""com.bitmango.go.wordsfarmcross"", ""com.bitmango.go.wordtiles"", ""com.bitmango.wordscrush"", ""com.blacklight.word.alchemy"", ""com.bruyere.android.wordsearch"", ""com.crikey.wordtour"", ""com.crossword.bible.cookies.find.english"", ""com.disney.wordsofwonder_goo"", ""com.easybrain.word.puzzle.game"", ""com.econogames.peace.word.puzzle.gp"", ""com.fanatee.cody"", ""com.fanatee.noodles"", ""com.fanatee.stop"", ""com.fillword.cross.wordmind.en"", ""com.fotoable.WordVillas"", ""com.fugo.wow"", ""com.funstudio.wordtravels"", ""com.histonegames.hicrosswordg"", ""com.histudiogames.games.wordshop"", ""com.histudiogames.wordserenity"", ""com.histudiogames.wordtowng"", ""com.icogroup.apensar"", ""com.iscoolentertainment.snc"", ""com.iscoolentertainment.wordoxfree"", ""com.lazymasters.wordweekend"", ""com.lescapadou.ttsalphabet"", ""com.littleengine.wordpal"", ""com.marulgames.wordsurf"", ""com.mobilityware.zenwords"", ""com.peoplefun.wordchums"", ""com.peoplefun.wordcircle"", ""com.peoplefun.wordcross"", ""com.peoplefun.wordflowers"", ""com.peoplefun.wordsearch"", ""com.peoplefun.wordstacks"", ""com.peoplefun.wordvistas"", ""com.platinumplayer.word.addict"", ""com.puzzle1studio.go.wordcalmcross"", ""com.puzzlegamelab.wordsearchpopg"", ""com.qiiwi.wordington"", ""com.randomlogicgames.crossword"", ""com.randomlogicgames.guesstheword"", ""com.randomlogicgames.wordsearch"", ""com.rlg.guesstheemoji"", ""com.socketwire.wordfinder"", ""com.softtowelgames.cwp.android"", ""com.sonypicturestelevision.wordsoffortune"", ""com.theangrykraken.wordgame"", ""com.townsend.puzzlescapes"", ""com.vottzapps.wordle"", ""com.word.game.fun.puzzle.prison.escape.captain"", ""com.word.puzzle.game.connect"", ""com.wordchain"", ""com.wordgame.cross.android.en"", ""com.wordgame.puzzle.block.crush"", ""com.wordgame.words.connect"", ""com.wordloco.wordchallenge"", ""com.zynga.boggle"", ""com.zynga.crosswordswithfriends"", ""com.zynga.scramble"", ""com.zynga.scramble.paid"", ""com.zynga.words"", ""com.zynga.words3"", ""com.zynga.wwf2.free"", ""es.socialpoint.wordlife"", ""in.crossy.daily_crossword"", ""in.playsimple.tripcross"", ""in.playsimple.word_up"", ""in.playsimple.wordbingo"", ""in.playsimple.wordsearch"", ""in.playsimple.wordtrip"", ""se.maginteractive.wordalot"", ""se.maginteractive.wordbrain"", ""se.maginteractive.wordbrain2"", ""se.maginteractive.worddomination"", ""se.maginteractive.wordzee"", ""uk.co.harmonic.puzzle.word.pro.android"", ""word.connect.wordcross.wordgame"", ""word.search.puzzle"", ""word.tower.puzzle""]"
5a167dd1d0d008d90400a61d,57d1b461ae2b57d903000027,[],"[""1009442510"", ""1020187921"", ""1024071947"", ""1027352017"", ""1031002863"", ""1040798228"", ""1059894299"", ""1062006344"", ""1063628542"", ""1093108529"", ""1106374233"", ""1111468381"", ""1136343771"", ""1154169098"", ""1156137053"", ""1178924866"", ""1183717726"", ""1198965902"", ""1237405816"", ""1277229792"", ""1293646758"", ""1299491860"", ""1301401413"", ""1304342181"", ""1308131993"", ""1310491340"", ""1311347869"", ""1311379404"", ""1314839722"", ""1315399681"", ""1315906898"", ""1316038532"", ""1316897004"", ""1317195834"", ""1317690198"", ""1317765839"", ""1317932704"", ""1317978215"", ""1318233975"", ""1320398609"", ""1320599828"", ""1324079403"", ""1326107151"", ""1326764484"", ""1326885949"", ""1329514585"", ""1329702597"", ""1329724092"", ""1330926273"", ""1331831564"", ""1338677571"", ""1339021541"", ""1342165854"", ""1355384062"", ""1358361039"", ""1360270159"", ""1361036647"", ""1364842664"", ""1367778362"", ""1373278053"", ""1373708909"", ""1377332371"", ""1380107874"", ""1387559395"", ""1393967630"", ""1398019747"", ""1398813652"", ""1400326821"", ""1407213802"", ""1407852246"", ""1410134706"", ""1410839493"", ""1411398756"", ""1411400127"", ""1412771585"", ""1420058690"", ""1424916256"", ""1428302908"", ""1434442244"", ""1435567912"", ""1436858922"", ""1437615191"", ""1439776332"", ""1439776386"", ""1439776611"", ""1440717738"", ""1440756080"", ""1441501929"", ""1441949789"", ""1443688697"", ""1444246889"", ""1444870685"", ""1445135380"", ""1445380846"", ""1445391948"", ""1446750866"", ""1450154046"", ""1455194210"", ""1456596043"", ""1456652693"", ""1456708921"", ""1457297026"", ""1457817742"", ""1457954654"", ""1458102138"", ""1461096984"", ""1461733370"", ""1461734695"", ""1463730532"", ""1464641670"", ""1464878938"", ""1465610553"", ""1468096178"", ""1468246255"", ""1468868285"", ""1469036002"", ""1471087500"", ""1474735904"", ""1474932822"", ""1476239212"", ""1480710374"", ""1484750572"", ""1486756100"", ""1487291128"", ""1492055041"", ""1498418100"", ""1499138555"", ""1499339385"", ""1502948858"", ""1509205958"", ""1512344831"", ""1512700830"", ""1517805311"", ""1518806009"", ""1519726590"", ""1521972561"", ""1541658506"", ""1542336300"", ""1552688654"", ""1557392270"", ""1576528787"", ""1578990727"", ""1596254632"", ""1601146472"", ""1604351484"", ""1615336187"", ""1616087354"", ""1658965410"", ""1661790429"", ""548396960"", ""550892550"", ""6443535025"", ""6451237392"", ""6451400111"", ""6459449232"", ""6466376023"", ""6469688737"", ""6470471626"", ""6473984307"", ""6475333050"", ""6478901531"", ""6478906331"", ""6479338269"", ""6479516078"", ""6479971966"", ""6484507868"", ""6498701816"", ""6502889195"", ""6502889278"", ""6547847764"", ""6737672584"", ""6742396683"", ""6744382521"", ""6745823845""]"
5a30e47b794900452500459c,57d1b461ae2b57d903000027,[],"[""1011501094"", ""1098342019"", ""1101761147"", ""1113263978"", ""1115014615"", ""1127804471"", ""1161672426"", ""1174860947"", ""1190624509"", ""1205120029"", ""1212690976"", ""1235644749"", ""1239729922"", ""1244400052"", ""1266303977"", ""1266616243"", ""1286539159"", ""1297924322"", ""1360199580"", ""1370370115"", ""1375850193"", ""1438490632"", ""1440151043"", ""1442159428"", ""1475229898"", ""1476393158"", ""1477002422"", ""1498897533"", ""1508280486"", ""1510189987"", ""1523273449"", ""1528844711"", ""1530459925"", ""1530683904"", ""1531681453"", ""1533857603"", ""1540085348"", ""1546199312"", ""1548699730"", ""1554601502"", ""1555218430"", ""1578703763"", ""1580710905"", ""1589762792"", ""1590370263"", ""1611547216"", ""1615539825"", ""1642483304"", ""439873467"", ""445358235"", ""455696756"", ""468092531"", ""495583717"", ""523642255"", ""642831690"", ""6444705716"", ""6444733806"", ""6445890717"", ""6451403685"", ""6452981674"", ""6453476412"", ""6462668142"", ""6471573868"", ""6474012858"", ""6478391102"", ""6479604972"", ""657342303"", ""6654914710"", ""672246969"", ""6740025809"", ""6742224257"", ""6748057256"", ""6748354357"", ""6749558340"", ""6752535267"", ""6754129633"", ""6754964161"", ""6755918362"", ""6757208488"", ""6758813543"", ""6759943639"", ""6760698955"", ""6760742606"", ""779522558"", ""796882776"", ""804982722"", ""838802923"", ""848469604"", ""898285634"", ""945885228"", ""985977336"", ""998904099""]"
5a777f42d76bfe102f007091,5b1526a7de961d3317b1d475,[],"[""adult.coloring.book.mandala.colorfy.coloring.free"", ""com.abi.robber.puzzle.thief"", ""com.apalon.mandala.coloring.book"", ""com.appcraft.colorbook"", ""com.appcraft.lowpoly"", ""com.appcraft.unicorn"", ""com.art.color.number.coloring.book"", ""com.ascella.paintbynumber"", ""com.bricksbreaker.balls.crusher.bricks"", ""com.chuanmo.android.funcolor"", ""com.citybuilder.idle.game.money.cash"", ""com.cmever.always.color"", ""com.color.by.number.poly.art.puzzle"", ""com.coloring.paint"", ""com.dd.ddmerchant"", ""com.dd.doordash"", ""com.doordash.android.merchant.portal"", ""com.doordash.driverapp"", ""com.payfare.doordash"", ""com.relax.coloring.games.color.by.number.colourpop"", ""com.xflow.tower.tycoon.idle.game"", ""game.sudoku.master.puzzle.solver.daily.free"", ""jigsaw.puzzle.game""]"
5aafe5c62567717fa575bfc1,5aafdd4a0520357fabf54aa6,[],"[""1439167666"", ""1482358210"", ""1527156320"", ""1717602902""]"
5ae1d7c5cf3ad762761bbca1,5aafdd4a0520357fabf54aa6,"[""canvs.co.jp"", ""diverse-inc.co.jp"", ""evermatch.me"", ""iloveclub.me"", ""in-galaxy.com"", ""lomo.netacom.vn"", ""lovena.app"", ""mdates.app"", ""play.google.com"", ""sheinindia.in""]","[""com.ihappydate"", ""dating.mint"", ""fruitz.io"", ""gbcorp.c103.lumira.official"", ""io.chatyapp"", ""udate.com""]"
5af55340bfc6be4ab9a686f0,568b8cb3bb2089a80600000a,[],"[""1024481933"", ""1027978684"", ""1043400501"", ""1047546767"", ""1057860506"", ""1058317706"", ""1058719827"", ""1078643602"", ""1091301948"", ""1092689152"", ""1106879575"", ""1107742264"", ""1115924768"", ""1116870834"", ""1118406919"", ""1129234406"", ""1139724189"", ""1153883316"", ""1163060448"", ""1198470440"", ""1203725149"", ""1205201517"", ""1207472160"", ""1215360172"", ""1215933788"", ""1225078420"", ""1226926872"", ""1234322827"", ""1236153570"", ""1237172656"", ""1253492609"", ""1256286028"", ""1257539184"", ""1261313159"", ""1268523196"", ""1269130452"", ""1269460400"", ""1269673961"", ""1273162445"", ""1286254804"", ""1287540998"", ""1291854522"", ""1299611345"", ""1300058820"", ""1302451299"", ""1312662205"", ""1313561414"", ""1314408461"", ""1321652251"", ""1322257238"", ""1330894635"", ""1330947092"", ""1343733764"", ""1347684152"", ""1350396453"", ""1351459613"", ""1352603023"", ""1355423477"", ""1357352041"", ""1357553368"", ""1360269768"", ""1369521645"", ""1370307771"", ""1373043021"", ""1379080711"", ""1394966990"", ""1403535416"", ""1404769349"", ""1412024414"", ""1412262458"", ""1413608864"", ""1418492982"", ""1426530274"", ""1436670480"", ""1437273344"", ""1439243654"", ""1439282938"", ""1441751300"", ""1441957412"", ""1445478723"", ""1445485042"", ""1445525186"", ""1446254576"", ""1450607004"", ""1451047738"", ""1453351862"", ""1453795744"", ""1454290016"", ""1455098461"", ""1458847618"", ""1459115092"", ""1459503529"", ""1460109380"", ""1462060332"", ""1462123372"", ""1462860914"", ""1465058550"", ""1466588301"", ""1467451327"", ""1467915358"", ""1468430284"", ""1468882166"", ""1471967529"", ""1473274534"", ""1474629097"", ""1476363607"", ""1477794664"", ""1480081393"", ""1480496404"", ""1481009631"", ""1482379303"", ""1482382774"", ""1482426780"", ""1482760220"", ""1485345280"", ""1486168746"", ""1486915152"", ""1487585438"", ""1489340645"", ""1491869676"", ""1499120554"", ""1499931366"", ""1499972852"", ""1501130082"", ""1502982594"", ""1504662758"", ""1505871994"", ""1506724164"", ""1507173665"", ""1508449023"", ""1509045403"", ""1510024219"", ""1510712623"", ""1511574238"", ""1515103132"", ""1515110378"", ""1516212835"", ""1517375267"", ""1517379202"", ""1517829670"", ""1518529006"", ""1518863353"", ""1518963006"", ""1521339753"", ""1521556341"", ""1522266397"", ""1526974000"", ""1527106984"", ""1532253423"", ""1541604378"", ""1542912961"", ""1542930270"", ""1545206038"", ""1549409618"", ""1549726220"", ""1550232616"", ""1552197278"", ""1552347464"", ""1556516935"", ""1560314455"", ""1567025789"", ""1570303461"", ""1575882205"", ""1576195494"", ""1579681838"", ""1580614756"", ""1588098340"", ""1589240790"", ""1589643727"", ""1598843828"", ""1600880375"", ""1600897260"", ""1609393144"", ""1609570356"", ""1620306376"", ""1621906176"", ""1623992131"", ""1632444218"", ""1636821805"", ""1638797157"", ""1639354550"", ""1639588528"", ""1642532050"", ""1658552058"", ""1658843316"", ""1660171117"", ""1667330464"", ""1668409972"", ""1668656321"", ""1671524169"", ""1673410546"", ""284036524"", ""315322445"", ""321916506"", ""333262544"", ""395505438"", ""404366437"", ""406150030"", ""431252306"", ""441092257"", ""444922518"", ""446199878"", ""447553564"", ""460744832"", ""505384445"", ""517840944"", ""527608315"", ""550946484"", ""553287152"", ""566593443"", ""575980917"", ""576525179"", ""580847667"", ""582340397"", ""590330669"", ""598439078"", ""600674056"", ""616679200"", ""6443911265"", ""6444349473"", ""6444768142"", ""6444773740"", ""6444775332"", ""6445880455"", ""6445909952"", ""6446480648"", ""6447878256"", ""6450273326"", ""6450590696"", ""6451438282"", ""6452119853"", ""6456106044"", ""6456524943"", ""6457203160"", ""6461600658"", ""6461645146"", ""6463851493"", ""6466410227"", ""6469806311"", ""6470903157"", ""6475712873"", ""6477546829"", ""6479394113"", ""6480114989"", ""6480587399"", ""6499236530"", ""6503122835"", ""6503184925"", ""6504282943"", ""6504290103"", ""654661008"", ""6547858927"", ""655645841"", ""6615086509"", ""663996719"", ""6670779651"", ""6723865276"", ""6736526782"", ""6736897776"", ""6737067328"", ""6738905436"", ""6739423612"", ""6739771193"", ""6742409587"", ""6744045288"", ""6744304405"", ""6745003362"", ""6745258320"", ""6747068105"", ""6748893286"", ""6754191834"", ""6759309975"", ""678426772"", ""687877464"", ""688876601"", ""708600202"", ""719525810"", ""757072473"", ""785309108"", ""806393795"", ""868758561"", ""876514856"", ""886979567"", ""895390535"", ""922488002"", ""924010506"", ""950542099"", ""957031988"", ""963656767"", ""976690822"", ""977862069"", ""979597990"", ""979759584"", ""980016643""]"
5af5545d8e03cf7acee13a66,568b8cb3bb2089a80600000a,[],"[""app.hallow.android"", ""beetles.puzzle.solitaire"", ""bible.kjvbible.audio.plan.verse"", ""bible.wordgame.story.verse.words.connect.puzzle"", ""bible.wordgame.words.connect.crossword.cookies"", ""bibleverses.bibleverse.bible.biblia.verse.devotion"", ""block.puzzle.sudoku.free.game.classic.offline"", ""car.jam.traffic.seat.unblock"", ""clear.tap.geometrydash.puzzle.away.clash.block.games"", ""com.a3.topgirl.gplay"", ""com.beatles.puzzle.nonogram"", ""com.bgg.jump"", ""com.bible.catholic.ismla"", ""com.bible.hhb"", ""com.bible.holybible.nkjv.dailyverse"", ""com.bitmango.go.wordcookies"", ""com.blockpuzzle.blockflow"", ""com.cedargames.floralmaster"", ""com.cedargames.mysterytown"", ""com.cedargames.superheroes.puzzles"", ""com.colt"", ""com.daily.holybiblelite"", ""com.ddi"", ""com.easybrain.word.puzzle.game"", ""com.easybrain.word.search"", ""com.econogames.bible.wordsearch"", ""com.econogames.bible.wordsearch.gp"", ""com.econogames.word.sort.master.gp"", ""com.fbig.words"", ""com.gamovation.mahjongclub"", ""com.gamovation.tileclub"", ""com.gimica.wordkitchen"", ""com.gma.water.sort.puzzle"", ""com.histudiogames.games.wordshop"", ""com.hitappsgames.jblprod"", ""com.intensedev.classicsolitaire.gp"", ""com.iscoolentertainment.snc"", ""com.jholyk.bible.now"", ""com.kidultlovin.royalsolitaire"", ""com.kjv.bible.now"", ""com.kjvbible.timewithgod"", ""com.marulgames.wordsurf"", ""com.metaslots.matchvilla"", ""com.mybible.todaypraybible"", ""com.mybogames.pvp2"", ""com.oakever.blockrush"", ""com.oakever.cryptogram.master"", ""com.oakever.daisy.word.search"", ""com.oakever.pad.jigsaw"", ""com.oakever.screwzzle"", ""com.oakever.tilemahjong"", ""com.oakever.tiletrip"", ""com.oakgames.wordgame"", ""com.peoplefun.wordchums"", ""com.peoplefun.wordcircle"", ""com.peoplefun.wordflowers"", ""com.peoplefun.wordsolitaire"", ""com.peoplefun.wordvistas"", ""com.platogo.gmp"", ""com.platogo.pmp"", ""com.purplekiwii.vegaslive"", ""com.puzzle.fun.free.matching3d"", ""com.scopely.fortunecookie"", ""com.sirma.mobile.bible.android"", ""com.softtowelgames.cwp.android"", ""com.sonidorico.blushed"", ""com.vitastudio.block"", ""com.vitastudio.color.paint.free.coloring.number"", ""com.vitastudio.colorsort"", ""com.vitastudio.freecell"", ""com.vitastudio.mahjong"", ""com.vitastudio.papercrossword"", ""com.vitastudio.senior.jigsaw"", ""com.vitastudio.solitaire"", ""com.vitastudio.spider"", ""com.vitastudio.sudoku"", ""com.vitastudio.word"", ""com.vitastudio.wordsearch"", ""com.williamsinteractive.jackpotparty"", ""com.winrealcash.solitairedash.game"", ""com.wordchain"", ""com.wordfarm.scapes"", ""com.wordgame.words.connect"", ""com.xparty.androidapp"", ""com.zm.crossmath"", ""com.zynga.boggle"", ""com.zynga.scramble"", ""com.zynga.words"", ""com.zynga.wwf2.free"", ""cssdxh.bible.holybible"", ""drawing.lessons.sketch.how.to.draw.portrait"", ""easy.killer.sudoku.puzzle.solver.free"", ""easy.puzzle.sudoku.puzzles.solver.quest.free"", ""easy.sudoku.puzzle.solver.free"", ""es.socialpoint.wordlife"", ""fishing.games.hook.sports.angler.legend"", ""free.cross.word.game.scramble.puzzles"", ""happy.paint.coloring.color.number"", ""holy.bible.biblegame.bibleverse.color.by.number.colorbynumber.paint.pixel.art"", ""jigsaw.puzzle.game.banana"", ""kidultlovin.word.zen"", ""kjvbible.verse.daily.bible.prayer"", ""oneline.onestroke.curvedrawing.puzzle.freegame"", ""paint.by.number.pixel.art.coloring.drawing.puzzle"", ""pixel.block.number.free.classic.puzzle.game.offline.color.art.picture"", ""puzzle.blockpuzzle.cube.relax"", ""sandbox.pixel.number.coloring.book.page.art.free"", ""sonic.bubbleshoot.classic"", ""word.card.games.g"", ""word.connect.puzzle.games"", ""word.cross.connect.puzzle.games"", ""words.puzzle.wordgame.free.connect"", ""world.playme.mechat""]"
5af56c332803314ab33837f0,56d55c72562b9c353800000d,[],"[""1190849728""]"
5b14f1027ea39141340a6ada,5b0fc58f19829714e5ad0d2f,[],"[""1480806900"", ""372513032"", ""6462674052""]"
5b14f1387ea39141340a6d68,5b0fc58f19829714e5ad0d2f,"[""pandora.com""]","[""com.fagore.yogapp"", ""com.gamebrain.hexasort"", ""com.luckycalendar.jackpotplanner"", ""com.sgiggle.production"", ""com.superlive.liveapp"", ""com.ullBatteryGames.FoodSlice3D""]"
5b2a4c2c8815f423b86d090f,56d55c72562b9c353800000d,[],"[""and.brainworks.holeemall""]"
5b61c1d3a5eacf3ee67a792c,57d1b461ae2b57d903000027,[],"[""adult.coloring.book.mandala.colorfy.coloring.free"", ""art.coloringpages.paint.number.zodiac.free"", ""classic.relax.happy.color.by.number.game"", ""color.by.number.sandbox.no.draw.pixel.art"", ""color.paint.by.number.pgmaker"", ""com.DefaultCompany.ColorGoods"", ""com.PolyArtbook.HalloweenColorByNumber.Colorfil"", ""com.adult.coloring.book.pages"", ""com.apalon.mandala.coloring.book"", ""com.appcraft.colorbook"", ""com.appcraft.unicorn"", ""com.art.color.number.coloring.book"", ""com.art.jesus.bible.games.paint.color.by.numbers"", ""com.art.pixel.beauty.girl.games.paint.color.by.numbers"", ""com.art.pixel.bible.games.paint.color.by.numbers"", ""com.art.pixel.black.girl.games.paint.color.by.numbers"", ""com.art.pixel.pet.games.paint.color.by.numbers"", ""com.ascella.paintbynumber"", ""com.blizzpixelart.pixel.coloring"", ""com.blondeagames.art.coloring.book"", ""com.bongolight.pixelcoloring"", ""com.cheekuapps.Tattoo.ColorsbyNumber.Adult.PixelArt.coloring.pages"", ""com.chillfleet.puzzle"", ""com.christmas.winter.coloring.book.paint.by.number"", ""com.cm.fun.color"", ""com.color.by.number.color.ly.number.draw"", ""com.color.by.number.paint.ly.pixel.art"", ""com.color.by.numbers.dark.coloring.pages"", ""com.color.mandala"", ""com.color.page.paint.pixel.number.happy"", ""com.colorbynumber.unicorn.pixel.art.panda.draw.paintbynumber"", ""com.colorfeel.coloring.book"", ""com.coloring.arena.adult.color.by.number.paint.coloring.book.pages.pixel.art"", ""com.coloring.arena.adult.glitter.color.by.number.paint.coloring.book.pages.pixel.art"", ""com.coloring.book.paint.by.number"", ""com.coloring.color.pixel.art.number"", ""com.coloring.games.color.by.number"", ""com.colorpixart.colorbynumber.happy.free.game"", ""com.crazylabs.voxel.coloring"", ""com.creative.colorfit.mandala.coloring.book"", ""com.creative.coloring.colorbynumber"", ""com.creative.sandbox.number.drawning.coloring"", ""com.dream.home.house.happy.paint.by.number.coloring.game"", ""com.dreamgo.pixelartist.colorbynumber"", ""com.dynlwpp.atur129"", ""com.europosit.polygon2d.coloringpuzzle"", ""com.europosit.recollectgp.coloringbook"", ""com.eyewind.colorfit.mandala"", ""com.fairy.tale.happy.paint.by.number.coloring.game"", ""com.freegame.relax.paintnumber"", ""com.freegames.voxel.nodraw.pixelart.sandbox.coloring"", ""com.fungamesforfree.colorfy"", ""com.funlab.numbercoloring.pixelart"", ""com.gown.happy.paint.by.number.coloring.game"", ""com.gplay.royal.art.pixel.color"", ""com.gpower.pixelart"", ""com.gst.sandbox"", ""com.herocolor.glitternumbercoloring"", ""com.iceors.color.calm"", ""com.iceors.color.joy"", ""com.iceors.colorbook.release"", ""com.idz.pixel.art.coloring.numbers"", ""com.inapp.incolor"", ""com.inapp.no.paint.color.by.number.coloring"", ""com.infokombinat.coloringbynumbersunicorns"", ""com.infokombinat.coloringunicorns"", ""com.inno.poly"", ""com.kevvapps.PBNPRO"", ""com.lyingwin.colorbookasmrpainting.sg"", ""com.media720.games2020"", ""com.mintgames.adultcoloring"", ""com.mintgames.calmcolor"", ""com.mintgames.fancycolorpro"", ""com.mintgames.fantasycolor"", ""com.mintgames.memorycolor"", ""com.mwm.procolor"", ""com.nexttechgamesstudio.adult.glitter.color.by.number.paint.coloring.book.pages"", ""com.nexttechgamesstudio.alphabets.glitter.color.by.number.sandbox.coloring.adult.coloring.book"", ""com.nexttechgamesstudio.animals.glitter.color.by.number.paint.coloring.book.pages"", ""com.nexttechgamesstudio.animals.paint.by.number.sandbox.coloring.pixel.art.number"", ""com.nexttechgamesstudio.beauty.paint.by.number.sandbox.coloring.adult.coloring.book"", ""com.nexttechgamesstudio.butterfly.glitter.color.by.number.sandbox.coloring.adult.coloring.book"", ""com.nexttechgamesstudio.butterfly.paint.by.number.sandbox.coloring.adult.coloring.book"", ""com.nexttechgamesstudio.cars.paint.by.number.sandbox.coloring.pixel.art.number"", ""com.nexttechgamesstudio.coloringsandbox"", ""com.nexttechgamesstudio.dinasour.paint.by.number.sandbox.coloring.adult.coloring.book"", ""com.nexttechgamesstudio.dolphins.color.by.number.coloring.book.pages"", ""com.nexttechgamesstudio.doodle.color.by.number.sandbox.coloring.adult.coloring.book"", ""com.nexttechgamesstudio.dragons.color.by.number.sandbox.coloring.adult.coloring.book"", ""com.nexttechgamesstudio.dress.paint.by.number.sandbox.coloring.adult.coloring.book"", ""com.nexttechgamesstudio.fairy.color.by.number.sandbox.coloring.adult.coloring.book"", ""com.nexttechgamesstudio.fidget.spinner.paint.by.number.sandbox.coloring.adult.coloring.book"", ""com.nexttechgamesstudio.flower.paint.by.number.sandbox.coloring.adult.coloring.book"", ""com.nexttechgamesstudio.futuritic.cars.color.by.number.adult.coloring.book.pages"", ""com.nexttechgamesstudio.girls.paint.by.number.sandbox.coloring.adult.coloring.book"", ""com.nexttechgamesstudio.horse.paint.by.number.sandbox.coloring.adult.coloring.book"", ""com.nexttechgamesstudio.ice.cream.color.by.number.sandbox.coloring.adult.coloring.book"", ""com.nexttechgamesstudio.japanese.color.by.number.sandbox.coloring.adult.coloring.book"", ""com.nexttechgamesstudio.manadala.glitter.color.by.number.paint.coloring.book.pages"", ""com.nexttechgamesstudio.mandala.paint.by.number.sandbox.coloring.pixel.art.number"", ""com.nexttechgamesstudio.owl.glitter.color.by.number.sandbox.coloring.adult.coloring.book"", ""com.nexttechgamesstudio.princess.paint.by.number.sandbox.coloring.adult.coloring.book"", ""com.nexttechgamesstudio.racing.cars.color.by.number.vehicles.coloring.book.pages"", ""com.nexttechgamesstudio.tattoo.paint.by.number.sandbox.coloring.adult.coloring.book"", ""com.nexttechgamesstudio.trains.color.by.number.coloring.book.pages"", ""com.nexttechgamesstudio.valentine.color.by.number.sandbox.coloring.adult.coloring.book"", ""com.nexttechgamesstudio.valentine.glitter.color.by.number.sandbox.coloring.adult.coloring.book"", ""com.no.color"", ""com.no.draw.color.by.number"", ""com.noxgroup.game.pbn"", ""com.number.draw.ly.color.by.number.pixel.art.sandbox.coloring"", ""com.paint.color.by.number.coloring.book"", ""com.paint.number.art.coloring.paintbynumber.colorbynumber"", ""com.paint.number.davinci"", ""com.paintart.artworkbynumbers"", ""com.paintbynumber.coloring.colorbynumber"", ""com.painting.book.colorme"", ""com.pcoloring.art.puzzle.color.by.number"", ""com.piupiuapps.coloringbynumbersmandala"", ""com.piupiuapps.coloringbynumberssuper"", ""com.piupiuapps.coloringglittermermaids"", ""com.piupiuapps.coloringglitterunicorns"", ""com.piupiuapps.coloringprincess3"", ""com.pixel.art.coloring.by.number"", ""com.pixel.art.coloring.color.by.number"", ""com.pixel.art.coloring.color.number"", ""com.pixel.coloring.color.by.number"", ""com.pixelart.colorbynumber"", ""com.pixelart.coloringbook.colorbynumber"", ""com.pixign.premium.coloring.book"", ""com.playcus.crossstitch.craftart"", ""com.playcus.pixel.art.saga"", ""com.playlist.pablo"", ""com.pop.happy.art.paint.by.number.coloring.game"", ""com.pop.pixel.art.color.paint.free.games"", ""com.relax.coloring.games.color.by.number.colourpop"", ""com.ruby.coloring.pages.art.games.anime.manga"", ""com.sandbox.coloring.numbercoloring.game.free"", ""com.sandbox.number.coloringlife.free"", ""com.sh.coloring.page.asmr.drawing"", ""com.storytoys.disney.pixar.coloring.princess.googleplay"", ""com.sumoing.recolor"", ""com.tangle.happy.paint.by.number.coloring.game"", ""com.tapcolor.color.coloring.number.paint.free"", ""com.tapsarena.pixelmania"", ""com.tfgco.apps.coloring.free.color.by.number"", ""com.tfgco.games.coloring.free.paint.by.number"", ""com.tixonic.paintbynumber"", ""com.twodtwob.coloring.adult"", ""com.vitastudio.color.paint.free.coloring.number"", ""com.wow.number"", ""com.yunbu.coloring.creative.free"", ""com.yunbu.pixel.cross"", ""com.zimad.magicnumber"", ""creativegames.coloring.color.by.number.colorbynumber"", ""gameocean.colorbynumber.sandbox.pixelart.pixelmania.indraw.paintbox.numberdraw.mario.nodraw.simple.polyart"", ""gg.tig.happy.paint.color.number"", ""holy.bible.biblegame.bibleverse.color.by.number.colorbynumber.paint.pixel.art"", ""mobi.byss.voxelator"", ""net.applabsinc.android_animalcolor"", ""net.applabsinc.android_enchantedforest"", ""net.applabsinc.mandala_coloring_book_mandalas_for_adults"", ""net.yeastudio.colorfil"", ""paint.by.number.pixel.art.coloring.drawing.puzzle"", ""pixelart.colorbynumber.paintbynumbers"", ""puzzle.pixel.art.coloring.drawing.sandbox.free.painting.games.kids.adults.fun"", ""sandbox.art.sandbox"", ""sandbox.coloring.number.pixel.art"", ""sandbox.pixel.art.no.draw.color.by.number"", ""zonek.design.boyngirl"", ""zonek.design.paintbynumbers""]"
5b7c5bff274f5b2f7bc47219,561e8d976b8d90f61a004735,[],"[""1613687713"", ""6445905219""]"
5b7c63748734f02f83929e90,561e8d976b8d90f61a004735,[],"[""com.nnxshcwrkg.scavengerhunt""]"
5b83e2f3ebcb4a0f62d80e85,56d55c72562b9c353800000d,[],[]
5b99403f45e58040ccdd7177,56d55c72562b9c353800000d,[],[]
5bebfb1c4de124001080db05,568b8cb3bb2089a80600000a,[],"[""1153883316"", ""1207472156"", ""1226926872"", ""1282966364"", ""1291854522"", ""1299956969"", ""1328841952"", ""1342112505"", ""1356980152"", ""1357464684"", ""1369521645"", ""1418492982"", ""1420058690"", ""1441949789"", ""1442749804"", ""1446254576"", ""1463363974"", ""1464689103"", ""1466197423"", ""1471592644"", ""1481009631"", ""1483058899"", ""1494864196"", ""1503138606"", ""1518963006"", ""1521803352"", ""1523404205"", ""1532397340"", ""1536157979"", ""1545607822"", ""1557392270"", ""1585080096"", ""1589762792"", ""1598506904"", ""1600897260"", ""1603801118"", ""1622939649"", ""1639354550"", ""1660171117"", ""485126024"", ""575980917"", ""6443488084"", ""6443701534"", ""6443796698"", ""6446669987"", ""6447245060"", ""6449570140"", ""6449934686"", ""6450493164"", ""6450801984"", ""6450879126"", ""6451130237"", ""6451237392"", ""6451403685"", ""6452119853"", ""6463851493"", ""6464439483"", ""6464458481"", ""6467381579"", ""6468921495"", ""6468921590"", ""6473984307"", ""6474012858"", ""6474589614"", ""6474989365"", ""6474990513"", ""6475757505"", ""6478953714"", ""6479394113"", ""6498883328"", ""6502341879"", ""6502757545"", ""6503603603"", ""6547858927"", ""6608973267"", ""6612024746"", ""6736897776"", ""6737221366"", ""6737767831"", ""6738424260"", ""6739792763"", ""6741756032"", ""6741794163"", ""6742132738"", ""6742734220"", ""6743194757"", ""6745003362""]"
5c505bc01d8afc08c9a4e14e,568b8cb3bb2089a80600000a,[],"[""bible.wordgame.words.connect.crossword.cookies"", ""com.pinterest"", ""com.superlive.liveapp"", ""playsimple.wordsearch""]"
5c6bcec910122f720df1553b,568b8cb3bb2089a80600000a,[],"[""1005765746"", ""1008755288"", ""1011376303"", ""1014944495"", ""1023782170"", ""1024481933"", ""1024928081"", ""1027978684"", ""1043400501"", ""1044534198"", ""1047546767"", ""1048518592"", ""1057860506"", ""1057968965"", ""1058317706"", ""1058719827"", ""1065530749"", ""1071310449"", ""1076615810"", ""1077137248"", ""1077801089"", ""1078643602"", ""1084252650"", ""1084762137"", ""1089836344"", ""1089864746"", ""1089963681"", ""1091301948"", ""1092689152"", ""1095569891"", ""1096884447"", ""1100883805"", ""1105280991"", ""1105834924"", ""1106879575"", ""1107742264"", ""1108179606"", ""1112055588"", ""1115249449"", ""1115924768"", ""1116870834"", ""1118406919"", ""1123930673"", ""1125928986"", ""1129234406"", ""1135172555"", ""1137852702"", ""1139724189"", ""1144123870"", ""1146601414"", ""1153481737"", ""1158800575"", ""1159475164"", ""1161672426"", ""1163060448"", ""1173931219"", ""1176649108"", ""1184083151"", ""1186197186"", ""1193508329"", ""1195092555"", ""1196764367"", ""1197041040"", ""1198470440"", ""1200391796"", ""1203725149"", ""1205201517"", ""1207472156"", ""1207472160"", ""1208999023"", ""1215360172"", ""1215933788"", ""1216673574"", ""1217925171"", ""1219658732"", ""1222511829"", ""1225078420"", ""1225246161"", ""1229075980"", ""1232526187"", ""1234322827"", ""1236153570"", ""1237172656"", ""1244220065"", ""1245180154"", ""1249798762"", ""1251790681"", ""1253492609"", ""1253538237"", ""1255423634"", ""1256286028"", ""1256304845"", ""1257539184"", ""1261309078"", ""1261313159"", ""1264546236"", ""1265838130"", ""1267789716"", ""1268523196"", ""1269130452"", ""1269460400"", ""1269673961"", ""1273162445"", ""1274972321"", ""1275931502"", ""1276446451"", ""1278922336"", ""1286254804"", ""1287540998"", ""1288458862"", ""1289527026"", ""1289907271"", ""1293658302"", ""1299611345"", ""1299809588"", ""1300058820"", ""1302451299"", ""1308181322"", ""1312662205"", ""1312768677"", ""1313561414"", ""1314214308"", ""1314240801"", ""1314408461"", ""1321652251"", ""1322257238"", ""1324604053"", ""1330753970"", ""1330894635"", ""1330947092"", ""1335823906"", ""1337667848"", ""1342087561"", ""1343733764"", ""1344777837"", ""1347362487"", ""1347684152"", ""1350396453"", ""1351459613"", ""1352603023"", ""1355423477"", ""1356679402"", ""1357131935"", ""1357352041"", ""1357553368"", ""1357802596"", ""1360269768"", ""1365447692"", ""1369521645"", ""1370245504"", ""1370307771"", ""1372630042"", ""1373043021"", ""1373182463"", ""1375993101"", ""1379080711"", ""1382108510"", ""1382118381"", ""1386727308"", ""1387360837"", ""1389355812"", ""1390646086"", ""1391723501"", ""1394653798"", ""1394966990"", ""1395792163"", ""1397368562"", ""1402944867"", ""1403535416"", ""1404769349"", ""1406901152"", ""1412024414"", ""1412262458"", ""1413608864"", ""1413698634"", ""1413942319"", ""1416520333"", ""1418794453"", ""1420294918"", ""1421420656"", ""1424533120"", ""1426319581"", ""1426530274"", ""1436670480"", ""1437263404"", ""1437273344"", ""1437783446"", ""1439243654"", ""1439282938"", ""1439875940"", ""1441352547"", ""1441645718"", ""1441751300"", ""1441957412"", ""1443448520"", ""1443556230"", ""1443871309"", ""1444813385"", ""1445219537"", ""1445478723"", ""1445485042"", ""1445525186"", ""1445691600"", ""1446728841"", ""1446858203"", ""1448231207"", ""1449004506"", ""1450105402"", ""1450607004"", ""1451047738"", ""1451073143"", ""1452227871"", ""1452741962"", ""1452992954"", ""1453351862"", ""1453795744"", ""1453835217"", ""1453837845"", ""1454290016"", ""1455098461"", ""1455396801"", ""1455915636"", ""1456766421"", ""1457173515"", ""1457846652"", ""1458321290"", ""1458730886"", ""1458847618"", ""1459115092"", ""1459503529"", ""1459518549"", ""1460109380"", ""1460114835"", ""1460636713"", ""1461100476"", ""1461422293"", ""1461430852"", ""1461700291"", ""1461766061"", ""1462060332"", ""1462123372"", ""1462860914"", ""1464235676"", ""1465058550"", ""1465173775"", ""1465197114"", ""1465579822"", ""1465860096"", ""1466207432"", ""1466588301"", ""1467451327"", ""1467771859"", ""1467915358"", ""1468430284"", ""1468882166"", ""1470593250"", ""1471769946"", ""1471967529"", ""1472765237"", ""1473274534"", ""1473295688"", ""1473573813"", ""1474380444"", ""1474629097"", ""1474741460"", ""1475870720"", ""1475888493"", ""1476129955"", ""1476363607"", ""1477300089"", ""1477636326"", ""1477668963"", ""1477794664"", ""1477822974"", ""1477841973"", ""1479305181"", ""1479332085"", ""1480081393"", ""1480338372"", ""1480496404"", ""1481182406"", ""1481318515"", ""1482270932"", ""1482276073"", ""1482379303"", ""1482382774"", ""1482426780"", ""1482705450"", ""1482760220"", ""1483213933"", ""1483975130"", ""1485277318"", ""1485345280"", ""1486154363"", ""1486168746"", ""1486214495"", ""1486579082"", ""1486892969"", ""1486901972"", ""1486915152"", ""1487144938"", ""1487585438"", ""1487607878"", ""1487938828"", ""1488137829"", ""1488837393"", ""1489340645"", ""1490605957"", ""1491717191"", ""1491764681"", ""1491869532"", ""1491869676"", ""1493269955"", ""1493907064"", ""1494135182"", ""1494676709"", ""1495029497"", ""1495324535"", ""1496661753"", ""1497489224"", ""1497867183"", ""1498057837"", ""1498492128"", ""1499061800"", ""1499120554"", ""1499293152"", ""1499931366"", ""1499972852"", ""1500679507"", ""1501130082"", ""1501689326"", ""1502370160"", ""1502447854"", ""1502705173"", ""1502972747"", ""1502982594"", ""1503307103"", ""1504546273"", ""1504662758"", ""1504860127"", ""1505735640"", ""1505871994"", ""1506496657"", ""1506724164"", ""1506954865"", ""1507132028"", ""1507173665"", ""1507772627"", ""1508275839"", ""1508418993"", ""1508449023"", ""1509045403"", ""1509517244"", ""1510024219"", ""1510189987"", ""1510395712"", ""1510572629"", ""1510712623"", ""1511574238"", ""1511921978"", ""1512112870"", ""1513009813"", ""1513126141"", ""1513129141"", ""1513555613"", ""1514509909"", ""1514602898"", ""1514807879"", ""1515103132"", ""1515110378"", ""1515210752"", ""1516212835"", ""1517337474"", ""1517375267"", ""1517379202"", ""1517596517"", ""1517744199"", ""1517829670"", ""1518047412"", ""1518529006"", ""1518863353"", ""1519009102"", ""1519174001"", ""1519727197"", ""1521339753"", ""1521556341"", ""1522266397"", ""1522990848"", ""1523443438"", ""1524264978"", ""1524620541"", ""1524929713"", ""1526842079"", ""1526974000"", ""1527106984"", ""1527770686"", ""1529839083"", ""1530188205"", ""1530876832"", ""1531582123"", ""1531855914"", ""1532253423"", ""1533569824"", ""1533748773"", ""1533771239"", ""1534712015"", ""1535521299"", ""1537764333"", ""1539388451"", ""1540085348"", ""1541508020"", ""1541573592"", ""1541583517"", ""1541604378"", ""1542324065"", ""1542883540"", ""1542912961"", ""1542930270"", ""1543195735"", ""1544633266"", ""1545206038"", ""1545567989"", ""1546336250"", ""1548971672"", ""1549409618"", ""1549726220"", ""1549815540"", ""1550232616"", ""1550622992"", ""1550697104"", ""1550734007"", ""1551079603"", ""1551753404"", ""1552197278"", ""1552347464"", ""1552362023"", ""1552720930"", ""1554881157"", ""1556510667"", ""1556516935"", ""1557219807"", ""1559669997"", ""1560314455"", ""1562313985"", ""1563239332"", ""1565374299"", ""1565866365"", ""1566292252"", ""1566710729"", ""1567025789"", ""1568087584"", ""1568223570"", ""1568784560"", ""1570303461"", ""1572269582"", ""1572661625"", ""1572892132"", ""1574640490"", ""1575882205"", ""1576195494"", ""1578816591"", ""1579681838"", ""1579813745"", ""1580064408"", ""1580601028"", ""1580614756"", ""1580802574"", ""1584491161"", ""1585193132"", ""1586103109"", ""1588098340"", ""1589240790"", ""1589643727"", ""1594712929"", ""1595779374"", ""1598843828"", ""1600880375"", ""1602197430"", ""1602244029"", ""1605842465"", ""1606475437"", ""1606691646"", ""1609393144"", ""1609570356"", ""1610508475"", ""1611547216"", ""1611741868"", ""1613146723"", ""1613309241"", ""1613770272"", ""1615538205"", ""1616615546"", ""1617539984"", ""1620306376"", ""1620319602"", ""1621145710"", ""1621905783"", ""1621906176"", ""1622165569"", ""1623992131"", ""1625050310"", ""1632444218"", ""1632915087"", ""1633021483"", ""1636821805"", ""1638797157"", ""1639588528"", ""1640075364"", ""1641732564"", ""1642483304"", ""1642532050"", ""1642596906"", ""1643013597"", ""1643510519"", ""1643842906"", ""1644099880"", ""1658552058"", ""1658843316"", ""1665914232"", ""1667330464"", ""1668409972"", ""1668656321"", ""1671524169"", ""1671991909"", ""1673410546"", ""284036524"", ""284815117"", ""286911400"", ""294536447"", ""303058767"", ""307569751"", ""311691366"", ""315322445"", ""321916506"", ""327449554"", ""333262544"", ""350189835"", ""363306776"", ""371808484"", ""378123895"", ""380210791"", ""395505438"", ""404366437"", ""406150030"", ""431252306"", ""431434152"", ""439873467"", ""441092257"", ""444922518"", ""446199878"", ""447553564"", ""452176000"", ""455581687"", ""460177396"", ""460744832"", ""476500832"", ""480163871"", ""488627858"", ""488628250"", ""488818252"", ""495583717"", ""501724085"", ""504265646"", ""505384445"", ""514338516"", ""517840944"", ""527608315"", ""532137502"", ""543054341"", ""550946484"", ""553287152"", ""559660809"", ""566589318"", ""566593443"", ""570510529"", ""575980917"", ""576525179"", ""577604624"", ""580847667"", ""580935508"", ""582340397"", ""588252400"", ""590330669"", ""595558452"", ""595730631"", ""598439078"", ""600674056"", ""609067187"", ""616679200"", ""623367437"", ""623592465"", ""628052020"", ""633324440"", ""633759494"", ""634113809"", ""635094822"", ""642430555"", ""642831690"", ""6443411338"", ""6443449716"", ""6443660075"", ""6443677642"", ""6443690726"", ""6443911265"", ""6444027962"", ""6444056676"", ""6444154014"", ""6444349473"", ""6444738309"", ""6444768142"", ""6444773740"", ""6444775332"", ""6445880455"", ""6445909952"", ""6446480648"", ""6447757125"", ""6447878256"", ""6449009743"", ""6449282116"", ""6450017895"", ""6450177314"", ""6450273326"", ""6450590696"", ""6451108598"", ""6451438282"", ""6453159988"", ""6456106044"", ""6456524943"", ""645705454"", ""6457203160"", ""6458692386"", ""6459700431"", ""6461600658"", ""6461645146"", ""6462874618"", ""6466410227"", ""6467381579"", ""6469806311"", ""6470903157"", ""6475712873"", ""6476164708"", ""6477546829"", ""6480114989"", ""6480587399"", ""6499236530"", ""6503122835"", ""6503184925"", ""6504282943"", ""6504290103"", ""651510680"", ""653967729"", ""654661008"", ""655645841"", ""656266603"", ""656971078"", ""658511180"", ""6612024746"", ""6615086509"", ""662053009"", ""663084496"", ""663996719"", ""6670779651"", ""670587290"", ""6723865276"", ""6736526782"", ""6737067328"", ""6738905436"", ""6739423612"", ""6739771193"", ""6739792763"", ""6742409587"", ""6743212841"", ""6744045288"", ""6744304405"", ""6745003362"", ""6745258320"", ""6747068105"", ""6748893286"", ""6754191834"", ""6756418682"", ""6759309975"", ""678426772"", ""687207809"", ""687877464"", ""688876601"", ""689220497"", ""690661663"", ""698848120"", ""708600202"", ""718979056"", ""719525810"", ""727459256"", ""734369589"", ""748048441"", ""755281885"", ""757072473"", ""785309108"", ""788887465"", ""791005029"", ""792595594"", ""793753310"", ""796882776"", ""798766719"", ""804379658"", ""806393795"", ""814434907"", ""852152318"", ""857591718"", ""857763451"", ""859866568"", ""864653361"", ""868758561"", ""872579324"", ""875063456"", ""876514856"", ""880178264"", ""886979567"", ""895028786"", ""895390535"", ""898040123"", ""898834730"", ""901381340"", ""909925046"", ""909995876"", ""912956604"", ""919571269"", ""922488002"", ""924010506"", ""937976391"", ""938207958"", ""950542099"", ""956847255"", ""957031988"", ""957848865"", ""959436050"", ""963656767"", ""973655887"", ""975364678"", ""976690822"", ""977862069"", ""978733215"", ""979597990"", ""979759584"", ""980016643""]"
5c88efab1c2e1f6eb4ca10cc,57d1b461ae2b57d903000027,[],"[""1037710023"", ""1098342019"", ""1114021307"", ""1172964810"", ""1180453758"", ""1318151064"", ""1325481383"", ""1386774799"", ""1404981086"", ""1435144729"", ""1436190020"", ""1448301985"", ""1449822683"", ""1458691450"", ""1459071040"", ""1461733370"", ""1467824012"", ""1468608983"", ""1471641509"", ""1475431542"", ""1475560132"", ""1475909520"", ""1477321837"", ""1478086665"", ""1478871295"", ""1479531681"", ""1480007426"", ""1483591284"", ""1484201370"", ""1484796476"", ""1488343214"", ""1491508092"", ""1493064390"", ""1494084760"", ""1501471708"", ""1503138606"", ""1504858592"", ""1506711842"", ""1510144739"", ""1518948315"", ""1520137272"", ""1530781272"", ""1535919198"", ""1540541855"", ""1543830420"", ""1549647545"", ""1554729927"", ""1556378509"", ""1556570183"", ""1562698466"", ""1579122980"", ""1584796663"", ""1591014486"", ""1613958816"", ""1616548920"", ""318667196"", ""500195713"", ""503132420"", ""574857255"", ""6453699927"", ""6502227779"", ""6673899093"", ""6746413117"", ""6748389909"", ""6751551282"", ""6755335794"", ""6758877102"", ""6759322849"", ""737744473"", ""777552306"", ""867654947"", ""880178264"", ""960708632"", ""977150768""]"
5c9c7a04d13ede0012e22ff2,57d1b461ae2b57d903000027,[],"[""1062517225"", ""1078160821"", ""1081720194"", ""1086524892"", ""1094636977"", ""1095572547"", ""1164022904"", ""1176011642"", ""1180400933"", ""1190439381"", ""1191831883"", ""1195770330"", ""1200942200"", ""1212951043"", ""1261300725"", ""1274412560"", ""1281878296"", ""1288473370"", ""1305545723"", ""1305610696"", ""1315531311"", ""1315540005"", ""1319623038"", ""1330117718"", ""1340317054"", ""1340841589"", ""1341190782"", ""1354915330"", ""1356820483"", ""1359377762"", ""1359762670"", ""1372424648"", ""1374921656"", ""1384962501"", ""1385296976"", ""1394436000"", ""1395406034"", ""1397148673"", ""1409130685"", ""1411182056"", ""1433624465"", ""1439723447"", ""1441941417"", ""1444308762"", ""1449592545"", ""1451509620"", ""1466197423"", ""1469190078"", ""1472849895"", ""1473836342"", ""1475744487"", ""1478856441"", ""1479396782"", ""1481818959"", ""1482936711"", ""1485169220"", ""1485184685"", ""1486738350"", ""1488233668"", ""1488416691"", ""1488418386"", ""1488940472"", ""1489019159"", ""1489539472"", ""1490369374"", ""1490583447"", ""1491581562"", ""1491920093"", ""1492798746"", ""1492846180"", ""1493135876"", ""1493247034"", ""1493440203"", ""1493867698"", ""1494071474"", ""1494080685"", ""1494148558"", ""1494615905"", ""1494624348"", ""1494864196"", ""1495011162"", ""1495285380"", ""1495925891"", ""1496354836"", ""1496576671"", ""1496661753"", ""1497783678"", ""1498533791"", ""1499000818"", ""1499555554"", ""1499758061"", ""1499782519"", ""1500588411"", ""1501191658"", ""1501636469"", ""1501637435"", ""1501811370"", ""1501836385"", ""1502390087"", ""1502512018"", ""1503139485"", ""1503339544"", ""1503340151"", ""1503653224"", ""1505973500"", ""1507198509"", ""1508451048"", ""1508721067"", ""1508942891"", ""1509841214"", ""1510708374"", ""1513307928"", ""1514152411"", ""1514551392"", ""1514940326"", ""1515874052"", ""1516434678"", ""1518158913"", ""1519186903"", ""1519469207"", ""1523107713"", ""1524613492"", ""1532178454"", ""1532858216"", ""1534846131"", ""1536090878"", ""1541451252"", ""1547228758"", ""1547762178"", ""1551787372"", ""1554810019"", ""1559672001"", ""1560120626"", ""1561719761"", ""1561770761"", ""1563363051"", ""1569355803"", ""1570093047"", ""1572892132"", ""1574265659"", ""1574857139"", ""1584318864"", ""1587319072"", ""1590453365"", ""1592961643"", ""1604157383"", ""1611543739"", ""1615750120"", ""1617391485"", ""1618716195"", ""1630975482"", ""1638139403"", ""1664433234"", ""1668795456"", ""6443434229"", ""6443701534"", ""6446247885"", ""6446405484"", ""6446890186"", ""6447245060"", ""6448316134"", ""6448526042"", ""6448698584"", ""6449227253"", ""6449266176"", ""6449541718"", ""6449707184"", ""6450301658"", ""6450409028"", ""6452431880"", ""6463860017"", ""6464458481"", ""6465206486"", ""6466299204"", ""6466394286"", ""6469589140"", ""6471839085"", ""6471930492"", ""6472778829"", ""6473837006"", ""6475052950"", ""6475390749"", ""6475708097"", ""6477827631"", ""6478063606"", ""6478143720"", ""6478905231"", ""6479229672"", ""6480159281"", ""6497333199"", ""6502444642"", ""6502815304"", ""6514311150"", ""6557047872"", ""6569243702"", ""6608975929"", ""6670189254"", ""6736890015"", ""6737165047"", ""6738614957"", ""6738647276"", ""6739767907"", ""6741105808"", ""6742182514"", ""6742375566"", ""6745776076"", ""6747179248"", ""6747201329"", ""6747335391"", ""6748379225"", ""6749438021"", ""911793120"", ""972013240""]"
5cb99eb2e520d93f2a43c588,57d1b461ae2b57d903000027,[],"[""air.au.com.minimega.bonzajigsaw"", ""air.com.jigsawpuzzlequest"", ""art.color.planet.jigsaw.puzzle.online.free"", ""bibi.JigsawPuzzles.JigsawPuzzleFree"", ""block.puzzle.tetris.jigsaw"", ""by.alfasoft.CityJigsawPuzzles"", ""by.alfasoft.HolidayJigsawPuzzles"", ""cn.itools.game.freepuzzle"", ""com.BBAGAMEs.lego"", ""com.BerryGames.Snaptiles"", ""com.Ryneda.PuzzleAdventures"", ""com.aero.jpl"", ""com.alieninzen.JigsawPuzzles"", ""com.appgame7.jigsaw.free"", ""com.appsvolume.animalpuzzlegamesforkids"", ""com.art.blast.jigsaw"", ""com.artlife.jigsaw.puzzle"", ""com.astralwirestudio.JigsawPuzzle"", ""com.bandagames.mpuzzle.gp"", ""com.beansprites.jigsawpuzzlegameFREE"", ""com.bible.game.jigsaw.puzzle"", ""com.bible.happy.art.jigsaw.puzzle.free.game"", ""com.bigc.daily.jigsaw.puzzles"", ""com.bigcake.jigsaw.puzzles"", ""com.block.jigsaw.puzzle.gallery"", ""com.brainsoft.jigsaw.magic.puzzle"", ""com.brainule.kidsjigsawworld"", ""com.carjigsaw.freepuzzle.games"", ""com.chaorong.game.livepuzzle"", ""com.classicgame.softgame.jigsawpuzzle"", ""com.cleverside.jigsaw"", ""com.cookapps.gamejam.jigsaw.puzzle"", ""com.crimsonpine.jigsaw.by.number.puzzle.april"", ""com.criticalhitsoftware.jigsawpuzzle"", ""com.crossfield.jigsawpuzzles"", ""com.dark.happy.art.jigsaw.puzzle.free.game"", ""com.digitalstrawberry.jigsawdaily"", ""com.dodo.PonyPuzzle"", ""com.eflamestudio.JigsawPuzzlesWorldCollection"", ""com.findingame.jigsaw.puzzle.games"", ""com.flyingcat.jigsaw"", ""com.free.puzzle.games.jigsaw.puzzles"", ""com.freegames.puzzlejigsaw.braintest.go"", ""com.freejiigsawpuzzles.puzzlegames"", ""com.fruitblast.friendslegend"", ""com.funlink.fruitJigsaw"", ""com.gamesforkids.puzzlekids.girlsgames"", ""com.gamma.go.jigsaw"", ""com.gamma.jigsaw"", ""com.girlgame.heartjigsaw"", ""com.goodsofttech.jigsawpuzzle"", ""com.gotiva.jigsawpuzzle"", ""com.gown.happy.art.jigsaw.puzzle.free.game"", ""com.greyfun.puzzle.jigsaw"", ""com.hammurabigames.dailyjigsawpuzzles"", ""com.hdjigsawgame.freepuzzle"", ""com.hncgames.Jigsawworld"", ""com.inertiasoftware.justjigsaws"", ""com.jigsaw.game.family.picture.elfyourself.unicornchef.magic.puzzles"", ""com.jigsaw.kidsgames.offline.free"", ""com.jigsaw.magic.collection.puzzle"", ""com.jigsaw.picture.collection.puzzle"", ""com.jigsaw.puzzle.games.MagicJigsawPuzzles"", ""com.jigsaw.puzzle.hd"", ""com.jigsaw.puzzles.free.puzzlegames"", ""com.jigsaw.puzzles.happy.calm.relax"", ""com.jigsawbestgames.pcbadult"", ""com.jigsawbestgames.pcbpuzzlenoinet"", ""com.jigsawbestgames.puzzlemiracle"", ""com.jigsawgame.offlinegame.free.casual"", ""com.jigsawgame.relaxpuzzle"", ""com.jigsawpuzzles"", ""com.jollyco.jbpuzzleadventure"", ""com.joystar.country.life.puzzles.hd"", ""com.joystar.fantasy.jigsaw.puzzles.hd"", ""com.joystar.house.jigsaw.puzzles.hd"", ""com.joystar.jigsaw.puzzles.hd"", ""com.kristanix.android.jigsawpuzzleepic"", ""com.lemel.jigsaw"", ""com.limongames.jigsawpuzzlespro"", ""com.magic.crystal.happy.art.jigsaw.puzzle.free.game"", ""com.magicblock.jigsawcollectionhd"", ""com.marmalade.jigsaw"", ""com.mintgames.fancyjigsaw"", ""com.mintgames.jigsawmaster"", ""com.mobirix.jigsawking"", ""com.morningsoft.picturepuzzles"", ""com.msmg.animalspuzzledos"", ""com.nature.happy.art.jigsaw.puzzle.free.game"", ""com.neptune.jigsaw.countryside"", ""com.netsells.jigtalk"", ""com.oneup.jigsaw.puzzles.free"", ""com.openmygame.games.android.jigsawpuzzle"", ""com.openmygame.jigsaw.puzzle.jigsawgram"", ""com.outfit7.jigtyfree"", ""com.ovasoft.jigsawpuzzle"", ""com.photoeditor.games.puzzle.animals"", ""com.photoeditorgames.puzzle"", ""com.piupiuapps.puzzlekids"", ""com.piupiuapps.puzzlekidsgirls"", ""com.pixen.jigsawpuzzles"", ""com.pixign.jigsaw.puzzle"", ""com.pixign.jigsaw.puzzle.new"", ""com.playrockets.jigsaw"", ""com.prizepool.jigsaw.puzzle"", ""com.puzzin.jigsaw.puzzle"", ""com.puzzle.jigsaw.braingame.jigsawpuzzle"", ""com.puzzle.jigsaw.braingame.ultimatejigsaw"", ""com.puzzle.kids.free.puzzle"", ""com.puzzle.relax.fun.color"", ""com.puzzlegames.jigsaw.puzzles.free"", ""com.puzzlegames.jigsawpuzzles"", ""com.puzzlesgame.jigsawclassic.free.block"", ""com.puzzlesgames.jigsaw.puzzle.bravo"", ""com.puzzletime.jigsaw"", ""com.rangames.jigsaw.puzzle.game.free.app"", ""com.rangames.jigsaw.puzzle.photo.free"", ""com.rangames.puzzlemannew"", ""com.rangames.realjigsawpuzzlesfree2"", ""com.ravensburger.puzzle.junior"", ""com.ravensburgerdigital.puzzle"", ""com.relaxbrain.magic.jigsaw.puzzles.game"", ""com.rottzgames.realjigsaw"", ""com.ruby.jigsaw.puzzles.game"", ""com.rvappstudios.hexa.jigsaw.puzzle.block.game"", ""com.rvappstudios.jigsaw.puzzles"", ""com.rvappstudios.jigsaw.puzzles.kids"", ""com.steampunk.happy.art.jigsaw.puzzle.free.game"", ""com.surprisejigsawpuzzle.casual.gp"", ""com.surreal.happy.art.jigsaw.puzzle.free.game"", ""com.tahidr.disney.jigsawpuzzles"", ""com.titan.jigsaw"", ""com.titan.tplandscape"", ""com.towelie.puzzle"", ""com.veraxen.jigsaw"", ""com.veraxen.jigsawpuzzlescollectionhd"", ""com.veraxen.jigsawstories"", ""com.vitastudio.senior.jigsaw"", ""com.whimsy.happy.art.jigsaw.puzzle.free.game"", ""com.zebplay.game.jigsaw_world"", ""com.zebplay.jigsaw.puzzle.game"", ""com.zimad.puzzle.villa.jigsaw"", ""cos.mos.jigsaw"", ""enjoy.jigsaw.puzzles.game"", ""in.playsimple.jigsaw_puzzle"", ""jigsaw.puzzle.color.master.paint.classical.hd.funny"", ""jigsaw.puzzle.free.coloring.game"", ""jigsaw.puzzle.free.games"", ""jigsaw.puzzle.game.banana"", ""jigsaw.puzzle.game.tosimple"", ""jigsaw.puzzle.game.wallpaper.tosimple"", ""jigsaw.puzzles.free.games"", ""jigsaw.puzzles.hd.artgame.pgmaker"", ""kr.co.smartstudy.kidspuzzlefun_android_googlemarket"", ""linkdesks.jigsaw.family"", ""linkdesks.jigsaw.puzzle.classic"", ""magic.puzzles.jigsaw.free.mount"", ""net.bigbearentertainment.jigsaw.puzzles.puzzle.game.foradults.adults.adult"", ""org.rad.puzzle"", ""puzzles.jigsaw.landscape.nature"", ""relax.jigsaw.puzzle.brain.calm.free"", ""se.appfamily.puzzle.cats.free"", ""se.appfamily.xmaspuzzlefree"", ""smile.com.ClassicJigsawPuzzle"", ""smile.com.PopMonster"", ""solitaire.jigsaw.puzzle.design.artgallery.home.decorate.klondike"", ""tek.games.net.jigsawpuzzle"", ""tetris.block.puzzle.jigsaw""]"
5cd9793d9ccc2b0012438b7c,56d55c72562b9c353800000d,[],[]
5d406c47cf18f200178643cf,57d1b461ae2b57d903000027,[],"[""air.com.coworkdream.PicrossLUNA"", ""air.com.coworkdream.picrossCatSLAVE"", ""air.com.ooblada.riddlestones"", ""and.lihuhu.nonogramclassic"", ""belbet.puzzles"", ""br.com.tapps.logicpic"", ""br.com.tapps.logicpicplus"", ""co.kr.gamefox.picrossmon"", ""com.Fatseagull.Nonograms"", ""com.Papps.Nonogram"", ""com.ally.griddlersplus"", ""com.amrita.producer"", ""com.appynation.puzzlepage"", ""com.appynation.wbpc"", ""com.azurgames.nonogramlogic"", ""com.beatles.nonogram"", ""com.beatles.puzzle.nonogram"", ""com.crosswordshop2"", ""com.dansl.NonoBlock"", ""com.digimight.picture_puzzles"", ""com.domobile.nonogram"", ""com.dream.nonogram"", ""com.dreamingstudio.nonogramlogicpicture"", ""com.dreamingstudio.nonogrampicturesudokupuzzle"", ""com.durinsoft.picrossfireworks"", ""com.game.puzzle.nonogram"", ""com.gamefox.eyes"", ""com.gamefox.somnus"", ""com.gamefox.twoeyes"", ""com.gamefox.wishstone"", ""com.gamefox.wolfandmoonnonogram"", ""com.gemnonogram.sfgame"", ""com.gimica.nonocross"", ""com.gmail.joystudio808.nonogram"", ""com.grapetree.meowtower"", ""com.greenmancheer.nonograms"", ""com.hangxunspace.nonogram"", ""com.healingjjam.lunastory1"", ""com.healingjjam.lunastory2"", ""com.healingjjam.picrosshana"", ""com.healingjjam.picrossluna3"", ""com.healingjjam.skycastle"", ""com.indiez.nonogram"", ""com.insecret.insecret"", ""com.jimbop.nonogramdaily"", ""com.jimbop.nonogrampicturecross"", ""com.kb.nemonemo"", ""com.kuaiqiang.nonogram"", ""com.level38.nonograms.picross.griddlers.games"", ""com.logic.pixel.brain"", ""com.metajoy.puzzlegame.fc"", ""com.mobiledynamix.crossmecolor"", ""com.netiapps.nonogram"", ""com.newpubco.nonogram"", ""com.nggame.app.nonogram"", ""com.nonogram.color.picturecross.sudoku.puzzle"", ""com.nonogram.logic.brain.puzzlegames"", ""com.nonogram.logic.free.puzzlegames"", ""com.nonogram.logicpic.cross.puzzle.games"", ""com.nonogram.puzzle.brain"", ""com.nonogrampuzzle.game"", ""com.petiastudio.coolernonogram"", ""com.pixel.bloom"", ""com.pixeption.light"", ""com.puzzlematrix.nonogram"", ""com.rawrmaan.falcross"", ""com.severex.nonogram"", ""com.severex.nonograms.griddlers.picross.puzzles"", ""com.supersonic.pccol"", ""com.tellmewow.senior.puzzles.nonogram"", ""com.tensquaregames.hunting.clash.wild.hunter.deer"", ""com.thejoyplus.nonogram.color"", ""com.topdefendombas.brightcrystal"", ""com.tuesdayquest.logicart"", ""com.twodesperados.pic.cross.picross.logic"", ""com.ucdevs.jcross"", ""com.withprize.logic"", ""com.wkg.colorblock"", ""com.yunbu.nonogram.puzzle"", ""com.yunbu.nonogram3.merge.free"", ""com.yunbu.pixel.cross"", ""com.zj.nonogram.picross.pixelpuzzles.game"", ""com.zm.nono"", ""net.behappy.forever"", ""nonogram.logicpuzzles.picturecross.pixel"", ""nonogram.puzzle.picross.free.android"", ""org.cat.nonogram"", ""picture.cross.nonogram.logic.puzzles.picross.free"", ""ru.nonograms"", ""studio.okayest.every5x5nonogram"", ""unity.mkgames.nonogram""]"
5d81c924bf4aa20017e95920,5b0fc58f19829714e5ad0d2f,[],"[""372513032""]"
5d81cc3fe412d000189dc34b,5b0fc58f19829714e5ad0d2f,[],"[""com.sgiggle.production""]"
5dc290cf1051eb0012a6b214,57d1b461ae2b57d903000027,[],"[""arcade.game.maker.block.puzzle"", ""athena.studio.woody.sudoku.block.puzzle.brain.training.mind.games.free.happy.offline"", ""athena.studio.woody88.block.puzzle.games.squares.board.brain.free.slices"", ""block.puzzle.sudoku.free.game.classic.offline"", ""blockdoku.games.block.puzzle.sudoku.free.kingdom"", ""blockpuzzle.brick.tetrisclassic"", ""blockpuzzle.game.block.puzzle"", ""blockpuzzle.jewelgames.jewelslegend"", ""blockpuzzle.new1010.jewelgames.puzzlegames"", ""blockpuzzle.rune.classic"", ""bth.studio.diary"", ""classic.brick.games.tetris"", ""com.LoopGames.Blast"", ""com.addictive.puzzle.block"", ""com.agedstudio.blockpuzzlejewel.games"", ""com.agedstudio.wood.block.puzzle.sudoku.game"", ""com.albayoo.block.mania"", ""com.andaman.games.block.puzzle.free"", ""com.apollo.games.block.puzzle.spin"", ""com.bestallgames.puzzleblockwild"", ""com.bibigames.BlockuDoku.puzzle"", ""com.bigc.block.soduku"", ""com.bighope.tetrisblock"", ""com.bitmango.go.blockpuzzlejewelhexamaster"", ""com.bitmango.go.blockpuzzlestarfinder"", ""com.blacklemon.sudoku.block.puzzle.games.classic.board"", ""com.block.blast.free.cube.puzzle.game"", ""com.block.game.jigsaw.puzzles"", ""com.block.hoptac.jewel1010.classic.tetris"", ""com.block.juggle"", ""com.block.puzzle.free.wood"", ""com.block.puzzle.game.hippo.uc"", ""com.blockblast.puzzlegame"", ""com.blockpuzzle.classicbrickgames"", ""com.blockpuzzle.comboblastmaster.freegame"", ""com.blockpuzzle.games.classic"", ""com.blockpuzzle.jewel.cube.puzzlegame"", ""com.blockpuzzle.jewel.diamond"", ""com.blockpuzzle.jewels.legend"", ""com.blockpuzzle.jigsaw.puzzles.brain.offline"", ""com.blockpuzzle.tetris.garden"", ""com.blockudoku.puzzlegames"", ""com.blocky.quest"", ""com.bluemango.blockjamgo.gp"", ""com.bravestars.st.woody.wood.block.puzzle"", ""com.brick.block.game"", ""com.brick.freegames.arcade"", ""com.cctgames.woodblock.puzzleblock"", ""com.classytechnosoft.blockudoku"", ""com.cookapps.classic.block.sudoku.brain.puzzle.game"", ""com.cpxiao.blocksudoku"", ""com.d2s.blockasian"", ""com.d2s.blocknewwood2019"", ""com.differencetenderwhite.skirt"", ""com.diofever.puzzlejewels.block"", ""com.dopuz.klotski.riddle"", ""com.dxm.nopuzzle"", ""com.easymood.block.puzzle.wood"", ""com.easypuzzle.woodyblockudokuprops"", ""com.egogames.blocksenchufetv"", ""com.elshw.new.hw"", ""com.ezos.block.tenten.puzzle"", ""com.fastfun.tetris"", ""com.fiogonia.blocks"", ""com.freegames.classic.blockpuzzle.woody"", ""com.fungame.blockpuzzle.sudoku"", ""com.fungames.casual.free.bricks"", ""com.fusion.block.puzzle"", ""com.game.fpblock_android"", ""com.game.wdk_android"", ""com.game.woodypuzzleblock_android"", ""com.gamekend.blockpuzzlewoodshelf"", ""com.gamescasual007.blockmaster"", ""com.genobeam.blockblast"", ""com.gimica.blockbuster"", ""com.gimica.zentiles"", ""com.greyfun.block.puzzle.sudoku"", ""com.htltd.blockpuzzle"", ""com.hungrystudio.block.puzzle.fun.brain.free"", ""com.hybirdpuzzle.blockpuzzlejewel"", ""com.ioplus.blockpuzzle.gem.block"", ""com.jamcoco.blocksudoku"", ""com.joy.wood.puzzle"", ""com.loop.block.mania.pethereum"", ""com.loop.block.match"", ""com.loop.block.puzzle.sudoku.pethereum"", ""com.lyoomatch.glowpuzzleblock.blockgame"", ""com.lyoomatch.woodpuzzle.woodenblockpuzzlegame.brick"", ""com.mindmill.block.puzzle.games"", ""com.miracle.block.smash.journey"", ""com.mocacorp.block"", ""com.mufun.blockash"", ""com.n3twork.tetris"", ""com.nctgames.blockpuzzlejewel"", ""com.nebula.blockpuzzle"", ""com.oakever.blockfactory"", ""com.oakever.blockrush"", ""com.oneup.block.puzzle.tetris.free"", ""com.os.block.puzzle.pirate.odyssey"", ""com.ovivogames.blockblitz"", ""com.peoplefun.blocks2"", ""com.peoplefun.blockscapes"", ""com.pivotgames.flowerpuzzle.gp"", ""com.pivotgames.puzzleglow.gp"", ""com.playstudios.tetris4"", ""com.puzzle.pool.android"", ""com.puzzleclassic.brick.blockpuzzle.free"", ""com.puzzlegame.blockpuzzle.wood.topfreegame"", ""com.puzzlegamefree.blockpuzzle.gems.jewel"", ""com.puzzlegames.puzzlebrickslegend"", ""com.puzzlegamesclassic.blockpuzzle"", ""com.puzzlegamesclassic.puzzlegame"", ""com.puzzlegamesclassic.tetris.blockpuzzle"", ""com.puzzlegamesfree.onet.woodblockpuzzle"", ""com.puzzlegamesfree.woodblockpuzzle"", ""com.quarterborrowresult.customer"", ""com.rejoy.block.logic"", ""com.severex.combo.blocks.puzzles"", ""com.sg.block.puzzle.jewel"", ""com.sg.block.puzzle.quest.story"", ""com.sg.woodoku.woody.block.sodoku.puzzle"", ""com.smallant.block.puzzle"", ""com.smallpuzzle.blocksudoku"", ""com.soulgit.allightflowpuzzle.gp"", ""com.spcomes.blocktravel"", ""com.spear.blockpuzzle"", ""com.staplegames.blocksWood"", ""com.starmakingfun.colorblock"", ""com.starwaves.blockpuzzle"", ""com.sudok.blckk"", ""com.superbox.aos.meowblock"", ""com.sviet.block.puzzle"", ""com.sweetmaple.block.gp"", ""com.tdg.blocksudoku"", ""com.tellurionmobile.puzzlegame"", ""com.tripledot.blastroyale"", ""com.tripledot.blockbash"", ""com.tripledot.blocktava"", ""com.tripledot.fifteen"", ""com.tripledot.woodoku"", ""com.tripledot.zentastic"", ""com.veraxen.blockblast"", ""com.veraxen.blockpuzzlegame"", ""com.vitastudio.block"", ""com.vnstartllc.blockjig"", ""com.webpack.happyblockblast"", ""com.wixot.bp"", ""com.wood.block.sudoku.puzzle.bm"", ""com.woodblockpuzzle.blockpuzzle.freegame"", ""com.woody.blockkudoku"", ""com.woodypuzzle.blockgames.free.breaker"", ""com.xentech.brickblast"", ""com.yang.woodblockpuzzlegameclassic1010"", ""com.yato.wood.blockpuzzle"", ""com.yujuyuju.games.blockblastsudokupuzzle"", ""dev.mgtc.blockquestpuzzle"", ""free.games.block.puzzle.board.strategy"", ""game.blockdoku.blockudokupuzzle.block.puzzle.sudoku.woodypuzzleblock.brain.easy.free.puzzlekingdom"", ""game.nines.sudoku.puzzle.block.cube.color.purple.fill.squares.free.fun.offline"", ""game.puzzle.blockpuzzle"", ""game.puzzle.blockpuzzle.tetris"", ""game.sudoku.wood.woody.puzzle.block.cube.fill.squares.free.fun.offline"", ""games.blockheads.sudoku.puzzle.match.bombayplay"", ""games.burny.playdoku.block.puzzle"", ""games.burny.wood.block.puzzle"", ""games.puzzlegames.jewel.block.puzzle"", ""hk.elftech.block"", ""jewel.block.puzzle.tetris"", ""jewel.blocks.game"", ""jewel.puzzle.block.games"", ""linkdesks.block.puzzle.classic.puzzlegames"", ""net.ibexsolutions.venus"", ""puzzle.blockpuzzle.cube.relax"", ""puzzle.tetris.blockpuzzle"", ""puzzlegames.blockudoky.brain.training"", ""tr.com.playin.bloxie"", ""wood.block.crush.adventure.puzzle.games"", ""wood.block.jigsaw.puzzle.android"", ""wood.blockpuzzle.game.jewel.classic"", ""wood.blockpuzzle.puzzlegame.tetris"", ""wood.puzzle.game.blockpuzzle"", ""wood.puzzle.game.blockpuzzle.tetris""]"
5dcc0ea50f531500173bd7c7,5dcc0df6a4305a00173b9cf8,[],"[""1378996692"", ""1446005022"", ""1633296501"", ""6443808956"", ""878577184"", ""971023427""]"
5dcc118aa641b70018d331eb,5dcc0df6a4305a00173b9cf8,[],"[""com.macadamapp"", ""com.step.walking.fit"", ""com.youngplatform.young"", ""com.zzkko"", ""in.sweatco.app"", ""io.wylr.joko""]"
5de4583d2510a20017316fb9,5d130cdf37472100170775e1,"[""health-e.org.za""]","[""1590456905"", ""1615531353"", ""1616278912"", ""1624606206"", ""6470987703"", ""940247939""]"
5e4e66ea60ce6a001791d156,5c52bd6ffbeb402419bef87d,[],[]
5e4e6838246d020018f1e653,5c52bd6ffbeb402419bef87d,[],[]
5e84a5d1ce415a000187164f,57d1b461ae2b57d903000027,"[""asystem.com"", ""simmons.com"", ""wilderdog.com""]","[""1035505740"", ""1473992743"", ""290614255"", ""369602654"", ""437747279"", ""6443889466"", ""6758942542"", ""6759094745"", ""773121479"", ""905170038""]"
5ebc16f75ebede000128445b,57d1b461ae2b57d903000027,[],"[""beetles.puzzle.solitaire"", ""cards.game.solitaire.spider"", ""com.SimFun.FindDifferencesDeliciousFood12"", ""com.adoregames.coastalhill"", ""com.agedstudio.card.spider.solitaire"", ""com.andreyrebrik.spider"", ""com.antada.klondike.spidersolitaire"", ""com.avabyte.spidersolitaire"", ""com.beyazay.onfarkibul"", ""com.bitmango.go.spidersolitairekingdom"", ""com.blackout.diff"", ""com.brainium.spiderfree"", ""com.candywriter.explorer10"", ""com.cardgame.spider.fishdom"", ""com.cardgames.solitaire.fun.free.spider.classic"", ""com.century.dreamdetective"", ""com.dp.hidden.objects"", ""com.eidoloncorp.differences"", ""com.find.difference.puzzle.spy.detective.games.free"", ""com.find.hidden.object.difference.clue"", ""com.forsbit.spider"", ""com.free.spider.solitaire.card.game"", ""com.g5e.hiddencity.android"", ""com.g5e.paranormalsocietypg.android"", ""com.g5e.secretsociety"", ""com.gamefox.psychometrer"", ""com.gameinsight.gplay.mmanor"", ""com.gamma.find.diff"", ""com.glteamstudio.spidersolitaire"", ""com.gosub60.sol5spdr2"", ""com.happysky.spider"", ""com.harpan.spiderSolitaireGooglePlay"", ""com.karmangames.spider"", ""com.kryptongames.finddifferences200levels2"", ""com.kryptongames.findthedifference100levels"", ""com.kryptongames.findthedifference150levels"", ""com.kryptongames.findthedifference200levels"", ""com.kryptongames.findthedifferencesrooms"", ""com.lemel.hidden"", ""com.lemel.hiddengame"", ""com.lemellabs.differences"", ""com.lunosoft.puuung1"", ""com.magmamobile.game.SpiderSolitaire"", ""com.midva.FindTheDifferenceFairyTale"", ""com.midva.FindTheDifferenceHaunted"", ""com.midva.HiddenObjectHouseCleaning"", ""com.midva.games.free.hiddenObjects.weddingDay"", ""com.mintgames.spider.solitaire"", ""com.mobilityware.MonopolySolitaire"", ""com.mobilityware.spider"", ""com.mytona.rh"", ""com.mytona.seekersnotes.android"", ""com.netsuridqhstudio.spidersolitaire"", ""com.papps.spidersolitaire"", ""com.pingvigames.hidden.objects.find.items"", ""com.playcus.findthedifferences"", ""com.playrix.manormatters"", ""com.playvalve.solitaire.spider"", ""com.prettysimple.cctheconspiracyandroid"", ""com.prettysimple.criminalcaseandroid"", ""com.prettysimple.criminalcasepacificbayandroid"", ""com.prettysimple.worldeditionandroid"", ""com.puzzle.find.differences"", ""com.puzzledom.differencefindtour"", ""com.puzzles.game.fd.two"", ""com.puzzles.game.halloweeen.one"", ""com.queensgame.spider"", ""com.queensgame.spider2"", ""com.randomlogicgames.differences"", ""com.rightwaygames.differences2"", ""com.rvappstudios.puzzle.game.find.difference.ftd"", ""com.sauceapp.solitaire.lite.klondike"", ""com.sciplay.spiderpuzzle"", ""com.shoreline.game.spider.solitaire"", ""com.spacegame.solitaire.spider"", ""com.spider.klondike.fish.aquarium.cardgames"", ""com.spidercard.solitaire"", ""com.superswell.findthedifferences"", ""com.tripledot.spider.solitaire.free.card.game"", ""com.vitastudio.spider"", ""com.whaleapp.hiddenhotel"", ""com.wooga.pearlsperil"", ""find.differences.online.puzzle.games"", ""find.image.difference.game.com"", ""free.puzzle.game.spot.the.difference"", ""home.games.find.difference"", ""me.spot.the.difference"", ""net.bigbearentertainment.android_ho_guardians"", ""net.bigbearentertainment.android_hog_housesecrets"", ""net.jeu.spider"", ""puzzle.game.find.differences"", ""solitaire.card.spider.free.travel.challenge.classic.games.cardgame"", ""solitaire.solitairemaker.solitaire.klondike.card.spider"", ""solitaire.spider"", ""solitaire.spider.card.free.games.klondike.challenge.classic"", ""spider.classic.solitaire.card.pgmaker"", ""spider.solitaire.card.games.free.no.ads.klondike.solitare.patience.king"", ""spider.solitaire.classic.card.games.makeup"", ""spider.solitaire.free.cardgames.classic"", ""spot.hidden.difference""]"
5ef316979c3a0300015b0a03,57d1b461ae2b57d903000027,[],"[""1009442510"", ""1183717726"", ""1407852246"", ""1420058690"", ""1425621156"", ""1440756080"", ""1441501929"", ""1446532291"", ""1456596043"", ""1474082008"", ""1502948858"", ""1567525567"", ""1567905012"", ""1623610845"", ""1625071311"", ""1627438288"", ""1643119925"", ""1660747099"", ""1664162753"", ""439873467"", ""495583717"", ""642831690"", ""6443535076"", ""6443791168"", ""6446246671"", ""6450409974"", ""6451783253"", ""6459479258"", ""6463419262"", ""6463711142"", ""6472888744"", ""6473258542"", ""6717605146"", ""6753987369"", ""796882776""]"
5f2d0c03f503650001351c59,5b1f351e3eddeb10ce7fa54c,[],[]
5f33efea7aae9f000162155d,57d1b461ae2b57d903000027,[],"[""art.master.puzzle"", ""art.puzzle.games.jigsaw.coloring.free.game"", ""artio.coloring.puzzle"", ""color.sketch.art.puzzle"", ""com.AdaIndieGames.ArtPuzzle"", ""com.TwinCastleGames.TwistingArt"", ""com.aero.artpuzzles"", ""com.apalon.mandala.coloring.book"", ""com.arrow.gallery.escape"", ""com.art.puzzle.jigsaw.coloring"", ""com.art.story.jigsaw.puzzle.free.games"", ""com.artisitc.jigsaw.art.puzzle.jigsaw.game"", ""com.artlife.coloringbook"", ""com.beresnevgames.gallerycoloringbook"", ""com.color.by.number.paint.ly.pixel.art"", ""com.crazyart.art.puzzle.jigsaw.game"", ""com.derbilinaartdream.paintingsjigsawpuzzles"", ""com.dino.art.pieces.puzzle"", ""com.falcon.p.gplay.art.puzzle.classic"", ""com.featherinc.paintingspuzzles"", ""com.fori.artpuzzle"", ""com.fungamesforfree.colorfy"", ""com.game2play.artpuzzle"", ""com.game5mobile.sticker"", ""com.gplay.art.puzzle.free.game"", ""com.gurubox.painterpuzzle"", ""com.gurubox.paintingart"", ""com.hitappsgames.picturebuilder"", ""com.joyparty.art"", ""com.ketchapp.artblitz"", ""com.miniit.art.jigsaw.puzzle.pictures.games.master"", ""com.pcoloring.jigsaw.art.puzzle"", ""com.phatfingers.mergeimages"", ""com.pixel.art.coloring.color.number"", ""com.pixite.pigment"", ""com.playgendary.polyspherecoolgame"", ""com.rapidturtlegames.creativepuzzles"", ""com.relax.puzzle"", ""com.rvappstudios.hexa.jigsaw.puzzle.block.game"", ""com.starry.clipartpuzzle"", ""com.tfgco.games.coloring.free.paint.by.number"", ""com.tgame.silhouetteartnew"", ""com.tony.puzzle"", ""com.topdefendombas.brightcrystal"", ""com.topplay.puzzlemaster"", ""com.yogagames.artjourney"", ""com.zimad.art.puzzles"", ""game.srch"", ""jp.co.translimit.puzzrama"", ""paint.by.number.pixel.art.coloring.drawing.puzzle"", ""yomi.studio.art.story.picture.novels.puzzle.free.art.games""]"
5f45ffa82f1f7c000130fe19,5f45fb2f150074001547df11,"[""c.chocozap.jp"", ""lp.chocozap.jp""]",[]
5f45ffd8256e1b0001a4189a,5f45fb2f150074001547df11,"[""hiddhorse.com""]",[]
5f5ba15b8b44650001cad5b7,56d55c72562b9c353800000d,[],"[""6739246483""]"
5fa029b49f4c0275a7cf1372,5e3692d21cd3cb0018dd4329,[],[]
5fdfae0fc5d4c9ab8efa6701,57d1b461ae2b57d903000027,[],"[""1340841589"", ""1447871511"", ""1454637812"", ""1477796104"", ""1482131986"", ""1490003698"", ""1510713792"", ""1522040183"", ""1548670819"", ""1551300624"", ""1556116590"", ""1556423713"", ""1561704365"", ""1568692359"", ""1570025474"", ""1590089562"", ""1603356904"", ""1605723983"", ""1625289111"", ""1635289326"", ""1643842906"", ""1661277708"", ""1661772565"", ""1663714027"", ""1665091356"", ""442926616"", ""467957062"", ""581489308"", ""612497442"", ""6444257923"", ""6444693276"", ""6473832648"", ""6474659972"", ""6475080451"", ""6478531768"", ""6479206001"", ""6496686838"", ""6502429851"", ""6569232444"", ""6621190731"", ""6683304360"", ""6739208242"", ""6739250067"", ""6739333336"", ""6740400283"", ""6744063835"", ""6744863416"", ""6746136060"", ""6749539164"", ""6751127655"", ""6751176371"", ""6751570550"", ""6751612671"", ""6752615198"", ""6754865010"", ""6755109986"", ""868076805""]"
6035b4c3019023aabed66830,602ad40427689c0015fb2d9e,[],[]
603cf6d080c4a228357168ea,5b1526a7de961d3317b1d475,"[""3000gamepix.com""]","[""1503025062"", ""1546846761"", ""1579701253""]"
6051fadcdec34f1e8a8888cc,64075f57d6da1900141e5aba,[],[]
60891c6075dd9017131842c0,5b0fc58f19829714e5ad0d2f,"[""dramaboxdb.com""]",[]
60891d3bc6ed3ae6ebd0cf3a,5b0fc58f19829714e5ad0d2f,[],"[""com.fc.p.fk.devillevel.troll.speedrun.game"", ""com.titan.ball.sort.woody.puzzle""]"
60994b96c5d1524132e8e1a7,56d55c72562b9c353800000d,[],"[""1098157959""]"
609a8393c5d1524132e8e288,56d55c72562b9c353800000d,[],"[""com.steer.gruntrush"", ""com.trident.alphaducks_b""]"
6130d1b1e4bcd916bfa188d5,561e8d936b8d90f61a000c29,[],[]
61405fa047e8ae6d60071605,5d8880f1444f7200181b5e1d,[],[]
615dd65a5e0f3b245d50aa97,57d1b461ae2b57d903000027,[],"[""air.com.beachbumgammon"", ""air.com.come2play.backgammon"", ""air.ru.mail.games.backgammonlong"", ""com.Internationalwinnerscompanyiwcoio.BackGammoniwco"", ""com.WhatWapp.Backgammon.Multiplayer"", ""com.ahoygames.backgammon"", ""com.armiksoft.backgammon"", ""com.blackout.backgammon"", ""com.dialekts.backgammon"", ""com.gameberrylabs.backgammonfriends"", ""com.gammonpro2.twa"", ""com.gsoftteam.backgammonultimate"", ""com.hezi.sheshbesh"", ""com.intentsoftware.backgammonlite"", ""com.kb.mobfree"", ""com.kyz.games.hepyek"", ""com.mobirix.backgammon"", ""com.narde.backgammon.game"", ""com.orodragon.bgking"", ""com.rstgames.backgammon"", ""com.rubikgames.mastersofbackgammon"", ""com.sngict.backgammon"", ""com.tavla5"", ""com.zynga.backgammonplus"", ""io.coolplay.backgammon"", ""net.backgammonstars.android"", ""net.gamyun.android.backgammon"", ""net.peakgames.mobile.android.tavlaplus.android"", ""org.aastudio.games.backgammon"", ""org.aastudio.games.longnards"", ""ru.appforge.nardi"", ""ru.appscraft.backgammon"", ""ru.livegames.lg.unity"", ""uk.co.aifactory.backgammonfree""]"
61fbd43bbb5dc5ef7a216388,568b8cb3bb2089a80600000a,[],"[""1342112505"", ""1356980152"", ""1357464684"", ""1545607822"", ""485126024"", ""6502757545"", ""6741756032""]"
62330ef11261eebebcaf40a0,622f2440e19c1e00147fc083,[],[]
625d3d93b090bdfbd3c527c0,568b8cb3bb2089a80600000a,[],"[""bible.wordgame.words.connect.crossword.cookies"", ""com.playvalve.wsjourney"", ""com.superlive.liveapp"", ""om.mobilegame.wordsearch"", ""playsimple.wordsearch""]"
6276cb2872361e0c07c98cec,6276c973f70e7c001895be79,[],[]
6295ff7c3987b19e74b43c3e,6276c973f70e7c001895be79,[],[]
62f1051ffaf12b2a7ad9a1d1,62ea666c62b76e001b3eca4f,[],"[""com.yandex.rhythm""]"
6315b8bb85b5a14b0bbc9454,6315b8713c59f7001bacf8fb,[],"[""com.storymatrix.drama""]"
63246d89d3a73abffd99d98b,57c05f735b2bd4fa24000030,[],[]
6345c091c17e333ca212effc,6315b8713c59f7001bacf8fb,[],"[""1440640105"", ""1523457550"", ""6445905219"", ""6450243852"", ""6747964677""]"
63974e72c5c2a3f1faf76b37,57d1b461ae2b57d903000027,[],"[""1097713946"", ""1107264672"", ""1126184644"", ""1128669274"", ""1144538463"", ""1195555626"", ""128669274"", ""1397357968"", ""1439149297"", ""1439178539"", ""1447093944"", ""1450792934"", ""1518987031"", ""1547821053"", ""1551850028"", ""1617638738"", ""299466486"", ""299466740"", ""335445524"", ""363949050"", ""364593496"", ""446756885"", ""450389133"", ""451217307"", ""452727466"", ""462086897"", ""462817065"", ""466854342"", ""475008372"", ""484267268"", ""517995893"", ""536774050"", ""544018782"", ""584322488"", ""588313069"", ""619948547"", ""647916664"", ""690563609"", ""719525455"", ""739095641"", ""757660546"", ""757667095"", ""757984842"", ""758923581"", ""759191248"", ""759740546"", ""761428153"", ""828377094"", ""839449181"", ""858467955""]"
63b7bf0fa928816f6c42effc,64075f57d6da1900141e5aba,[],[]
63dd0e73ff93460cff697297,568b8cb3bb2089a80600000a,[],"[""1005765746"", ""1008755288"", ""1011376303"", ""1014944495"", ""1023782170"", ""1024481933"", ""1024928081"", ""1027978684"", ""1043400501"", ""1044534198"", ""1047546767"", ""1048518592"", ""1057860506"", ""1057968965"", ""1058317706"", ""1058719827"", ""1065530749"", ""1071310449"", ""1076615810"", ""1077137248"", ""1077801089"", ""1078643602"", ""1084252650"", ""1084762137"", ""1089836344"", ""1089864746"", ""1089963681"", ""1091301948"", ""1092689152"", ""1095569891"", ""1096884447"", ""1100883805"", ""1105280991"", ""1105834924"", ""1106879575"", ""1107742264"", ""1108179606"", ""1112055588"", ""1115249449"", ""1115924768"", ""1116870834"", ""1118406919"", ""1123930673"", ""1125928986"", ""1129234406"", ""1135172555"", ""1137852702"", ""1139724189"", ""1144123870"", ""1146601414"", ""1153481737"", ""1158800575"", ""1159475164"", ""1161672426"", ""1163060448"", ""1173931219"", ""1176649108"", ""1184083151"", ""1186197186"", ""1193508329"", ""1195092555"", ""1196764367"", ""1197041040"", ""1198470440"", ""1200391796"", ""1203725149"", ""1205201517"", ""1207472160"", ""1208999023"", ""1215360172"", ""1215933788"", ""1216673574"", ""1217925171"", ""1219658732"", ""1222511829"", ""1225078420"", ""1225246161"", ""1229075980"", ""1232526187"", ""1234322827"", ""1236153570"", ""1237172656"", ""1244220065"", ""1245180154"", ""1249798762"", ""1251790681"", ""1253492609"", ""1253538237"", ""1255423634"", ""1256286028"", ""1256304845"", ""1257539184"", ""1261309078"", ""1261313159"", ""1264546236"", ""1265838130"", ""1267789716"", ""1268523196"", ""1269130452"", ""1269460400"", ""1269673961"", ""1273162445"", ""1274972321"", ""1275931502"", ""1276446451"", ""1278922336"", ""1286254804"", ""1287540998"", ""1288458862"", ""1289527026"", ""1289907271"", ""1293658302"", ""1299611345"", ""1299809588"", ""1300058820"", ""1302451299"", ""1308181322"", ""1312662205"", ""1312768677"", ""1313561414"", ""1314214308"", ""1314240801"", ""1314408461"", ""1321652251"", ""1322257238"", ""1324604053"", ""1330753970"", ""1330894635"", ""1330947092"", ""1335823906"", ""1337667848"", ""1342087561"", ""1343733764"", ""1344777837"", ""1347362487"", ""1347684152"", ""1350396453"", ""1351459613"", ""1352603023"", ""1355423477"", ""1356679402"", ""1357131935"", ""1357352041"", ""1357553368"", ""1357802596"", ""1360269768"", ""1365447692"", ""1369521645"", ""1370245504"", ""1370307771"", ""1372630042"", ""1373043021"", ""1373182463"", ""1375993101"", ""1379080711"", ""1382108510"", ""1382118381"", ""1386727308"", ""1387360837"", ""1389355812"", ""1390646086"", ""1391723501"", ""1394653798"", ""1394966990"", ""1395792163"", ""1397368562"", ""1402944867"", ""1403535416"", ""1404769349"", ""1406901152"", ""1412024414"", ""1412262458"", ""1413608864"", ""1413698634"", ""1413942319"", ""1416520333"", ""1418794453"", ""1420294918"", ""1421420656"", ""1424533120"", ""1426319581"", ""1426530274"", ""1436670480"", ""1437263404"", ""1437273344"", ""1437783446"", ""1439243654"", ""1439282938"", ""1439875940"", ""1441352547"", ""1441645718"", ""1441751300"", ""1441957412"", ""1443448520"", ""1443556230"", ""1443871309"", ""1444813385"", ""1445219537"", ""1445478723"", ""1445485042"", ""1445525186"", ""1445691600"", ""1446728841"", ""1446858203"", ""1448231207"", ""1449004506"", ""1450105402"", ""1450607004"", ""1451047738"", ""1451073143"", ""1452227871"", ""1452741962"", ""1452992954"", ""1453351862"", ""1453795744"", ""1453835217"", ""1453837845"", ""1454290016"", ""1455098461"", ""1455396801"", ""1455915636"", ""1456766421"", ""1457173515"", ""1457846652"", ""1458321290"", ""1458730886"", ""1458847618"", ""1459115092"", ""1459503529"", ""1459518549"", ""1460109380"", ""1460114835"", ""1460636713"", ""1461100476"", ""1461422293"", ""1461430852"", ""1461700291"", ""1461766061"", ""1462060332"", ""1462123372"", ""1462860914"", ""1464235676"", ""1465058550"", ""1465173775"", ""1465197114"", ""1465579822"", ""1465860096"", ""1466207432"", ""1466588301"", ""1467451327"", ""1467771859"", ""1467915358"", ""1468430284"", ""1468882166"", ""1470593250"", ""1471769946"", ""1471967529"", ""1472765237"", ""1473274534"", ""1473295688"", ""1473573813"", ""1474380444"", ""1474629097"", ""1474741460"", ""1475870720"", ""1475888493"", ""1476129955"", ""1476363607"", ""1477300089"", ""1477636326"", ""1477668963"", ""1477794664"", ""1477822974"", ""1477841973"", ""1479305181"", ""1479332085"", ""1480081393"", ""1480338372"", ""1480496404"", ""1481182406"", ""1481318515"", ""1482270932"", ""1482276073"", ""1482379303"", ""1482382774"", ""1482426780"", ""1482705450"", ""1482760220"", ""1483213933"", ""1483975130"", ""1485277318"", ""1485345280"", ""1486154363"", ""1486168746"", ""1486214495"", ""1486579082"", ""1486892969"", ""1486901972"", ""1486915152"", ""1487144938"", ""1487585438"", ""1487607878"", ""1487938828"", ""1488137829"", ""1488837393"", ""1489340645"", ""1490605957"", ""1491717191"", ""1491764681"", ""1491869532"", ""1491869676"", ""1493269955"", ""1493907064"", ""1494135182"", ""1494676709"", ""1495029497"", ""1495324535"", ""1496661753"", ""1497489224"", ""1497867183"", ""1498057837"", ""1498492128"", ""1499061800"", ""1499120554"", ""1499293152"", ""1499931366"", ""1499972852"", ""1500679507"", ""1501130082"", ""1501689326"", ""1502370160"", ""1502447854"", ""1502705173"", ""1502972747"", ""1502982594"", ""1503307103"", ""1504546273"", ""1504662758"", ""1504860127"", ""1505735640"", ""1505871994"", ""1506496657"", ""1506724164"", ""1506954865"", ""1507132028"", ""1507173665"", ""1507772627"", ""1508275839"", ""1508418993"", ""1508449023"", ""1509045403"", ""1509517244"", ""1510024219"", ""1510189987"", ""1510395712"", ""1510572629"", ""1510712623"", ""1511574238"", ""1511921978"", ""1512112870"", ""1513009813"", ""1513126141"", ""1513129141"", ""1513555613"", ""1514509909"", ""1514602898"", ""1514807879"", ""1515103132"", ""1515110378"", ""1515210752"", ""1516212835"", ""1517337474"", ""1517375267"", ""1517379202"", ""1517596517"", ""1517744199"", ""1517829670"", ""1518047412"", ""1518529006"", ""1518863353"", ""1519009102"", ""1519174001"", ""1519727197"", ""1521339753"", ""1521556341"", ""1522266397"", ""1522990848"", ""1523443438"", ""1524264978"", ""1524620541"", ""1524929713"", ""1526842079"", ""1526974000"", ""1527106984"", ""1527770686"", ""1529839083"", ""1530188205"", ""1530876832"", ""1531582123"", ""1531855914"", ""1532253423"", ""1533569824"", ""1533748773"", ""1533771239"", ""1534712015"", ""1535521299"", ""1537764333"", ""1539388451"", ""1540085348"", ""1541508020"", ""1541573592"", ""1541583517"", ""1541604378"", ""1542324065"", ""1542883540"", ""1542912961"", ""1542930270"", ""1543195735"", ""1544633266"", ""1545206038"", ""1545567989"", ""1546336250"", ""1548971672"", ""1549409618"", ""1549726220"", ""1549815540"", ""1550232616"", ""1550622992"", ""1550697104"", ""1550734007"", ""1551079603"", ""1551753404"", ""1552197278"", ""1552347464"", ""1552362023"", ""1552720930"", ""1554881157"", ""1556510667"", ""1556516935"", ""1557219807"", ""1559669997"", ""1560314455"", ""1562313985"", ""1563239332"", ""1565374299"", ""1565866365"", ""1566292252"", ""1566710729"", ""1567025789"", ""1568087584"", ""1568223570"", ""1568784560"", ""1570303461"", ""1572269582"", ""1572661625"", ""1572892132"", ""1574640490"", ""1575882205"", ""1576195494"", ""1578816591"", ""1579681838"", ""1579813745"", ""1580064408"", ""1580601028"", ""1580614756"", ""1580802574"", ""1584491161"", ""1585193132"", ""1586103109"", ""1588098340"", ""1589240790"", ""1589643727"", ""1594712929"", ""1595779374"", ""1598843828"", ""1600880375"", ""1602197430"", ""1602244029"", ""1605842465"", ""1606475437"", ""1606691646"", ""1609393144"", ""1609570356"", ""1610508475"", ""1611547216"", ""1611741868"", ""1613146723"", ""1613309241"", ""1613770272"", ""1615538205"", ""1616615546"", ""1617539984"", ""1620306376"", ""1620319602"", ""1621145710"", ""1621905783"", ""1621906176"", ""1622165569"", ""1623992131"", ""1625050310"", ""1632444218"", ""1632915087"", ""1633021483"", ""1636821805"", ""1638797157"", ""1639588528"", ""1640075364"", ""1641732564"", ""1642483304"", ""1642532050"", ""1642596906"", ""1643013597"", ""1643510519"", ""1643842906"", ""1644099880"", ""1658552058"", ""1658843316"", ""1665914232"", ""1667330464"", ""1668409972"", ""1668656321"", ""1671524169"", ""1671991909"", ""1673410546"", ""284036524"", ""284815117"", ""286911400"", ""294536447"", ""303058767"", ""307569751"", ""311691366"", ""315322445"", ""321916506"", ""327449554"", ""333262544"", ""350189835"", ""363306776"", ""371808484"", ""378123895"", ""380210791"", ""395505438"", ""404366437"", ""406150030"", ""431252306"", ""431434152"", ""439873467"", ""441092257"", ""444922518"", ""446199878"", ""447553564"", ""452176000"", ""455581687"", ""460177396"", ""460744832"", ""476500832"", ""480163871"", ""488627858"", ""488628250"", ""488818252"", ""495583717"", ""501724085"", ""504265646"", ""505384445"", ""514338516"", ""517840944"", ""527608315"", ""532137502"", ""543054341"", ""550946484"", ""553287152"", ""559660809"", ""566589318"", ""566593443"", ""570510529"", ""575980917"", ""576525179"", ""577604624"", ""580847667"", ""580935508"", ""582340397"", ""588252400"", ""590330669"", ""595558452"", ""595730631"", ""598439078"", ""600674056"", ""609067187"", ""616679200"", ""623367437"", ""623592465"", ""628052020"", ""633324440"", ""633759494"", ""634113809"", ""635094822"", ""642430555"", ""642831690"", ""6443411338"", ""6443449716"", ""6443660075"", ""6443677642"", ""6443690726"", ""6443911265"", ""6444027962"", ""6444056676"", ""6444154014"", ""6444349473"", ""6444738309"", ""6444768142"", ""6444773740"", ""6444775332"", ""6445880455"", ""6445909952"", ""6446480648"", ""6447757125"", ""6447878256"", ""6449009743"", ""6449282116"", ""6450017895"", ""6450177314"", ""6450273326"", ""6450590696"", ""6451108598"", ""6451438282"", ""6453159988"", ""6456106044"", ""6456524943"", ""645705454"", ""6457203160"", ""6458692386"", ""6459700431"", ""6461600658"", ""6461645146"", ""6462874618"", ""6466410227"", ""6467381579"", ""6469806311"", ""6470903157"", ""6475712873"", ""6476164708"", ""6477546829"", ""6480114989"", ""6480587399"", ""6499236530"", ""6503122835"", ""6503184925"", ""6504282943"", ""6504290103"", ""651510680"", ""653967729"", ""654661008"", ""655645841"", ""656266603"", ""656971078"", ""658511180"", ""6612024746"", ""6615086509"", ""662053009"", ""663084496"", ""663996719"", ""6670779651"", ""670587290"", ""6723865276"", ""6736526782"", ""6737067328"", ""6737221366"", ""6738905436"", ""6739423612"", ""6739771193"", ""6739792763"", ""6742409587"", ""6743212841"", ""6744045288"", ""6744304405"", ""6745003362"", ""6745258320"", ""6747068105"", ""6748893286"", ""6754191834"", ""6756418682"", ""6759309975"", ""678426772"", ""687207809"", ""687877464"", ""688876601"", ""689220497"", ""690661663"", ""698848120"", ""708600202"", ""718979056"", ""719525810"", ""727459256"", ""734369589"", ""748048441"", ""755281885"", ""757072473"", ""785309108"", ""788887465"", ""791005029"", ""792595594"", ""793753310"", ""796882776"", ""798766719"", ""804379658"", ""806393795"", ""814434907"", ""852152318"", ""857591718"", ""857763451"", ""859866568"", ""864653361"", ""868758561"", ""872579324"", ""875063456"", ""876514856"", ""880178264"", ""886979567"", ""895028786"", ""895390535"", ""898040123"", ""898834730"", ""901381340"", ""909925046"", ""909995876"", ""912956604"", ""919571269"", ""922488002"", ""924010506"", ""937976391"", ""938207958"", ""950542099"", ""956847255"", ""957031988"", ""957848865"", ""959436050"", ""963656767"", ""973655887"", ""975364678"", ""976690822"", ""977862069"", ""978733215"", ""979597990"", ""979759584"", ""980016643""]"
63ff39ab1e40c644de13073f,64075f57d6da1900141e5aba,[],[]
6413698f6e7664ba85e052b5,561e8d966b8d90f61a003414,[],"[""1023782170"", ""1057860506"", ""1058317706"", ""1076615810"", ""1078776661"", ""1095569891"", ""1118406919"", ""1123930673"", ""1153883316"", ""1184083151"", ""1196764367"", ""1197041040"", ""1197354394"", ""1207472156"", ""1207472160"", ""1214223596"", ""1225078420"", ""1226926872"", ""1237172656"", ""1237529195"", ""1245525899"", ""1260789484"", ""1269460400"", ""1269540854"", ""1273162445"", ""1276152771"", ""1291854522"", ""1299611345"", ""1299956969"", ""1302451299"", ""1311141262"", ""1313561414"", ""1314642201"", ""1335823906"", ""1347684152"", ""1369521645"", ""1370245504"", ""1370307771"", ""1373182463"", ""1375433870"", ""1388081123"", ""1403535416"", ""1413942319"", ""1418492982"", ""1420294918"", ""1437273344"", ""1438250448"", ""1439243654"", ""1439282938"", ""1441957412"", ""1443448520"", ""1446527131"", ""1446728841"", ""1449821332"", ""1452741962"", ""1453795744"", ""1462060332"", ""1462123372"", ""1462860914"", ""1464051413"", ""1466588301"", ""1476429715"", ""1477668963"", ""1477794664"", ""1478404082"", ""1482382774"", ""1486915152"", ""1555408463"", ""1570303461"", ""306245714"", ""321916506"", ""383076094"", ""517840944"", ""550946484"", ""582340397"", ""603338614"", ""609067187"", ""6443950173"", ""6444193277"", ""6478489600"", ""6478854493"", ""663996719"", ""694967269"", ""698848120"", ""708600202"", ""804379658"", ""922488002"", ""979759584"", ""994855806""]"
64781b96dac1393f38b604ca,5a57133a3610bbb671016ff3,[],"[""6448482357"", ""6464008525"", ""6468433024"", ""6468434734"", ""6468445799"", ""6468759548"", ""6468954828"", ""6469052078"", ""6469170596"", ""6469345288"", ""6469768387"", ""6469836351"", ""6470781049"", ""6471272892"", ""6471582523"", ""6471851549"", ""6471874798"", ""6471967699"", ""6472048667"", ""6472426288"", ""6472445712"", ""6473516281"", ""6473523090"", ""6473530803"", ""6473692269"", ""6474293450"", ""6474599511"", ""6474674125"", ""6474842128"", ""6474960929"", ""6475952987"", ""6476196110"", ""6476653072"", ""6476658068"", ""6476659333""]"
647dbe0bb7a4c97fb3997264,64075f57d6da1900141e5aba,[],[]
649eeab39018de0fbec588f6,64803209bfd9aa0011593484,[],"[""1013837586"", ""1016854156"", ""1023157926"", ""1051323698"", ""1063034650"", ""1066087341"", ""1127362559"", ""1141547145"", ""1182341536"", ""1206967173"", ""1209429865"", ""1213998446"", ""1215639422"", ""1223339323"", ""1248010770"", ""1261744380"", ""1263170258"", ""1273883788"", ""1301950382"", ""1319778540"", ""1333142024"", ""1366998506"", ""1387298957"", ""1407804709"", ""1462576084"", ""1466075683"", ""1484468651"", ""1499361046"", ""1507114446"", ""1507853123"", ""1513943005"", ""1532005276"", ""1534985270"", ""1536543634"", ""1546441406"", ""1549182192"", ""1560190507"", ""1581250421"", ""1581727651"", ""1582996254"", ""1583259951"", ""1584929044"", ""1592673579"", ""1604328346"", ""1627423740"", ""1644278165"", ""1659859775"", ""1672637644"", ""1673208154"", ""309948735"", ""413498712"", ""419337611"", ""440997884"", ""446950616"", ""468638702"", ""473630743"", ""474425308"", ""495831767"", ""523499690"", ""542981152"", ""553269986"", ""605675367"", ""640135436"", ""6443734466"", ""6444775332"", ""6447827216"", ""6448643263"", ""6449207013"", ""6449934837"", ""6452239586"", ""6452400395"", ""6453170883"", ""6457514656"", ""6461773871"", ""6462281925"", ""6462698265"", ""6463397986"", ""6467423551"", ""6467465652"", ""6470024740"", ""6471679383"", ""6472695599"", ""6473594792"", ""6473688188"", ""6476893083"", ""6477336813"", ""6477965248"", ""6478119038"", ""6478950175"", ""6479861734"", ""6502430790"", ""657564073"", ""662796560"", ""6657991384"", ""673126066"", ""6744049478"", ""797625615"", ""886033425"", ""941205311"", ""996853848""]"
649fd139847c940a560e47aa,64803209bfd9aa0011593484,[],"[""air.com.lazyland.yatzy"", ""air.com.lazyland.yatzyduels"", ""barcelona.wonder.wordzy"", ""board.yahtzee.dice"", ""board.yatzy.dice"", ""catec.game.general"", ""com.Allocate.Yahtzee2023"", ""com.LoopGames.Yatzy"", ""com.SoftwareByMatt.Yatzy"", ""com.a3.topgirl.gplay"", ""com.algotgames.maxiyatzy"", ""com.algotgames.tripleyatzy"", ""com.alpg.yatzy"", ""com.antada.yatzy3d"", ""com.apollo.yatzychampdice"", ""com.apollogames.wildyatzy"", ""com.apollogames.yachtdice"", ""com.apollogames.yatzyfrenzy"", ""com.bhe.yatzy"", ""com.bigcake.android.classicyatzy"", ""com.bigcake.android.dicemerge"", ""com.binteraktive.kniffel.live"", ""com.blackout.yatzyduel"", ""com.blogspot.mvsvnx.yatzyfree"", ""com.clockwatchers.yatzy"", ""com.crossfield.yatzy"", ""com.d2m.yatzy"", ""com.dedi.game.yatzy"", ""com.eastudios.yatzy"", ""com.easybrain.backgammon.board.games"", ""com.easybrain.dice.board.game"", ""com.elixir.dicefriends"", ""com.falconjoy.gp.yatzy"", ""com.fancycornstudio.yatzy"", ""com.fiogonia.yatzy"", ""com.funcraft.diceyatzy"", ""com.funcraft.farkle"", ""com.funcraft.whamzee"", ""com.gamebit.yatzy"", ""com.games798.yatzy"", ""com.gdv.yatzy"", ""com.godlike.yahtzee"", ""com.intentsoftware.android.yatzylite"", ""com.jagplay.android.yacht"", ""com.jasmine.citydate"", ""com.karizmastudio.yatzy"", ""com.llor.eeht.ayz"", ""com.ly.yatzyclassic"", ""com.mggames.yatzy.free.dicegame"", ""com.mybogames.dice"", ""com.ncroquis.yatzyking"", ""com.orcas.panthia.island.fairyscapes"", ""com.playvalve.yatzy"", ""com.scopely.yux"", ""com.seavus.yatzyultimate.droid"", ""com.sitesculptors.Yatzy"", ""com.sng.yatzy"", ""com.sngict.yatzyclassic"", ""com.spigo.yatzy"", ""com.staplegames.yatzy"", ""com.supercosi.cosiyatzy"", ""com.superplaystudios.dicedreams"", ""com.surreall.sixdice"", ""com.thrudam.yatzy"", ""com.yatzy.blitz.dice.roll.game"", ""com.yatzy.classic.dice.duel.game"", ""com.zengardenapps.yatzy"", ""com.zengardenapps.yatzyonline"", ""com.zingmagic.fiveoakfree"", ""company.greenergrass.goldenroll"", ""daily.yatzy.classic.dice.game"", ""edu.sjohns70calpoly.yahtzee"", ""fr.elol.yams"", ""games.stellarplay.dicetown"", ""loppipoppi.yatzy"", ""net.androgames.yams"", ""net.playwithworld.yatzy.dice.android"", ""net.skillcap.yatzy"", ""net.yepsoftware.yahtzee"", ""us.digitalsmoke.yatzymaster"", ""vn.co.leapgame.yatzywithfriends"", ""yatzy.dice.game.classic.offline.ultimate.addict.adventure.mania.royale.saga.world""]"
64a41edf830ec394da0090b7,64803209bfd9aa0011593484,[],"[""ai.projectx.solitairex.gp"", ""app.smartwatchstudios.solitaire"", ""at.ner.SolitaireKlondike"", ""at.ner.SolitaireSpider"", ""beetles.puzzle.solitaire"", ""buraco.canasta.card.game.burraco.trick.rummy.online.multiplayer.offline.free"", ""burraco.italiano.italian.buraco.canasta.card.trick.rummy.multiplayer.online"", ""canasta.card.game.trick.rummy.poker.joker.online.multiplayer.offline.game"", ""classic.klondike.solitaire.cardgame.patience.lite"", ""classic.solitaire.attraction.klondike.game"", ""com.Nightingale.Solitaire.Card.Games.Free"", ""com.Solitaire.Card.MoneyGame.CashRewards"", ""com.Zgame.GoodsSort"", ""com.a3.topgirl.gplay"", ""com.adjal.solitaire.free"", ""com.agedstudio.card.solitaire.klondike"", ""com.agedstudio.card.spider.solitaire"", ""com.aliasworlds.solitaire.amazon"", ""com.andreyrebrik.freecell"", ""com.andreyrebrik.klondike"", ""com.anoshenko.android.fav_solitaires"", ""com.arrowise.solitaire.guni"", ""com.belkagames.solitaire"", ""com.betterforsol.solitaire.card.games.free"", ""com.bfk.cards"", ""com.bhe.solitaire"", ""com.bigcake.android.solitairedaily"", ""com.bigcake.android.spadesclassic"", ""com.bigcake.android.spidersolitaire"", ""com.bigfishgames.fairwaysolitaireuniversalf2pgoogle"", ""com.block.juggle"", ""com.brainium.solitairefree"", ""com.cardclassic.solitaireplay.game"", ""com.cardgame.klondike.solitaire.classic.freecell.basic"", ""com.cardgame.solitaireclassic.playrelax"", ""com.carnival.park.ride.solitaire"", ""com.catool.solitaire.card"", ""com.classic.card.solitaire.game"", ""com.classic.solitaire.mitlp"", ""com.classiccards.klondike.play.game"", ""com.coin.sort.puzzle.relax.gp"", ""com.collectcards.solitairegame"", ""com.color.seven.investor.join"", ""com.cooky.Solitaire.Journey"", ""com.coolsolitaire.coolgame"", ""com.dkt.solitaire.klondike.classic.card.game"", ""com.dna.solitaireapp"", ""com.duole.klondike"", ""com.duole.solitaire.zen.home.design.patience.free.card.games"", ""com.easybrain.solitaire.klondike.free"", ""com.easyfun.solitaire"", ""com.equfun.sort.match.ddd"", ""com.evergreen.games.card.solitaire.free"", ""com.fancygame.solitaire.boy"", ""com.farm.solitaire.country.charmcard.pasture"", ""com.fatman.games.solitaire.oasis"", ""com.finger.spider.solitaire.free"", ""com.free.spider.solitaire.card.game"", ""com.fugo.solitaire.cardgame"", ""com.funcardgame.classicalsolitaire"", ""com.game.solitaire.lounge.deck"", ""com.gameduell.romme.treff.kartenspiel"", ""com.gameinsight.solitaire"", ""com.gimica.solitaireverse"", ""com.givvy.solitaire"", ""com.greyfun.card.solitaire.classic"", ""com.gsn.android.tripeaks"", ""com.gurupuzzle.goods.tidy.jam.sorting"", ""com.heartsnet.solitairey.gp"", ""com.herocraft.game.free.solitaire.arcane"", ""com.herocraft.game.free.solitaire.tribe"", ""com.hiplay.solitaire.Fishland.free"", ""com.hitappsgames.wordsolitaire"", ""com.intensedev.classicsolitaire.gp"", ""com.island.card"", ""com.kidultlovin.royalsolitaire"", ""com.kingset.brain.solitaire"", ""com.kiwifun.game.android.solitaire"", ""com.kst.games.solitaire"", ""com.lemongame.freecell.solitaire"", ""com.lemongame.klondike.solitaire"", ""com.lighthouse.freeplay.eur"", ""com.losttemplegames.solitaire.gnova"", ""com.mahjong.solitaire.tile.pair.match"", ""com.me2zen.solitaire.tripeaks.harvest.free"", ""com.mia.solitaire.card.free"", ""com.microsoft.microsoftsolitairecollection"", ""com.mindrain.biblesolitatire"", ""com.mintgames.freecell.solitaire"", ""com.mintgames.king.solitaire"", ""com.mintgames.queen.solitaire"", ""com.mintgames.solitaire.classic.card.game.free"", ""com.mobilityware.CastleSolitaire"", ""com.mobilityware.CrazyEights"", ""com.mobilityware.GemMatch3"", ""com.mobilityware.GinRummySolitaire"", ""com.mobilityware.MonopolySolitaire"", ""com.mobilityware.PyramidFree"", ""com.mobilityware.Spades"", ""com.mobilityware.freecell"", ""com.mobilityware.solitaire"", ""com.mobilityware.spider"", ""com.moon.dental.whether.origin"", ""com.murka.solitaire.play.klondike"", ""com.natural.stands.dutch.setting"", ""com.neverold.solitaire.card.game.klondike"", ""com.newpubco.klondikesolitaire"", ""com.newpubco.spades"", ""com.niuaigo.solitaire.klondike"", ""com.niuaigo.solitaire.spider"", ""com.ntg.solitaire.tripeaks"", ""com.ordinaryjoy.solitaire.largecard"", ""com.otium.solitaire.classic.card.game"", ""com.otium.wordconnect.android"", ""com.owner.text.authors"", ""com.papaya.solitairecash"", ""com.play.solitairesmash"", ""com.playday.bitcoinsolitaire"", ""com.playmint.purely.solitaire"", ""com.pro.solitaire.games.free.classic.card"", ""com.qrlanucher.qrcode.qr999"", ""com.rainbowgames.solitaire2018"", ""com.reachjunction.card.game.solitaire"", ""com.relaxingbraintraining.solitairekingdom"", ""com.rikkigames.solsuite"", ""com.sauceapp.solitaire.lite.klondike"", ""com.sciplay.solitairepuzzle"", ""com.seclife.card.game.money.free.solitaire"", ""com.shihao.vigorsolitaire"", ""com.smallant.royal.solitaire"", ""com.smallant.spider.solitaire"", ""com.smilerlee.klondike"", ""com.smilerlee.klondikegerman"", ""com.solichi.android.tairell"", ""com.solifl.android.taireow"", ""com.solitaire.blast.puzzle"", ""com.solitaire.card"", ""com.solitaire.cards.deluxe"", ""com.solitaire.classic.game"", ""com.solitaire.cozy.nest.quilt.memory"", ""com.solitaire.daily.challenge.card.game"", ""com.solitaire.festival.gg"", ""com.solitaire.fish.card.games.klondike"", ""com.solitaire.fish.klondike.card.aquarium"", ""com.solitaire.fun.free.klondike.cardgames.farm.friends"", ""com.solitaire.garden.tripeaks"", ""com.solitaire.heist.card"", ""com.solitaire.kingdom"", ""com.solitaire.klondike.my.magic.dragon.friends.cardgames"", ""com.solitaire.klondike.patience.ocean.aquarium"", ""com.solitaire.klondike.rescue.dog.friends.card.game"", ""com.solitaire.klondike.spider.classic.card.games"", ""com.solitaire.klondike.zoo.card"", ""com.solitaire.patience.card.classic.klondike"", ""com.solitaire.patience.klondike"", ""com.solitaire.patience.klondike.classic.card.games"", ""com.solitaire.relax.classic.card.game"", ""com.solitaire.sccard"", ""com.solitaire.solitairefree"", ""com.solitaire.warfarer.game"", ""com.solitairecard.relaxgame.classiccard"", ""com.solitaireday.cardgame"", ""com.solitairegame.basic2"", ""com.solitairetime.classicgame"", ""com.solitarie.card.regal.game"", ""com.sort.match.games.triple.master.closet.goods"", ""com.standard.puzzle.collection.solitaire"", ""com.standard.puzzle.game.card.solitaire"", ""com.standard.puzzle.ooybaa.solitaire"", ""com.standard.puzzle.solitaire"", ""com.standard.puzzle.solitaire.classic"", ""com.standard.puzzle.solitaire.classic.fun"", ""com.standard.puzzle.solitaire.klondike.japanjourney"", ""com.staplegames.solitaireGP"", ""com.studio.guests.statistics"", ""com.superplaystudios.disneysolitairedreams"", ""com.theoremreach.wizardbucks"", ""com.tripledot.petcafe"", ""com.tripledot.solitairescapes"", ""com.uken.solitaire.story"", ""com.vitastudio.solitaire"", ""com.vnstartllc.solitaire.blast"", ""com.whatever.week.exclusive"", ""com.width.variable.ticket.videos"", ""com.winrgames.solitaire"", ""com.yy.solitaire.farm.tripeaks"", ""com.zimad.magicsolitairecollection"", ""cozy.solitaire.classic"", ""funvent.solitairetile"", ""games.conifer.card.solitaire.klondike.free"", ""games.conifer.card.spider.solitaire.free"", ""games.flick.solitaire"", ""gin.rummy.ginrummy.free.online.offline.classic.card.game"", ""gp.farm.harvest.solitaire.tripeaks"", ""gridplus.solitaire.cardgames"", ""klondike.solitaire.card.games.free.patience.spider.freecell.classic"", ""klondike.solitaire.cardgames.puzzle.free.offline.freecell.spider"", ""linkdesks.classic.solitaire"", ""linkdesks.classicsolitaire.klondike.cardgames"", ""linkdesks.solitaire.rescue.story"", ""net.supertreat.solitaire"", ""nova.solitaire.patience.card.games.klondike.free"", ""solitaire.arcadegames.freecard.solitaireplus.epic.klodike"", ""solitaire.card.classic.bgames"", ""solitaire.card.free.plus"", ""solitaire.card.games.free.klondike.solitaire.classic.fun"", ""solitaire.card.games.free.solitaire.classsic.themes"", ""solitaire.card.games.free.solitales"", ""solitaire.card.games.klondike.free.patience.classic.challenge"", ""solitaire.card.games.klondike.solitaire.classic.free"", ""solitaire.classic.card.games.klondike.calm.free"", ""solitaire.classic.gold.dash"", ""solitaire.classic.hungrystudio.free.klondike.card.patience"", ""solitaire.classic.journey.klondike.puzzle.card"", ""solitaire.classicgame.klondike.solitaire.freecard"", ""solitaire.collection.girls.klondike.spider"", ""solitaire.collection.klondike.card.games.free.game"", ""solitaire.collection.klondike.spider.freecell.tripeaks.pyramid.cardgame"", ""solitaire.collection.win.real"", ""solitaire.jigsaw.puzzle.design.artgallery.home.decorate.klondike"", ""solitaire.klondike.classic.card.games"", ""solitaire.klondike.classic.patience.card.games"", ""solitaire.klondike.ever"", ""solitaire.klondike.patience.spider.freecell.card.free.daily"", ""solitaire.mahjongmaker.collection.card.solitaire.klondike"", ""solitaire.nostal.cardgame.puzzle"", ""solitaire.patience.card.games.klondike.free"", ""solitaire.puzzlemaker.solitaire.klondike.cardgame.patience"", ""solitaire.solitaire.solitaire"", ""solitaire.solitairemaker.solitaire.klondike.card"", ""solitaire.time.relax.games.classic"", ""solitaire.tripeaks.farm.free.card.games.grand.harvest.garden"", ""solitaire.tripeaks.fun.free.card.games.journey.farm.harvest.patience"", ""solitaire.tripeaks.home.design.redecor"", ""spider.classic.solitaire.card.pgmaker"", ""spider.solitaire.card.games.free.klondike.patience"", ""spider.solitaire.card.games.free.no.ads.klondike.solitare.patience.king"", ""spider.solitaire.classic.card.games.makeup"", ""spider.solitaire.play.classic.card.games.klondike.free.patience.garden""]"
64a41f5638325e04da4db2f3,64803209bfd9aa0011593484,[],"[""bible.offline.kingjames.holy.kjv.bible.daily.verse"", ""bible.trivia.quiz.question.answer.spelling.correct.knowledge.test.game"", ""bible.wordgame.words.connect.crossword.cookies"", ""com.AppFore.BubbleWordJam"", ""com.PulsSoftware.WS"", ""com.TinyBit.GameOfWords"", ""com.a3.topgirl.gplay"", ""com.aaaudi.wordmaker"", ""com.bitmango.go.wordcookies"", ""com.blackout.word"", ""com.blanky.rensk.unicaspa"", ""com.carson.word.search"", ""com.crypt.gram.puzz"", ""com.easybrain.crossword.puzzles"", ""com.easybrain.word.puzzle.game"", ""com.econogames.bible.wordsearch.gp"", ""com.entertainmentworld.luckyword"", ""com.fanatee.cody"", ""com.fanatee.noodles"", ""com.fingerlab.block.wordgame"", ""com.fingerlab.word.blockpuzzles"", ""com.fugo.wow"", ""com.fugo.wowguru"", ""com.fugo.wowsearch"", ""com.fugo.wowsolitaire"", ""com.fugo.wowzen"", ""com.fugo.wowzen.search"", ""com.gamemavericks.crosswordgame"", ""com.grandgames.magicsort"", ""com.histudiogames.wordblastg"", ""com.histudiogames.wordcarnivalg"", ""com.histudiogames.wordserenityg"", ""com.histudiogames.wordtilepuzzleg"", ""com.hitapps.figgerits"", ""com.insbraingames.cryptoscapes.gp"", ""com.iscoolentertainment.word.search"", ""com.kiwifun.game.android.wordsearch.puzzles"", ""com.marulgames.wordyoga"", ""com.matchasaucellc.word.search.android"", ""com.mnogoteams.crossworld"", ""com.mobilegame.wordsearch"", ""com.newpubco.wordsolitaire"", ""com.oakever.zigword"", ""com.openmygame.android.sky.words"", ""com.openmygame.games.android.fillwordsoffline"", ""com.openmygame.games.android.wordpizza"", ""com.openmygame.games.android.wordsearchsea"", ""com.openmygame.magicwordsearch"", ""com.otium.word.connect.android"", ""com.peoplefun.wordcross"", ""com.peoplefun.wordsearch"", ""com.peoplefun.wordsolitaire"", ""com.peoplefun.wordstacks"", ""com.perfectgame.wordsearch.puzzle.game"", ""com.platinumplayer.word.addict"", ""com.playvalve.wsjourney"", ""com.randomlogicgames.wordsearch"", ""com.scopely.wheeloffortune"", ""com.severex.cross.word.puzzle.logic"", ""com.tellmewow.senior.word.search"", ""com.timberflow.happy"", ""com.trip.littleengine.worden"", ""com.tripledot.cryptogram"", ""com.ventogames.blossomword"", ""com.wochi.android.rdll"", ""com.word.cashgame.game"", ""com.word.search.find.puzzle"", ""com.wordconnect.word.games.search.find"", ""com.wordcrush.jackpot.game"", ""com.wordgame.puzzle.block.crush"", ""com.wordgame.words.connect"", ""com.wordparadise.relaxpuzzlegame"", ""com.wordscatcher"", ""com.yoogalabgaming.puzzle.sort.water"", ""com.yoogalabgaming.puzzle.wordsearch"", ""games.burny.associations.word.puzzle"", ""games.burny.wooden.word.puzzle"", ""in.playsimple.crossword.search.fun.word.puzzles"", ""in.playsimple.cryptogram"", ""in.playsimple.tripcross"", ""in.playsimple.wordbingo"", ""in.playsimple.wordsearch"", ""in.playsimple.wordsolitaire"", ""in.playsimple.wordtour"", ""in.playsimple.wordtrip"", ""in.playsimple.wordtrip.association"", ""kidultlovin.word.zen"", ""se.maginteractive.wordbrain"", ""spelling.quiz.trivia.question.answer.correct.word.learn.language.puzzle"", ""trivia.master.question.quiz.answer.crack.star.millionaire.free.knowledge"", ""trivia.quiz.trivia.star.millionaire.word.question.offine.game.free"", ""watersort.puzzle.water.sort.ball.sort.logic.brain.game.color.fill"", ""word.blocks.jigsaw.puzzle.boggle.find.hidden.scapes.shapes.fit.search.scrabble.free"", ""word.connect.free"", ""word.connect.wordswipe.wordstacks.wordstory.wordscapes.word.games"", ""word.puzzles.wordsearch.search.game.wordcross"", ""word.riddles.guess.brain.test.tricky.puzzle.quiz.game.free"", ""word.search.cross.games"", ""word.search.puzzle.games.free.puzzles.find.words.explorer"", ""word.search.wordsearch.wordgames.kids.adults.free.puzzle.games"", ""wordcross.wordscapes.wordconnect.lots.free"", ""wsjourney.word.puzzle""]"
64db6180d4592a1f1c806bde,5f687c6436ca1e0016d5fd6d,[],[]
64de05bdabb23eee2a179c21,57d1b461ae2b57d903000027,[],"[""1118303357"", ""1327839430"", ""6446400749"", ""6446474055"", ""6446607756"", ""6446674675"", ""6448621205"", ""6465898279"", ""6502631525""]"
64e4c1ec575deb9efd61dafb,64803209bfd9aa0011593484,[],"[""1357802596"", ""1494648714"", ""1514542157"", ""1566301002"", ""1569776448"", ""1575680675"", ""1593801388"", ""1597897013"", ""1599675538"", ""1625097467"", ""1667264724"", ""395979574"", ""6444769217"", ""6444946155"", ""6449226994"", ""6463206519"", ""6466972408"", ""6467381579"", ""6468921590"", ""6478815270"", ""6499209744"", ""6511226266"", ""6737144525"", ""6737221366"", ""6737799378"", ""6737825225"", ""6738402392"", ""6742044315"", ""6744084927"", ""6744144975"", ""6744440509"", ""6745124789"", ""6746641424"", ""6748601081"", ""6749558327"", ""6749558825"", ""6751222488"", ""6751568198"", ""6751788348"", ""6755454821"", ""6756665708"", ""6757671759"", ""6757699774"", ""6757832779"", ""6758265105"", ""6758456707"", ""6758611499"", ""6759038002"", ""6759250100"", ""6761420628"", ""6764883597""]"
64ee188a4ca99f72ba7c5d70,568b8cb3bb2089a80600000a,[],"[""bible.wordgame.words.connect.crossword.cookies"", ""com.a3.topgirl.gplay"", ""com.superlive.liveapp"", ""kidultlovin.word.zen"", ""kjvbible.verse.daily.bible.prayer"", ""playsimple.wordsearch"", ""word.connect.puzzle.games"", ""word.cross.connect.puzzle.games""]"
64f7008818744ab0e0841919,5f687c6436ca1e0016d5fd6d,"[""aipushok.com"", ""melbet.com"", ""r2.dev"", ""yesplay.bet""]",[]
64f9e2ac8fb8ac04ca897cd1,57d1b461ae2b57d903000027,[],"[""classic.word.board.wordwithfriends.solo.offline.scrabble.friends.multiplayer.online.crossw"", ""com.QuixoticApps.Wurdian"", ""com.WordsByPostFree"", ""com.etermax.apalabrados.lite"", ""com.funcraft.wordgame"", ""com.gamesition.chatterart"", ""com.hbwares.wordfeud.free"", ""com.iscoolentertainment.crossword.classic"", ""com.iscoolentertainment.word.classic"", ""com.iscoolentertainment.wordoxfree"", ""com.lexulous.Lexulous"", ""com.littleengine.wordpal"", ""com.lulo.scrabble.classicwords"", ""com.mnemosynch.ashleybrown.buildnplay"", ""com.nytimes.wordgame"", ""com.omnody.sc"", ""com.omnody.scrabble"", ""com.peoplefun.wordchums"", ""com.pieyel.scrabble"", ""com.rjs.wordosaur"", ""com.zynga.words"", ""com.zynga.words3"", ""com.zynga.wwf2.free"", ""eu.creativefriends.wordcrex"", ""jaguargames.wordmaster2"", ""jaguargames.wordmasterpro"", ""se.maginteractive.worddomination""]"
65016fb65946c49eb49f6691,5f687c6436ca1e0016d5fd6d,"[""melbet.com""]",[]
650363ddd38855ef54aae568,650360eb0950ee00114dc484,[],"[""1479587574""]"
6503642f5551fd9849db7a23,650360eb0950ee00114dc484,[],[]
6526703e4168a1c19383dcff,64803209bfd9aa0011593484,[],"[""1066752474"", ""1067747569"", ""1073936461"", ""1103438575"", ""1153389718"", ""1163777816"", ""1166981451"", ""1190849728"", ""1191435163"", ""1191441346"", ""1207916285"", ""1209986063"", ""1223338261"", ""1249968208"", ""1255805526"", ""1272040721"", ""1275760266"", ""1277486668"", ""1334311990"", ""1350822588"", ""1360098321"", ""1377777929"", ""1382466301"", ""1404452255"", ""1411285750"", ""1411588970"", ""1424301610"", ""1436441155"", ""1439995876"", ""1447178516"", ""1454538656"", ""1456989345"", ""1459297734"", ""1459576037"", ""1471077600"", ""1471592644"", ""1476370680"", ""1482887935"", ""1487708678"", ""1487882541"", ""1494422884"", ""1495577212"", ""1496599497"", ""1497524206"", ""1500251668"", ""1500560833"", ""1500748325"", ""1522667579"", ""1523820531"", ""1524752698"", ""1525880838"", ""1526105184"", ""1536804215"", ""1536881735"", ""1550890522"", ""1554300372"", ""1557197419"", ""1564391515"", ""1572726361"", ""1575516934"", ""1575519620"", ""1575684487"", ""1579319439"", ""1580014348"", ""1581750845"", ""1584596271"", ""1616149789"", ""1618184255"", ""1619320898"", ""1628542227"", ""1631584032"", ""1632384400"", ""1642487048"", ""1664162753"", ""1667538256"", ""1670584899"", ""284791396"", ""301987699"", ""309409628"", ""359917414"", ""395979574"", ""444538941"", ""463565130"", ""479280326"", ""500963785"", ""500964912"", ""518167210"", ""593715088"", ""6443760633"", ""6443933664"", ""6444280497"", ""6445882100"", ""6446458119"", ""6446482475"", ""6446482716"", ""6446669987"", ""6449250749"", ""6449570140"", ""6449934686"", ""6450030269"", ""645018925"", ""6450462443"", ""6450855627"", ""6450958246"", ""6451380846"", ""645704840"", ""6462871973"", ""6463776814"", ""6464113198"", ""6464405428"", ""6467742649"", ""6470272827"", ""6471232743"", ""6473000893"", ""6473402325"", ""6474309038"", ""6475616896"", ""6475655147"", ""6475757306"", ""6475964307"", ""6476273802"", ""6476732051"", ""6477341267"", ""6477424482"", ""647804489"", ""6478206303"", ""6478316225"", ""6478478655"", ""6478492166"", ""6478738305"", ""6479977081"", ""6480050254"", ""6484265518"", ""6498711289"", ""6499306806"", ""6503243073"", ""6504484379"", ""6504549481"", ""6651830614"", ""6695750930"", ""6717586224"", ""6720738718"", ""6737193671"", ""6737356923"", ""6737412005"", ""6737788333"", ""6738472608"", ""6739694698"", ""6740137601"", ""6740520597"", ""6740799653"", ""6741700636"", ""6742104349"", ""6742443145"", ""6744326363"", ""6744435737"", ""6744908668"", ""6745124789"", ""6746146495"", ""6746228581"", ""6746824981"", ""6747065291"", ""6747660451"", ""6748190676"", ""6748376378"", ""6748677548"", ""6751490665"", ""6751533084"", ""6752637601"", ""6752648623"", ""6752896423"", ""6752903173"", ""6754443973"", ""6754554857"", ""6754984411"", ""6755057590"", ""6756245705"", ""6756708845"", ""6756955391"", ""6757849471"", ""6757859578"", ""6757919716"", ""6758005462"", ""6758132826"", ""6758137519"", ""6760642699"", ""6762626294"", ""6763082565"", ""6763086795"", ""6764528115"", ""6771712318"", ""741599026"", ""892521917"", ""949295212"", ""977549339""]"
65802019356fbd1f45ff6c6f,64075f57d6da1900141e5aba,[],"[""io.gmt.app.twa""]"
659677f9c64ca439507c3d73,64803209bfd9aa0011593484,[],"[""app.moti.hobby"", ""com.a3.topgirl.gplay"", ""com.artoon.bidwhistoffline"", ""com.astarsoftware.spades"", ""com.bbumgames.spadesroyale"", ""com.bigcake.android.spadesclassic"", ""com.blackout.spades"", ""com.carson.word.search"", ""com.casualino.vipspades"", ""com.chatproject.spider"", ""com.classic.solitaire.mitlp"", ""com.concretesoftware.spades_demobuynow"", ""com.dailybread.biblespades"", ""com.dosecureme"", ""com.euchre.solitaire.plus.offline.free.card.games"", ""com.fastgame.p001012"", ""com.fiogonia.rummy500"", ""com.fiogonia.spades"", ""com.flyingcat.spades"", ""com.fuzzymobilegames.spades"", ""com.gamerhook.spades.play.card.games.free"", ""com.gametion.callbreak.king"", ""com.hyilmaz.spades"", ""com.iscoolentertainment.spades.classique"", ""com.kamagames.spades"", ""com.karmangames.spades"", ""com.mobilityware.GinRummySolitaire"", ""com.mobilityware.Hearts"", ""com.mobilityware.Spades"", ""com.newpubco.hearts"", ""com.newpubco.klondikesolitaire"", ""com.newpubco.spades"", ""com.online.multiplayer.cardgamesuperspadesfree"", ""com.pivatebrowser.proxybrowser.pro"", ""com.purpleowl.spades.card.game"", ""com.sngict.spades"", ""com.solitairecard.relaxgame.classiccard"", ""com.spades.solitaire.online.plus.offline.free.card.games"", ""com.standard.puzzle.game.card.solitaire"", ""com.takimi.android"", ""com.tripledot.blackjack"", ""com.tripledot.spades"", ""com.video.player.hd.play"", ""com.wildcard.classicspades"", ""com.wildcard.spades"", ""com.yallaplay.spadesmasters"", ""com.zimad.spades"", ""de.convisual.bosch.toolbox2"", ""games.joker.spadesclub"", ""gin.rummy.plus.free.online.offline.classic.card.game"", ""io.yarsa.games.spades"", ""me.xscroll"", ""net.peakgames.mobile.spades.android"", ""spades.classic.card.free.online.offline.multiplayer"", ""spades.classic.card.game"", ""spades.solitaire.card.games.free"", ""spider.classic.solitaire.card.pgmaker"", ""uk.co.aifactory.spades"", ""uk.co.aifactory.spadesfree""]"
659e1333a5c8c578aac410f0,5b975fcedc73276356309362,"[""abigames.com"", ""arbogame.github.io"", ""aretis.cc"", ""bd09b5120.app-ads-txt.com"", ""bet0502.com"", ""bidease.com"", ""bidease.com_109290"", ""bidease.com_130446"", ""bidease.com_130911"", ""bidease.com_133087"", ""bidease.com_134949"", ""bidease.com_136489"", ""bidease.com_137480"", ""bidease.com_137481"", ""bidease.com_137959"", ""bidease.com_138051"", ""bidease.com_140102"", ""bidease.com_140862"", ""bidease.com_142620"", ""bidease.com_142918"", ""bidease.com_143160"", ""bidease.com_144210"", ""bidease.com_144261"", ""bidease.com_144942"", ""bidease.com_144947"", ""bidease.com_145789"", ""bidease.com_146360"", ""bidease.com_146617"", ""bidease.com_146887"", ""bidease.com_146898"", ""bidease.com_147228"", ""bidease.com_147338"", ""bidease.com_147339"", ""bidease.com_147578"", ""bidease.com_147582"", ""bidease.com_147752"", ""bidease.com_147885"", ""bidease.com_147886"", ""bidease.com_147892"", ""bidease.com_147973"", ""bidease.com_148024"", ""bidease.com_148066"", ""bidease.com_148276"", ""bidease.com_148277"", ""bidease.com_149180"", ""bidease.com_149181"", ""bidease.com_149193"", ""bidease.com_149197"", ""bidease.com_149235"", ""bidease.com_149257"", ""bidease.com_149301"", ""bidease.com_150062"", ""bidease.com_150101"", ""bidease.com_150272"", ""bidease.com_150323"", ""bidease.com_150430"", ""bidease.com_150494"", ""bidease.com_150504"", ""bidease.com_150625"", ""bidease.com_150631"", ""bidease.com_151117"", ""bidease.com_151284"", ""bidease.com_151321"", ""bidease.com_151393"", ""bidease.com_151394"", ""bidease.com_151444"", ""bidease.com_151879"", ""bidease.com_151880"", ""bidease.com_152005"", ""bidease.com_152047"", ""bidease.com_152149"", ""bidease.com_152150"", ""bidease.com_152151"", ""bidease.com_152354"", ""bidease.com_152532"", ""bidease.com_152597"", ""bidease.com_152598"", ""bidease.com_152599"", ""bidease.com_152601"", ""bidease.com_152602"", ""bidease.com_152603"", ""bidease.com_152671"", ""bidease.com_152672"", ""bidease.com_152674"", ""bidease.com_152676"", ""bidease.com_152688"", ""bidease.com_152689"", ""bidease.com_152971"", ""bidease.com_152972"", ""bidease.com_152974"", ""bidease.com_153038"", ""bidease.com_153040"", ""bidease.com_153041"", ""bidease.com_153098"", ""bidease.com_153100"", ""bidease.com_153101"", ""bidease.com_153181"", ""bidease.com_153182"", ""bidease.com_153194"", ""bidease.com_153195"", ""bidease.com_153196"", ""bidease.com_153299"", ""bidease.com_153300"", ""bidease.com_153301"", ""bidease.com_153454"", ""bidease.com_153455"", ""bidease.com_153456"", ""bidease.com_153457"", ""bidease.com_153458"", ""bidease.com_153459"", ""bidease.com_153493"", ""bidease.com_153494"", ""bidease.com_153496"", ""bidease.com_153515"", ""bidease.com_153517"", ""bidease.com_153538"", ""bidease.com_153539"", ""bidease.com_153541"", ""bidease.com_153664"", ""bidease.com_153696"", ""bidease.com_153697"", ""bidease.com_153698"", ""bidease.com_153728"", ""bidease.com_153729"", ""bidease.com_153730"", ""bidease.com_153731"", ""bidease.com_153732"", ""bidease.com_153798"", ""bidease.com_153800"", ""bidease.com_153801"", ""bidease.com_153846"", ""bidease.com_153906"", ""bidease.com_153907"", ""bidease.com_153908"", ""bidease.com_153909"", ""bidease.com_153910"", ""bidease.com_153969"", ""bidease.com_153970"", ""bidease.com_153971"", ""bidease.com_153972"", ""bidease.com_154096"", ""bidease.com_154097"", ""bidease.com_154098"", ""bidease.com_154099"", ""bidease.com_154217"", ""bidease.com_154218"", ""bidease.com_154219"", ""bidease.com_154220"", ""bidease.com_154270"", ""bidease.com_154371"", ""bidease.com_154376"", ""bidease.com_154391"", ""bidease.com_154392"", ""bidease.com_154393"", ""bidease.com_154477"", ""bidease.com_154478"", ""bidease.com_154479"", ""bidease.com_154480"", ""bidease.com_154501"", ""bidease.com_154502"", ""bidease.com_154503"", ""bidease.com_154504"", ""bidease.com_154506"", ""bidease.com_154507"", ""bidease.com_154508"", ""bidease.com_154562"", ""bidease.com_154563"", ""bidease.com_154564"", ""bidease.com_154565"", ""bidease.com_154593"", ""bidease.com_154594"", ""bidease.com_154595"", ""bidease.com_154596"", ""bidease.com_154601"", ""bidease.com_154654"", ""bidease.com_154655"", ""bidease.com_154656"", ""bidease.com_154657"", ""bidease.com_154658"", ""bidease.com_154659"", ""bidease.com_154660"", ""bidease.com_154661"", ""bidease.com_154662"", ""bidease.com_154663"", ""bidease.com_154674"", ""bidease.com_154701"", ""bidease.com_154727"", ""bidease.com_154740"", ""bidease.com_154747"", ""bidease.com_154830"", ""bidease.com_154831"", ""bidease.com_154832"", ""bidease.com_154851"", ""bidease.com_154882"", ""bidease.com_154907"", ""bidease.com_154908"", ""bidease.com_154909"", ""bidease.com_154952"", ""bidease.com_154966"", ""bidease.com_154967"", ""bidease.com_154968"", ""bidease.com_154979"", ""bidease.com_154980"", ""bidease.com_154981"", ""bidease.com_154982"", ""bidease.com_155031"", ""bidease.com_155032"", ""bidease.com_155033"", ""bidease.com_155034"", ""bidease.com_155047"", ""bidease.com_155048"", ""bidease.com_155049"", ""bidease.com_155050"", ""bidease.com_155056"", ""bidease.com_155058"", ""bidease.com_155059"", ""bidease.com_155107"", ""bidease.com_155108"", ""bidease.com_155109"", ""bidease.com_155110"", ""bidease.com_155119"", ""bidease.com_155120"", ""bidease.com_155121"", ""bidease.com_155122"", ""bidease.com_155123"", ""bidease.com_155124"", ""bidease.com_155125"", ""bidease.com_155126"", ""bidease.com_155140"", ""bidease.com_155141"", ""bidease.com_155142"", ""bidease.com_155143"", ""bidease.com_155175"", ""bidease.com_155176"", ""bidease.com_155177"", ""bidease.com_155178"", ""bidease.com_155192"", ""bidease.com_155193"", ""bidease.com_155194"", ""bidease.com_155195"", ""bidease.com_155217"", ""bidease.com_155218"", ""bidease.com_155223"", ""bidease.com_155235"", ""bidease.com_155240"", ""bidease.com_155241"", ""bidease.com_155376"", ""bidease.com_155377"", ""bidease.com_155379"", ""bidease.com_155404"", ""bidease.com_155405"", ""bidease.com_155406"", ""bidease.com_155407"", ""bidease.com_155419"", ""bidease.com_155420"", ""bigcakegame.com"", ""bitcoin.hraseineral.com"", ""blockyyplaygames.com"", ""bpgames.link"", ""casaebstacks.com"", ""crazymaplestudios.com"", ""crowngamingstudio.com"", ""crushblocks.com"", ""crushie.ai"", ""dagfungame.store"", ""didonggame.com"", ""digitalsogame.com"", ""diguotech.com"", ""dingshanmobile.com"", ""dmgames.com.au"", ""eflcocogame.com"", ""ewxxstudio.com"", ""faithmobile.online"", ""falcongames.com"", ""fridayoge.com"", ""galaxystore.samsung.com"", ""game002.shop"", ""gamedevstudio.xyz"", ""gamehot.com"", ""gametree-focus.icu"", ""gamosmobile.com"", ""gamovation.com"", ""gc90618e1.app-ads-txt.com"", ""h5topgame.com"", ""higgsgamestudio.com"", ""http://abigames.com/"", ""http://crazymaplestudios.com"", ""http://crushie.ai"", ""http://kalshi.com"", ""http://reelshort.com"", ""http://sportsbook.draftkings.com"", ""http://www.msakatzgame.com/"", ""http://zynga.com/games/spades-plus/"", ""https://bet0502.com/"", ""https://bitcoin.hraseineral.com/"", ""https://casaebstacks.com/"", ""https://crowngamingstudio.com/"", ""https://ewxxstudio.com/"", ""https://faithmobile.online/"", ""https://game002.shop/"", ""https://gamedevstudio.xyz/"", ""https://gc90618e1.app-ads-txt.com/"", ""https://h5topgame.com/"", ""https://juicy-fruits-drop.web.app/"", ""https://locknering.ramaticcoas.com/"", ""https://luckyday.com/"", ""https://lupogames.com/"", ""https://mahjong.fortunagamefun.com/"", ""https://mahjong.nimblemind.studio/"", ""https://mahjong.ultradynamitn.com/"", ""https://mahjong2.luckymatchmahjong.com/"", ""https://mahjongcozy.xyz/"", ""https://mahjongcrushtilematch.com/"", ""https://mahjongjoy.online/"", ""https://mahjongmatchsmallru.com/"", ""https://mahjongtileand.site/"", ""https://mahjonh.handshoutb.com/"", ""https://mjcashlink.mjcashlink.com/"", ""https://panda32matchhjongmatch.com/"", ""https://relax-tiles.web.app/"", ""https://richmhmatch.richmhmatch.com/"", ""https://slidematch.gurugame.ai/"", ""https://spritechat.shop/"", ""https://tilematch.luckymatchmahjong.com/mahjong/index.html"", ""https://touballyka.certainoutin.com/"", ""https://vistacosmos.com"", ""https://www.applieddataweb.com/"", ""https://www.digitalsogame.com/"", ""https://www.eflcocogame.com/"", ""https://www.etermax.com/"", ""https://www.gamehot.com/"", ""https://www.gimica.com/"", ""https://www.relaxgame.me/"", ""https://www.sharedfungames.com/"", ""https://www.sohigame.com/"", ""https://www.solve4fun.com/"", ""https://www.starwaves.cn/"", ""hubhomegames.com"", ""hungrystudio.com"", ""hurelax.com"", ""ikameglobal.com"", ""intellinexusoficial.com"", ""ios.mahjongtile.nebula.com"", ""ismailelaariss.com"", ""jollymahjong.com"", ""joygame.site"", ""juggle.block.com"", ""juicy-fruits-drop.web.app"", ""kalshi.com"", ""kiwifungames.com"", ""kldglobalgame.online"", ""kuyisidigital.com"", ""lessmore.games"", ""lihuhugames.com"", ""lihuhupublishing.com"", ""llbenoutlet.shop"", ""locknering.ramaticcoas.com"", ""longsealink.com"", ""loop.games"", ""losttemplegames.com"", ""luckyday.com"", ""lupogames.com"", ""mahjong.fortunagamefun.com"", ""mahjong.gurugame.ai"", ""mahjong.nimblemind.studio"", ""mahjong.tapque.com"", ""mahjong.ultradynamitn.com"", ""mahjong.wonderful.com"", ""mahjong2.luckymatchmahjong.com"", ""mahjongcozy.xyz"", ""mahjongcrushtilematch.com"", ""mahjongdaily.com"", ""mahjongexplorer.com"", ""mahjonggameg.streetrestaura.com"", ""mahjongjoy.online"", ""mahjongmatch.heatcarpeto.com"", ""mahjongmatchsmallru.com"", ""mahjongroyal.com"", ""mahjongslikg.kettlenearx.com"", ""mahjongtile.nebula.com"", ""mahjongtileand.site"", ""mahjonh.handshoutb.com"", ""majongg.animalssomev.com"", ""matchgames.io"", ""matchxgame.com"", ""maxngame.com"", ""metajoy.io"", ""microjoygame.com"", ""mindgoinc.com"", ""mjcashlink.mjcashlink.com"", ""moxterko.consiscamese.com"", ""nayelgames.com"", ""nebula"", ""nebula-studios.com"", ""nebulastudio.com"", ""niuaigo.com"", ""panda32matchhjongmatch.com"", ""pandasofcaribbean.com"", ""partypop.club"", ""pixmydollar.cloud"", ""playfulbytes.games"", ""playsimple.in"", ""playvalve.com"", ""projectxprivacy.pages.dev"", ""radbrothers.com"", ""reelshort.com"", ""relax-tiles.web.app"", ""relaxgame.me"", ""richmhmatch.richmhmatch.com"", ""seaworldgame.online"", ""slidematch.gurugame.ai"", ""solaird.com"", ""solve4fun.com"", ""sportsbook.draftkings.com"", ""spritechat.shop"", ""starwaves.cn"", ""studio.com"", ""summeraffica.com"", ""thanirs4.today"", ""tile-mahjong.com"", ""tilematch.ildreshelte.com"", ""tilematch.luckymatchmahjong.com"", ""togoblingames.com"", ""touballyka.certainoutin.com"", ""tripledotstudios.com"", ""unicorn-card-games.web.app"", ""vidagames.club"", ""vistacosmos.com"", ""vizor-games.com"", ""whatwapp.com"", ""winplusfun.com"", ""wonderfulstudio.com"", ""www.appgeneration.com"", ""www.applieddataweb.com"", ""www.bearhugentertainment.com"", ""www.bigcakegame.com"", ""www.bitmango.com"", ""www.bitstronggames.com"", ""www.bobodoo.com"", ""www.crushblocks.com"", ""www.cwjoy.com"", ""www.etermax.com"", ""www.fiogonia.com"", ""www.firedragongame.com"", ""www.flyfoxgames.com"", ""www.fout.co.jp"", ""www.g5.com"", ""www.gamosmobile.com"", ""www.gamovation.com"", ""www.gimica.com"", ""www.hungrystudio.com"", ""www.hurelax.com"", ""www.jamcity.com"", ""www.kaimi88.com"", ""www.loongrising365.com"", ""www.luckymatchmahjong.com"", ""www.mahjongonline365.com"", ""www.metajoy.io"", ""www.mint-games.org"", ""www.mobilityware.com"", ""www.msakatzgame.com"", ""www.nightingale-mobile.com"", ""www.pandasofcaribbean.com"", ""www.paxiegames.com"", ""www.playvalve.com"", ""www.puzzle-games-studio.cn"", ""www.sharedfungames.com"", ""www.skylinkstudio.com"", ""www.sofish.com"", ""www.sohigame.com"", ""www.solamahjong.com"", ""www.sophun.games"", ""www.sun.studio"", ""www.triple7games.com"", ""www.tripledotstudios.com"", ""www.triwingames.com"", ""www.vgamestudio.com"", ""www.vidagames.club"", ""www.yaowukejigame.com"", ""www.yoogalab.com"", ""www2.canadadroid.com"", ""youyungames.com"", ""zeroogravitygames.com"", ""zynga.com""]","[""ai.onspace.app"", ""ai.projectx.clickx.gp"", ""and.brainworks.arrows.out.escape.puzzle.game"", ""and.lhhpub.mahjongmatch"", ""and.lhhpub.mahjongvista"", ""and.lihuhu.mahjongtriple3d"", ""and.mahjong.match.puzzle"", ""and.matchgames.zenblossom"", ""arrow.clash.blast.escape.out.maze"", ""arrow.cube.escape3d"", ""arrow.logic.puzzles.tap.brainteaser.game"", ""arrow.maze.escape.out.puzzle.logic"", ""arrow.out.puzzle.escape.logicpuzzle"", ""arrow.puzzle.flech.escape.game"", ""arrow.saga"", ""au.com.dogmelon.base"", ""com.WhatWapp.MahjongLab"", ""com.a3.topgirl.gplay.kr"", ""com.abi.mahgicblast"", ""com.almondparty.arrowsPuzzle.android"", ""com.amazing.mahjong.zen.tile.match.puzzle"", ""com.arcadiastudio.mahjong.puzzle"", ""com.arrcolortap.android.gp"", ""com.arrow.blitz.logicfunpuzzle"", ""com.arrow.burst.neet"", ""com.arrow.dash.puzzle"", ""com.arrow.eightyeight.gp"", ""com.arrow.escape.savethedog"", ""com.arrow.exit.escape.games"", ""com.arrow.line.puzzle.game"", ""com.arrow.madness.games.arrows.escape.puzzle.game"", ""com.arrow.maze.tap.away.puzzle"", ""com.arrow.ninetyfour.gp"", ""com.arrow.out"", ""com.arrow.out.color.line.brian.puzzle"", ""com.arrow.out.escape.maze"", ""com.arrow.out.montg.game"", ""com.arrow.out.tap.money.puzzle"", ""com.arrow.puzzle"", ""com.arrow.quest.joygame"", ""com.arrow.sitting.casual"", ""com.arrow.sortout"", ""com.arrow.tangle"", ""com.arrow.tap.out.ocean"", ""com.arrowaway.tappuzzle"", ""com.arrowescape.puzzle"", ""com.arrowmaze.sort"", ""com.arrowmaze.tapaway.puzzle"", ""com.arrowood.escape.puzzle"", ""com.arrowout.puzzle.amzejam"", ""com.arrowpath.android.gp"", ""com.arrows.escape"", ""com.arrows.escape.puzzle"", ""com.arrows.escape.puzzle.out.go"", ""com.arrows.go.escape.out.puzzle"", ""com.arrowsasmr.melody.touchlin"", ""com.autoall.arrowpm"", ""com.bamboobreeze.mahjonggame"", ""com.bangsawan.arrow"", ""com.beauty.and.encountermahjong"", ""com.beauty.gp.tile.charmmahjong"", ""com.betagame.mahjongtile"", ""com.bhe.cashmahjong"", ""com.bigcake.android.mahjongmatch"", ""com.bigcake.android.mahjongtriple"", ""com.bitmango.go.mahjongsolitaireclassic"", ""com.blackout.mahjong"", ""com.blast.mahjong.match.free.vkcxh"", ""com.block.juggle"", ""com.blockblast.free.mahjong.puzzle"", ""com.brain.arrow.puzzle"", ""com.brainsoft.arrows.escape.puzzle"", ""com.casuper.arrow"", ""com.cgs.mahjong.solitaire.tile.match"", ""com.circusmania.jokerswild"", ""com.classic.game.free.mahjong.offline"", ""com.classic.mahjong.tiles.master.match.game"", ""com.cool.adult.tile.mahjongcrush"", ""com.corona.dragonescape"", ""com.crushmj.mahjongslide"", ""com.cupidarrow.arrowout.puzzle.gp"", ""com.cwgame.app.mahjong"", ""com.dailyc.mahjong.master.pairmatch"", ""com.dkg.puzzlearrow"", ""com.dvg.colorarrow"", ""com.earahgkfhudio.arjgiwsnap"", ""com.easybrain.arrow.puzzle.game"", ""com.easybrain.arrow.puzzle3d"", ""com.ecffri.arrows"", ""com.emflag.mahjonglegend"", ""com.emflag.mahjongmaster"", ""com.emmaProjectse.emmala.emma"", ""com.etermax.supermahjong"", ""com.everybodygames.arrowsmaster"", ""com.ew.arrows"", ""com.ew.mahjong"", ""com.ew.mahjongcrush"", ""com.exploretech.game.block.mahjong.wrmg"", ""com.fbg.arrowgame"", ""com.felicitygames.arrowmaze"", ""com.fenghenda.mahjong"", ""com.fiogonia.mahjong"", ""com.flyfox.arrow.away.escape.out.color.master.game"", ""com.flynjhfish.rungame"", ""com.fortuna.mahjong"", ""com.free.mahjong.classic.puzzlegame"", ""com.freelax.arrow.escape.tap.out.master.puzzle"", ""com.funjo.game.magicwool"", ""com.funzone.triplemahjong.gp"", ""com.g5e.mahjong.android"", ""com.game.acm_android"", ""com.game.escape.arrow_android"", ""com.game.puzzle.arrows.arrowaway"", ""com.gamehot.mahjongslidepair.puzzle.game.gp"", ""com.gamovation.mahjongclub"", ""com.gamovation.triplemahjong"", ""com.gbgames.mahjongmyth"", ""com.gbgames.mahjongunlimited"", ""com.gdm.arrowfrenzy"", ""com.gimica.mahjong"", ""com.godlike.vigormahjong"", ""com.goldmahjong.matchgame"", ""com.gotstar.arrowgo.escape"", ""com.gpg.arrowblast"", ""com.green.play.arrows.escape.tap.real.money"", ""com.happygo.mahjongtriple"", ""com.havefun.mahjong"", ""com.heartsnet.clickwood.gp"", ""com.hg.arrow"", ""com.higgs.tilemaster.triple.match"", ""com.hillocean.mahjongg.relaxing"", ""com.hotplay.arrows"", ""com.hw.arrow.rush3d"", ""com.ig.arrow.away"", ""com.ig.mahjong.jam"", ""com.igs.goldenhoyeah"", ""com.infseekstudio.game.arrow.logic.escape"", ""com.ismail.game.triple.tile.mahjong"", ""com.ismail.mahjong.game.pairing"", ""com.jc.mahjongpop"", ""com.jc.mahjongtile"", ""com.jmsgame.jackpotmastercasino"", ""com.joy.mahjong.puzzle.game.tile"", ""com.joybrother.tilecrush"", ""com.junglemahjong.gametop.puzzle"", ""com.kinesic.paths.casual"", ""com.kite.arrowrescue"", ""com.kite.pixelmaze"", ""com.kite.twistedarrows"", ""com.kiwifun.game.android.mahjong"", ""com.kuangbao.ruyimahjong.puzzle"", ""com.kuyisi.mahjong.tilepuzzle.game"", ""com.kuyisi.mahjong.traveler.game"", ""com.linelink.arrows.owlink"", ""com.lioncube.arrow.escape.puzzle"", ""com.losttemplegames.mahjong.gnova"", ""com.lrg.arrowpuzzle"", ""com.lrgame.mahjong"", ""com.lucky.arrow.out.path"", ""com.lucky.mahjong.casual"", ""com.lucky.mahjong2"", ""com.lucky.tilematch.mahjong"", ""com.luckyarrow.winopmoncash"", ""com.luminaplay.jtmg.gp"", ""com.mahjog.match"", ""com.mahjong.cashlink.gg"", ""com.mahjong.crush.tile.match"", ""com.mahjong.explorer"", ""com.mahjong.fruit.puzzle.match.slice"", ""com.mahjong.master.solitaire.match.puzzle"", ""com.mahjong.match.pair.puzzle"", ""com.mahjong.match.puzzle.game"", ""com.mahjong.match.puzzle.tile.game"", ""com.mahjong.mjrelax"", ""com.mahjong.op.gp"", ""com.mahjong.pyramid.catnap.gp"", ""com.mahjong.solitaire.tile.match.classic.zen"", ""com.mahjong.solitaire.tile.match.mahjongclub.onet.link.puzzle"", ""com.mahjong.solitaire.tile.pair.match"", ""com.mahjong.solitaire.zen.match.tile.relax.onet.puzzle"", ""com.mahjong.tile.match.puzzle.game"", ""com.mahjongclassic.matchmaster.game"", ""com.mahjongcozy.and"", ""com.mahjonggame.tilematch.funplayclub"", ""com.mahjongjoy.aoe"", ""com.mahjongmatch.slide.puzzle.game"", ""com.mahjongmatch.solitare.ggboy"", ""com.mahjongmath.tilepuzzle"", ""com.mahjongpuzzle.pairmatch.game"", ""com.mahjongslidematch.tile.puzzle.gp"", ""com.mahjongsolitaire.matchk"", ""com.mahjongtile.k3x8n.funzen"", ""com.mahjongtile.master"", ""com.mahjongtileand.puzzle"", ""com.mahjongverse.chinesestyle.pop.rating.fun"", ""com.mahjongwavex.mjwave"", ""com.mahong.match.three.tile.amazing"", ""com.masterpiece.puzzlemahjong"", ""com.match.happytilematch"", ""com.match.mahjong.pair.puzzle"", ""com.match.mahjong.puzzlegame"", ""com.match.meditation"", ""com.matchgame.mahjongmatch"", ""com.mazepuzz.rrow.awusckj"", ""com.melodyarrow.flow.melo"", ""com.mmaa.android.htjcoh"", ""com.mobilityware.MahjongSolitaire"", ""com.moonlabs.arrowtorich"", ""com.move.arrow.neet"", ""com.msg.arrowarrow"", ""com.nazer.gaming.arrow"", ""com.nb.arrow.maze.escape.out.puzzle"", ""com.nebula.arrows"", ""com.nehyxus.sshw.game"", ""com.neo.arrows.escape.arrowout.puzzle.game"", ""com.nerkt.mahjongwind"", ""com.newleaf.app.android.victor"", ""com.nextinitiatives.minigames.mpp"", ""com.nimblemind.mahjong.tile.puzzle.jam"", ""com.niuaigo.mahjong.classic"", ""com.nvtuan.arrowout.android"", ""com.obscuralabs.liminalwander"", ""com.oj.msit.mahjong.epic"", ""com.onecwireless.mahjong3.google.free"", ""com.onecwireless.mahjongvillage.google.free"", ""com.openmygame.games.android.arrows"", ""com.opgames.mahjongtile.gp"", ""com.otium.mahjong.android"", ""com.panda.mahjong.classic.tile.match.relaxing.puzzle"", ""com.paxiegames.mahjonginfinity"", ""com.pl.arrows.master.tap.escape"", ""com.platogo.gmp"", ""com.play.arrows.go.escape.maze.money"", ""com.playmint.purely.mahjong"", ""com.playvalve.mahjong"", ""com.playvalve.mahjong.triple"", ""com.premium.importance.quite.glass"", ""com.puzzle.matchtile"", ""com.quil.qltkun.negame"", ""com.radbrothers.mahjong.unlimited.classic.game.kids.adults.free"", ""com.red.arrows.android"", ""com.red.catscape.android"", ""com.refection.game.lucky.sort"", ""com.refection.game.mahjong.match.wrmg"", ""com.rich.mahjong.match"", ""com.royal.mahjong"", ""com.satorisysplay.arrowsdash"", ""com.sg.arrow.elimination"", ""com.skl.mahjong.duo"", ""com.skl.mahjong.tile.triple"", ""com.sky.taptotur"", ""com.slidingmahjongmatch.puzzle.gp"", ""com.smg.arrowcolor"", ""com.snake.escape.maze.slither.puzzle"", ""com.sofish.arrowease.gp"", ""com.sofish.soeasymahjong.gp"", ""com.sofish.tilemahjong.gp"", ""com.sohi.mahjongtile.gp"", ""com.sophungamesltd.zodiac"", ""com.starwaves.mahjong"", ""com.summer.mahjong.city.puzzle"", ""com.summer.mahjong.pair.up"", ""com.summer.mahjong.puzzle.tower"", ""com.summer.panda.merge.mahjong"", ""com.supermah.jong.match.puzzle.free.game"", ""com.tag.arrows.away"", ""com.tap.arrowout.puzzle"", ""com.tap.arrows"", ""com.tap.away.arrows.logic.puzzle.brain.game"", ""com.taparrows.escape.puzzle"", ""com.tapcashdd"", ""com.techarts.arrowout.mazeescape"", ""com.techxsolution.ArrowsPuzzleEscapeGame"", ""com.tile.mahjong.game"", ""com.tile.mahjong.puzzle.journey"", ""com.tile.majong.game"", ""com.tilegames.mahjongtrip"", ""com.tilemahj.tch.game"", ""com.tilemahjong.blast.gameplay"", ""com.tiles.anyway.sending"", ""com.tilo.arrowease"", ""com.tilo.tile.master"", ""com.trails.arrow.neet"", ""com.train.jam.puzzle"", ""com.triple.blast.mahjong.viwbg.free"", ""com.tripledot.mahjong"", ""com.tripledot.tile.dynasty"", ""com.tripledot.tiles.mosaic"", ""com.tripledot.triple.tile.match.pair.game.three.master.object"", ""com.two31play.mahjongcity"", ""com.um.ant.escape.puzzle"", ""com.um.arrows.escape.puzzle.paths"", ""com.unllg.snakearrow"", ""com.upstack.arrow.jam.puzzle"", ""com.vgames.arrows"", ""com.visionstudio.mahjongchinatravel"", ""com.vizorapps.mahjong"", ""com.vvinner.mahjong.solitaire.mahjong.classic.puzzle"", ""com.wayout.arrow.gg"", ""com.wind.twistedpaths"", ""com.winplus.mahjongzen.android"", ""com.winplus.matchmahjong.android"", ""com.ycgame.arrows"", ""com.yoogalabgaming.mahjong.match.puzzle.tile"", ""com.yoogalabgaming.puzzle.mahjong"", ""com.yy.puzzle.arrows"", ""com.yy.toki.mahjong.solitaire.free"", ""com.zen.bamboospace"", ""com.zen.mahjong.daily.calm.tile.match.puzzle"", ""com.zen.mahjong.solitaire.match.daily.puzzle"", ""com.zenmahjong.puzzlegame"", ""com.zentile.zslide"", ""com.zs.craftmatch.gp"", ""com.zs.mahjongoasis.gp"", ""com.zynga.livepoker"", ""daily.mahjong.solitaire.match.games"", ""diamond.cash.slots.casino"", ""escape.arrow.dash"", ""gaminator.com"", ""gridplus.mahjongmatch.slide.tile"", ""in.playsimple.mahjongempire"", ""in.playsimple.triple.mahjong.tile"", ""io.goldenmind.arrows"", ""io.superbanana.arrowmania"", ""jp.co.goodroid.hyper.lineshiftpuzzle"", ""jp.co.goodroid.hyper.puzzle.arrows3dcubepuzzle"", ""jp.co.goodroid.hyper.triplearrowmatch"", ""mahjong.breeze.tile.match.game"", ""mahjong.classic.puzzle.android"", ""mahjong.free.games"", ""mahjong.game.match.spirit.casual"", ""mahjong.match.pair.solitaire.puzzle"", ""mahjong.match.tiles.free.slide.connect.pair.game.classic"", ""mahjong.matching.tiles.puzzle.free"", ""mahjong.mingle"", ""mahjong.oasis.solitaire.classic.android"", ""mahjong.slide"", ""mahjong.solitaire.card.games.free.senior.match.puzzle"", ""mahjong.solitaire.classic.free.majong.games"", ""mahjong.solitaire.classic.pgmaker"", ""mahjong.solitaire.free.senior.puzzle.games"", ""mahjong.solitaire.match.puzzle.game"", ""mahjong.solitaire.puzzle.game"", ""mahjong.solitaire.tile.pair.match.puzzle"", ""mahjongsolitaire.mahjong.solitaire.free.offline.game"", ""mahjongsolitaire.mahjong.solitaire.tile.pair.match"", ""mahjongsolitaire.mahjong.solitaire.tile.pair.match.puzzle"", ""mahjongsolitaire.mahjong.solitaire.tile.triple.match"", ""mahjongsolitaire.mahjong.solitaire.tile.triple3d.match"", ""puzzlecard.top"", ""rope.arrows.escape.out.maze.ru"", ""slide.match.mahjong.tile.connect.pair.puzzle.games"", ""snake.clash.escape.sort.jam"", ""studio.sun.mahjong.classic.casual.tile.matching"", ""ten.match.mahjong.solitaire"", ""www.idealista.it"", ""zen.mahjong.solitaire.block.classic""]"
65a909094b4b5121d92d9993,5fc7301f7a7f0200153979c7,[],[]
65ba16acd5857e078ac1c087,64803209bfd9aa0011593484,[],"[""1059473657"", ""1119164669"", ""1171039243"", ""1176538921"", ""1191435163"", ""1209986063"", ""1253406625"", ""1318181304"", ""1323778530"", ""1324477064"", ""1334311990"", ""1363724395"", ""1370702757"", ""1444813385"", ""1450542818"", ""1466297045"", ""1487882541"", ""1493466267"", ""1494422884"", ""1508356462"", ""1514665962"", ""1523297725"", ""1545607822"", ""1572726361"", ""1580014348"", ""1594872947"", ""1596117028"", ""1627164058"", ""1628542227"", ""1664714547"", ""395979574"", ""412881117"", ""467280605"", ""497324032"", ""553853911"", ""6443946634"", ""6447909127"", ""6450958246"", ""6462871973"", ""6464113198"", ""6468661964"", ""6468921495"", ""6470269174"", ""6471232743"", ""6474964019"", ""6475757306"", ""6478478655"", ""6479585058"", ""6479977081"", ""6484265518"", ""6502341730"", ""6503436530"", ""6504528350"", ""6612028447"", ""6636495643"", ""6737356923"", ""6739206972"", ""6739694698"", ""6740405842"", ""6740520597"", ""6740799653"", ""6744337601"", ""6747065291"", ""6752637601"", ""6752903173"", ""6757598888"", ""733771893"", ""834185106"", ""872912030"", ""897713434"", ""929909607"", ""978810802""]"
660a20c0c5f237ebf7b4ac68,5a57133a3610bbb671016ff3,[],[]
66101aeac0c070078a9775cf,6021599b8b3e5600159fcc76,[],[]
661556bb5b2dea6d39bb0063,57d1b461ae2b57d903000027,[],"[""app.kryds.android"", ""app.wordpix.android"", ""com.Eventyr.WS"", ""com.McBride.WordThread"", ""com.PalmCourt.Wavelength"", ""com.TinyBit.GameOfWords"", ""com.aaaudi.wordmaker"", ""com.androidcss.hangman"", ""com.aperfectpartnership.sqworble"", ""com.appspot.orium_blog.crossword.eng"", ""com.bigstarkids.wordtravel"", ""com.braingames.wordsearch"", ""com.crossword.challenge.brain.fun"", ""com.crypt.gram.puzz"", ""com.fanatee.cody"", ""com.fanatee.keep"", ""com.fanatee.stop"", ""com.fanatee.stop2"", ""com.fbig.words"", ""com.findgame.android.word"", ""com.fugo.wow"", ""com.fugo.wowguru"", ""com.fugo.wowsearch"", ""com.funcraft.acw"", ""com.funcraft.dicewords"", ""com.funcraft.pictawordsolo"", ""com.funcraft.whamzee"", ""com.funcraft.wordgrams"", ""com.funcraft.yatzygram"", ""com.gimica.wordkitchen"", ""com.gimica.wordseeker"", ""com.gsr.wordcross"", ""com.havnor.holding.wgskit.wss"", ""com.havos.g.arrowcrossword"", ""com.hideseek.vocabventure"", ""com.histudiogames.wordblastg"", ""com.histudiogames.wordserenityg"", ""com.hitapps.associations"", ""com.hitapps.figgerits"", ""com.hitappsgames.connectwords"", ""com.hitappsgames.syllatiles"", ""com.insbraingames.cryptoscapes.gp"", ""com.iscoolentertainment.crossword.arrow.word"", ""com.joyvendor.wordhike.android.en"", ""com.joyvendor.wordsmore.android.en"", ""com.kooapps.pictowordandroid"", ""com.lotum.wordblitz"", ""com.netflix.NGP.WordTrails"", ""com.nocturnal.crossword"", ""com.openmygame.android.sky.words"", ""com.openmygame.magicwordsearch"", ""com.otium.wordconnect.android"", ""com.peoplefun.wordsolitaire"", ""com.planckgames.arrowword"", ""com.platinumplayer.word.addict"", ""com.playvalve.crossword"", ""com.playvalve.wsjourney"", ""com.scopely.wheeloffortune"", ""com.severex.cross.word.puzzle.logic"", ""com.softowelgames.casual.free.word.puzzle.game.connect.letters.paradise"", ""com.starfish.wordsearch.an"", ""com.tangramgames.gourddoll.wordcrush"", ""com.tangramgames.gourddoll.wordvista"", ""com.tellmewow.senior.hangman"", ""com.tellmewow.senior.wheel.fortune"", ""com.unicostudio.cryptoletter"", ""com.unicostudio.popularwords"", ""com.vottzapps.wordle"", ""com.word.block.puzzle.free.relax"", ""com.word.madness"", ""com.word.search.butterfly.puzzle.game"", ""com.word.search.find.puzzle"", ""com.word.weaver"", ""com.wordfarm.scapes"", ""com.wordgame.newcross.android.en"", ""com.wordgame.words.connect"", ""com.wordsearch.wordtrip.crossword.puzzle"", ""com.yoogalabgaming.crossword.puzzle.free"", ""com.zytoona.wordscrush"", ""de.lotum.whatsinthefoto.es"", ""dev.minis.popcorn"", ""dk.krydsord.dagligkrydsen"", ""fun.neal.infinite.craft"", ""hang.man.word.guessing.games"", ""in.WordSearch.WordBliss"", ""in.crossy.daily_crossword"", ""in.daily_puzzle.crossword"", ""in.playsimple.crossword.go"", ""in.playsimple.crossword.search.fun.word.puzzles"", ""in.playsimple.tripcross"", ""in.playsimple.wordbingo"", ""in.playsimple.wordsearch"", ""in.playsimple.wordtour"", ""in.playsimple.wordtrip"", ""kidultlovin.word.zen"", ""mobi.redstonegames.crossword.en"", ""se.maginteractive.crozzle"", ""se.maginteractive.wordzee"", ""spelling.quiz.trivia.question.answer.correct.word.learn.language.puzzle"", ""word.connect.free"", ""word.connect.puzzle.games"", ""word.cross.connect.puzzle.games"", ""word.search.cross.games"", ""words.puzzle.wordgame.free.connect""]"
66166d8dc0c070078a977c88,64803209bfd9aa0011593484,[],"[""air.br.com.domino.mobile"", ""air.com.jogatina.domino.android"", ""app.dazz.live"", ""azur.domino.king"", ""com.CasualArena.Dominoes"", ""com.LoopGames.Domino"", ""com.SimplePlay.SimpleDomino"", ""com.TikGames.DominoMaster"", ""com.a3.topgirl.gplay"", ""com.aero.dominoes.boardgame"", ""com.agedstudio.board.game.dominoes"", ""com.beachbum.domino"", ""com.beauty.screw.jam.fun.game"", ""com.big.ludocafe"", ""com.bigcake.android.classicdominoes"", ""com.block.juggle"", ""com.do8mino.challen2ge"", ""com.dominovamos.play"", ""com.fast.hd.secure.video.downloader"", ""com.fc.p.to.creepy.annoying.puzzle.story"", ""com.fiogonia.dominoes"", ""com.flyclops.domino.android"", ""com.flyclops.dominosolo"", ""com.game.friends.teamiksa"", ""com.gamesofa.android.luxydominoqiuqiu"", ""com.gazeus.dominoes.battle.board.game"", ""com.hdvideodownloader.downloaderapp"", ""com.koga.domino"", ""com.labour.video.fast.hd.downloader.secure.player"", ""com.maysalward.Dominoes"", ""com.maysalward.dominoesKids"", ""com.metajoy.offlinedominoes"", ""com.miniit.dominoes.clash.dominos.board.game"", ""com.mobilityware.Dominoes"", ""com.mobilix.dominoes"", ""com.neptune.domino"", ""com.neptune.dominogl"", ""com.netflix.NGP.DominoesCafe"", ""com.pattern.screen.extensive"", ""com.puzzdoimle.strard"", ""com.qrlanucher.qrcode.qr999"", ""com.rstgames.domino"", ""com.screenshake.dominodreams"", ""com.sngict.dominoes"", ""com.ssquad.video.downloader.player"", ""com.supercosi.cosidomino"", ""com.t2p.dominoestourgame"", ""com.tony.classic.board.dominoes"", ""com.videodownloader.videoconverter.app"", ""com.videoloader.privideo.intelligent"", ""com.voicemaker.android"", ""com.wildcard.domino"", ""com.yalla.yallagames"", ""com.zariba.domino"", ""com.zimad.domino.rivals"", ""domino.classic.board.free.games"", ""dominoes.game.free.domino.online.dominos"", ""games.playvision.domino.dominoes.board.game"", ""glowingeye.mexican_train_dominoes_gold"", ""loppipoppi.dominoes"", ""net.skillcap.domino"", ""org.CityofHope"", ""org.sabgames.domino"", ""plixo.video.player"", ""puzzle.blockpuzzle.cube.relax"", ""ru.livegames.domino"", ""ru.skillcap.dominoes""]"
661898f2c0c070078a977fb4,5a57133a3610bbb671016ff3,[],"[""6740510106"", ""6752897563"", ""6757395652"", ""6758096675"", ""6760751569""]"
6667a74988cc429f2d801763,634d301fa3774b001b7c0dbc,"[""walk-fit.io""]","[""6547835725"", ""6670752130"", ""6737529244"", ""6738989367"", ""6740043080""]"
666979901c5137fed0edf34e,62664065ca13b50011fb00a2,[],[]
6672d811429c14443ac5fb6d,57d1b461ae2b57d903000027,[],"[""com.Bingo.FindOutGameNew"", ""com.CrazyMonkeyStudios.Hidden"", ""com.adriaandejongh.hiddenfolks"", ""com.artifexmundi.mopa1.gp"", ""com.bigfishgames.mcgooglef2p"", ""com.cartoon.sticker.puzzle.relax"", ""com.dp.hidden.objects"", ""com.fc.p.to.game.sticker.book.color.puzzle"", ""com.find.hidden.object.out.treasure.hunt.seek.puzzle.games"", ""com.find.out.hidden.objects"", ""com.found.it.hidden.objects"", ""com.g5e.hiddencity.android"", ""com.g5e.sherlock.android"", ""com.game.goolny.stickers"", ""com.game.hiob_android"", ""com.gameinsight.gplay.mmanor"", ""com.gplay.sticker.book.coloring.puzzle.game"", ""com.hidden.objects.game"", ""com.highlights.hiddenpicturespuzzles.web"", ""com.leap.hiddentales"", ""com.lemel.hiddengame"", ""com.mystery.hidden.objects.find.clue.puzzle.games.free"", ""com.mytona.seekersnotes.android"", ""com.nnxshcwrkg.scavengerhunt"", ""com.nordcurrent.murderinalps"", ""com.playstrom.my.sticker.room"", ""com.prettysimple.criminalcaseandroid"", ""com.riseup.found.it.scavenger.hunt"", ""com.riseup.map.explorer.scavenger.hunt"", ""com.scavenger.hunt.mm"", ""com.scavenger.object.dg"", ""com.scavengerhunt.safari"", ""com.sticker.notebook.find.decor"", ""com.tamalaki.hogmysterysociety"", ""com.tap2jump.hiddenobjects"", ""com.uc.stick.book"", ""com.winplus.cozyroom.android"", ""com.wkg.findanimals.scavenger.hunt"", ""com.x3mlabs.lyndaslegacy"", ""com.yolo.hiddenobjects"", ""enjoy.games.scavenger.hunt"", ""find.out.hidden.objects.seek.puzzle.games.free"", ""games.taplab.thejourney"", ""games.urmobi.found.it"", ""hidden.objects.find.it.out.seek.puzzle.games.free"", ""search.find.hidden.object.games.finding.picture.seek.free""]"
66ab1f501ea687af3dc00e4e,66aafef7514c00001147c0c9,[],[]
66ac9c873343191babdad3e8,66aafef7514c00001147c0c9,[],[]
66b0c2e2e33c9a548741f773,56d55c72562b9c353800000d,[],[]
66b372f5e33c9a548741ff37,57d1b461ae2b57d903000027,[],"[""1013462300"", ""1095569891"", ""1269540854"", ""1369521645"", ""1386727308"", ""1453837845"", ""1465591510"", ""1473573813"", ""1476429715"", ""1481009631"", ""1485345280"", ""1487585438"", ""1512407890"", ""1512834505"", ""1517829670"", ""1533569824"", ""1538410421"", ""1540919737"", ""1549726220"", ""1549815540"", ""1556516935"", ""1563215345"", ""1580601028"", ""1581677528"", ""1581869942"", ""1583243200"", ""1602508478"", ""1603978681"", ""1632915087"", ""1633021483"", ""1635165836"", ""1636821805"", ""1639354550"", ""1644099880"", ""1660171117"", ""1663942664"", ""1667330464"", ""478260878"", ""595558452"", ""600674056"", ""6444775332"", ""6445880455"", ""6446890132"", ""6450065437"", ""6452119853"", ""6458735536"", ""6472485066"", ""6473058122"", ""6474729809"", ""6476164708"", ""6476756532"", ""6477858842"", ""6479217224"", ""6479219095"", ""6479394113"", ""6499235533"", ""6499236530"", ""6502603211"", ""6502757545"", ""6504849778"", ""6599847974"", ""6673906897"", ""6677019001"", ""6739069151"", ""6741215206"", ""6741474981"", ""6756418682"", ""6757193304"", ""687877464"", ""688120018"", ""898040123""]"
66cd6740334673785d02ece9,64803209bfd9aa0011593484,[],"[""1154039096"", ""1225888584"", ""1232080731"", ""1252579064"", ""1253455582"", ""1309362793"", ""1434957889"", ""1466197423"", ""1483200137"", ""1484277118"", ""1492160489"", ""1512261323"", ""1521913067"", ""1526121198"", ""1542989864"", ""1574156168"", ""1574436604"", ""1575133984"", ""1584415753"", ""1605122660"", ""1673271156"", ""523001403"", ""534491270"", ""538290595"", ""641797733"", ""6444043291"", ""6465079375"", ""6504120934"", ""6612033692"", ""6739069227"", ""6740188113"", ""6744726003"", ""6746278326"", ""6757598736"", ""721668606"", ""922516896""]"
66db113537f8220673f9e833,57d1b461ae2b57d903000027,"[""asystem.com"", ""simmons.com"", ""wilderdog.com""]","[""1045201023"", ""1172450391"", ""1196764367"", ""1215933788"", ""1237172656"", ""1245525899"", ""1542251570"", ""315322445"", ""321916506"", ""387865782"", ""428312806"", ""441092257"", ""449504481"", ""474662296"", ""475891520"", ""480587399"", ""490323841"", ""517840944"", ""550441729"", ""563803371"", ""582340397"", ""615086509"", ""6449504343"", ""6480520625"", ""670587290"", ""6736681506"", ""6739069151"", ""749773208"", ""753218831"", ""757525145"", ""758921253"", ""759907176"", ""979597990"", ""980016643""]"
66e0363553834547abf558a2,66e0182c82571e00117d2acb,[],[]
66e16cd7d7770a6a369725c3,568b8cb3bb2089a80600000a,[],"[""betmaster.uk.cs"", ""betmastermx.casino"", ""bible.wordgame.words.connect.crossword.cookies"", ""ca.betty.app"", ""com.a3.topgirl.gplay"", ""com.carson.word.search"", ""com.crypt.gram.puzz"", ""com.cryptogram.word.puzzle.logic"", ""com.draftkings.sportsbook"", ""com.econogames.peace.word.puzzle.gp"", ""com.fanduel.sportsbook"", ""com.gamesys.jackpotjoy"", ""com.gamesys.virgingamesslots"", ""com.hardrockdigital.client"", ""com.heartbingo.bingoapp"", ""com.huuuge.casino.slots"", ""com.sirma.mobile.bible.androidcom.crypto.code.master"", ""com.superlive.liveapp"", ""com.tripledot.cryptogram"", ""com.wordchain"", ""games.burny.wooden.word.puzzle"", ""kidultlovin.word.zen"", ""kjvbible.verse.daily.bible.prayer"", ""playsimple.wordsearch"", ""word.connect.puzzle.games"", ""word.cross.connect.puzzle.games""]"
66ed44a4f909844620b79258,6021599b8b3e5600159fcc76,"[""costway.pl"", ""zolta.pl""]",[]
671654af58450cca797bb25d,670cfa366f113e00119a799f,"[""temu.com""]",[]
677cf457a18672e70722b88f,677cecb33b9ea20011273987,[],[]
677e35a5d7a0b145879b00a7,677cecb33b9ea20011273987,[],[]
67b5f446390c720c73a0e3f3,67b5b2c077bd1c00117b9adc,"[""novibet.br""]","[""com.star.ayar.android"", ""com.xparty.androidapp""]"
67b5f7021be9345ad181a7d8,67b5b2c077bd1c00117b9adc,[],[]
67c0237dee9356aafba1ccdb,67c01767cc8ae200116e5d00,[],[]
67c03741d4e1c44a52e449cd,67c01767cc8ae200116e5d00,[],[]
67d272b5dc73e19db732c193,67d0848db62d6b0011ccb35e,[],[]
67d272dadc73e19db732c198,67d0848db62d6b0011ccb35e,[],[]
67d553af916355d36b9391fc,5fc7301f7a7f0200153979c7,[],[]
68075411da8e5a572a730472,680748860437920011951532,[],[]
6807543f9e0c8ad76e7f0c01,680748860437920011951532,"[""melbet.com""]",[]
685f0edd6d5c129491a495a9,685efaf2892f9d0011d7b87f,[],[]
685f12acc91f8ce8aec2fd7c,685efaf2892f9d0011d7b87f,[],[]
689b0fdef369593cb0e287e9,67c01767cc8ae200116e5d00,"[""apk.oklucky.me"", ""com.id85zk"", ""prod1613550039.app_pk111tlbf7"", ""prod2907264239.app_pk111tlbf7""]",[]
68d40d4f63e6cee0292ae24b,643d1561e09b08001442e672,[],[]
69154b0b1de7be35146a52bd,5b975fcedc73276356309362,"[""gamincat.com""]","[""1098659930"", ""1116642217"", ""1161672426"", ""1286539159"", ""1324604053"", ""1440151043"", ""1494135182"", ""1495324535"", ""1510189987"", ""1519174001"", ""1528844711"", ""1554601502"", ""1555218430"", ""1611547216"", ""1642483304"", ""1660835173"", ""439873467"", ""461777211"", ""485126024"", ""490953349"", ""495583717"", ""642831690"", ""6445890717"", ""6446072175"", ""6448161041"", ""6469045391"", ""6472899730"", ""6479604972"", ""6499306806"", ""6654914710"", ""6701998277"", ""6717605146"", ""6739035759"", ""6739214526"", ""6740428939"", ""6741408932"", ""6742224257"", ""6743428414"", ""6744055140"", ""6747014455"", ""6747734279"", ""6747800754"", ""6748057256"", ""6748354357"", ""6748592609"", ""6748870011"", ""6749558340"", ""6749675007"", ""6751399524"", ""6751403260"", ""6751546633"", ""6751948253"", ""6752020786"", ""6752317060"", ""6752502542"", ""6752883564"", ""6753212408"", ""6753670451"", ""6754129633"", ""6754228642"", ""6754307505"", ""6754456001"", ""6754637666"", ""6754665998"", ""6754753312"", ""6754867319"", ""6754869570"", ""6754925146"", ""6754933484"", ""6754953893"", ""6754954188"", ""6754964161"", ""6755181064"", ""6755228828"", ""6755243886"", ""6755456417"", ""6755458265"", ""6755667542"", ""6755670637"", ""6755732723"", ""6755782751"", ""6755797903"", ""6755815889"", ""6755870807"", ""6755900342"", ""6756113328"", ""6756259695"", ""6756266949"", ""6756808809"", ""6757147851"", ""6757187932"", ""6757208488"", ""6757424728"", ""6757487581"", ""6757518670"", ""6757709377"", ""6758004551"", ""6758013983"", ""6758127539"", ""6758376739"", ""6758813543"", ""6758982819"", ""6759697773"", ""6759894234"", ""6759943639"", ""6760004056"", ""6760633478"", ""6760643461"", ""6760698955"", ""6760742606"", ""6760751610"", ""6761056847"", ""6761248786"", ""6762267817"", ""6762663951"", ""6764483473"", ""6767091927"", ""6773660401"", ""6774258551"", ""6775131778"", ""6775332110"", ""6779105217"", ""6786258687"", ""6788263380"", ""796882776"", ""824732919"", ""911625678"", ""945885228""]"
69680f5935536525d31e36b2,67d0848db62d6b0011ccb35e,"[""1satuki.jp"", ""47yn5.hp.peraichi.com"", ""7830.jp"", ""about.paypay.ne.jp"", ""aculabo-yamaguchi-sports.com"", ""aeonmobile.jp"", ""aeonshop.com"", ""ai-research.com"", ""air-internet.jp"", ""akahori-sekkotsuin.com"", ""akatsuki-online.com"", ""ami-z.com"", ""amwebad.com"", ""anes-amc.com"", ""animal-katsura.jp"", ""animal-kyoto.jp"", ""aoi-sougoutantei.net"", ""arc-nodahanshin.com"", ""arche-rs.com"", ""au-hikarinet.com"", ""au-okinawa.com"", ""aupay.auone.jp"", ""az-oushin.com"", ""baycom.jp"", ""bb.excite.co.jp"", ""bb.excite.co.jp/ftth"", ""bbiq.jp"", ""beauty.hotpepper.jp/kr/slnh000468380/coupon"", ""beauty.hotpepper.jp/kr/slnh000688894/?cstt=24"", ""beerus.jp"", ""biz.aupay.wallet.auone.jp"", ""biz.tm.softbank.jp"", ""bright2018.jp"", ""business.google.com/v/_/018178007204970418759/ae14/_?%7bignore%7dcaid=%7bcampaignid%7d&agid=%7badgroupid%7d&gclid=%7bgclid%7d"", ""business.google.com/v/_/02599559655164692395/0137/_?%7bignore%7dcaid=%7bcampaignid%7d&agid=%7badgroupid%7d&gclid=%7bgclid%7d"", ""business.google.com/v/_/02698776152705439807/5913/_?%7bignore%7dcaid=%7bcampaignid%7d&agid=%7badgroupid%7d&gclid=%7bgclid%7d"", ""business.google.com/v/_/03432465159372713403/6a11/_?%7bignore%7dcaid=%7bcampaignid%7d&agid=%7badgroupid%7d&gclid=%7bgclid%7d"", ""business.google.com/v/_/03823681205583408290/e533/_?%7bignore%7dcaid=%7bcampaignid%7d&agid=%7badgroupid%7d&gclid=%7bgclid%7d"", ""business.google.com/v/_/06399985755441014604/6108/_?%7bignore%7dcaid=%7bcampaignid%7d&agid=%7badgroupid%7d&gclid=%7bgclid%7d"", ""business.google.com/v/_/09919992016771548227/b1b7/_?%7bignore%7dcaid=%7bcampaignid%7d&agid=%7badgroupid%7d&gclid=%7bgclid%7d"", ""business.mobile.rakuten.co.jp"", ""campaign.aeonmobile.jp"", ""car.rakuten.co.jp"", ""card.yahoo.co.jp"", ""cheroxj.wixsite.com/kujira-orthopadic"", ""cm-net.jp"", ""crown-ah.tokyo"", ""cxhub.jp/mineoshop"", ""denki.idemitsu.com"", ""dinomo.jp"", ""dream.jp"", ""dream.jp/ftth/dti"", ""edogawabashi-harikyu-oc.com"", ""ekimaedoriah-trim.com"", ""eneonedenki.net"", ""eneonedenki.net/business"", ""eneonedenki.net/lpgas"", ""energy.rakuten.co.jp"", ""energy.rakuten.co.jp/electricity/?l-id=visitor_per_head_gnavi_electricity_top"", ""energy.rakuten.co.jp/gas/?l-id=visitor_per_head_gnavi_gas_top"", ""entm.auone.jp"", ""eonet.jp"", ""esim.holafly.com"", ""event.rakuten.co.jp"", ""footcare.mi-so-no.jp"", ""fuchu-jiko.net"", ""fujimino.chiryouin.biz"", ""fukutujishiki.net"", ""funabori.ryusei-sekkotuin.net"", ""fureaisakai.com"", ""gigapochi-wifi.jp"", ""gmobb.jp"", ""gmuc.jp"", ""gora.golf.rakuten.co.jp"", ""gotandaekimae-shinkyuseitaiin.com"", ""h-nozomiseikotsuin.jp"", ""hal-tanteisya.com"", ""haluene.co.jp"", ""haluene.co.jp/gas"", ""hari-care.jp"", ""harikyu-tadauchi.com"", ""heisei-vet.com"", ""hi-ho.jp"", ""hi-ho.jp/course/hikari/hi-hohikari"", ""himawari-tantei.ghl.link"", ""hinode-seikotuin.com"", ""his-mobile.com"", ""hitosagashi-nitto.com"", ""hone-hone.com"", ""hoshounin.com"", ""houmon-aruku.com"", ""htb-energy.com"", ""htb-energy.com/guide-gas.html"", ""ibarakitantei.net"", ""ikemura-bs.com"", ""ikkyou.net"", ""inquiry2.nifty.com"", ""iot-consulting.co.jp"", ""ishioka-s.com"", ""itl-seitai-mito.com/kuranou-seikotu"", ""itsutsuboshi.jp"", ""iwamiseikotsuin.site"", ""join.biglobe.ne.jp"", ""join.biglobe.ne.jp/ftth/hikari"", ""join.biglobe.ne.jp/mobile"", ""jp.discoutbuy.com"", ""jp.laifentech.com"", ""jp.shein.com"", ""justice-okinawa.com"", ""kabu.com"", ""kadotamusohbo.com"", ""kaiaa0820.wixsite.com/my-site"", ""kametarou.com"", ""karada-station.com"", ""karadacare-kakogawa.com"", ""karasuma-seikotu.jp"", ""kasumigaseki.chiryouin.biz"", ""kato-harikyu.com"", ""kddi-fs.com"", ""kkd-ah.com"", ""koguri-seikotsu.com"", ""koharibi.com"", ""kokubunjidaiah.com"", ""koushinjo.org"", ""kujirasetukotuin-kitamatudo.com"", ""kuki-er-ah.com"", ""kumamoto.takumi-tantei-office.com"", ""kyotokatsuragawa-aeonmall.com"", ""kyotokatsuragawa-aeonmall.com/news/event/3050?utm_source=digital&utm_medium=gdn&utm_campaign=amgw2"", ""kyutan-vet.com"", ""larapetclinic.com"", ""latakasaki.com"", ""lazada.com.ph"", ""linksmate.jp"", ""looop-denki.com"", ""lp.merpay.com"", ""lp.yumobile.jp"", ""m.shein.com"", ""mana89.jimdo.com"", ""matsuikenji.com"", ""maze-acupuncture.com"", ""medical-peco.com"", ""medicalheart.net"", ""merpay.com"", ""mge.mitsuurokogas.jp"", ""mikito.net"", ""miminari-hari.com"", ""mineo.jp"", ""mitsuurokogreenenergy.jp"", ""miyahari.net"", ""mobile.line.me"", ""mobile.nuro.jp"", ""muchiuchi.info"", ""nagasaki-ashi.com"", ""naoya-kaizen.com"", ""network.mobile.rakuten.co.jp"", ""network.mobile.rakuten.co.jp/hikari"", ""nexus-detective.com"", ""nikomaru-soja.jp"", ""nikoseikotuin.com"", ""nishizaki-seikotsuin.com"", ""nonami-ah.com"", ""octopusenergy.co.jp"", ""oka25.com"", ""okanohari.com"", ""okayama-harikyu.com"", ""okinawa-ahg.com"", ""oneservice-tantei.jp"", ""onyamaseikotsuin.com"", ""optage.co.jp"", ""pay.rakuten.co.jp"", ""payment.rakuten.co.jp"", ""paypay.ne.jp"", ""paypay.ne.jp/guide/point"", ""peppynet.com"", ""peraichi.com/landing_pages/view/therapylabkonoha89"", ""pia-ahp.jp"", ""pintinc.jp"", ""pintinc.jp/gas"", ""plus-vet.com"", ""point.rakuten.co.jp"", ""point.recruit.co.jp/point"", ""povo.jp"", ""power.idemitsu.com"", ""powerplaygames.net"", ""r-tantei.com"", ""r.goope.jp/bloom-animal"", ""r.goope.jp/bloom-animal/diary/114451"", ""rad-tantei.com"", ""rd-dp.rmp.rakuten.co.jp"", ""rebirth-tokyo.info"", ""riyon-ah.com"", ""rokemoba.com"", ""ryusei-sekkotuin.net"", ""sakura-seikotsu.info"", ""sakuramedical-group.co.jp/shop/yokosuka"", ""sato-58.com"", ""satou-sekkotsu.jp"", ""sdh-chiryou.com"", ""seiren-do.com/treatment"", ""sejima.net"", ""setsuzoku.nifty.com"", ""shein.com/jp"", ""shibuya-ku.medical-peco.com"", ""shiki.chiryouin.biz"", ""shinpu-do.com"", ""shinsayama.chiryouin.biz"", ""shop.uqwimax.jp"", ""sk-shonan.com"", ""smartphone.yahoo.co.jp"", ""softbank-hikari.jp"", ""spes11.com"", ""sscompany.co.jp"", ""ssl.form-mailer.jp/fms/20d785ef665287"", ""suguchan.smbc-card.com"", ""suzunosuke.net"", ""suzuran-758.com"", ""suzuran-758.com/motoyama"", ""tabuchi29.net"", ""takanosogo-sekkotu.com"", ""takeshita-ah.com"", ""takezaki-ss.com"", ""tanpopo-nagai.com"", ""tantei-grits.com"", ""tantei-ranking.com"", ""tateishi-vc.jp"", ""tenmabashi.ai-shinkyuuin-sekkotsuin.com"", ""togane-you.com"", ""toku.yahoo.co.jp"", ""tokurikiekimae.com"", ""tokushima-aizumi.com"", ""troika-izumi.com"", ""tsite.jp"", ""tsumugi-ah-clossgarden.com"", ""twitter.com/utsunomiyaerah"", ""twvc.jp"", ""usen-networks.ne.jp"", ""waon.net"", ""web.odesign.auone.jp"", ""weicom.co.jp"", ""wifi-airwifi.com"", ""wifigo.jp"", ""www.aeon.com/aeonapp"", ""www.air-y.com"", ""www.animalhospital.jp"", ""www.animalhospitaltochigi.net"", ""www.aoi-vet.com"", ""www.arias-petclinic.com"", ""www.ark-kagoshima.com"", ""www.au-okinawa.com"", ""www.au.com"", ""www.au.com/energy"", ""www.au.com/energy/gas"", ""www.au.com/internet"", ""www.bbiq.jp"", ""www.bi-hari.com"", ""www.biglobe.co.jp"", ""www.cccmkhd.co.jp"", ""www.cdedirect.co.jp"", ""www.cdedirect.co.jp/business"", ""www.chousacenter.com"", ""www.commufa.jp"", ""www.cosmo-denki.com"", ""www.daiwahouse.co.jp/ene/denki_shintiku"", ""www.daktari.info"", ""www.donguri123.jp"", ""www.dti.co.jp"", ""www.ekiten.jp/shop_3121060"", ""www.ekiten.jp/shop_6889884"", ""www.eneos-power.co.jp"", ""www.eneos-power.co.jp/denkigas/?utm_source=chatgpt.com"", ""www.fleur-vet.com"", ""www.galu-matsumoto.com"", ""www.haraichi.co.jp"", ""www.hari-care.jp"", ""www.hatamainuneko.com"", ""www.hinataanimalhospital.com"", ""www.hokutyokyo.biz"", ""www.hospista252539.jp"", ""www.iij.ad.jp"", ""www.iijmio.jp"", ""www.imotonowifi.jp"", ""www.irisac.com"", ""www.itscom.co.jp"", ""www.jcom.co.jp"", ""www.jcom.co.jp/service/electricity"", ""www.jcom.co.jp/service/gas"", ""www.jcom.co.jp/service/mobile"", ""www.jcom.co.jp/service/net"", ""www.jetfi.jp"", ""www.junjohn-sekkotsu.com"", ""www.kddi-fs.com"", ""www.kddi.com"", ""www.keikoku-ah.com"", ""www.kizugawa-s.com"", ""www.kksekkotsu.com"", ""www.kofu-koutsujiko-sekkotsuin.com"", ""www.libmo.jp"", ""www.linemo.jp"", ""www.logiclinks.co.jp"", ""www.loyalty.co.jp"", ""www.maron-chiryou.com"", ""www.megaegg.jp"", ""www.mitakac-ah.com"", ""www.miyagawa-sekkotsuin.com"", ""www.mycrowdfunding.aeon.co.jp"", ""www.nagomi-rehabilimassage.com"", ""www.naturlacu.info"", ""www.nextdirect.com"", ""www.nuro.jp"", ""www.odawara-koyurugiseitai.com"", ""www.pati-clinic.com"", ""www.pio.co.jp"", ""www.pokkapoka2.net"", ""www.preve-ah.com"", ""www.prominent-research-toyama.jp"", ""www.qtmobile.jp"", ""www.qtnet.co.jp"", ""www.r-kanda.net"", ""www.reve21.co.jp"", ""www.sakai-sekkotsu.jp"", ""www.sakurasachiko.jp"", ""www.santo-shouji.net"", ""www.sbpower.co.jp"", ""www.scn-net.jp"", ""www.smbc-card.com"", ""www.smbc.co.jp"", ""www.smbc.co.jp/kojin/special/jutaku-loan-kinri-b/?aff=cp02091_o_dadgoo_ct15030_img&utm_source=dad&utm_medium=goo&utm_campaign=cp02091_o_dadgoo_ct15030_img"", ""www.so-net.ne.jp/access/hikari"", ""www.softbank.jp"", ""www.softbank.jp/energy/special/eco-denki-app"", ""www.softbank.jp/internet/sbhikari"", ""www.suginami-ah.jp"", ""www.t-conditioning.info"", ""www.taiju-jikochiryo.com"", ""www.tokai-com.co.jp/index.php"", ""www.topvalu.net"", ""www.trigger-point-chiryoin.com"", ""www.tsukunojiko.com"", ""www.tuzukikobayashi.net"", ""www.uqwimax.jp"", ""www.uqwimax.jp/electricity/?utm_source=chatgpt.com"", ""www.uqwimax.jp/mobile"", ""www.wabisabi-salon.com"", ""www.waon.net/point"", ""www.yanahara-seikotsuin.com"", ""www.ymobile.jp"", ""www.ynmobile.jp"", ""www.yumobile.co.jp"", ""www.ztv.co.jp"", ""xn--3kq2b45mt2jvpg06l97mrrsff7c.com"", ""xn--h9ja5g311ltdan46agia659c5td33n57h47x6j2akv9e.com/lp2/lp/jikoseitai"", ""xn--lck1a5f2c.com"", ""xn--tqqz41aqshqs1b.com/hizanoitami"", ""xn--y8jybwb538utda293h4tluqoghug82d.com"", ""yamatotakada-hari9.com"", ""yawaragi-honjyo.com"", ""yuha-seikotsuin.instatry.jp"", ""yumobile.jp"", ""yutaka-chiropractic.com""]","[""com.appcapsule.ac3700396001"", ""com.au.android.safetynavi.client"", ""com.au.app5g"", ""com.einnovation.temu"", ""com.fsecure.ms.kddi"", ""com.fsecure.ms.nuro"", ""com.hismobile.application"", ""com.kaminavi.reve21"", ""com.kddi.android.auhikariiptv"", ""com.kddi.android.aumail"", ""com.kddi.android.auofficenumber"", ""com.kddi.android.ausdbackup"", ""com.kddi.android.auworldservice"", ""com.kddi.android.cmail"", ""com.kddi.android.datatransfer"", ""com.kddi.android.gp.mieruka"", ""com.kddi.android.kddigallery"", ""com.kddi.android.lismobookstore"", ""com.kddi.android.mamoru"", ""com.kddi.android.op.mieruka"", ""com.kddi.android.qsdatatransfertool"", ""com.kddi.android.remotesupport"", ""com.kddi.android.smartpass"", ""com.kddi.android.uhdplayerkk"", ""com.kddi.android.utapass"", ""com.kddi.androidtv.wowma.globalsearch"", ""com.kddi.ar.satch.satchviewer"", ""com.kddi.auhome"", ""com.kddi.auwellnesspartner"", ""com.kddi.auxrdoor"", ""com.kddi.cs.app001"", ""com.kddi.datacharge"", ""com.kddi.familysmile.jcom"", ""com.kddi.kdla.jp"", ""com.kddi.media.gp.kddismartboxremote2"", ""com.kddi.newsupport"", ""com.kddi.petsupport"", ""com.kddi.photo"", ""com.kddi.pjvc"", ""com.kddi.place"", ""com.kddi.selfcare.client"", ""com.kddi.wallet"", ""com.kddi.withhome"", ""com.lakala.kddi.cloud.payment"", ""com.mcafee.vsm_android_sbm"", ""com.nifty.nifapp.android"", ""com.osuworks.ktc.netchecknow"", ""com.rakuten.room"", ""com.sb.qrcode"", ""com.smbc_card.vpoint"", ""com.tobila.tobilaphone.mobile.android.au"", ""com.transatel.selfcare.ubigi"", ""com.trendmicro.tmmssuite.oemkddi.jp"", ""com.trendmicro.tmmssuite.oemoptim.smsm.store"", ""energy.octopus.octopusenergy.android"", ""ht.spotlig.rakutenchk"", ""jp.ad.iij.couponswitch"", ""jp.ad.iij.esimzero"", ""jp.ad.iij.myiijmio"", ""jp.aeon.retail.mobile.app.dataswitch"", ""jp.auone.aupaywelfare"", ""jp.auone.wallet"", ""jp.co.aeonmarketing.smartwaon"", ""jp.co.bbss.android.security.sagiwall_softbank"", ""jp.co.ccc.tpointxshufoo"", ""jp.co.ccc.tsite"", ""jp.co.cccmk.thealthcare"", ""jp.co.cosmo_oil"", ""jp.co.excite.bbexcite.mobile"", ""jp.co.excite.bbexcite.mobile.dialer"", ""jp.co.jcom.mobile_app"", ""jp.co.jcom.superapp"", ""jp.co.jcom.wifisetup"", ""jp.co.logiclinks.matephone"", ""jp.co.optim.bizagent.smsm.store"", ""jp.co.optim.browser.smsm.store"", ""jp.co.rakuten.broadband.sim"", ""jp.co.rakuten.golf.gora2"", ""jp.co.rakuten.mobile.ecare"", ""jp.co.rakuten.mobile.rcs"", ""jp.co.rakuten.mobile.rcs.business"", ""jp.co.rakuten.music"", ""jp.co.rakuten.pay"", ""jp.co.rakuten.pointclub.android"", ""jp.co.rakuten.pointpartner.app"", ""jp.co.rakuten.rakutenluckykuji"", ""jp.co.rakuten.rebates"", ""jp.co.rakuten.senior.app"", ""jp.co.rakuten.slide"", ""jp.co.rakuten.smartpay.android"", ""jp.co.rakuten.toolbar.raws"", ""jp.co.sb.memo"", ""jp.co.sbpayment.softbankcard"", ""jp.co.sbpower.energy"", ""jp.co.sbtm.bizdial"", ""jp.co.softbank.connectalk"", ""jp.co.softbank.livr"", ""jp.co.softbank.mb.pim"", ""jp.co.softbank.mimamorareru"", ""jp.co.softbank.mimamoru"", ""jp.co.softbank.officialapp"", ""jp.co.softbank.sbcustomersonly"", ""jp.co.softbank.sbusloc"", ""jp.co.softbank.smartfleetvehicleusage"", ""jp.co.softbank.wispr.froyo"", ""jp.co.yahoo.android.ymobile.mail"", ""jp.co.yahoo.android.ymobilemenuapp"", ""jp.co.yahoo.android.ymsetupcore"", ""jp.edy.edyapp"", ""jp.eonet.app.eoapp"", ""jp.gocro.smartnews.android"", ""jp.linemo.app"", ""jp.mineo.app.mineoapp"", ""jp.mineo.app.phone"", ""jp.ne.biglobe.biglobedenwa"", ""jp.ne.biglobe.biglobesim"", ""jp.ne.iforce.android.weatherwidgetforstick"", ""jp.ne.kddi.akfs"", ""jp.ne.kddi.ks.android"", ""jp.ne.paypay.android.app"", ""jp.ne.paypay.merchant.android.app"", ""jp.ne.wi2.auwifiaccess"", ""jp.netstar.familysmile"", ""jp.nuro.mobile"", ""jp.ponta.greenpontaaction"", ""jp.ponta.myponta"", ""jp.qtmobile.denwa"", ""jp.smartvod.app.player"", ""jp.softbank.anshin.databox"", ""jp.softbank.assist"", ""jp.softbank.frailtypreventionservice"", ""jp.softbank.gpstracker"", ""jp.softbank.mb.addressbookdelivery"", ""jp.softbank.mb.addressbooksync"", ""jp.softbank.mb.amcn"", ""jp.softbank.mb.baseball"", ""jp.softbank.mb.basketball"", ""jp.softbank.mb.bhssimple"", ""jp.softbank.mb.bizlock"", ""jp.softbank.mb.cbrl"", ""jp.softbank.mb.datamigration"", ""jp.softbank.mb.dmb"", ""jp.softbank.mb.fivegservice"", ""jp.softbank.mb.ichinaviclt"", ""jp.softbank.mb.ichioshiapp"", ""jp.softbank.mb.imapmail"", ""jp.softbank.mb.mail"", ""jp.softbank.mb.mimamorimap"", ""jp.softbank.mb.osusume"", ""jp.softbank.mb.parentalcontrols"", ""jp.softbank.mb.plusmessage"", ""jp.softbank.mb.rcb"", ""jp.softbank.mb.rcpg"", ""jp.softbank.mb.sbarservice"", ""jp.softbank.mb.sbpremium"", ""jp.softbank.mb.survey"", ""jp.softbank.mb.tdrl"", ""jp.softbank.mb.tether"", ""jp.softbank.meiwakudenwablock"", ""jp.softbank.security"", ""jp.softbank.spkids.kidshome"", ""jp.softbank.tm.switchtalk"", ""jp.softbank.touchandmail"", ""jp.tpointxquicpay"", ""jp.uqmobile.uqmobileportalapp"", ""jp.workofficeplus.app"", ""jp.ymobile.app.esim"", ""li.yapp.app4267b589"", ""smarttimeone.pr.looop_denki.com"", ""waon.app""]"
6970c7fe73c0a231fff79cc7,67c01767cc8ae200116e5d00,[],[]
69845ea1e6f73fe2b5840739,5b975fcedc73276356309362,"[""amazsurprisebox.com"", ""denimisty.com"", ""http://amazsurprisebox.com/"", ""http://sweetfruitcandy.com/"", ""http://wangzhekan.top/"", ""http://www.amazsurprisebox.com/"", ""https://denimisty.com/"", ""https://kalshi.com"", ""https://larnto.com/"", ""https://lessmore.games/"", ""https://lionstudios.cc/"", ""https://purplemonste.store/"", ""https://topnotch-games.com/"", ""https://tripledotstudios.com"", ""https://voicemaker.media"", ""https://winsleigh.com/"", ""https://www.denimisty.com/"", ""https://www.kalshi.com"", ""https://www.larnto.com/"", ""https://www.techartsgame.com/"", ""https://www.tripledotstudios.com"", ""https://www.voicemaker.media"", ""https://www.winsleigh.com/"", ""igs.com.tw"", ""kalshi.com"", ""kitegames.co"", ""larnto.com"", ""lessmore.games"", ""lionstudios.cc"", ""purplemonste.store"", ""sweetfruitcandy.com"", ""topnotch-games.com"", ""tripledotstudios.com"", ""voicemaker.media"", ""wangzhekan.top"", ""winsleigh.com"", ""www.amazsurprisebox.com"", ""www.denimisty.com"", ""www.kalshi.com"", ""www.larnto.com"", ""www.techartsgame.com"", ""www.tripledotstudios.com"", ""www.voicemaker.media"", ""www.winsleigh.com""]","[""and.brainworks.arrows.out.escape.puzzle.game"", ""arrow.clash.blast.escape.out.maze"", ""arrow.cube.escape3d"", ""arrow.logic.puzzles.tap.brainteaser.game"", ""arrow.maze.escape.out.puzzle.logic"", ""arrow.out.cube.go.eacape.brain.puzzle"", ""arrow.out.puzzle.escape.logicpuzzle"", ""arrow.puzzle.flech.escape.game"", ""arrow.saga"", ""com.Fortune.Arrows"", ""com.almondparty.arrowsPuzzle.android"", ""com.apollo.arrow.maze.arrow.out"", ""com.arcurveesc.android.gp"", ""com.arrcolortap.android.gp"", ""com.arrow.blitz.logicfunpuzzle"", ""com.arrow.burst.neet"", ""com.arrow.dash.puzzle"", ""com.arrow.eightyeight.gp"", ""com.arrow.escape.savethedog"", ""com.arrow.exit.escape.games"", ""com.arrow.line.puzzle.game"", ""com.arrow.madness.games.arrows.escape.puzzle.game"", ""com.arrow.maze.tap.away.puzzle"", ""com.arrow.ninetyfour.gp"", ""com.arrow.out"", ""com.arrow.out.color.line.brian.puzzle"", ""com.arrow.out.escape.maze"", ""com.arrow.out.tap.away"", ""com.arrow.out.tap.money.puzzle"", ""com.arrow.puzzle"", ""com.arrow.quest.joygame"", ""com.arrow.sitting.casual"", ""com.arrow.sortout"", ""com.arrow.tangle"", ""com.arrow.tap.escape"", ""com.arrow.tap.out.ocean"", ""com.arrow.way.out.exit.maze"", ""com.arrowaway.tappuzzle"", ""com.arrowdash.maze"", ""com.arrowescape.puzzle"", ""com.arrowgo.tapaway.game"", ""com.arrowhitoueo.game"", ""com.arrowmaze.sort"", ""com.arrowmaze.tapaway.puzzle"", ""com.arrowood.escape.puzzle"", ""com.arrowout.puzzle.amzejam"", ""com.arrowout.tapop.ouytyow"", ""com.arrowpath.android.gp"", ""com.arrowpop.flow.arrows"", ""com.arrowpuzzlego.puzzle"", ""com.arrows.escape"", ""com.arrows.escape.puzzle"", ""com.arrows.escape.puzzle.out.go"", ""com.arrows.go.escape.out.puzzle"", ""com.arrows.puzzle.amaze.escape.go"", ""com.arrowsasmr.melody.touchlin"", ""com.arrowsescapeout.puzzle"", ""com.autoall.arrowpm"", ""com.bangsawan.arrow"", ""com.brain.arrow.puzzle"", ""com.brainsoft.arrows.escape.puzzle"", ""com.casuper.arrow"", ""com.cbewjp.arrow.beauty.awaits"", ""com.cleverapps.arrowsaway"", ""com.clockwise.andnovelq"", ""com.corona.dragonescape"", ""com.cube.arrow3d.master"", ""com.cupidarrow.arrowout.puzzle.gp"", ""com.dkg.puzzlearrow"", ""com.dvg.colorarrow"", ""com.earahgkfhudio.arjgiwsnap"", ""com.easybrain.arrow.puzzle.game"", ""com.easybrain.arrow.puzzle3d"", ""com.ecffri.arrows"", ""com.everybodygames.arrowsmaster"", ""com.ew.arrows"", ""com.eye.guard.arrow.puzzle"", ""com.fbg.arrowgame"", ""com.felicitygames.arrowmaze"", ""com.flyfox.arrow.away.escape.out.color.master.game"", ""com.freelax.arrow.escape.tap.out.master.puzzle"", ""com.funjo.game.magicwool"", ""com.game.acm_android"", ""com.game.escape.arrow_android"", ""com.game.puzzle.arrows.arrowaway"", ""com.gdm.arrowfrenzy"", ""com.gotstar.arrowgo.escape"", ""com.gpg.arrowblast"", ""com.green.play.arrows.escape.tap.real.money"", ""com.hg.arrow"", ""com.hidelucky.arrowmazem"", ""com.hotplay.arrows"", ""com.hw.arrow.rush3d"", ""com.ig.arrow.away"", ""com.infseekstudio.game.arrow.logic.escape"", ""com.kinesic.paths.casual"", ""com.kite.arrowrescue"", ""com.kite.pixelmaze"", ""com.kite.twistedarrows"", ""com.kuyisi.arrows.mania.game"", ""com.lastlight.freeplay.hkt"", ""com.lighthouse.freeplay.ameuno"", ""com.lighthouse.freeplay.eur"", ""com.lighthouse.freeplay.ind"", ""com.lighthouse.freeplay.jp"", ""com.lighthouse.freeplay.kr"", ""com.lighthouse.freeplay.sea"", ""com.linelink.arrows.owlink"", ""com.lioncube.arrow.escape.puzzle"", ""com.lrg.arrowpuzzle"", ""com.lucky.arrow.out.path"", ""com.luckyarrow.winopmoncash"", ""com.luminaplay.jtmg.gp"", ""com.mazepuzz.rrow.awusckj"", ""com.melodyarrow.flow.melo"", ""com.moonlabs.arrowtorich"", ""com.move.arrow.neet"", ""com.msg.arrowarrow"", ""com.nazer.gaming.arrow"", ""com.nb.arrow.maze.escape.out.puzzle"", ""com.nebula.arrows"", ""com.neo.arrows.escape.arrowout.puzzle.game"", ""com.nvtuan.arrowout.android"", ""com.openmygame.games.android.arrows"", ""com.patharrows.patharrowsplz"", ""com.pl.arrows.master.tap.escape"", ""com.play.arrow.cash.dash"", ""com.play.arrows.go.escape.maze.money"", ""com.red.arrows.android"", ""com.red.catscape.android"", ""com.run.puzzle.arrow"", ""com.satorisysplay.arrowsdash"", ""com.sg.arrow.elimination"", ""com.sky.taptotur"", ""com.smg.arrowcolor"", ""com.snake.escape.maze.slither.puzzle"", ""com.sofish.arrowease.gp"", ""com.surgeouw.arroww.surge"", ""com.tag.arrows.away"", ""com.tap.arrowout.puzzle"", ""com.tap.arrows"", ""com.tap.away.arrows.logic.puzzle.brain.game"", ""com.taparrows.escape.puzzle"", ""com.tapcashdd"", ""com.techarts.arrowout.mazeescape"", ""com.techxsolution.ArrowsPuzzleEscapeGame"", ""com.tilo.arrowease"", ""com.trails.arrow.neet"", ""com.train.jam.puzzle"", ""com.um.ant.escape.puzzle"", ""com.um.arrows.escape.puzzle.paths"", ""com.unllg.snakearrow"", ""com.upstack.arrow.jam.puzzle"", ""com.vgames.arrows"", ""com.wayout.arrow.gg"", ""com.wind.twistedpaths"", ""com.ycgame.arrows"", ""com.yx.arrow.puzzle"", ""com.yy.puzzle.arrows"", ""com.zm.blockaway"", ""escape.arrow.dash"", ""io.goldenmind.arrows"", ""io.superbanana.arrowmania"", ""jp.co.goodroid.hyper.lineshiftpuzzle"", ""jp.co.goodroid.hyper.puzzle.arrows3dcubepuzzle"", ""jp.co.goodroid.hyper.triplearrowmatch"", ""rope.arrows.escape.out.maze.ru"", ""snake.clash.escape.sort.jam""]"
69c2954b7c25f96d75ccd5f2,5b975fcedc73276356309362,"[""amazsurprisebox.com"", ""denimisty.com"", ""glowrings.net"", ""http://amazsurprisebox.com/"", ""http://glowrings.net/"", ""http://www.amazsurprisebox.com/"", ""https://denimisty.com/"", ""https://kalshi.com"", ""https://larnto.com/"", ""https://lessmore.games/"", ""https://lionstudios.cc/"", ""https://tripledotstudios.com"", ""https://voicemaker.media"", ""https://winsleigh.com/"", ""https://www.denimisty.com/"", ""https://www.kalshi.com"", ""https://www.larnto.com/"", ""https://www.tripledotstudios.com"", ""https://www.voicemaker.media"", ""https://www.winsleigh.com/"", ""igs.com.tw"", ""kalshi.com"", ""kitegames.co"", ""larnto.com"", ""lessmore.games"", ""lionstudios.cc"", ""tripledotstudios.com"", ""voicemaker.media"", ""winsleigh.com"", ""www.amazsurprisebox.com"", ""www.denimisty.com"", ""www.kalshi.com"", ""www.kitegames.co"", ""www.larnto.com"", ""www.tripledotstudios.com"", ""www.voicemaker.media"", ""www.winsleigh.com""]","[""1485345280"", ""1574436604"", ""1632713844"", ""1641904583"", ""6446244975"", ""6453522960"", ""6503060634"", ""6578432949"", ""6746353260"", ""6748397500"", ""6752597290"", ""6752920065"", ""6753300902"", ""6753965803"", ""6754243057"", ""6754277691"", ""6754450031"", ""6754545818"", ""6754688040"", ""6754688265"", ""6755029472"", ""6755174500"", ""6755216191"", ""6755298083"", ""6755457088"", ""6755482314"", ""6755671211"", ""6755816832"", ""6755817824"", ""6756068199"", ""6756353743"", ""6756508671"", ""6756597051"", ""6756872090"", ""6756873487"", ""6756888081"", ""6756989279"", ""6756999967"", ""6757181121"", ""6757188521"", ""6757381572"", ""6757384993"", ""6757389826"", ""6757414059"", ""6757748602"", ""6757750991"", ""6757906572"", ""6757993656"", ""6758094800"", ""6758128529"", ""6758326283"", ""6758340971"", ""6758368079"", ""6758392367"", ""6758418679"", ""6758426404"", ""6758487574"", ""6758548192"", ""6758734966"", ""6759077473"", ""6759157357"", ""6759693573"", ""6759898323"", ""6759960968"", ""6760103862"", ""6760325543"", ""6760343884"", ""6760389476"", ""6760396856"", ""6760445324"", ""6760516408"", ""6760540554"", ""6760541653"", ""6760545083"", ""6760657880"", ""6760694578"", ""6760890218"", ""6761066056"", ""6761477956"", ""6761815302"", ""6761997653"", ""6762113903"", ""6762194009"", ""6762198103"", ""6762199630"", ""6762267809"", ""6762285170"", ""6762341802"", ""6762436445"", ""6762455012"", ""6762461210"", ""6762772132"", ""6762964880"", ""6762964929"", ""6763045574"", ""6763069316"", ""6763228000"", ""6764313008"", ""6764521474"", ""6764724401"", ""6766732812"", ""6767096274"", ""6767435362"", ""6767703841"", ""6767805306"", ""6767846495"", ""6767848288"", ""6768517910"", ""6768553736"", ""6768880286"", ""6768954824"", ""6769617388"", ""6769627160"", ""6769684189"", ""6769745972"", ""6769959735"", ""6770442236"", ""6770442721"", ""6770886406"", ""6771276672"", ""6772149533"", ""6772920493"", ""6772931975"", ""6773705687"", ""6773989228"", ""6774207166"", ""6774534011"", ""6774602590"", ""6775175743"", ""6775427981"", ""6775771356"", ""6776086370"", ""6776484835"", ""6776893444"", ""6776916740"", ""6777863511"", ""6777942798"", ""6780398309"", ""6780805991"", ""6780872690"", ""6781120621"", ""6781742919"", ""6783797883"", ""6784176058"", ""6784616508"", ""6786134195"", ""6786991591"", ""6788975725""]"
69e0a6fab6a93be17be970f3,5b975fcedc73276356309362,"[""aiorrax.com"", ""cottonxl.com"", ""https://aiorrax.com/"", ""https://cottonxl.com/"", ""https://rieusgames.com/"", ""https://www.aiorrax.com/"", ""https://www.cottonxl.com/"", ""rieusgames.com"", ""www.aiorrax.com"", ""www.cottonxl.com/""]","[""1380362212"", ""6444946155"", ""6572296119"", ""6642673670"", ""6648798962"", ""6737204850"", ""6738710587"", ""6739350749"", ""6739783500"", ""6741799909"", ""6742400101"", ""6744969237"", ""6751416837"", ""6753650436"", ""6755225967"", ""6756254109"", ""6756609772"", ""6757456123"", ""6758536385"", ""6758651124"", ""6760896564"", ""6761963686"", ""6762043359"", ""6762106131"", ""6772078613"", ""6772957733"", ""6774085996"", ""6775709357"", ""6775746368"", ""6775772649"", ""6775778251"", ""6776531027"", ""6776660475"", ""6776833958"", ""6777038541"", ""6777383748"", ""6778244736"", ""6778304577"", ""6778445024"", ""6779622309"", ""6780255938"", ""6780989493"", ""6781143433"", ""6783183647"", ""6783326146"", ""6784378130""]"
69e0a7d4b6a93be17be97116,5b975fcedc73276356309362,"[""brennerd.com"", ""https://brennerd.com"", ""https://rieusgames.com/"", ""rieusgames.com""]","[""and.lihuhu.smartqueens"", ""ca.betty.app"", ""com.SqueakyGames.catdoku"", ""com.amsq.beauty.slotgoddess"", ""com.artadian.queens"", ""com.beanstar.queens"", ""com.bloom.sudoku.puzzle.android"", ""com.brennerd.grid_puzzle.hashi"", ""com.brennerd.grid_puzzle.kuromasu"", ""com.brennerd.grid_puzzle.queens"", ""com.brennerd.grid_puzzle.star_battle"", ""com.brennerd.grid_puzzle.suguru"", ""com.brennerd.grid_puzzle.tango"", ""com.brennerd.grid_puzzle.tents"", ""com.card.battle.queen.duel.pretty"", ""com.casualgame.meowsudoku"", ""com.cat.puzzle.minesweeper"", ""com.catdoku.logic.braingame"", ""com.catudoku.app"", ""com.cowdoku.sudoku.puzzle.brain.games"", ""com.dogdoku.jackma.android"", ""com.dt.logic.dogdoku.puzzle"", ""com.ew.cat.sudoku"", ""com.games.cat.puzzle.memowdoku"", ""com.gqueenzle.sfungames"", ""com.grove42.meowdoku"", ""com.happymagenta.catoku"", ""com.honeybadger.queens"", ""com.hp.catdoku.meow.color.puzzle"", ""com.hw.animal.sudoku"", ""com.hwyk.dogdoku"", ""com.infseekstudio.game.sudoku.Queens.Minesweeper"", ""com.kwalee.queenspuzzle"", ""com.logic.pandoku"", ""com.losttemplegames.queendoku"", ""com.mandcatgames.meawdoku"", ""com.mandcatgames.melodydoku"", ""com.meowdoku.puzzle"", ""com.mi.bunnydoku"", ""com.nebula.zoodoku"", ""com.newleaf.app.android.victor"", ""com.pca.meow.cat.sudoku.puzzle.games"", ""com.pl.dog.doku.brain.puzzle"", ""com.pocket.minesweeper.game"", ""com.queen.puzzle"", ""com.saagames.catsudokupuzzles"", ""com.tusenpo.kittydoku"", ""com.universe25.meowdoku"", ""com.unllg.puzzledoku"", ""com.wdg.pengdoku"", ""com.xs.fxxxx"", ""com.zestplay.meow.sudoku"", ""fr.lehovetzki.queens_battle"", ""io.xato.catdoku"", ""online.fantasyailite.android"", ""puzzle.where.is.cat"", ""queens.grid.puzzle.logic.queenspuzzle.sudoku.minesweeper""]"
