Level,Account ID,Account Name,App ID,App Name,AM Name,AM Region,Publisher Daily Spend ($),Adomain,Adomain Daily Spend ($),Estimated Uplift ($),IAB Codes,Internal Cat Codes,Blocked Cat Names,Block Type,Domain Blocked,Category Blocked,Blocked Cat Codes,Has Exemption,Exemption Details
account,68799f38babc2000110fe539,Duolingo,,,,,51089.77,20bet.com,6.84,0.08,IAB9,,,domain,True,False,,False,
account,69834b2ea3ac73e99b7077db,Teamsnap,,,,,5271.41,20bet.com,6.84,0.01,IAB9,,,domain,True,False,,False,
account,6863fe9df000940011f80bcb,Chesscom LLC,,,,,4368.47,20bet.com,6.84,0.01,IAB9,,,domain,True,False,,False,
account,68f9f5db75ceafc7a8ee6155,LiveScore,,,,,1978.07,20bet.com,6.84,0.0,IAB9,,,domain,True,False,,False,
account,5b975fcedc73276356309362,OAKEVER GAMES PTE LTD,,,,,205458.71,22bet.co.ke,248.98,10.31,"IAB9,IAB9-7",V1-6,V1-6 (Gambling),category,False,True,V1-6,False,
app,606c7bac7a37680015801ad8,jiayou,633549fb3901c096a37b2893,Block Juggle—GP,,,73570.5,22bet.co.ke,248.98,4.08,"IAB9,IAB9-7",V1-6,,domain,True,False,,False,
account,68799f38babc2000110fe539,Duolingo,,,,,51089.77,22bet.co.ke,248.98,2.56,"IAB9,IAB9-7",V1-6,V1-6 (Gambling),category,False,True,V1-6,False,
app,67c01767cc8ae200116e5d00,Skywork AI PTELTD,689b0fdef369593cb0e287e9,FreeReels-安卓,,,39398.86,22bet.co.ke,248.98,1.98,"IAB9,IAB9-7",V1-6,V1-6 (Gambling),category,False,True,V1-6,False,
account,5d3a5de9ddc71000189c7a84,"Shanghai Linguan Data Co., Ltd.",,,,,27886.52,22bet.co.ke,248.98,1.4,"IAB9,IAB9-7",V1-6,V1-6 (Gambling),category,False,True,V1-6,False,
account,66f36da16f113e0011999ff8,Meitu China,,,,,24584.12,22bet.co.ke,248.98,1.23,"IAB9,IAB9-7",V1-6,V1-6 (Gambling),category,False,True,V1-6,False,
account,64c3551f1e5137001122d418,BYTEDANCE PTE LTD,,,,,21052.62,22bet.co.ke,248.98,1.06,"IAB9,IAB9-7",V1-6,V1-6 (Gambling),category,False,True,V1-6,False,
app,69379d46192ce0aadaecc874,Particle Media Inc,69437e6fed3b627e3079edb8,NewsBreak: Local News & Alerts,,,20734.58,22bet.co.ke,248.98,1.04,"IAB9,IAB9-7",V1-6,V1-6 (Gambling),category,False,True,V1-6,False,
account,5b1526a7de961d3317b1d475,X-FLOW LTD,,,,,19213.74,22bet.co.ke,248.98,0.96,"IAB9,IAB9-7",V1-6,V1-6 (Gambling),category,False,True,V1-6,False,
account,65532f6b6cdf5900118d1f51,STORYMATRIX PTE LTD,,,,,13494.6,22bet.co.ke,248.98,0.68,"IAB9,IAB9-7",V1-6,V1-6 (Gambling),category,False,True,V1-6,False,
account,5efeed113191d60018f0f4e0,LY Corporation,,,,,13491.98,22bet.co.ke,248.98,0.68,"IAB9,IAB9-7",V1-6,V1-6 (Gambling),category,False,True,V1-6,False,
account,64075f57d6da1900141e5aba,Code Dish GmbH,,,,,11682.04,22bet.co.ke,248.98,0.59,"IAB9,IAB9-7",V1-6,V1-6 (Gambling),category,False,True,V1-6,False,
account,67b5b2c077bd1c00117b9adc,Sofa IT doo,,,,,11321.77,22bet.co.ke,248.98,0.57,"IAB9,IAB9-7",V1-6,V1-6 (Gambling),category,False,True,V1-6,False,
account,5c52bd6ffbeb402419bef87d,SYBO Games,,,,,9010.28,22bet.co.ke,248.98,0.45,"IAB9,IAB9-7",V1-6,V1-6 (Gambling),category,False,True,V1-6,False,
account,680748860437920011951532,BeSoccer,,,,,7540.87,22bet.co.ke,248.98,0.38,"IAB9,IAB9-7",V1-6,V1-6 (Gambling),category,False,True,V1-6,False,
app,5aafdd4a0520357fabf54aa6,Badoo,5aafe5c62567717fa575bfc1,Badoo - The Dating App,,,7054.85,22bet.co.ke,248.98,0.35,"IAB9,IAB9-7",V1-6,V1-6 (Gambling),category,False,True,V1-6,False,
account,5d8880f1444f7200181b5e1d,Lihuhu,,,,,6699.63,22bet.co.ke,248.98,0.34,"IAB9,IAB9-7",V1-6,V1-6 (Gambling),category,False,True,V1-6,False,
account,69834b2ea3ac73e99b7077db,Teamsnap,,,,,5271.41,22bet.co.ke,248.98,0.26,"IAB9,IAB9-7",V1-6,V1-6 (Gambling),category,False,True,V1-6,False,
account,5e3692d21cd3cb0018dd4329,SuperSonic Studios,,,,,5156.38,22bet.co.ke,248.98,0.26,"IAB9,IAB9-7",V1-6,V1-6 (Gambling),category,False,True,V1-6,False,
account,677cecb33b9ea20011273987,Gravity Labs,,,,,5014.63,22bet.co.ke,248.98,0.25,"IAB9,IAB9-7",V1-6,V1-6 (Gambling),category,False,True,V1-6,False,
account,6863fe9df000940011f80bcb,Chesscom LLC,,,,,4368.47,22bet.co.ke,248.98,0.22,"IAB9,IAB9-7",V1-6,V1-6 (Gambling),category,False,True,V1-6,False,
account,561e8d956b8d90f61a003365,Fingersoft Oy,,,,,3854.39,22bet.co.ke,248.98,0.19,"IAB9,IAB9-7",V1-6,V1-6 (Gambling),category,False,True,V1-6,False,
app,561e8d936b8d90f61a00134a,Veraxen Ltd,524ad17f92fcd29365000006,Jigsaw Collection HD,,,3443.48,22bet.co.ke,248.98,0.17,"IAB9,IAB9-7",V1-6,V1-6 (Gambling),category,False,True,V1-6,False,
account,65e71ba517069f0011a36cfa,Rounds,,,,,3421.73,22bet.co.ke,248.98,0.17,"IAB9,IAB9-7",V1-6,V1-6 (Gambling),category,False,True,V1-6,False,
account,5d130cdf37472100170775e1,Puzzle1Studio,,,,,3246.32,22bet.co.ke,248.98,0.16,"IAB9,IAB9-7",V1-6,V1-6 (Gambling),category,False,True,V1-6,False,
account,643d1561e09b08001442e672,Sliide,,,,,3129.23,22bet.co.ke,248.98,0.16,"IAB9,IAB9-7",V1-6,V1-6 (Gambling),category,False,True,V1-6,False,
account,561e8d936b8d90f61a001260,MAG Interactive,,,,,3089.8,22bet.co.ke,248.98,0.15,"IAB9,IAB9-7",V1-6,V1-6 (Gambling),category,False,True,V1-6,False,
account,59bbfb5389df7b9d3b000840,Trebel Music,,,,,3005.02,22bet.co.ke,248.98,0.15,"IAB9,IAB9-7",V1-6,V1-6 (Gambling),category,False,True,V1-6,False,
account,630d8dbfb1095d001bb0f04a,Bitsmedia Pte Ltd,,,,,2940.68,22bet.co.ke,248.98,0.15,"IAB9,IAB9-7",V1-6,V1-6 (Gambling),category,False,True,V1-6,False,
account,602ad40427689c0015fb2d9e,PhotoCircle Inc.,,,,,2816.29,22bet.co.ke,248.98,0.14,"IAB9,IAB9-7",V1-6,V1-6 (Gambling),category,False,True,V1-6,False,
account,668fb233514c00001146f038,Free VPN Planet SRL,,,,,2758.7,22bet.co.ke,248.98,0.14,"IAB9,IAB9-7",V1-6,V1-6 (Gambling),category,False,True,V1-6,False,
account,641d8986be2b36001370ca2a,Mackolik,,,,,2748.7,22bet.co.ke,248.98,0.14,"IAB9,IAB9-7",V1-6,V1-6 (Gambling),category,False,True,V1-6,False,
account,57fb4876297c8ce634000039,AbiGroup,,,,,2736.86,22bet.co.ke,248.98,0.14,"IAB9,IAB9-7",V1-6,V1-6 (Gambling),category,False,True,V1-6,False,
app,5a53889945eaab512501251e,AddApptr GmbH,627a7fad9a5916612c6cb77e,IT-PM_Futbin_iOS,,,2708.89,22bet.co.ke,248.98,0.14,"IAB9,IAB9-7",V1-6,V1-6 (Gambling),category,False,True,V1-6,False,
account,561e8d946b8d90f61a00183b,"Big Blue Bubble, Inc.",,,,,2701.59,22bet.co.ke,248.98,0.14,"IAB9,IAB9-7",V1-6,V1-6 (Gambling),category,False,True,V1-6,False,
app,561e8d966b8d90f61a0033c4,Moon Active,6874fa4e61fad0cbc8862a9e,Hole Stars,,,2673.03,22bet.co.ke,248.98,0.13,"IAB9,IAB9-7",V1-6,V1-6 (Gambling),category,False,True,V1-6,False,
account,64b7f29fcca9af0011fd585d,Sonderads,,,,,2655.44,22bet.co.ke,248.98,0.13,"IAB9,IAB9-7",V1-6,V1-6 (Gambling),category,False,True,V1-6,False,
account,604ec2ae5a93950016a63fdd,"Gstarsoft Co.,ltd",,,,,2582.86,22bet.co.ke,248.98,0.13,"IAB9,IAB9-7",V1-6,V1-6 (Gambling),category,False,True,V1-6,False,
app,56d55c72562b9c353800000d,Voodoo,6623f108853bc6953cc5709d,BeReal iOS,,,2388.85,22bet.co.ke,248.98,0.12,"IAB9,IAB9-7",V1-6,V1-6 (Gambling),category,False,True,V1-6,False,
app,59e4bb543f0fa9a20900afa3,TabTale LTD,641854429091f900e1111e9a,Glow: Fashion Idol iOS_CL,,,2381.61,22bet.co.ke,248.98,0.12,"IAB9,IAB9-7",V1-6,V1-6 (Gambling),category,False,True,V1-6,False,
account,60c71d9d6b22ac0017d0bca4,AnyMind Group,,,,,2341.64,22bet.co.ke,248.98,0.12,"IAB9,IAB9-7",V1-6,V1-6 (Gambling),category,False,True,V1-6,False,
account,5fc7301f7a7f0200153979c7,Aged Studio Limited,,,,,2269.61,22bet.co.ke,248.98,0.11,"IAB9,IAB9-7",V1-6,V1-6 (Gambling),category,False,True,V1-6,False,
account,6376f00f3d02dc001b2940b6,MICHAT PTE. LIMITED,,,,,2161.51,22bet.co.ke,248.98,0.11,"IAB9,IAB9-7",V1-6,V1-6 (Gambling),category,False,True,V1-6,False,
account,68f9f5db75ceafc7a8ee6155,LiveScore,,,,,1978.07,22bet.co.ke,248.98,0.1,"IAB9,IAB9-7",V1-6,V1-6 (Gambling),category,False,True,V1-6,False,
account,561e8d956b8d90f61a0030cf,Ketchapp,,,,,1857.43,22bet.co.ke,248.98,0.09,"IAB9,IAB9-7",V1-6,V1-6 (Gambling),category,False,True,V1-6,False,
account,66aafef7514c00001147c0c9,FARSUN PTE LTD,,,,,1663.8,22bet.co.ke,248.98,0.08,"IAB9,IAB9-7",V1-6,V1-6 (Gambling),category,False,True,V1-6,False,
account,561e8d956b8d90f61a0026fb,Gametion,,,,,1550.37,22bet.co.ke,248.98,0.08,"IAB9,IAB9-7",V1-6,V1-6 (Gambling),category,False,True,V1-6,False,
account,60013911308f3f00157538f4,"Wonder Kingdom Co., Limited",,,,,1478.69,22bet.co.ke,248.98,0.07,"IAB9,IAB9-7",V1-6,V1-6 (Gambling),category,False,True,V1-6,False,
account,67e466df11985900110edd85,Activision Blizzard Media,,,,,1255.74,22bet.co.ke,248.98,0.06,"IAB9,IAB9-7",V1-6,V1-6 (Gambling),category,False,True,V1-6,False,
app,6788b18b06da640011023eaf,Transsion OEM,678a0872a18672e70722ee72,palmplaystore,,,1181.3,22bet.co.ke,248.98,0.06,"IAB9,IAB9-7",V1-6,V1-6 (Gambling),category,False,True,V1-6,False,
account,680ef700e2291a001165c3eb,HK01 Company Limited,,,,,1066.94,22bet.co.ke,248.98,0.05,"IAB9,IAB9-7",V1-6,V1-6 (Gambling),category,False,True,V1-6,False,
account,57c05f735b2bd4fa24000030,Severex,,,,,1055.13,22bet.co.ke,248.98,0.05,"IAB9,IAB9-7",V1-6,V1-6 (Gambling),category,False,True,V1-6,False,
account,64219c0480513f00143dbdc5,Match en Direct,,,,,1006.84,22bet.co.ke,248.98,0.05,"IAB9,IAB9-7",V1-6,V1-6 (Gambling),category,False,True,V1-6,False,
account,5a6f56062c250d182f0056f3,Kwalee Ltd,,,,,960.59,22bet.co.ke,248.98,0.05,"IAB9,IAB9-7",V1-6,V1-6 (Gambling),category,False,True,V1-6,False,
account,62ea666c62b76e001b3eca4f,LLC East-Games,,,,,927.24,22bet.co.ke,248.98,0.05,"IAB9,IAB9-7",V1-6,V1-6 (Gambling),category,False,True,V1-6,False,
account,5a9d60d3b1c1666c2e0056ba,Homa Games,,,,,924.14,22bet.co.ke,248.98,0.05,"IAB9,IAB9-7",V1-6,V1-6 (Gambling),category,False,True,V1-6,False,
app,6297c4bc012073001b3df035,Yandex Inc.,69297e78b88dcb4daa968fa5,tds-easyapp_com-anoshenko-android-solitaires,,,899.98,22bet.co.ke,248.98,0.05,"IAB9,IAB9-7",V1-6,V1-6 (Gambling),category,False,True,V1-6,False,
account,57738b4fc76658df57000069,Hipster Whale,,,,,859.95,22bet.co.ke,248.98,0.04,"IAB9,IAB9-7",V1-6,V1-6 (Gambling),category,False,True,V1-6,False,
account,686c8b9cf56dd70011f46f36,株式会社MIXI,,,,,853.13,22bet.co.ke,248.98,0.04,"IAB9,IAB9-7",V1-6,V1-6 (Gambling),category,False,True,V1-6,False,
account,59edd2fb2410479748002dd0,Free Block Puzzle Games Inc.,,,,,837.38,22bet.co.ke,248.98,0.04,"IAB9,IAB9-7",V1-6,V1-6 (Gambling),category,False,True,V1-6,False,
app,561e8d966b8d90f61a003414,Scopely,579c0497be7334703a000072,Wheel of Fortune - iOS,,,784.72,22bet.co.ke,248.98,0.04,"IAB9,IAB9-7",V1-6,V1-6 (Gambling),category,False,True,V1-6,False,
account,5ed79bc0705d4100103d3ecd,Dramaton LTD,,,,,784.32,22bet.co.ke,248.98,0.04,"IAB9,IAB9-7",V1-6,V1-6 (Gambling),category,False,True,V1-6,False,
account,5f6830b5352f2900152f8a5a,Playspare,,,,,775.39,22bet.co.ke,248.98,0.04,"IAB9,IAB9-7",V1-6,V1-6 (Gambling),category,False,True,V1-6,False,
account,63b3f932d7c5be001b86305f,hmbl,,,,,770.76,22bet.co.ke,248.98,0.04,"IAB9,IAB9-7",V1-6,V1-6 (Gambling),category,False,True,V1-6,False,
account,5e66975545dc130017c52cb8,2K,,,,,743.79,22bet.co.ke,248.98,0.04,"IAB9,IAB9-7",V1-6,V1-6 (Gambling),category,False,True,V1-6,False,
app,6297c4bc012073001b3df035,Yandex Inc.,691db66d63ddd979c47b5da1,yurihead_com-infoshell-recradio,,,707.53,22bet.co.ke,248.98,0.04,"IAB9,IAB9-7",V1-6,V1-6 (Gambling),category,False,True,V1-6,False,
app,59e4bb543f0fa9a20900afa3,TabTale LTD,5c8661882c668752470f7fc5,Amaze iOS_CL,,,703.65,22bet.co.ke,248.98,0.04,"IAB9,IAB9-7",V1-6,V1-6 (Gambling),category,False,True,V1-6,False,
account,561e8d936b8d90f61a0011da,Tactile Entertainment,,,,,700.43,22bet.co.ke,248.98,0.04,"IAB9,IAB9-7",V1-6,V1-6 (Gambling),category,False,True,V1-6,False,
account,561e8d956b8d90f61a0028f7,Nexters Global LTD,,,,,680.12,22bet.co.ke,248.98,0.03,"IAB9,IAB9-7",V1-6,V1-6 (Gambling),category,False,True,V1-6,False,
app,561e8d946b8d90f61a002087,Rovio,651283dcb30c764e0a120808,Angry Birds Dream Blast (Spender),,,675.42,22bet.co.ke,248.98,0.03,"IAB9,IAB9-7",V1-6,V1-6 (Gambling),category,False,True,V1-6,False,
account,652f4f00b1392d0011254667,杭州视洞科技有限公司,,,,,636.54,22bet.co.ke,248.98,0.03,"IAB9,IAB9-7",V1-6,V1-6 (Gambling),category,False,True,V1-6,False,
account,67bda2410543d20011d5130f,Yalla Group,,,,,634.07,22bet.co.ke,248.98,0.03,"IAB9,IAB9-7",V1-6,V1-6 (Gambling),category,False,True,V1-6,False,
app,6788b18b06da640011023eaf,Transsion OEM,6791e248ffda0af1dd8c4549,moviebox,,,633.0,22bet.co.ke,248.98,0.03,"IAB9,IAB9-7",V1-6,V1-6 (Gambling),category,False,True,V1-6,False,
account,561e8d936b8d90f61a000cd1,InnoGames GmbH,,,,,623.45,22bet.co.ke,248.98,0.03,"IAB9,IAB9-7",V1-6,V1-6 (Gambling),category,False,True,V1-6,False,
account,65cb5af6a3d8e1001191d9d7,GameDuell GmbH,,,,,607.84,22bet.co.ke,248.98,0.03,"IAB9,IAB9-7",V1-6,V1-6 (Gambling),category,False,True,V1-6,False,
app,561e8d966b8d90f61a0033c4,Moon Active,6963b8c8a37bf42bb0723c32,Jelly Busters iOS,,,585.69,22bet.co.ke,248.98,0.03,"IAB9,IAB9-7",V1-6,V1-6 (Gambling),category,False,True,V1-6,False,
account,649435c2b588d00011c1b496,Rebel Family,,,,,585.1,22bet.co.ke,248.98,0.03,"IAB9,IAB9-7",V1-6,V1-6 (Gambling),category,False,True,V1-6,False,
account,5746d3108e99b7da740000ad,MotionVolt Game Ltd,,,,,580.53,22bet.co.ke,248.98,0.03,"IAB9,IAB9-7",V1-6,V1-6 (Gambling),category,False,True,V1-6,False,
app,561e8d956b8d90f61a003219,"Appodeal, Inc.",5912fb91085bcd9d5d00102a,com.MadOut.BIG/74079,,,530.41,22bet.co.ke,248.98,0.03,"IAB9,IAB9-7",V1-6,V1-6 (Gambling),category,False,True,V1-6,False,
app,60c71d9d6b22ac0017d0bca4,AnyMind Group,685bd663e06142e32ada8192,VN_Interlink_Android,,,521.61,22bet.co.ke,248.98,0.03,"IAB9,IAB9-7",V1-6,V1-6 (Gambling),category,False,True,V1-6,False,
account,65088cbbc79cc700111adcc5,Puzzlecats,,,,,510.69,22bet.co.ke,248.98,0.03,"IAB9,IAB9-7",V1-6,V1-6 (Gambling),category,False,True,V1-6,False,
app,6788b18b06da640011023eaf,Transsion OEM,68ec648fbea871f372009b41,XOS Launcher Split,,,495.92,22bet.co.ke,248.98,0.02,"IAB9,IAB9-7",V1-6,V1-6 (Gambling),category,False,True,V1-6,False,
app,5fb510aa8072bf0015d8d59d,Tap2Play LLC,60a4d2c2cf4957c21093d8b5,CMS_IOS_Count Masters,,,486.11,22bet.co.ke,248.98,0.02,"IAB9,IAB9-7",V1-6,V1-6 (Gambling),category,False,True,V1-6,False,
account,57ea2d4eded16aa12b0000ab,SuperBOX,,,,,478.74,22bet.co.ke,248.98,0.02,"IAB9,IAB9-7",V1-6,V1-6 (Gambling),category,False,True,V1-6,False,
app,5fb510aa8072bf0015d8d59d,Tap2Play LLC,60e41f4d76d07ccbb31c2f6f,FTR_ANDROID_Fidget Trading,,,474.28,22bet.co.ke,248.98,0.02,"IAB9,IAB9-7",V1-6,V1-6 (Gambling),category,False,True,V1-6,False,
app,59e4bb543f0fa9a20900afa3,TabTale LTD,5fa952a8447cc63a415502da,Phone Case DIY iOS_CL,,,458.87,22bet.co.ke,248.98,0.02,"IAB9,IAB9-7",V1-6,V1-6 (Gambling),category,False,True,V1-6,False,
app,5c2e46140360b14200b6259c,Super Free Games,5c9a92cf986bfc0017807c86,Word Collect iOS,,,449.18,22bet.co.ke,248.98,0.02,"IAB9,IAB9-7",V1-6,V1-6 (Gambling),category,False,True,V1-6,False,
account,68a733e9213ed4ecfa1fad75,CASHGRAIL PRIVATE LIMITED,,,,,437.65,22bet.co.ke,248.98,0.02,"IAB9,IAB9-7",V1-6,V1-6 (Gambling),category,False,True,V1-6,False,
app,561e8d966b8d90f61a0033c4,Moon Active,689afb00a1e0ba6b5d6a0fa7,Merge Hotel Empire: Design,,,396.41,22bet.co.ke,248.98,0.02,"IAB9,IAB9-7",V1-6,V1-6 (Gambling),category,False,True,V1-6,False,
app,561e8d946b8d90f61a0017d9,Zentertain,59ce09fca81a003c170009ae,Wort Guru,,,391.18,22bet.co.ke,248.98,0.02,"IAB9,IAB9-7",V1-6,V1-6 (Gambling),category,False,True,V1-6,False,
app,56c3a378adccd1cb7e00000a,Zynga,5ea35a7efbd5250001dec930,Harry Potter,,,390.77,22bet.co.ke,248.98,0.02,"IAB9,IAB9-7",V1-6,V1-6 (Gambling),category,False,True,V1-6,False,
app,561e8d946b8d90f61a002087,Rovio,6512ae485551fd9849db8def,Angry Birds Dream Blast (Spender),,,387.4,22bet.co.ke,248.98,0.02,"IAB9,IAB9-7",V1-6,V1-6 (Gambling),category,False,True,V1-6,False,
app,561e8d966b8d90f61a0033c4,Moon Active,57173acc4e8b174875000026,My Cafe Android,,,357.66,22bet.co.ke,248.98,0.02,"IAB9,IAB9-7",V1-6,V1-6 (Gambling),category,False,True,V1-6,False,
account,6228871f2435180014928c15,madarsoft,,,,,354.02,22bet.co.ke,248.98,0.02,"IAB9,IAB9-7",V1-6,V1-6 (Gambling),category,False,True,V1-6,False,
account,57161e4b90ba5de06e000059,OFFICE CREATE Corp.,,,,,335.75,22bet.co.ke,248.98,0.02,"IAB9,IAB9-7",V1-6,V1-6 (Gambling),category,False,True,V1-6,False,
account,5ac21c1686dad73ecbc17757,NORTH STAR,,,,,335.45,22bet.co.ke,248.98,0.02,"IAB9,IAB9-7",V1-6,V1-6 (Gambling),category,False,True,V1-6,False,
account,637bfae8059dbe0014b199dc,Naver Z Corporation,,,,,329.8,22bet.co.ke,248.98,0.02,"IAB9,IAB9-7",V1-6,V1-6 (Gambling),category,False,True,V1-6,False,
app,56d55c72562b9c353800000d,Voodoo,62154ba2c1aeb964ddda691c,Wizz - Make new friends - iOS,,,328.32,22bet.co.ke,248.98,0.02,"IAB9,IAB9-7",V1-6,V1-6 (Gambling),category,False,True,V1-6,False,
account,673ed5063800780011af0611,Image Future Investment (HK) Limite,,,,,327.82,22bet.co.ke,248.98,0.02,"IAB9,IAB9-7",V1-6,V1-6 (Gambling),category,False,True,V1-6,False,
app,5981a22bcf89a5b87f001edf,ROCKETADS LTD BV,67b554672363a440422ff5b1,Grus - Fashion Impress iOS,,,322.11,22bet.co.ke,248.98,0.02,"IAB9,IAB9-7",V1-6,V1-6 (Gambling),category,False,True,V1-6,False,
account,64be49e17c1dd00011cb052e,LolTap,,,,,310.17,22bet.co.ke,248.98,0.02,"IAB9,IAB9-7",V1-6,V1-6 (Gambling),category,False,True,V1-6,False,
app,6247027c20721a0018bb6528,First Touch Games,64787b6711f74ed45246d310,Score! Hero,,,300.07,22bet.co.ke,248.98,0.02,"IAB9,IAB9-7",V1-6,V1-6 (Gambling),category,False,True,V1-6,False,
account,6951f51a84cdc295ad688303,NExT Initiatives Limited,,,,,293.04,22bet.co.ke,248.98,0.01,"IAB9,IAB9-7",V1-6,V1-6 (Gambling),category,False,True,V1-6,False,
app,6788b18b06da640011023eaf,Transsion OEM,6895ab291e65eaa858e986e8,Phonemaster,,,273.42,22bet.co.ke,248.98,0.01,"IAB9,IAB9-7",V1-6,V1-6 (Gambling),category,False,True,V1-6,False,
app,561e8d976b8d90f61a00402a,Gameloft - Master Account,5873ca9f3a2fdbe202000596,Disney Magic Kingdoms,,,272.61,22bet.co.ke,248.98,0.01,"IAB9,IAB9-7",V1-6,V1-6 (Gambling),category,False,True,V1-6,False,
account,57ab0b38c6ebd5c83300007e,Good Job Games (Azur),,,,,266.9,22bet.co.ke,248.98,0.01,"IAB9,IAB9-7",V1-6,V1-6 (Gambling),category,False,True,V1-6,False,
account,6852951e892f9d0011d467c1,Tencent Music,,,,,260.61,22bet.co.ke,248.98,0.01,"IAB9,IAB9-7",V1-6,V1-6 (Gambling),category,False,True,V1-6,False,
account,5f740e1f612b1a001509a07e,TP Entertainment,,,,,248.84,22bet.co.ke,248.98,0.01,"IAB9,IAB9-7",V1-6,V1-6 (Gambling),category,False,True,V1-6,False,
account,68415e707dd0f900116754fe,HelloTalk,,,,,241.03,22bet.co.ke,248.98,0.01,"IAB9,IAB9-7",V1-6,V1-6 (Gambling),category,False,True,V1-6,False,
app,5e66975545dc130017c52cb8,2K,5e7e2bcf298b770001f9f92b,WWE SuperCard – Multiplayer Card Battle Game Android,,,240.46,22bet.co.ke,248.98,0.01,"IAB9,IAB9-7",V1-6,V1-6 (Gambling),category,False,True,V1-6,False,
app,6788b18b06da640011023eaf,Transsion OEM,678a007052e0399f6534ab63,XOS Launcher,,,236.07,22bet.co.ke,248.98,0.01,"IAB9,IAB9-7",V1-6,V1-6 (Gambling),category,False,True,V1-6,False,
account,5a8bdb7eee07eaab7100113a,Noktacom Media Corp.,,,,,226.19,22bet.co.ke,248.98,0.01,"IAB9,IAB9-7",V1-6,V1-6 (Gambling),category,False,True,V1-6,False,
account,58fb280c667e4279600004a9,GD4Kids,,,,,224.95,22bet.co.ke,248.98,0.01,"IAB9,IAB9-7",V1-6,V1-6 (Gambling),category,False,True,V1-6,False,
account,561e8d936b8d90f61a00139e,Yodo1,,,,,213.38,22bet.co.ke,248.98,0.01,"IAB9,IAB9-7",V1-6,V1-6 (Gambling),category,False,True,V1-6,False,
app,561e8d976b8d90f61a003e2e,Murka,56348466dcec046847000033,Scatter Slots Murka Android,,,213.29,22bet.co.ke,248.98,0.01,"IAB9,IAB9-7",V1-6,V1-6 (Gambling),category,False,True,V1-6,False,
account,6863d0817b40620011280a68,MYNET INTERNET TEKNOLOJI AS,,,,,211.97,22bet.co.ke,248.98,0.01,"IAB9,IAB9-7",V1-6,V1-6 (Gambling),category,False,True,V1-6,False,
app,5fb510aa8072bf0015d8d59d,Tap2Play LLC,63ff72c440f9e74e6c22fc38,SHO_ANDROID_Shoot It,,,183.73,22bet.co.ke,248.98,0.01,"IAB9,IAB9-7",V1-6,V1-6 (Gambling),category,False,True,V1-6,False,
app,561e8d936b8d90f61a00134a,Veraxen Ltd,671107b44e4ec015241367ad,Goods Sort Andr,,,181.76,22bet.co.ke,248.98,0.01,"IAB9,IAB9-7",V1-6,V1-6 (Gambling),category,False,True,V1-6,False,
account,5eb538be15474a0017ff985f,DEVGAME OU,,,,,181.37,22bet.co.ke,248.98,0.01,"IAB9,IAB9-7",V1-6,V1-6 (Gambling),category,False,True,V1-6,False,
account,65afbcd2dc68e70011e13631,Revani Limited,,,,,179.33,22bet.co.ke,248.98,0.01,"IAB9,IAB9-7",V1-6,V1-6 (Gambling),category,False,True,V1-6,False,
account,561e8d976b8d90f61a003f63,smartstudy,,,,,175.94,22bet.co.ke,248.98,0.01,"IAB9,IAB9-7",V1-6,V1-6 (Gambling),category,False,True,V1-6,False,
account,62e1450f4dbc53001a4249eb,BLUE HAT FZE LLC,,,,,173.77,22bet.co.ke,248.98,0.01,"IAB9,IAB9-7",V1-6,V1-6 (Gambling),category,False,True,V1-6,False,
app,561e8d946b8d90f61a001926,WB Games,5e67195e73dde7000173d596,Mortal Kombat Android,,,166.94,22bet.co.ke,248.98,0.01,"IAB9,IAB9-7",V1-6,V1-6 (Gambling),category,False,True,V1-6,False,
account,69ceb9e50e0891e59aa188ce,Candlelight Games Inc,,,,,151.54,22bet.co.ke,248.98,0.01,"IAB9,IAB9-7",V1-6,V1-6 (Gambling),category,False,True,V1-6,False,
app,5ca2413d406d8e001260b34f,Coeur de Jeu,5ca241748936930019f2e166,Dazzly,,,144.57,22bet.co.ke,248.98,0.01,"IAB9,IAB9-7",V1-6,V1-6 (Gambling),category,False,True,V1-6,False,
app,59e4bb543f0fa9a20900afa3,TabTale LTD,66c7102a18a521b865426011,Bus Frenzy,,,124.53,22bet.co.ke,248.98,0.01,"IAB9,IAB9-7",V1-6,V1-6 (Gambling),category,False,True,V1-6,False,
account,5eecaeaded99620015f97c0c,Maglab Oyun Teknolojileri Bilişim Yazılım Tasarım Yay. Tic. A.Ş,,,,,113.57,22bet.co.ke,248.98,0.01,"IAB9,IAB9-7",V1-6,V1-6 (Gambling),category,False,True,V1-6,False,
app,5fb510aa8072bf0015d8d59d,Tap2Play LLC,624452e28ddaecca4dff7afc,CRO_ANDROID_Crazy Office,,,106.89,22bet.co.ke,248.98,0.01,"IAB9,IAB9-7",V1-6,V1-6 (Gambling),category,False,True,V1-6,False,
account,66d03ee46f113e0011988b4d,Ömer Sina Ceylan,,,,,100.39,22bet.co.ke,248.98,0.01,"IAB9,IAB9-7",V1-6,V1-6 (Gambling),category,False,True,V1-6,False,
account,68799f38babc2000110fe539,Duolingo,,,,,51089.77,22bet.com,27.24,0.31,IAB17,,,domain,True,False,,False,
account,680748860437920011951532,BeSoccer,,,,,7540.87,22bet.com,27.24,0.05,IAB17,,,domain,True,False,,False,
account,69834b2ea3ac73e99b7077db,Teamsnap,,,,,5271.41,22bet.com,27.24,0.03,IAB17,,,domain,True,False,,False,
account,6863fe9df000940011f80bcb,Chesscom LLC,,,,,4368.47,22bet.com,27.24,0.03,IAB17,,,domain,True,False,,False,
app,5a53889945eaab512501251e,AddApptr GmbH,627a7fad9a5916612c6cb77e,IT-PM_Futbin_iOS,,,2708.89,22bet.com,27.24,0.02,IAB17,,,domain,True,False,,False,
account,68f9f5db75ceafc7a8ee6155,LiveScore,,,,,1978.07,22bet.com,27.24,0.01,IAB17,,,domain,True,False,,False,
account,5b975fcedc73276356309362,OAKEVER GAMES PTE LTD,,,,,205458.71,betclic.pt,180.72,8.26,IAB9-7,V1-6,V1-6 (Gambling),category,False,True,V1-6,False,
account,68799f38babc2000110fe539,Duolingo,,,,,51089.77,betclic.pt,180.72,2.06,IAB9-7,V1-6,V1-6 (Gambling),domain+category,True,True,V1-6,False,
app,67c01767cc8ae200116e5d00,Skywork AI PTELTD,689b0fdef369593cb0e287e9,FreeReels-安卓,,,39398.86,betclic.pt,180.72,1.58,IAB9-7,V1-6,V1-6 (Gambling),category,False,True,V1-6,False,
account,5d3a5de9ddc71000189c7a84,"Shanghai Linguan Data Co., Ltd.",,,,,27886.52,betclic.pt,180.72,1.12,IAB9-7,V1-6,V1-6 (Gambling),category,False,True,V1-6,False,
account,66f36da16f113e0011999ff8,Meitu China,,,,,24584.12,betclic.pt,180.72,0.99,IAB9-7,V1-6,V1-6 (Gambling),category,False,True,V1-6,False,
account,64c3551f1e5137001122d418,BYTEDANCE PTE LTD,,,,,21052.62,betclic.pt,180.72,0.85,IAB9-7,V1-6,V1-6 (Gambling),category,False,True,V1-6,False,
app,69379d46192ce0aadaecc874,Particle Media Inc,69437e6fed3b627e3079edb8,NewsBreak: Local News & Alerts,,,20734.58,betclic.pt,180.72,0.83,IAB9-7,V1-6,V1-6 (Gambling),category,False,True,V1-6,False,
account,5b1526a7de961d3317b1d475,X-FLOW LTD,,,,,19213.74,betclic.pt,180.72,0.77,IAB9-7,V1-6,V1-6 (Gambling),category,False,True,V1-6,False,
account,65532f6b6cdf5900118d1f51,STORYMATRIX PTE LTD,,,,,13494.6,betclic.pt,180.72,0.54,IAB9-7,V1-6,V1-6 (Gambling),category,False,True,V1-6,False,
account,5efeed113191d60018f0f4e0,LY Corporation,,,,,13491.98,betclic.pt,180.72,0.54,IAB9-7,V1-6,V1-6 (Gambling),category,False,True,V1-6,False,
account,64075f57d6da1900141e5aba,Code Dish GmbH,,,,,11682.04,betclic.pt,180.72,0.47,IAB9-7,V1-6,V1-6 (Gambling),category,False,True,V1-6,False,
account,67b5b2c077bd1c00117b9adc,Sofa IT doo,,,,,11321.77,betclic.pt,180.72,0.46,IAB9-7,V1-6,V1-6 (Gambling),category,False,True,V1-6,False,
account,5c52bd6ffbeb402419bef87d,SYBO Games,,,,,9010.28,betclic.pt,180.72,0.36,IAB9-7,V1-6,V1-6 (Gambling),category,False,True,V1-6,False,
account,680748860437920011951532,BeSoccer,,,,,7540.87,betclic.pt,180.72,0.3,IAB9-7,V1-6,V1-6 (Gambling),category,False,True,V1-6,False,
app,5aafdd4a0520357fabf54aa6,Badoo,5aafe5c62567717fa575bfc1,Badoo - The Dating App,,,7054.85,betclic.pt,180.72,0.28,IAB9-7,V1-6,V1-6 (Gambling),category,False,True,V1-6,False,
account,5d8880f1444f7200181b5e1d,Lihuhu,,,,,6699.63,betclic.pt,180.72,0.27,IAB9-7,V1-6,V1-6 (Gambling),category,False,True,V1-6,False,
account,69834b2ea3ac73e99b7077db,Teamsnap,,,,,5271.41,betclic.pt,180.72,0.21,IAB9-7,V1-6,V1-6 (Gambling),domain+category,True,True,V1-6,False,
account,5e3692d21cd3cb0018dd4329,SuperSonic Studios,,,,,5156.38,betclic.pt,180.72,0.21,IAB9-7,V1-6,V1-6 (Gambling),category,False,True,V1-6,False,
account,677cecb33b9ea20011273987,Gravity Labs,,,,,5014.63,betclic.pt,180.72,0.2,IAB9-7,V1-6,V1-6 (Gambling),category,False,True,V1-6,False,
account,6863fe9df000940011f80bcb,Chesscom LLC,,,,,4368.47,betclic.pt,180.72,0.18,IAB9-7,V1-6,V1-6 (Gambling),category,False,True,V1-6,False,
account,561e8d956b8d90f61a003365,Fingersoft Oy,,,,,3854.39,betclic.pt,180.72,0.16,IAB9-7,V1-6,V1-6 (Gambling),category,False,True,V1-6,False,
app,561e8d936b8d90f61a00134a,Veraxen Ltd,524ad17f92fcd29365000006,Jigsaw Collection HD,,,3443.48,betclic.pt,180.72,0.14,IAB9-7,V1-6,V1-6 (Gambling),category,False,True,V1-6,False,
account,65e71ba517069f0011a36cfa,Rounds,,,,,3421.73,betclic.pt,180.72,0.14,IAB9-7,V1-6,V1-6 (Gambling),category,False,True,V1-6,False,
account,5d130cdf37472100170775e1,Puzzle1Studio,,,,,3246.32,betclic.pt,180.72,0.13,IAB9-7,V1-6,V1-6 (Gambling),category,False,True,V1-6,False,
account,643d1561e09b08001442e672,Sliide,,,,,3129.23,betclic.pt,180.72,0.13,IAB9-7,V1-6,V1-6 (Gambling),category,False,True,V1-6,False,
account,561e8d936b8d90f61a001260,MAG Interactive,,,,,3089.8,betclic.pt,180.72,0.12,IAB9-7,V1-6,V1-6 (Gambling),category,False,True,V1-6,False,
account,59bbfb5389df7b9d3b000840,Trebel Music,,,,,3005.02,betclic.pt,180.72,0.12,IAB9-7,V1-6,V1-6 (Gambling),category,False,True,V1-6,False,
account,630d8dbfb1095d001bb0f04a,Bitsmedia Pte Ltd,,,,,2940.68,betclic.pt,180.72,0.12,IAB9-7,V1-6,V1-6 (Gambling),category,False,True,V1-6,False,
account,602ad40427689c0015fb2d9e,PhotoCircle Inc.,,,,,2816.29,betclic.pt,180.72,0.11,IAB9-7,V1-6,V1-6 (Gambling),category,False,True,V1-6,False,
account,668fb233514c00001146f038,Free VPN Planet SRL,,,,,2758.7,betclic.pt,180.72,0.11,IAB9-7,V1-6,V1-6 (Gambling),category,False,True,V1-6,False,
account,641d8986be2b36001370ca2a,Mackolik,,,,,2748.7,betclic.pt,180.72,0.11,IAB9-7,V1-6,V1-6 (Gambling),category,False,True,V1-6,False,
account,57fb4876297c8ce634000039,AbiGroup,,,,,2736.86,betclic.pt,180.72,0.11,IAB9-7,V1-6,V1-6 (Gambling),category,False,True,V1-6,False,
app,5a53889945eaab512501251e,AddApptr GmbH,627a7fad9a5916612c6cb77e,IT-PM_Futbin_iOS,,,2708.89,betclic.pt,180.72,0.11,IAB9-7,V1-6,V1-6 (Gambling),category,False,True,V1-6,False,
account,561e8d946b8d90f61a00183b,"Big Blue Bubble, Inc.",,,,,2701.59,betclic.pt,180.72,0.11,IAB9-7,V1-6,V1-6 (Gambling),category,False,True,V1-6,False,
app,561e8d966b8d90f61a0033c4,Moon Active,6874fa4e61fad0cbc8862a9e,Hole Stars,,,2673.03,betclic.pt,180.72,0.11,IAB9-7,V1-6,V1-6 (Gambling),category,False,True,V1-6,False,
account,64b7f29fcca9af0011fd585d,Sonderads,,,,,2655.44,betclic.pt,180.72,0.11,IAB9-7,V1-6,V1-6 (Gambling),category,False,True,V1-6,False,
account,604ec2ae5a93950016a63fdd,"Gstarsoft Co.,ltd",,,,,2582.86,betclic.pt,180.72,0.1,IAB9-7,V1-6,V1-6 (Gambling),category,False,True,V1-6,False,
app,56d55c72562b9c353800000d,Voodoo,6623f108853bc6953cc5709d,BeReal iOS,,,2388.85,betclic.pt,180.72,0.1,IAB9-7,V1-6,V1-6 (Gambling),category,False,True,V1-6,False,
app,59e4bb543f0fa9a20900afa3,TabTale LTD,641854429091f900e1111e9a,Glow: Fashion Idol iOS_CL,,,2381.61,betclic.pt,180.72,0.1,IAB9-7,V1-6,V1-6 (Gambling),category,False,True,V1-6,False,
account,60c71d9d6b22ac0017d0bca4,AnyMind Group,,,,,2341.64,betclic.pt,180.72,0.09,IAB9-7,V1-6,V1-6 (Gambling),category,False,True,V1-6,False,
account,5fc7301f7a7f0200153979c7,Aged Studio Limited,,,,,2269.61,betclic.pt,180.72,0.09,IAB9-7,V1-6,V1-6 (Gambling),category,False,True,V1-6,False,
account,6376f00f3d02dc001b2940b6,MICHAT PTE. LIMITED,,,,,2161.51,betclic.pt,180.72,0.09,IAB9-7,V1-6,V1-6 (Gambling),category,False,True,V1-6,False,
account,68f9f5db75ceafc7a8ee6155,LiveScore,,,,,1978.07,betclic.pt,180.72,0.08,IAB9-7,V1-6,V1-6 (Gambling),category,False,True,V1-6,False,
account,561e8d956b8d90f61a0030cf,Ketchapp,,,,,1857.43,betclic.pt,180.72,0.07,IAB9-7,V1-6,V1-6 (Gambling),category,False,True,V1-6,False,
account,66aafef7514c00001147c0c9,FARSUN PTE LTD,,,,,1663.8,betclic.pt,180.72,0.07,IAB9-7,V1-6,V1-6 (Gambling),category,False,True,V1-6,False,
account,561e8d956b8d90f61a0026fb,Gametion,,,,,1550.37,betclic.pt,180.72,0.06,IAB9-7,V1-6,V1-6 (Gambling),category,False,True,V1-6,False,
account,60013911308f3f00157538f4,"Wonder Kingdom Co., Limited",,,,,1478.69,betclic.pt,180.72,0.06,IAB9-7,V1-6,V1-6 (Gambling),category,False,True,V1-6,False,
account,67e466df11985900110edd85,Activision Blizzard Media,,,,,1255.74,betclic.pt,180.72,0.05,IAB9-7,V1-6,V1-6 (Gambling),category,False,True,V1-6,False,
app,6788b18b06da640011023eaf,Transsion OEM,678a0872a18672e70722ee72,palmplaystore,,,1181.3,betclic.pt,180.72,0.05,IAB9-7,V1-6,V1-6 (Gambling),category,False,True,V1-6,False,
account,680ef700e2291a001165c3eb,HK01 Company Limited,,,,,1066.94,betclic.pt,180.72,0.04,IAB9-7,V1-6,V1-6 (Gambling),category,False,True,V1-6,False,
account,57c05f735b2bd4fa24000030,Severex,,,,,1055.13,betclic.pt,180.72,0.04,IAB9-7,V1-6,V1-6 (Gambling),category,False,True,V1-6,False,
account,64219c0480513f00143dbdc5,Match en Direct,,,,,1006.84,betclic.pt,180.72,0.04,IAB9-7,V1-6,V1-6 (Gambling),category,False,True,V1-6,False,
account,5a6f56062c250d182f0056f3,Kwalee Ltd,,,,,960.59,betclic.pt,180.72,0.04,IAB9-7,V1-6,V1-6 (Gambling),category,False,True,V1-6,False,
account,62ea666c62b76e001b3eca4f,LLC East-Games,,,,,927.24,betclic.pt,180.72,0.04,IAB9-7,V1-6,V1-6 (Gambling),category,False,True,V1-6,False,
account,5a9d60d3b1c1666c2e0056ba,Homa Games,,,,,924.14,betclic.pt,180.72,0.04,IAB9-7,V1-6,V1-6 (Gambling),category,False,True,V1-6,False,
app,6297c4bc012073001b3df035,Yandex Inc.,69297e78b88dcb4daa968fa5,tds-easyapp_com-anoshenko-android-solitaires,,,899.98,betclic.pt,180.72,0.04,IAB9-7,V1-6,V1-6 (Gambling),category,False,True,V1-6,False,
account,57738b4fc76658df57000069,Hipster Whale,,,,,859.95,betclic.pt,180.72,0.03,IAB9-7,V1-6,V1-6 (Gambling),category,False,True,V1-6,False,
account,686c8b9cf56dd70011f46f36,株式会社MIXI,,,,,853.13,betclic.pt,180.72,0.03,IAB9-7,V1-6,V1-6 (Gambling),category,False,True,V1-6,False,
account,59edd2fb2410479748002dd0,Free Block Puzzle Games Inc.,,,,,837.38,betclic.pt,180.72,0.03,IAB9-7,V1-6,V1-6 (Gambling),category,False,True,V1-6,False,
app,561e8d966b8d90f61a003414,Scopely,579c0497be7334703a000072,Wheel of Fortune - iOS,,,784.72,betclic.pt,180.72,0.03,IAB9-7,V1-6,V1-6 (Gambling),category,False,True,V1-6,False,
account,5ed79bc0705d4100103d3ecd,Dramaton LTD,,,,,784.32,betclic.pt,180.72,0.03,IAB9-7,V1-6,V1-6 (Gambling),category,False,True,V1-6,False,
account,5f6830b5352f2900152f8a5a,Playspare,,,,,775.39,betclic.pt,180.72,0.03,IAB9-7,V1-6,V1-6 (Gambling),category,False,True,V1-6,False,
account,63b3f932d7c5be001b86305f,hmbl,,,,,770.76,betclic.pt,180.72,0.03,IAB9-7,V1-6,V1-6 (Gambling),category,False,True,V1-6,False,
account,5e66975545dc130017c52cb8,2K,,,,,743.79,betclic.pt,180.72,0.03,IAB9-7,V1-6,V1-6 (Gambling),category,False,True,V1-6,False,
app,6297c4bc012073001b3df035,Yandex Inc.,691db66d63ddd979c47b5da1,yurihead_com-infoshell-recradio,,,707.53,betclic.pt,180.72,0.03,IAB9-7,V1-6,V1-6 (Gambling),category,False,True,V1-6,False,
app,59e4bb543f0fa9a20900afa3,TabTale LTD,5c8661882c668752470f7fc5,Amaze iOS_CL,,,703.65,betclic.pt,180.72,0.03,IAB9-7,V1-6,V1-6 (Gambling),category,False,True,V1-6,False,
account,561e8d936b8d90f61a0011da,Tactile Entertainment,,,,,700.43,betclic.pt,180.72,0.03,IAB9-7,V1-6,V1-6 (Gambling),category,False,True,V1-6,False,
account,561e8d956b8d90f61a0028f7,Nexters Global LTD,,,,,680.12,betclic.pt,180.72,0.03,IAB9-7,V1-6,V1-6 (Gambling),category,False,True,V1-6,False,
app,561e8d946b8d90f61a002087,Rovio,651283dcb30c764e0a120808,Angry Birds Dream Blast (Spender),,,675.42,betclic.pt,180.72,0.03,IAB9-7,V1-6,V1-6 (Gambling),category,False,True,V1-6,False,
account,652f4f00b1392d0011254667,杭州视洞科技有限公司,,,,,636.54,betclic.pt,180.72,0.03,IAB9-7,V1-6,V1-6 (Gambling),category,False,True,V1-6,False,
account,67bda2410543d20011d5130f,Yalla Group,,,,,634.07,betclic.pt,180.72,0.03,IAB9-7,V1-6,V1-6 (Gambling),category,False,True,V1-6,False,
app,6788b18b06da640011023eaf,Transsion OEM,6791e248ffda0af1dd8c4549,moviebox,,,633.0,betclic.pt,180.72,0.03,IAB9-7,V1-6,V1-6 (Gambling),category,False,True,V1-6,False,
account,561e8d936b8d90f61a000cd1,InnoGames GmbH,,,,,623.45,betclic.pt,180.72,0.03,IAB9-7,V1-6,V1-6 (Gambling),category,False,True,V1-6,False,
account,65cb5af6a3d8e1001191d9d7,GameDuell GmbH,,,,,607.84,betclic.pt,180.72,0.02,IAB9-7,V1-6,V1-6 (Gambling),category,False,True,V1-6,False,
app,561e8d966b8d90f61a0033c4,Moon Active,6963b8c8a37bf42bb0723c32,Jelly Busters iOS,,,585.69,betclic.pt,180.72,0.02,IAB9-7,V1-6,V1-6 (Gambling),category,False,True,V1-6,False,
account,649435c2b588d00011c1b496,Rebel Family,,,,,585.1,betclic.pt,180.72,0.02,IAB9-7,V1-6,V1-6 (Gambling),category,False,True,V1-6,False,
account,5746d3108e99b7da740000ad,MotionVolt Game Ltd,,,,,580.53,betclic.pt,180.72,0.02,IAB9-7,V1-6,V1-6 (Gambling),category,False,True,V1-6,False,
app,561e8d956b8d90f61a003219,"Appodeal, Inc.",5912fb91085bcd9d5d00102a,com.MadOut.BIG/74079,,,530.41,betclic.pt,180.72,0.02,IAB9-7,V1-6,V1-6 (Gambling),category,False,True,V1-6,False,
app,60c71d9d6b22ac0017d0bca4,AnyMind Group,685bd663e06142e32ada8192,VN_Interlink_Android,,,521.61,betclic.pt,180.72,0.02,IAB9-7,V1-6,V1-6 (Gambling),category,False,True,V1-6,False,
account,65088cbbc79cc700111adcc5,Puzzlecats,,,,,510.69,betclic.pt,180.72,0.02,IAB9-7,V1-6,V1-6 (Gambling),category,False,True,V1-6,False,
app,6788b18b06da640011023eaf,Transsion OEM,68ec648fbea871f372009b41,XOS Launcher Split,,,495.92,betclic.pt,180.72,0.02,IAB9-7,V1-6,V1-6 (Gambling),category,False,True,V1-6,False,
app,5fb510aa8072bf0015d8d59d,Tap2Play LLC,60a4d2c2cf4957c21093d8b5,CMS_IOS_Count Masters,,,486.11,betclic.pt,180.72,0.02,IAB9-7,V1-6,V1-6 (Gambling),category,False,True,V1-6,False,
account,57ea2d4eded16aa12b0000ab,SuperBOX,,,,,478.74,betclic.pt,180.72,0.02,IAB9-7,V1-6,V1-6 (Gambling),category,False,True,V1-6,False,
app,5fb510aa8072bf0015d8d59d,Tap2Play LLC,60e41f4d76d07ccbb31c2f6f,FTR_ANDROID_Fidget Trading,,,474.28,betclic.pt,180.72,0.02,IAB9-7,V1-6,V1-6 (Gambling),category,False,True,V1-6,False,
app,59e4bb543f0fa9a20900afa3,TabTale LTD,5fa952a8447cc63a415502da,Phone Case DIY iOS_CL,,,458.87,betclic.pt,180.72,0.02,IAB9-7,V1-6,V1-6 (Gambling),category,False,True,V1-6,False,
app,5c2e46140360b14200b6259c,Super Free Games,5c9a92cf986bfc0017807c86,Word Collect iOS,,,449.18,betclic.pt,180.72,0.02,IAB9-7,V1-6,V1-6 (Gambling),category,False,True,V1-6,False,
account,68a733e9213ed4ecfa1fad75,CASHGRAIL PRIVATE LIMITED,,,,,437.65,betclic.pt,180.72,0.02,IAB9-7,V1-6,V1-6 (Gambling),category,False,True,V1-6,False,
app,561e8d966b8d90f61a0033c4,Moon Active,689afb00a1e0ba6b5d6a0fa7,Merge Hotel Empire: Design,,,396.41,betclic.pt,180.72,0.02,IAB9-7,V1-6,V1-6 (Gambling),category,False,True,V1-6,False,
app,561e8d946b8d90f61a0017d9,Zentertain,59ce09fca81a003c170009ae,Wort Guru,,,391.18,betclic.pt,180.72,0.02,IAB9-7,V1-6,V1-6 (Gambling),category,False,True,V1-6,False,
app,56c3a378adccd1cb7e00000a,Zynga,5ea35a7efbd5250001dec930,Harry Potter,,,390.77,betclic.pt,180.72,0.02,IAB9-7,V1-6,V1-6 (Gambling),category,False,True,V1-6,False,
app,561e8d946b8d90f61a002087,Rovio,6512ae485551fd9849db8def,Angry Birds Dream Blast (Spender),,,387.4,betclic.pt,180.72,0.02,IAB9-7,V1-6,V1-6 (Gambling),category,False,True,V1-6,False,
app,561e8d966b8d90f61a0033c4,Moon Active,57173acc4e8b174875000026,My Cafe Android,,,357.66,betclic.pt,180.72,0.01,IAB9-7,V1-6,V1-6 (Gambling),category,False,True,V1-6,False,
account,6228871f2435180014928c15,madarsoft,,,,,354.02,betclic.pt,180.72,0.01,IAB9-7,V1-6,V1-6 (Gambling),category,False,True,V1-6,False,
account,57161e4b90ba5de06e000059,OFFICE CREATE Corp.,,,,,335.75,betclic.pt,180.72,0.01,IAB9-7,V1-6,V1-6 (Gambling),category,False,True,V1-6,False,
account,5ac21c1686dad73ecbc17757,NORTH STAR,,,,,335.45,betclic.pt,180.72,0.01,IAB9-7,V1-6,V1-6 (Gambling),category,False,True,V1-6,False,
account,637bfae8059dbe0014b199dc,Naver Z Corporation,,,,,329.8,betclic.pt,180.72,0.01,IAB9-7,V1-6,V1-6 (Gambling),category,False,True,V1-6,False,
app,56d55c72562b9c353800000d,Voodoo,62154ba2c1aeb964ddda691c,Wizz - Make new friends - iOS,,,328.32,betclic.pt,180.72,0.01,IAB9-7,V1-6,V1-6 (Gambling),category,False,True,V1-6,False,
account,673ed5063800780011af0611,Image Future Investment (HK) Limite,,,,,327.82,betclic.pt,180.72,0.01,IAB9-7,V1-6,V1-6 (Gambling),category,False,True,V1-6,False,
app,5981a22bcf89a5b87f001edf,ROCKETADS LTD BV,67b554672363a440422ff5b1,Grus - Fashion Impress iOS,,,322.11,betclic.pt,180.72,0.01,IAB9-7,V1-6,V1-6 (Gambling),category,False,True,V1-6,False,
account,64be49e17c1dd00011cb052e,LolTap,,,,,310.17,betclic.pt,180.72,0.01,IAB9-7,V1-6,V1-6 (Gambling),category,False,True,V1-6,False,
app,6247027c20721a0018bb6528,First Touch Games,64787b6711f74ed45246d310,Score! Hero,,,300.07,betclic.pt,180.72,0.01,IAB9-7,V1-6,V1-6 (Gambling),category,False,True,V1-6,False,
account,6951f51a84cdc295ad688303,NExT Initiatives Limited,,,,,293.04,betclic.pt,180.72,0.01,IAB9-7,V1-6,V1-6 (Gambling),category,False,True,V1-6,False,
app,6788b18b06da640011023eaf,Transsion OEM,6895ab291e65eaa858e986e8,Phonemaster,,,273.42,betclic.pt,180.72,0.01,IAB9-7,V1-6,V1-6 (Gambling),category,False,True,V1-6,False,
app,561e8d976b8d90f61a00402a,Gameloft - Master Account,5873ca9f3a2fdbe202000596,Disney Magic Kingdoms,,,272.61,betclic.pt,180.72,0.01,IAB9-7,V1-6,V1-6 (Gambling),category,False,True,V1-6,False,
account,57ab0b38c6ebd5c83300007e,Good Job Games (Azur),,,,,266.9,betclic.pt,180.72,0.01,IAB9-7,V1-6,V1-6 (Gambling),category,False,True,V1-6,False,
account,6852951e892f9d0011d467c1,Tencent Music,,,,,260.61,betclic.pt,180.72,0.01,IAB9-7,V1-6,V1-6 (Gambling),category,False,True,V1-6,False,
account,5f740e1f612b1a001509a07e,TP Entertainment,,,,,248.84,betclic.pt,180.72,0.01,IAB9-7,V1-6,V1-6 (Gambling),category,False,True,V1-6,False,
account,68415e707dd0f900116754fe,HelloTalk,,,,,241.03,betclic.pt,180.72,0.01,IAB9-7,V1-6,V1-6 (Gambling),category,False,True,V1-6,False,
app,5e66975545dc130017c52cb8,2K,5e7e2bcf298b770001f9f92b,WWE SuperCard – Multiplayer Card Battle Game Android,,,240.46,betclic.pt,180.72,0.01,IAB9-7,V1-6,V1-6 (Gambling),category,False,True,V1-6,False,
app,6788b18b06da640011023eaf,Transsion OEM,678a007052e0399f6534ab63,XOS Launcher,,,236.07,betclic.pt,180.72,0.01,IAB9-7,V1-6,V1-6 (Gambling),category,False,True,V1-6,False,
account,5a8bdb7eee07eaab7100113a,Noktacom Media Corp.,,,,,226.19,betclic.pt,180.72,0.01,IAB9-7,V1-6,V1-6 (Gambling),category,False,True,V1-6,False,
account,58fb280c667e4279600004a9,GD4Kids,,,,,224.95,betclic.pt,180.72,0.01,IAB9-7,V1-6,V1-6 (Gambling),category,False,True,V1-6,False,
account,561e8d936b8d90f61a00139e,Yodo1,,,,,213.38,betclic.pt,180.72,0.01,IAB9-7,V1-6,V1-6 (Gambling),category,False,True,V1-6,False,
app,561e8d976b8d90f61a003e2e,Murka,56348466dcec046847000033,Scatter Slots Murka Android,,,213.29,betclic.pt,180.72,0.01,IAB9-7,V1-6,V1-6 (Gambling),category,False,True,V1-6,False,
account,6863d0817b40620011280a68,MYNET INTERNET TEKNOLOJI AS,,,,,211.97,betclic.pt,180.72,0.01,IAB9-7,V1-6,V1-6 (Gambling),category,False,True,V1-6,False,
app,5fb510aa8072bf0015d8d59d,Tap2Play LLC,63ff72c440f9e74e6c22fc38,SHO_ANDROID_Shoot It,,,183.73,betclic.pt,180.72,0.01,IAB9-7,V1-6,V1-6 (Gambling),category,False,True,V1-6,False,
app,561e8d936b8d90f61a00134a,Veraxen Ltd,671107b44e4ec015241367ad,Goods Sort Andr,,,181.76,betclic.pt,180.72,0.01,IAB9-7,V1-6,V1-6 (Gambling),category,False,True,V1-6,False,
account,5eb538be15474a0017ff985f,DEVGAME OU,,,,,181.37,betclic.pt,180.72,0.01,IAB9-7,V1-6,V1-6 (Gambling),category,False,True,V1-6,False,
account,65afbcd2dc68e70011e13631,Revani Limited,,,,,179.33,betclic.pt,180.72,0.01,IAB9-7,V1-6,V1-6 (Gambling),category,False,True,V1-6,False,
account,561e8d976b8d90f61a003f63,smartstudy,,,,,175.94,betclic.pt,180.72,0.01,IAB9-7,V1-6,V1-6 (Gambling),category,False,True,V1-6,False,
account,62e1450f4dbc53001a4249eb,BLUE HAT FZE LLC,,,,,173.77,betclic.pt,180.72,0.01,IAB9-7,V1-6,V1-6 (Gambling),category,False,True,V1-6,False,
app,561e8d946b8d90f61a001926,WB Games,5e67195e73dde7000173d596,Mortal Kombat Android,,,166.94,betclic.pt,180.72,0.01,IAB9-7,V1-6,V1-6 (Gambling),category,False,True,V1-6,False,
account,69ceb9e50e0891e59aa188ce,Candlelight Games Inc,,,,,151.54,betclic.pt,180.72,0.01,IAB9-7,V1-6,V1-6 (Gambling),category,False,True,V1-6,False,
app,5ca2413d406d8e001260b34f,Coeur de Jeu,5ca241748936930019f2e166,Dazzly,,,144.57,betclic.pt,180.72,0.01,IAB9-7,V1-6,V1-6 (Gambling),category,False,True,V1-6,False,
app,59e4bb543f0fa9a20900afa3,TabTale LTD,66c7102a18a521b865426011,Bus Frenzy,,,124.53,betclic.pt,180.72,0.01,IAB9-7,V1-6,V1-6 (Gambling),category,False,True,V1-6,False,
account,5eecaeaded99620015f97c0c,Maglab Oyun Teknolojileri Bilişim Yazılım Tasarım Yay. Tic. A.Ş,,,,,113.57,betclic.pt,180.72,0.0,IAB9-7,V1-6,V1-6 (Gambling),category,False,True,V1-6,False,
app,5fb510aa8072bf0015d8d59d,Tap2Play LLC,624452e28ddaecca4dff7afc,CRO_ANDROID_Crazy Office,,,106.89,betclic.pt,180.72,0.0,IAB9-7,V1-6,V1-6 (Gambling),category,False,True,V1-6,False,
account,66d03ee46f113e0011988b4d,Ömer Sina Ceylan,,,,,100.39,betclic.pt,180.72,0.0,IAB9-7,V1-6,V1-6 (Gambling),category,False,True,V1-6,False,
app,606c7bac7a37680015801ad8,jiayou,633549fb3901c096a37b2893,Block Juggle—GP,,,73570.5,betmgm.co.uk,103.89,1.7,IAB17,,,domain,True,False,,False,
account,68799f38babc2000110fe539,Duolingo,,,,,51089.77,betmgm.co.uk,103.89,1.18,IAB17,,,domain,True,False,,False,
app,5a53889945eaab512501251e,AddApptr GmbH,627a7fad9a5916612c6cb77e,IT-PM_Futbin_iOS,,,2708.89,betmgm.co.uk,103.89,0.06,IAB17,,,domain,True,False,,False,
account,68f9f5db75ceafc7a8ee6155,LiveScore,,,,,1978.07,betmgm.co.uk,103.89,0.05,IAB17,,,domain,True,False,,False,
app,606c7bac7a37680015801ad8,jiayou,633549fb3901c096a37b2893,Block Juggle—GP,,,73570.5,betmgm.com,0.0,0.0,,,,domain,True,False,,False,
account,561e8d966b8d90f61a003414,Scopely,,,,,16909.74,betmgm.com,0.0,0.0,,,,domain,True,False,,False,
account,69834b2ea3ac73e99b7077db,Teamsnap,,,,,5271.41,betmgm.com,0.0,0.0,,,,domain,True,False,,False,
account,6863fe9df000940011f80bcb,Chesscom LLC,,,,,4368.47,betmgm.com,0.0,0.0,,,,domain,True,False,,False,
app,5a53889945eaab512501251e,AddApptr GmbH,627a7fad9a5916612c6cb77e,IT-PM_Futbin_iOS,,,2708.89,betmgm.com,0.0,0.0,,,,domain,True,False,,False,
account,68f9f5db75ceafc7a8ee6155,LiveScore,,,,,1978.07,betmgm.com,0.0,0.0,,,,domain,True,False,,False,
account,561e8d956b8d90f61a0028f7,Nexters Global LTD,,,,,680.12,betmgm.com,0.0,0.0,,,,domain,True,False,,False,
app,606c7bac7a37680015801ad8,jiayou,633549fb3901c096a37b2893,Block Juggle—GP,,,73570.5,betrivers.com,628.56,10.29,"IAB17,IAB9",,,domain,True,False,,False,
account,68799f38babc2000110fe539,Duolingo,,,,,51089.77,betrivers.com,628.56,7.15,"IAB17,IAB9",,,domain,True,False,,False,
app,685efaf2892f9d0011d7b87f,The Weather Company,685f0edd6d5c129491a495a9,Weather - The Weather Channel,,,23269.13,betrivers.com,628.56,3.26,"IAB17,IAB9",,,domain,True,False,,False,
account,65532f6b6cdf5900118d1f51,STORYMATRIX PTE LTD,,,,,13494.6,betrivers.com,628.56,1.89,"IAB17,IAB9",,,domain,True,False,,False,
account,69834b2ea3ac73e99b7077db,Teamsnap,,,,,5271.41,betrivers.com,628.56,0.74,"IAB17,IAB9",,,domain,True,False,,False,
account,6863fe9df000940011f80bcb,Chesscom LLC,,,,,4368.47,betrivers.com,628.56,0.61,"IAB17,IAB9",,,domain,True,False,,False,
account,561e8d936b8d90f61a00134a,Veraxen Ltd,,,,,4262.02,betrivers.com,628.56,0.6,"IAB17,IAB9",,,domain,True,False,,False,
account,59bbfb5389df7b9d3b000840,Trebel Music,,,,,3005.02,betrivers.com,628.56,0.42,"IAB17,IAB9",,,domain,True,False,,False,
app,5a53889945eaab512501251e,AddApptr GmbH,627a7fad9a5916612c6cb77e,IT-PM_Futbin_iOS,,,2708.89,betrivers.com,628.56,0.38,"IAB17,IAB9",,,domain,True,False,,False,
account,5b975fcedc73276356309362,OAKEVER GAMES PTE LTD,,,,,205458.71,betway.com,4659.85,168.02,"IAB17,IAB9,IAB9-7",V1-6,V1-6 (Gambling),category,False,True,V1-6,False,
app,606c7bac7a37680015801ad8,jiayou,633549fb3901c096a37b2893,Block Juggle—GP,,,73570.5,betway.com,4659.85,76.3,"IAB17,IAB9,IAB9-7",V1-6,,domain,True,False,,False,
account,68799f38babc2000110fe539,Duolingo,,,,,51089.77,betway.com,4659.85,52.99,"IAB17,IAB9,IAB9-7",V1-6,V1-6 (Gambling),domain+category,True,True,V1-6,False,
app,67c01767cc8ae200116e5d00,Skywork AI PTELTD,689b0fdef369593cb0e287e9,FreeReels-安卓,,,39398.86,betway.com,4659.85,32.22,"IAB17,IAB9,IAB9-7",V1-6,V1-6 (Gambling),category,False,True,V1-6,False,
account,5d3a5de9ddc71000189c7a84,"Shanghai Linguan Data Co., Ltd.",,,,,27886.52,betway.com,4659.85,22.8,"IAB17,IAB9,IAB9-7",V1-6,V1-6 (Gambling),category,False,True,V1-6,False,
account,66f36da16f113e0011999ff8,Meitu China,,,,,24584.12,betway.com,4659.85,20.1,"IAB17,IAB9,IAB9-7",V1-6,V1-6 (Gambling),category,False,True,V1-6,False,
app,685efaf2892f9d0011d7b87f,The Weather Company,685f0edd6d5c129491a495a9,Weather - The Weather Channel,,,23269.13,betway.com,4659.85,24.13,"IAB17,IAB9,IAB9-7",V1-6,,domain,True,False,,False,
account,64c3551f1e5137001122d418,BYTEDANCE PTE LTD,,,,,21052.62,betway.com,4659.85,17.22,"IAB17,IAB9,IAB9-7",V1-6,V1-6 (Gambling),category,False,True,V1-6,False,
app,69379d46192ce0aadaecc874,Particle Media Inc,69437e6fed3b627e3079edb8,NewsBreak: Local News & Alerts,,,20734.58,betway.com,4659.85,16.96,"IAB17,IAB9,IAB9-7",V1-6,V1-6 (Gambling),category,False,True,V1-6,False,
account,5b1526a7de961d3317b1d475,X-FLOW LTD,,,,,19213.74,betway.com,4659.85,15.71,"IAB17,IAB9,IAB9-7",V1-6,V1-6 (Gambling),category,False,True,V1-6,False,
account,65532f6b6cdf5900118d1f51,STORYMATRIX PTE LTD,,,,,13494.6,betway.com,4659.85,14.0,"IAB17,IAB9,IAB9-7",V1-6,V1-6 (Gambling),domain+category,True,True,V1-6,False,
account,5efeed113191d60018f0f4e0,LY Corporation,,,,,13491.98,betway.com,4659.85,11.03,"IAB17,IAB9,IAB9-7",V1-6,V1-6 (Gambling),category,False,True,V1-6,False,
account,64075f57d6da1900141e5aba,Code Dish GmbH,,,,,11682.04,betway.com,4659.85,9.55,"IAB17,IAB9,IAB9-7",V1-6,V1-6 (Gambling),category,False,True,V1-6,False,
account,67b5b2c077bd1c00117b9adc,Sofa IT doo,,,,,11321.77,betway.com,4659.85,11.74,"IAB17,IAB9,IAB9-7",V1-6,V1-6 (Gambling),domain+category,True,True,V1-6,False,
account,5c52bd6ffbeb402419bef87d,SYBO Games,,,,,9010.28,betway.com,4659.85,7.37,"IAB17,IAB9,IAB9-7",V1-6,V1-6 (Gambling),category,False,True,V1-6,False,
account,680748860437920011951532,BeSoccer,,,,,7540.87,betway.com,4659.85,7.82,"IAB17,IAB9,IAB9-7",V1-6,V1-6 (Gambling),domain+category,True,True,V1-6,False,
app,5aafdd4a0520357fabf54aa6,Badoo,5aafe5c62567717fa575bfc1,Badoo - The Dating App,,,7054.85,betway.com,4659.85,5.77,"IAB17,IAB9,IAB9-7",V1-6,V1-6 (Gambling),category,False,True,V1-6,False,
account,5d8880f1444f7200181b5e1d,Lihuhu,,,,,6699.63,betway.com,4659.85,5.48,"IAB17,IAB9,IAB9-7",V1-6,V1-6 (Gambling),category,False,True,V1-6,False,
account,69834b2ea3ac73e99b7077db,Teamsnap,,,,,5271.41,betway.com,4659.85,5.47,"IAB17,IAB9,IAB9-7",V1-6,V1-6 (Gambling),domain+category,True,True,V1-6,False,
account,5e3692d21cd3cb0018dd4329,SuperSonic Studios,,,,,5156.38,betway.com,4659.85,4.22,"IAB17,IAB9,IAB9-7",V1-6,V1-6 (Gambling),category,False,True,V1-6,False,
account,677cecb33b9ea20011273987,Gravity Labs,,,,,5014.63,betway.com,4659.85,4.1,"IAB17,IAB9,IAB9-7",V1-6,V1-6 (Gambling),category,False,True,V1-6,False,
account,6863fe9df000940011f80bcb,Chesscom LLC,,,,,4368.47,betway.com,4659.85,4.53,"IAB17,IAB9,IAB9-7",V1-6,V1-6 (Gambling),domain+category,True,True,V1-6,False,
account,561e8d936b8d90f61a00134a,Veraxen Ltd,,,,,4262.02,betway.com,4659.85,4.42,"IAB17,IAB9,IAB9-7",V1-6,,domain,True,False,,False,
account,561e8d956b8d90f61a003365,Fingersoft Oy,,,,,3854.39,betway.com,4659.85,3.15,"IAB17,IAB9,IAB9-7",V1-6,V1-6 (Gambling),category,False,True,V1-6,False,
app,561e8d936b8d90f61a00134a,Veraxen Ltd,524ad17f92fcd29365000006,Jigsaw Collection HD,,,3443.48,betway.com,4659.85,2.82,"IAB17,IAB9,IAB9-7",V1-6,V1-6 (Gambling),category,False,True,V1-6,False,
account,65e71ba517069f0011a36cfa,Rounds,,,,,3421.73,betway.com,4659.85,2.8,"IAB17,IAB9,IAB9-7",V1-6,V1-6 (Gambling),category,False,True,V1-6,False,
account,5d130cdf37472100170775e1,Puzzle1Studio,,,,,3246.32,betway.com,4659.85,2.65,"IAB17,IAB9,IAB9-7",V1-6,V1-6 (Gambling),category,False,True,V1-6,False,
account,643d1561e09b08001442e672,Sliide,,,,,3129.23,betway.com,4659.85,2.56,"IAB17,IAB9,IAB9-7",V1-6,V1-6 (Gambling),category,False,True,V1-6,False,
account,561e8d936b8d90f61a001260,MAG Interactive,,,,,3089.8,betway.com,4659.85,2.53,"IAB17,IAB9,IAB9-7",V1-6,V1-6 (Gambling),category,False,True,V1-6,False,
account,59bbfb5389df7b9d3b000840,Trebel Music,,,,,3005.02,betway.com,4659.85,2.46,"IAB17,IAB9,IAB9-7",V1-6,V1-6 (Gambling),category,False,True,V1-6,False,
account,630d8dbfb1095d001bb0f04a,Bitsmedia Pte Ltd,,,,,2940.68,betway.com,4659.85,3.05,"IAB17,IAB9,IAB9-7",V1-6,V1-6 (Gambling),domain+category,True,True,V1-6,False,
account,602ad40427689c0015fb2d9e,PhotoCircle Inc.,,,,,2816.29,betway.com,4659.85,2.3,"IAB17,IAB9,IAB9-7",V1-6,V1-6 (Gambling),category,False,True,V1-6,False,
account,668fb233514c00001146f038,Free VPN Planet SRL,,,,,2758.7,betway.com,4659.85,2.26,"IAB17,IAB9,IAB9-7",V1-6,V1-6 (Gambling),category,False,True,V1-6,False,
account,641d8986be2b36001370ca2a,Mackolik,,,,,2748.7,betway.com,4659.85,2.25,"IAB17,IAB9,IAB9-7",V1-6,V1-6 (Gambling),category,False,True,V1-6,False,
account,57fb4876297c8ce634000039,AbiGroup,,,,,2736.86,betway.com,4659.85,2.24,"IAB17,IAB9,IAB9-7",V1-6,V1-6 (Gambling),category,False,True,V1-6,False,
app,5a53889945eaab512501251e,AddApptr GmbH,627a7fad9a5916612c6cb77e,IT-PM_Futbin_iOS,,,2708.89,betway.com,4659.85,2.81,"IAB17,IAB9,IAB9-7",V1-6,V1-6 (Gambling),domain+category,True,True,V1-6,False,
account,561e8d946b8d90f61a00183b,"Big Blue Bubble, Inc.",,,,,2701.59,betway.com,4659.85,2.21,"IAB17,IAB9,IAB9-7",V1-6,V1-6 (Gambling),category,False,True,V1-6,False,
app,561e8d966b8d90f61a0033c4,Moon Active,6874fa4e61fad0cbc8862a9e,Hole Stars,,,2673.03,betway.com,4659.85,2.19,"IAB17,IAB9,IAB9-7",V1-6,V1-6 (Gambling),category,False,True,V1-6,False,
account,64b7f29fcca9af0011fd585d,Sonderads,,,,,2655.44,betway.com,4659.85,2.17,"IAB17,IAB9,IAB9-7",V1-6,V1-6 (Gambling),category,False,True,V1-6,False,
account,604ec2ae5a93950016a63fdd,"Gstarsoft Co.,ltd",,,,,2582.86,betway.com,4659.85,2.11,"IAB17,IAB9,IAB9-7",V1-6,V1-6 (Gambling),category,False,True,V1-6,False,
app,56d55c72562b9c353800000d,Voodoo,6623f108853bc6953cc5709d,BeReal iOS,,,2388.85,betway.com,4659.85,1.95,"IAB17,IAB9,IAB9-7",V1-6,V1-6 (Gambling),category,False,True,V1-6,False,
app,59e4bb543f0fa9a20900afa3,TabTale LTD,641854429091f900e1111e9a,Glow: Fashion Idol iOS_CL,,,2381.61,betway.com,4659.85,1.95,"IAB17,IAB9,IAB9-7",V1-6,V1-6 (Gambling),category,False,True,V1-6,False,
account,60c71d9d6b22ac0017d0bca4,AnyMind Group,,,,,2341.64,betway.com,4659.85,1.91,"IAB17,IAB9,IAB9-7",V1-6,V1-6 (Gambling),category,False,True,V1-6,False,
account,5fc7301f7a7f0200153979c7,Aged Studio Limited,,,,,2269.61,betway.com,4659.85,1.86,"IAB17,IAB9,IAB9-7",V1-6,V1-6 (Gambling),category,False,True,V1-6,False,
account,6376f00f3d02dc001b2940b6,MICHAT PTE. LIMITED,,,,,2161.51,betway.com,4659.85,1.77,"IAB17,IAB9,IAB9-7",V1-6,V1-6 (Gambling),category,False,True,V1-6,False,
account,68f9f5db75ceafc7a8ee6155,LiveScore,,,,,1978.07,betway.com,4659.85,2.05,"IAB17,IAB9,IAB9-7",V1-6,V1-6 (Gambling),domain+category,True,True,V1-6,False,
account,561e8d956b8d90f61a0030cf,Ketchapp,,,,,1857.43,betway.com,4659.85,1.52,"IAB17,IAB9,IAB9-7",V1-6,V1-6 (Gambling),category,False,True,V1-6,False,
app,677bd16443e94a0011b752b2,Samsung Electronics,6837c96a71e5cc220d1c9a48,Samsung News,,,1729.27,betway.com,4659.85,1.79,"IAB17,IAB9,IAB9-7",V1-6,,domain,True,False,,False,
account,66aafef7514c00001147c0c9,FARSUN PTE LTD,,,,,1663.8,betway.com,4659.85,1.36,"IAB17,IAB9,IAB9-7",V1-6,V1-6 (Gambling),category,False,True,V1-6,False,
account,561e8d956b8d90f61a0026fb,Gametion,,,,,1550.37,betway.com,4659.85,1.27,"IAB17,IAB9,IAB9-7",V1-6,V1-6 (Gambling),category,False,True,V1-6,False,
account,60013911308f3f00157538f4,"Wonder Kingdom Co., Limited",,,,,1478.69,betway.com,4659.85,1.21,"IAB17,IAB9,IAB9-7",V1-6,V1-6 (Gambling),category,False,True,V1-6,False,
account,67e466df11985900110edd85,Activision Blizzard Media,,,,,1255.74,betway.com,4659.85,1.03,"IAB17,IAB9,IAB9-7",V1-6,V1-6 (Gambling),category,False,True,V1-6,False,
app,6788b18b06da640011023eaf,Transsion OEM,678a0872a18672e70722ee72,palmplaystore,,,1181.3,betway.com,4659.85,0.97,"IAB17,IAB9,IAB9-7",V1-6,V1-6 (Gambling),category,False,True,V1-6,False,
account,680ef700e2291a001165c3eb,HK01 Company Limited,,,,,1066.94,betway.com,4659.85,0.87,"IAB17,IAB9,IAB9-7",V1-6,V1-6 (Gambling),category,False,True,V1-6,False,
account,57c05f735b2bd4fa24000030,Severex,,,,,1055.13,betway.com,4659.85,0.86,"IAB17,IAB9,IAB9-7",V1-6,V1-6 (Gambling),category,False,True,V1-6,False,
account,64219c0480513f00143dbdc5,Match en Direct,,,,,1006.84,betway.com,4659.85,0.82,"IAB17,IAB9,IAB9-7",V1-6,V1-6 (Gambling),category,False,True,V1-6,False,
account,5a6f56062c250d182f0056f3,Kwalee Ltd,,,,,960.59,betway.com,4659.85,0.79,"IAB17,IAB9,IAB9-7",V1-6,V1-6 (Gambling),category,False,True,V1-6,False,
account,62ea666c62b76e001b3eca4f,LLC East-Games,,,,,927.24,betway.com,4659.85,0.76,"IAB17,IAB9,IAB9-7",V1-6,V1-6 (Gambling),category,False,True,V1-6,False,
account,5a9d60d3b1c1666c2e0056ba,Homa Games,,,,,924.14,betway.com,4659.85,0.76,"IAB17,IAB9,IAB9-7",V1-6,V1-6 (Gambling),category,False,True,V1-6,False,
app,6297c4bc012073001b3df035,Yandex Inc.,69297e78b88dcb4daa968fa5,tds-easyapp_com-anoshenko-android-solitaires,,,899.98,betway.com,4659.85,0.74,"IAB17,IAB9,IAB9-7",V1-6,V1-6 (Gambling),category,False,True,V1-6,False,
account,57738b4fc76658df57000069,Hipster Whale,,,,,859.95,betway.com,4659.85,0.7,"IAB17,IAB9,IAB9-7",V1-6,V1-6 (Gambling),category,False,True,V1-6,False,
account,686c8b9cf56dd70011f46f36,株式会社MIXI,,,,,853.13,betway.com,4659.85,0.7,"IAB17,IAB9,IAB9-7",V1-6,V1-6 (Gambling),category,False,True,V1-6,False,
account,59edd2fb2410479748002dd0,Free Block Puzzle Games Inc.,,,,,837.38,betway.com,4659.85,0.68,"IAB17,IAB9,IAB9-7",V1-6,V1-6 (Gambling),category,False,True,V1-6,False,
app,561e8d966b8d90f61a003414,Scopely,579c0497be7334703a000072,Wheel of Fortune - iOS,,,784.72,betway.com,4659.85,0.64,"IAB17,IAB9,IAB9-7",V1-6,V1-6 (Gambling),category,False,True,V1-6,False,
account,5ed79bc0705d4100103d3ecd,Dramaton LTD,,,,,784.32,betway.com,4659.85,0.64,"IAB17,IAB9,IAB9-7",V1-6,V1-6 (Gambling),category,False,True,V1-6,False,
account,5f6830b5352f2900152f8a5a,Playspare,,,,,775.39,betway.com,4659.85,0.63,"IAB17,IAB9,IAB9-7",V1-6,V1-6 (Gambling),category,False,True,V1-6,False,
account,63b3f932d7c5be001b86305f,hmbl,,,,,770.76,betway.com,4659.85,0.63,"IAB17,IAB9,IAB9-7",V1-6,V1-6 (Gambling),category,False,True,V1-6,False,
account,5e66975545dc130017c52cb8,2K,,,,,743.79,betway.com,4659.85,0.61,"IAB17,IAB9,IAB9-7",V1-6,V1-6 (Gambling),category,False,True,V1-6,False,
app,6297c4bc012073001b3df035,Yandex Inc.,691db66d63ddd979c47b5da1,yurihead_com-infoshell-recradio,,,707.53,betway.com,4659.85,0.58,"IAB17,IAB9,IAB9-7",V1-6,V1-6 (Gambling),category,False,True,V1-6,False,
app,59e4bb543f0fa9a20900afa3,TabTale LTD,5c8661882c668752470f7fc5,Amaze iOS_CL,,,703.65,betway.com,4659.85,0.58,"IAB17,IAB9,IAB9-7",V1-6,V1-6 (Gambling),category,False,True,V1-6,False,
account,561e8d936b8d90f61a0011da,Tactile Entertainment,,,,,700.43,betway.com,4659.85,0.57,"IAB17,IAB9,IAB9-7",V1-6,V1-6 (Gambling),category,False,True,V1-6,False,
account,561e8d956b8d90f61a0028f7,Nexters Global LTD,,,,,680.12,betway.com,4659.85,0.56,"IAB17,IAB9,IAB9-7",V1-6,V1-6 (Gambling),category,False,True,V1-6,False,
app,561e8d946b8d90f61a002087,Rovio,651283dcb30c764e0a120808,Angry Birds Dream Blast (Spender),,,675.42,betway.com,4659.85,0.55,"IAB17,IAB9,IAB9-7",V1-6,V1-6 (Gambling),category,False,True,V1-6,False,
account,652f4f00b1392d0011254667,杭州视洞科技有限公司,,,,,636.54,betway.com,4659.85,0.52,"IAB17,IAB9,IAB9-7",V1-6,V1-6 (Gambling),category,False,True,V1-6,False,
account,67bda2410543d20011d5130f,Yalla Group,,,,,634.07,betway.com,4659.85,0.52,"IAB17,IAB9,IAB9-7",V1-6,V1-6 (Gambling),category,False,True,V1-6,False,
app,6788b18b06da640011023eaf,Transsion OEM,6791e248ffda0af1dd8c4549,moviebox,,,633.0,betway.com,4659.85,0.52,"IAB17,IAB9,IAB9-7",V1-6,V1-6 (Gambling),category,False,True,V1-6,False,
account,561e8d936b8d90f61a000cd1,InnoGames GmbH,,,,,623.45,betway.com,4659.85,0.51,"IAB17,IAB9,IAB9-7",V1-6,V1-6 (Gambling),category,False,True,V1-6,False,
account,65cb5af6a3d8e1001191d9d7,GameDuell GmbH,,,,,607.84,betway.com,4659.85,0.5,"IAB17,IAB9,IAB9-7",V1-6,V1-6 (Gambling),category,False,True,V1-6,False,
app,561e8d966b8d90f61a0033c4,Moon Active,6963b8c8a37bf42bb0723c32,Jelly Busters iOS,,,585.69,betway.com,4659.85,0.48,"IAB17,IAB9,IAB9-7",V1-6,V1-6 (Gambling),category,False,True,V1-6,False,
account,649435c2b588d00011c1b496,Rebel Family,,,,,585.1,betway.com,4659.85,0.48,"IAB17,IAB9,IAB9-7",V1-6,V1-6 (Gambling),category,False,True,V1-6,False,
account,5746d3108e99b7da740000ad,MotionVolt Game Ltd,,,,,580.53,betway.com,4659.85,0.47,"IAB17,IAB9,IAB9-7",V1-6,V1-6 (Gambling),category,False,True,V1-6,False,
app,561e8d956b8d90f61a003219,"Appodeal, Inc.",5912fb91085bcd9d5d00102a,com.MadOut.BIG/74079,,,530.41,betway.com,4659.85,0.43,"IAB17,IAB9,IAB9-7",V1-6,V1-6 (Gambling),category,False,True,V1-6,False,
app,60c71d9d6b22ac0017d0bca4,AnyMind Group,685bd663e06142e32ada8192,VN_Interlink_Android,,,521.61,betway.com,4659.85,0.43,"IAB17,IAB9,IAB9-7",V1-6,V1-6 (Gambling),category,False,True,V1-6,False,
account,65088cbbc79cc700111adcc5,Puzzlecats,,,,,510.69,betway.com,4659.85,0.42,"IAB17,IAB9,IAB9-7",V1-6,V1-6 (Gambling),category,False,True,V1-6,False,
app,6788b18b06da640011023eaf,Transsion OEM,68ec648fbea871f372009b41,XOS Launcher Split,,,495.92,betway.com,4659.85,0.41,"IAB17,IAB9,IAB9-7",V1-6,V1-6 (Gambling),category,False,True,V1-6,False,
app,5fb510aa8072bf0015d8d59d,Tap2Play LLC,60a4d2c2cf4957c21093d8b5,CMS_IOS_Count Masters,,,486.11,betway.com,4659.85,0.4,"IAB17,IAB9,IAB9-7",V1-6,V1-6 (Gambling),category,False,True,V1-6,False,
account,57ea2d4eded16aa12b0000ab,SuperBOX,,,,,478.74,betway.com,4659.85,0.39,"IAB17,IAB9,IAB9-7",V1-6,V1-6 (Gambling),category,False,True,V1-6,False,
app,5fb510aa8072bf0015d8d59d,Tap2Play LLC,60e41f4d76d07ccbb31c2f6f,FTR_ANDROID_Fidget Trading,,,474.28,betway.com,4659.85,0.39,"IAB17,IAB9,IAB9-7",V1-6,V1-6 (Gambling),category,False,True,V1-6,False,
app,59e4bb543f0fa9a20900afa3,TabTale LTD,5fa952a8447cc63a415502da,Phone Case DIY iOS_CL,,,458.87,betway.com,4659.85,0.38,"IAB17,IAB9,IAB9-7",V1-6,V1-6 (Gambling),category,False,True,V1-6,False,
app,5c2e46140360b14200b6259c,Super Free Games,5c9a92cf986bfc0017807c86,Word Collect iOS,,,449.18,betway.com,4659.85,0.37,"IAB17,IAB9,IAB9-7",V1-6,V1-6 (Gambling),category,False,True,V1-6,False,
account,68a733e9213ed4ecfa1fad75,CASHGRAIL PRIVATE LIMITED,,,,,437.65,betway.com,4659.85,0.36,"IAB17,IAB9,IAB9-7",V1-6,V1-6 (Gambling),category,False,True,V1-6,False,
app,561e8d966b8d90f61a0033c4,Moon Active,689afb00a1e0ba6b5d6a0fa7,Merge Hotel Empire: Design,,,396.41,betway.com,4659.85,0.32,"IAB17,IAB9,IAB9-7",V1-6,V1-6 (Gambling),category,False,True,V1-6,False,
app,561e8d946b8d90f61a0017d9,Zentertain,59ce09fca81a003c170009ae,Wort Guru,,,391.18,betway.com,4659.85,0.32,"IAB17,IAB9,IAB9-7",V1-6,V1-6 (Gambling),category,False,True,V1-6,False,
app,56c3a378adccd1cb7e00000a,Zynga,5ea35a7efbd5250001dec930,Harry Potter,,,390.77,betway.com,4659.85,0.32,"IAB17,IAB9,IAB9-7",V1-6,V1-6 (Gambling),category,False,True,V1-6,False,
app,561e8d946b8d90f61a002087,Rovio,6512ae485551fd9849db8def,Angry Birds Dream Blast (Spender),,,387.4,betway.com,4659.85,0.32,"IAB17,IAB9,IAB9-7",V1-6,V1-6 (Gambling),category,False,True,V1-6,False,
app,561e8d966b8d90f61a0033c4,Moon Active,57173acc4e8b174875000026,My Cafe Android,,,357.66,betway.com,4659.85,0.29,"IAB17,IAB9,IAB9-7",V1-6,V1-6 (Gambling),category,False,True,V1-6,False,
account,6228871f2435180014928c15,madarsoft,,,,,354.02,betway.com,4659.85,0.29,"IAB17,IAB9,IAB9-7",V1-6,V1-6 (Gambling),category,False,True,V1-6,False,
account,57161e4b90ba5de06e000059,OFFICE CREATE Corp.,,,,,335.75,betway.com,4659.85,0.27,"IAB17,IAB9,IAB9-7",V1-6,V1-6 (Gambling),category,False,True,V1-6,False,
account,5ac21c1686dad73ecbc17757,NORTH STAR,,,,,335.45,betway.com,4659.85,0.27,"IAB17,IAB9,IAB9-7",V1-6,V1-6 (Gambling),category,False,True,V1-6,False,
account,637bfae8059dbe0014b199dc,Naver Z Corporation,,,,,329.8,betway.com,4659.85,0.27,"IAB17,IAB9,IAB9-7",V1-6,V1-6 (Gambling),category,False,True,V1-6,False,
app,56d55c72562b9c353800000d,Voodoo,62154ba2c1aeb964ddda691c,Wizz - Make new friends - iOS,,,328.32,betway.com,4659.85,0.27,"IAB17,IAB9,IAB9-7",V1-6,V1-6 (Gambling),category,False,True,V1-6,False,
account,673ed5063800780011af0611,Image Future Investment (HK) Limite,,,,,327.82,betway.com,4659.85,0.27,"IAB17,IAB9,IAB9-7",V1-6,V1-6 (Gambling),category,False,True,V1-6,False,
app,5981a22bcf89a5b87f001edf,ROCKETADS LTD BV,67b554672363a440422ff5b1,Grus - Fashion Impress iOS,,,322.11,betway.com,4659.85,0.26,"IAB17,IAB9,IAB9-7",V1-6,V1-6 (Gambling),category,False,True,V1-6,False,
account,64be49e17c1dd00011cb052e,LolTap,,,,,310.17,betway.com,4659.85,0.25,"IAB17,IAB9,IAB9-7",V1-6,V1-6 (Gambling),category,False,True,V1-6,False,
app,6247027c20721a0018bb6528,First Touch Games,64787b6711f74ed45246d310,Score! Hero,,,300.07,betway.com,4659.85,0.25,"IAB17,IAB9,IAB9-7",V1-6,V1-6 (Gambling),category,False,True,V1-6,False,
account,6951f51a84cdc295ad688303,NExT Initiatives Limited,,,,,293.04,betway.com,4659.85,0.24,"IAB17,IAB9,IAB9-7",V1-6,V1-6 (Gambling),category,False,True,V1-6,False,
app,6788b18b06da640011023eaf,Transsion OEM,6895ab291e65eaa858e986e8,Phonemaster,,,273.42,betway.com,4659.85,0.22,"IAB17,IAB9,IAB9-7",V1-6,V1-6 (Gambling),category,False,True,V1-6,False,
app,561e8d976b8d90f61a00402a,Gameloft - Master Account,5873ca9f3a2fdbe202000596,Disney Magic Kingdoms,,,272.61,betway.com,4659.85,0.22,"IAB17,IAB9,IAB9-7",V1-6,V1-6 (Gambling),category,False,True,V1-6,False,
account,57ab0b38c6ebd5c83300007e,Good Job Games (Azur),,,,,266.9,betway.com,4659.85,0.22,"IAB17,IAB9,IAB9-7",V1-6,V1-6 (Gambling),category,False,True,V1-6,False,
account,6852951e892f9d0011d467c1,Tencent Music,,,,,260.61,betway.com,4659.85,0.21,"IAB17,IAB9,IAB9-7",V1-6,V1-6 (Gambling),category,False,True,V1-6,False,
account,5f740e1f612b1a001509a07e,TP Entertainment,,,,,248.84,betway.com,4659.85,0.2,"IAB17,IAB9,IAB9-7",V1-6,V1-6 (Gambling),category,False,True,V1-6,False,
account,5832fc12c94787f84d000222,TutoTOONS Limited,,,,,248.66,betway.com,4659.85,0.26,"IAB17,IAB9,IAB9-7",V1-6,,domain,True,False,,False,
account,68415e707dd0f900116754fe,HelloTalk,,,,,241.03,betway.com,4659.85,0.2,"IAB17,IAB9,IAB9-7",V1-6,V1-6 (Gambling),category,False,True,V1-6,False,
app,5e66975545dc130017c52cb8,2K,5e7e2bcf298b770001f9f92b,WWE SuperCard – Multiplayer Card Battle Game Android,,,240.46,betway.com,4659.85,0.2,"IAB17,IAB9,IAB9-7",V1-6,V1-6 (Gambling),category,False,True,V1-6,False,
app,6788b18b06da640011023eaf,Transsion OEM,678a007052e0399f6534ab63,XOS Launcher,,,236.07,betway.com,4659.85,0.19,"IAB17,IAB9,IAB9-7",V1-6,V1-6 (Gambling),category,False,True,V1-6,False,
account,5a8bdb7eee07eaab7100113a,Noktacom Media Corp.,,,,,226.19,betway.com,4659.85,0.18,"IAB17,IAB9,IAB9-7",V1-6,V1-6 (Gambling),category,False,True,V1-6,False,
account,58fb280c667e4279600004a9,GD4Kids,,,,,224.95,betway.com,4659.85,0.18,"IAB17,IAB9,IAB9-7",V1-6,V1-6 (Gambling),category,False,True,V1-6,False,
account,561e8d936b8d90f61a00139e,Yodo1,,,,,213.38,betway.com,4659.85,0.17,"IAB17,IAB9,IAB9-7",V1-6,V1-6 (Gambling),category,False,True,V1-6,False,
app,561e8d976b8d90f61a003e2e,Murka,56348466dcec046847000033,Scatter Slots Murka Android,,,213.29,betway.com,4659.85,0.17,"IAB17,IAB9,IAB9-7",V1-6,V1-6 (Gambling),category,False,True,V1-6,False,
account,6863d0817b40620011280a68,MYNET INTERNET TEKNOLOJI AS,,,,,211.97,betway.com,4659.85,0.17,"IAB17,IAB9,IAB9-7",V1-6,V1-6 (Gambling),category,False,True,V1-6,False,
app,5fb510aa8072bf0015d8d59d,Tap2Play LLC,63ff72c440f9e74e6c22fc38,SHO_ANDROID_Shoot It,,,183.73,betway.com,4659.85,0.15,"IAB17,IAB9,IAB9-7",V1-6,V1-6 (Gambling),category,False,True,V1-6,False,
app,561e8d936b8d90f61a00134a,Veraxen Ltd,671107b44e4ec015241367ad,Goods Sort Andr,,,181.76,betway.com,4659.85,0.15,"IAB17,IAB9,IAB9-7",V1-6,V1-6 (Gambling),category,False,True,V1-6,False,
account,5eb538be15474a0017ff985f,DEVGAME OU,,,,,181.37,betway.com,4659.85,0.15,"IAB17,IAB9,IAB9-7",V1-6,V1-6 (Gambling),category,False,True,V1-6,False,
account,65afbcd2dc68e70011e13631,Revani Limited,,,,,179.33,betway.com,4659.85,0.15,"IAB17,IAB9,IAB9-7",V1-6,V1-6 (Gambling),category,False,True,V1-6,False,
account,561e8d976b8d90f61a003f63,smartstudy,,,,,175.94,betway.com,4659.85,0.14,"IAB17,IAB9,IAB9-7",V1-6,V1-6 (Gambling),category,False,True,V1-6,False,
account,62e1450f4dbc53001a4249eb,BLUE HAT FZE LLC,,,,,173.77,betway.com,4659.85,0.14,"IAB17,IAB9,IAB9-7",V1-6,V1-6 (Gambling),category,False,True,V1-6,False,
app,561e8d946b8d90f61a001926,WB Games,5e67195e73dde7000173d596,Mortal Kombat Android,,,166.94,betway.com,4659.85,0.14,"IAB17,IAB9,IAB9-7",V1-6,V1-6 (Gambling),category,False,True,V1-6,False,
account,69ceb9e50e0891e59aa188ce,Candlelight Games Inc,,,,,151.54,betway.com,4659.85,0.12,"IAB17,IAB9,IAB9-7",V1-6,V1-6 (Gambling),category,False,True,V1-6,False,
app,5ca2413d406d8e001260b34f,Coeur de Jeu,5ca241748936930019f2e166,Dazzly,,,144.57,betway.com,4659.85,0.12,"IAB17,IAB9,IAB9-7",V1-6,V1-6 (Gambling),category,False,True,V1-6,False,
app,59e4bb543f0fa9a20900afa3,TabTale LTD,66c7102a18a521b865426011,Bus Frenzy,,,124.53,betway.com,4659.85,0.1,"IAB17,IAB9,IAB9-7",V1-6,V1-6 (Gambling),category,False,True,V1-6,False,
account,5eecaeaded99620015f97c0c,Maglab Oyun Teknolojileri Bilişim Yazılım Tasarım Yay. Tic. A.Ş,,,,,113.57,betway.com,4659.85,0.09,"IAB17,IAB9,IAB9-7",V1-6,V1-6 (Gambling),category,False,True,V1-6,False,
app,5fb510aa8072bf0015d8d59d,Tap2Play LLC,624452e28ddaecca4dff7afc,CRO_ANDROID_Crazy Office,,,106.89,betway.com,4659.85,0.09,"IAB17,IAB9,IAB9-7",V1-6,V1-6 (Gambling),category,False,True,V1-6,False,
account,66d03ee46f113e0011988b4d,Ömer Sina Ceylan,,,,,100.39,betway.com,4659.85,0.08,"IAB17,IAB9,IAB9-7",V1-6,V1-6 (Gambling),category,False,True,V1-6,False,
account,68799f38babc2000110fe539,Duolingo,,,,,51089.77,coral.co.uk,1530.68,17.41,"IAB17,IAB9",,,domain,True,False,,False,
account,69834b2ea3ac73e99b7077db,Teamsnap,,,,,5271.41,coral.co.uk,1530.68,1.8,"IAB17,IAB9",,,domain,True,False,,False,
app,5a53889945eaab512501251e,AddApptr GmbH,627a7fad9a5916612c6cb77e,IT-PM_Futbin_iOS,,,2708.89,coral.co.uk,1530.68,0.92,"IAB17,IAB9",,,domain,True,False,,False,
account,68f9f5db75ceafc7a8ee6155,LiveScore,,,,,1978.07,coral.co.uk,1530.68,0.67,"IAB17,IAB9",,,domain,True,False,,False,
account,5b975fcedc73276356309362,OAKEVER GAMES PTE LTD,,,,,205458.71,draftkings.com,10818.87,83.02,"IAB17,IAB9,IAB9-7",V1-6,V1-6 (Gambling),category,False,True,V1-6,False,
account,561e8d936b8d90f61a000455,Mobility Ware,,,,,103828.46,draftkings.com,10818.87,250.02,"IAB17,IAB9,IAB9-7",V1-6,,domain,True,False,,False,
app,606c7bac7a37680015801ad8,jiayou,633549fb3901c096a37b2893,Block Juggle—GP,,,73570.5,draftkings.com,10818.87,177.16,"IAB17,IAB9,IAB9-7",V1-6,,domain,True,False,,False,
account,68799f38babc2000110fe539,Duolingo,,,,,51089.77,draftkings.com,10818.87,123.02,"IAB17,IAB9,IAB9-7",V1-6,V1-6 (Gambling),domain+category,True,True,V1-6,False,
app,67c01767cc8ae200116e5d00,Skywork AI PTELTD,689b0fdef369593cb0e287e9,FreeReels-安卓,,,39398.86,draftkings.com,10818.87,15.92,"IAB17,IAB9,IAB9-7",V1-6,V1-6 (Gambling),category_exempted,False,True,V1-6,True,"[{""advCatId"": ""V1-6"", ""domain"": ""draftkings.com"", ""bundle"": """", ""rtbAccountId"": ""5f6413c9612b1a0015099993"", ""country"": """"}, {""advCatId"": ""V1-6"", ""domain"": ""draftkings.com"", ""bundle"": """", ""rtbAccountId"": ""602442ef9f0893001526406b"", ""country"": """"}]"
account,5d3a5de9ddc71000189c7a84,"Shanghai Linguan Data Co., Ltd.",,,,,27886.52,draftkings.com,10818.87,11.27,"IAB17,IAB9,IAB9-7",V1-6,V1-6 (Gambling),category,False,True,V1-6,False,
account,66f36da16f113e0011999ff8,Meitu China,,,,,24584.12,draftkings.com,10818.87,9.93,"IAB17,IAB9,IAB9-7",V1-6,V1-6 (Gambling),category,False,True,V1-6,False,
app,685efaf2892f9d0011d7b87f,The Weather Company,685f0edd6d5c129491a495a9,Weather - The Weather Channel,,,23269.13,draftkings.com,10818.87,56.03,"IAB17,IAB9,IAB9-7",V1-6,,domain,True,False,,False,
account,64c3551f1e5137001122d418,BYTEDANCE PTE LTD,,,,,21052.62,draftkings.com,10818.87,8.51,"IAB17,IAB9,IAB9-7",V1-6,V1-6 (Gambling),category,False,True,V1-6,False,
app,69379d46192ce0aadaecc874,Particle Media Inc,69437e6fed3b627e3079edb8,NewsBreak: Local News & Alerts,,,20734.58,draftkings.com,10818.87,8.38,"IAB17,IAB9,IAB9-7",V1-6,V1-6 (Gambling),category,False,True,V1-6,False,
account,5b1526a7de961d3317b1d475,X-FLOW LTD,,,,,19213.74,draftkings.com,10818.87,7.76,"IAB17,IAB9,IAB9-7",V1-6,V1-6 (Gambling),category,False,True,V1-6,False,
account,65532f6b6cdf5900118d1f51,STORYMATRIX PTE LTD,,,,,13494.6,draftkings.com,10818.87,32.5,"IAB17,IAB9,IAB9-7",V1-6,V1-6 (Gambling),domain+category,True,True,V1-6,False,
account,5efeed113191d60018f0f4e0,LY Corporation,,,,,13491.98,draftkings.com,10818.87,5.45,"IAB17,IAB9,IAB9-7",V1-6,V1-6 (Gambling),category,False,True,V1-6,False,
account,64075f57d6da1900141e5aba,Code Dish GmbH,,,,,11682.04,draftkings.com,10818.87,4.72,"IAB17,IAB9,IAB9-7",V1-6,V1-6 (Gambling),category,False,True,V1-6,False,
account,67b5b2c077bd1c00117b9adc,Sofa IT doo,,,,,11321.77,draftkings.com,10818.87,4.57,"IAB17,IAB9,IAB9-7",V1-6,V1-6 (Gambling),category,False,True,V1-6,False,
account,5c52bd6ffbeb402419bef87d,SYBO Games,,,,,9010.28,draftkings.com,10818.87,3.64,"IAB17,IAB9,IAB9-7",V1-6,V1-6 (Gambling),category,False,True,V1-6,False,
account,680748860437920011951532,BeSoccer,,,,,7540.87,draftkings.com,10818.87,3.05,"IAB17,IAB9,IAB9-7",V1-6,V1-6 (Gambling),category,False,True,V1-6,False,
app,5aafdd4a0520357fabf54aa6,Badoo,5aafe5c62567717fa575bfc1,Badoo - The Dating App,,,7054.85,draftkings.com,10818.87,2.85,"IAB17,IAB9,IAB9-7",V1-6,V1-6 (Gambling),category_exempted,False,True,V1-6,True,"[{""advCatId"": ""V1-6"", ""domain"": ""draftkings.com"", ""bundle"": """", ""rtbAccountId"": ""5f6413c9612b1a0015099993"", ""country"": """"}, {""advCatId"": ""V1-6"", ""domain"": ""draftkings.com"", ""bundle"": """", ""rtbAccountId"": ""602442ef9f0893001526406b"", ""country"": """"}, {""advCatId"": ""V1-6"", ""domain"": ""draftkings.com"", ""bundle"": """", ""rtbAccountId"": ""64f77eca27f7020011a853b1"", ""country"": """"}, {""advCatId"": ""V1-6"", ""domain"": ""draftkings.com"", ""bundle"": """", ""rtbAccountId"": ""6135c233b2f85d001747c3d2"", ""country"": """"}, {""advCatId"": ""V1-6"", ""domain"": ""draftkings.com"", ""bundle"": """", ""rtbAccountId"": ""6177a5dce899b2001727f1e8"", ""country"": """"}, {""advCatId"": ""V1-6"", ""domain"": ""draftkings.com"", ""bundle"": """", ""rtbAccountId"": ""62563a74f5c7a20011b32398"", ""country"": """"}, {""advCatId"": ""V1-6"", ""domain"": ""draftkings.com"", ""bundle"": """", ""rtbAccountId"": ""671a9d1a69f3560011055966"", ""country"": """"}, {""advCatId"": ""V1-6"", ""domain"": ""draftkings.com"", ""bundle"": """", ""rtbAccountId"": ""688a2196206ad6dea34bcf23"", ""country"": """"}, {""advCatId"": ""V1-6"", ""domain"": ""draftkings.com"", ""bundle"": """", ""rtbAccountId"": ""61c23cfa1958de001706a194"", ""country"": """"}, {""advCatId"": ""V1-6"", ""domain"": ""draftkings.com"", ""bundle"": """", ""rtbAccountId"": ""5fffe796e4fa2100156e364a"", ""country"": """"}, {""advCatId"": ""V1-6"", ""domain"": ""draftkings.com"", ""bundle"": """", ""rtbAccountId"": ""6526e0feb1392d001124df7d"", ""country"": """"}, {""advCatId"": ""V1-6"", ""domain"": ""draftkings.com"", ""bundle"": """", ""rtbAccountId"": ""615ff7aacf8ca30017d834ea"", ""country"": """"}, {""advCatId"": ""V1-6"", ""domain"": ""draftkings.com"", ""bundle"": """", ""rtbAccountId"": ""5f3dc36a8421a5001528b784"", ""country"": """"}, {""advCatId"": ""V1-6"", ""domain"": ""draftkings.com"", ""bundle"": """", ""rtbAccountId"": ""67926a1377bd1c00117a7b54"", ""country"": """"}, {""advCatId"": ""V1-6"", ""domain"": ""draftkings.com"", ""bundle"": """", ""rtbAccountId"": ""5e56893e6c71d40018de3ad1"", ""country"": """"}, {""advCatId"": ""V1-6"", ""domain"": ""draftkings.com"", ""bundle"": """", ""rtbAccountId"": ""60bdc983a982ad0017edb6f7"", ""country"": """"}, {""advCatId"": ""V1-6"", ""domain"": ""draftkings.com"", ""bundle"": """", ""rtbAccountId"": ""62f47a393a874f001b0a20c6"", ""country"": """"}, {""advCatId"": ""V1-6"", ""domain"": ""draftkings.com"", ""bundle"": """", ""rtbAccountId"": ""60ebaee89459b10017db3907"", ""country"": """"}, {""advCatId"": ""V1-6"", ""domain"": ""draftkings.com"", ""bundle"": """", ""rtbAccountId"": ""67cffc9a23012b0011aed182"", ""country"": """"}, {""advCatId"": ""V1-6"", ""domain"": ""draftkings.com"", ""bundle"": """", ""rtbAccountId"": ""671bd87469f356001105653b"", ""country"": """"}, {""advCatId"": ""V1-6"", ""domain"": ""draftkings.com"", ""bundle"": """", ""rtbAccountId"": ""5bc0e10e25c7d7796ebe8fc0"", ""country"": """"}]"
account,5d8880f1444f7200181b5e1d,Lihuhu,,,,,6699.63,draftkings.com,10818.87,2.71,"IAB17,IAB9,IAB9-7",V1-6,V1-6 (Gambling),category,False,True,V1-6,False,
account,69834b2ea3ac73e99b7077db,Teamsnap,,,,,5271.41,draftkings.com,10818.87,12.69,"IAB17,IAB9,IAB9-7",V1-6,V1-6 (Gambling),domain+category,True,True,V1-6,False,
account,5e3692d21cd3cb0018dd4329,SuperSonic Studios,,,,,5156.38,draftkings.com,10818.87,2.08,"IAB17,IAB9,IAB9-7",V1-6,V1-6 (Gambling),category,False,True,V1-6,False,
account,677cecb33b9ea20011273987,Gravity Labs,,,,,5014.63,draftkings.com,10818.87,2.03,"IAB17,IAB9,IAB9-7",V1-6,V1-6 (Gambling),category,False,True,V1-6,False,
account,6863fe9df000940011f80bcb,Chesscom LLC,,,,,4368.47,draftkings.com,10818.87,10.52,"IAB17,IAB9,IAB9-7",V1-6,V1-6 (Gambling),domain+category,True,True,V1-6,False,
account,561e8d956b8d90f61a003365,Fingersoft Oy,,,,,3854.39,draftkings.com,10818.87,1.56,"IAB17,IAB9,IAB9-7",V1-6,V1-6 (Gambling),category,False,True,V1-6,False,
app,561e8d936b8d90f61a00134a,Veraxen Ltd,524ad17f92fcd29365000006,Jigsaw Collection HD,,,3443.48,draftkings.com,10818.87,1.39,"IAB17,IAB9,IAB9-7",V1-6,V1-6 (Gambling),category_exempted,False,True,V1-6,True,"[{""advCatId"": ""V1-6"", ""domain"": ""draftkings.com"", ""bundle"": """", ""rtbAccountId"": ""5f6413c9612b1a0015099993"", ""country"": """"}]"
account,65e71ba517069f0011a36cfa,Rounds,,,,,3421.73,draftkings.com,10818.87,1.38,"IAB17,IAB9,IAB9-7",V1-6,V1-6 (Gambling),category,False,True,V1-6,False,
account,5d130cdf37472100170775e1,Puzzle1Studio,,,,,3246.32,draftkings.com,10818.87,1.31,"IAB17,IAB9,IAB9-7",V1-6,V1-6 (Gambling),category,False,True,V1-6,False,
account,643d1561e09b08001442e672,Sliide,,,,,3129.23,draftkings.com,10818.87,1.26,"IAB17,IAB9,IAB9-7",V1-6,V1-6 (Gambling),category,False,True,V1-6,False,
account,561e8d936b8d90f61a001260,MAG Interactive,,,,,3089.8,draftkings.com,10818.87,1.25,"IAB17,IAB9,IAB9-7",V1-6,V1-6 (Gambling),category,False,True,V1-6,False,
account,59bbfb5389df7b9d3b000840,Trebel Music,,,,,3005.02,draftkings.com,10818.87,7.24,"IAB17,IAB9,IAB9-7",V1-6,V1-6 (Gambling),domain+category,True,True,V1-6,False,
account,630d8dbfb1095d001bb0f04a,Bitsmedia Pte Ltd,,,,,2940.68,draftkings.com,10818.87,1.19,"IAB17,IAB9,IAB9-7",V1-6,V1-6 (Gambling),category,False,True,V1-6,False,
account,602ad40427689c0015fb2d9e,PhotoCircle Inc.,,,,,2816.29,draftkings.com,10818.87,1.14,"IAB17,IAB9,IAB9-7",V1-6,V1-6 (Gambling),category,False,True,V1-6,False,
account,668fb233514c00001146f038,Free VPN Planet SRL,,,,,2758.7,draftkings.com,10818.87,1.11,"IAB17,IAB9,IAB9-7",V1-6,V1-6 (Gambling),category,False,True,V1-6,False,
account,641d8986be2b36001370ca2a,Mackolik,,,,,2748.7,draftkings.com,10818.87,1.11,"IAB17,IAB9,IAB9-7",V1-6,V1-6 (Gambling),category,False,True,V1-6,False,
account,57fb4876297c8ce634000039,AbiGroup,,,,,2736.86,draftkings.com,10818.87,1.11,"IAB17,IAB9,IAB9-7",V1-6,V1-6 (Gambling),category,False,True,V1-6,False,
app,5a53889945eaab512501251e,AddApptr GmbH,627a7fad9a5916612c6cb77e,IT-PM_Futbin_iOS,,,2708.89,draftkings.com,10818.87,6.52,"IAB17,IAB9,IAB9-7",V1-6,V1-6 (Gambling),domain+category,True,True,V1-6,False,
account,561e8d946b8d90f61a00183b,"Big Blue Bubble, Inc.",,,,,2701.59,draftkings.com,10818.87,1.09,"IAB17,IAB9,IAB9-7",V1-6,V1-6 (Gambling),category,False,True,V1-6,False,
app,561e8d966b8d90f61a0033c4,Moon Active,6874fa4e61fad0cbc8862a9e,Hole Stars,,,2673.03,draftkings.com,10818.87,1.08,"IAB17,IAB9,IAB9-7",V1-6,V1-6 (Gambling),category,False,True,V1-6,False,
account,64b7f29fcca9af0011fd585d,Sonderads,,,,,2655.44,draftkings.com,10818.87,1.07,"IAB17,IAB9,IAB9-7",V1-6,V1-6 (Gambling),category,False,True,V1-6,False,
account,604ec2ae5a93950016a63fdd,"Gstarsoft Co.,ltd",,,,,2582.86,draftkings.com,10818.87,1.04,"IAB17,IAB9,IAB9-7",V1-6,V1-6 (Gambling),category,False,True,V1-6,False,
app,56d55c72562b9c353800000d,Voodoo,6623f108853bc6953cc5709d,BeReal iOS,,,2388.85,draftkings.com,10818.87,0.97,"IAB17,IAB9,IAB9-7",V1-6,V1-6 (Gambling),category_exempted,False,True,V1-6,True,"[{""advCatId"": ""V1-6"", ""domain"": ""draftkings.com"", ""bundle"": """", ""rtbAccountId"": ""5f6413c9612b1a0015099993"", ""country"": """"}, {""advCatId"": ""V1-6"", ""domain"": ""draftkings.com"", ""bundle"": """", ""rtbAccountId"": ""5bc0e10e25c7d7796ebe8fc0"", ""country"": """"}]"
app,59e4bb543f0fa9a20900afa3,TabTale LTD,641854429091f900e1111e9a,Glow: Fashion Idol iOS_CL,,,2381.61,draftkings.com,10818.87,0.96,"IAB17,IAB9,IAB9-7",V1-6,V1-6 (Gambling),category,False,True,V1-6,False,
account,60c71d9d6b22ac0017d0bca4,AnyMind Group,,,,,2341.64,draftkings.com,10818.87,0.95,"IAB17,IAB9,IAB9-7",V1-6,V1-6 (Gambling),category,False,True,V1-6,False,
account,5fc7301f7a7f0200153979c7,Aged Studio Limited,,,,,2269.61,draftkings.com,10818.87,0.92,"IAB17,IAB9,IAB9-7",V1-6,V1-6 (Gambling),category,False,True,V1-6,False,
account,6376f00f3d02dc001b2940b6,MICHAT PTE. LIMITED,,,,,2161.51,draftkings.com,10818.87,0.87,"IAB17,IAB9,IAB9-7",V1-6,V1-6 (Gambling),category,False,True,V1-6,False,
account,68f9f5db75ceafc7a8ee6155,LiveScore,,,,,1978.07,draftkings.com,10818.87,0.8,"IAB17,IAB9,IAB9-7",V1-6,V1-6 (Gambling),category,False,True,V1-6,False,
account,561e8d956b8d90f61a0030cf,Ketchapp,,,,,1857.43,draftkings.com,10818.87,0.75,"IAB17,IAB9,IAB9-7",V1-6,V1-6 (Gambling),category,False,True,V1-6,False,
account,66aafef7514c00001147c0c9,FARSUN PTE LTD,,,,,1663.8,draftkings.com,10818.87,0.67,"IAB17,IAB9,IAB9-7",V1-6,V1-6 (Gambling),category,False,True,V1-6,False,
account,561e8d956b8d90f61a0026fb,Gametion,,,,,1550.37,draftkings.com,10818.87,0.63,"IAB17,IAB9,IAB9-7",V1-6,V1-6 (Gambling),category,False,True,V1-6,False,
account,60013911308f3f00157538f4,"Wonder Kingdom Co., Limited",,,,,1478.69,draftkings.com,10818.87,0.6,"IAB17,IAB9,IAB9-7",V1-6,V1-6 (Gambling),category,False,True,V1-6,False,
account,67e466df11985900110edd85,Activision Blizzard Media,,,,,1255.74,draftkings.com,10818.87,0.51,"IAB17,IAB9,IAB9-7",V1-6,V1-6 (Gambling),category,False,True,V1-6,False,
app,6788b18b06da640011023eaf,Transsion OEM,678a0872a18672e70722ee72,palmplaystore,,,1181.3,draftkings.com,10818.87,0.48,"IAB17,IAB9,IAB9-7",V1-6,V1-6 (Gambling),category,False,True,V1-6,False,
account,65241b8db3ff7d001153bca8,Onefootball Gmbh,,,,,1135.18,draftkings.com,10818.87,2.73,"IAB17,IAB9,IAB9-7",V1-6,,domain,True,False,,False,
account,680ef700e2291a001165c3eb,HK01 Company Limited,,,,,1066.94,draftkings.com,10818.87,0.43,"IAB17,IAB9,IAB9-7",V1-6,V1-6 (Gambling),category,False,True,V1-6,False,
account,57c05f735b2bd4fa24000030,Severex,,,,,1055.13,draftkings.com,10818.87,0.43,"IAB17,IAB9,IAB9-7",V1-6,V1-6 (Gambling),category,False,True,V1-6,False,
account,64219c0480513f00143dbdc5,Match en Direct,,,,,1006.84,draftkings.com,10818.87,0.41,"IAB17,IAB9,IAB9-7",V1-6,V1-6 (Gambling),category,False,True,V1-6,False,
account,5a6f56062c250d182f0056f3,Kwalee Ltd,,,,,960.59,draftkings.com,10818.87,0.39,"IAB17,IAB9,IAB9-7",V1-6,V1-6 (Gambling),category,False,True,V1-6,False,
account,62ea666c62b76e001b3eca4f,LLC East-Games,,,,,927.24,draftkings.com,10818.87,0.37,"IAB17,IAB9,IAB9-7",V1-6,V1-6 (Gambling),category,False,True,V1-6,False,
account,5a9d60d3b1c1666c2e0056ba,Homa Games,,,,,924.14,draftkings.com,10818.87,0.37,"IAB17,IAB9,IAB9-7",V1-6,V1-6 (Gambling),category,False,True,V1-6,False,
app,6297c4bc012073001b3df035,Yandex Inc.,69297e78b88dcb4daa968fa5,tds-easyapp_com-anoshenko-android-solitaires,,,899.98,draftkings.com,10818.87,0.36,"IAB17,IAB9,IAB9-7",V1-6,V1-6 (Gambling),category,False,True,V1-6,False,
account,57738b4fc76658df57000069,Hipster Whale,,,,,859.95,draftkings.com,10818.87,0.35,"IAB17,IAB9,IAB9-7",V1-6,V1-6 (Gambling),category,False,True,V1-6,False,
account,686c8b9cf56dd70011f46f36,株式会社MIXI,,,,,853.13,draftkings.com,10818.87,0.34,"IAB17,IAB9,IAB9-7",V1-6,V1-6 (Gambling),category,False,True,V1-6,False,
account,59edd2fb2410479748002dd0,Free Block Puzzle Games Inc.,,,,,837.38,draftkings.com,10818.87,0.34,"IAB17,IAB9,IAB9-7",V1-6,V1-6 (Gambling),category,False,True,V1-6,False,
app,561e8d966b8d90f61a003414,Scopely,579c0497be7334703a000072,Wheel of Fortune - iOS,,,784.72,draftkings.com,10818.87,0.32,"IAB17,IAB9,IAB9-7",V1-6,V1-6 (Gambling),category_exempted,False,True,V1-6,True,"[{""advCatId"": ""V1-6"", ""domain"": ""draftkings.com"", ""bundle"": """", ""rtbAccountId"": ""5f6413c9612b1a0015099993"", ""country"": """"}, {""advCatId"": ""V1-6"", ""domain"": ""draftkings.com"", ""bundle"": """", ""rtbAccountId"": ""5bc0e10e25c7d7796ebe8fc0"", ""country"": """"}]"
account,5ed79bc0705d4100103d3ecd,Dramaton LTD,,,,,784.32,draftkings.com,10818.87,0.32,"IAB17,IAB9,IAB9-7",V1-6,V1-6 (Gambling),category,False,True,V1-6,False,
account,5f6830b5352f2900152f8a5a,Playspare,,,,,775.39,draftkings.com,10818.87,0.31,"IAB17,IAB9,IAB9-7",V1-6,V1-6 (Gambling),category,False,True,V1-6,False,
account,63b3f932d7c5be001b86305f,hmbl,,,,,770.76,draftkings.com,10818.87,0.31,"IAB17,IAB9,IAB9-7",V1-6,V1-6 (Gambling),category,False,True,V1-6,False,
account,5e66975545dc130017c52cb8,2K,,,,,743.79,draftkings.com,10818.87,0.3,"IAB17,IAB9,IAB9-7",V1-6,V1-6 (Gambling),category,False,True,V1-6,False,
app,6297c4bc012073001b3df035,Yandex Inc.,691db66d63ddd979c47b5da1,yurihead_com-infoshell-recradio,,,707.53,draftkings.com,10818.87,0.29,"IAB17,IAB9,IAB9-7",V1-6,V1-6 (Gambling),category,False,True,V1-6,False,
app,59e4bb543f0fa9a20900afa3,TabTale LTD,5c8661882c668752470f7fc5,Amaze iOS_CL,,,703.65,draftkings.com,10818.87,0.28,"IAB17,IAB9,IAB9-7",V1-6,V1-6 (Gambling),category,False,True,V1-6,False,
account,561e8d936b8d90f61a0011da,Tactile Entertainment,,,,,700.43,draftkings.com,10818.87,0.28,"IAB17,IAB9,IAB9-7",V1-6,V1-6 (Gambling),category,False,True,V1-6,False,
account,561e8d956b8d90f61a0028f7,Nexters Global LTD,,,,,680.12,draftkings.com,10818.87,0.27,"IAB17,IAB9,IAB9-7",V1-6,V1-6 (Gambling),category,False,True,V1-6,False,
app,561e8d946b8d90f61a002087,Rovio,651283dcb30c764e0a120808,Angry Birds Dream Blast (Spender),,,675.42,draftkings.com,10818.87,0.27,"IAB17,IAB9,IAB9-7",V1-6,V1-6 (Gambling),category,False,True,V1-6,False,
account,652f4f00b1392d0011254667,杭州视洞科技有限公司,,,,,636.54,draftkings.com,10818.87,0.26,"IAB17,IAB9,IAB9-7",V1-6,V1-6 (Gambling),category,False,True,V1-6,False,
account,67bda2410543d20011d5130f,Yalla Group,,,,,634.07,draftkings.com,10818.87,0.26,"IAB17,IAB9,IAB9-7",V1-6,V1-6 (Gambling),category,False,True,V1-6,False,
app,6788b18b06da640011023eaf,Transsion OEM,6791e248ffda0af1dd8c4549,moviebox,,,633.0,draftkings.com,10818.87,0.26,"IAB17,IAB9,IAB9-7",V1-6,V1-6 (Gambling),category,False,True,V1-6,False,
account,561e8d936b8d90f61a000cd1,InnoGames GmbH,,,,,623.45,draftkings.com,10818.87,0.25,"IAB17,IAB9,IAB9-7",V1-6,V1-6 (Gambling),category,False,True,V1-6,False,
account,65cb5af6a3d8e1001191d9d7,GameDuell GmbH,,,,,607.84,draftkings.com,10818.87,0.25,"IAB17,IAB9,IAB9-7",V1-6,V1-6 (Gambling),category,False,True,V1-6,False,
app,561e8d966b8d90f61a0033c4,Moon Active,6963b8c8a37bf42bb0723c32,Jelly Busters iOS,,,585.69,draftkings.com,10818.87,0.24,"IAB17,IAB9,IAB9-7",V1-6,V1-6 (Gambling),category,False,True,V1-6,False,
account,649435c2b588d00011c1b496,Rebel Family,,,,,585.1,draftkings.com,10818.87,0.24,"IAB17,IAB9,IAB9-7",V1-6,V1-6 (Gambling),category,False,True,V1-6,False,
account,5746d3108e99b7da740000ad,MotionVolt Game Ltd,,,,,580.53,draftkings.com,10818.87,0.23,"IAB17,IAB9,IAB9-7",V1-6,V1-6 (Gambling),category,False,True,V1-6,False,
app,561e8d956b8d90f61a003219,"Appodeal, Inc.",5912fb91085bcd9d5d00102a,com.MadOut.BIG/74079,,,530.41,draftkings.com,10818.87,0.21,"IAB17,IAB9,IAB9-7",V1-6,V1-6 (Gambling),category,False,True,V1-6,False,
app,60c71d9d6b22ac0017d0bca4,AnyMind Group,685bd663e06142e32ada8192,VN_Interlink_Android,,,521.61,draftkings.com,10818.87,0.21,"IAB17,IAB9,IAB9-7",V1-6,V1-6 (Gambling),category,False,True,V1-6,False,
account,65088cbbc79cc700111adcc5,Puzzlecats,,,,,510.69,draftkings.com,10818.87,0.21,"IAB17,IAB9,IAB9-7",V1-6,V1-6 (Gambling),category,False,True,V1-6,False,
app,6788b18b06da640011023eaf,Transsion OEM,68ec648fbea871f372009b41,XOS Launcher Split,,,495.92,draftkings.com,10818.87,0.2,"IAB17,IAB9,IAB9-7",V1-6,V1-6 (Gambling),category,False,True,V1-6,False,
app,5fb510aa8072bf0015d8d59d,Tap2Play LLC,60a4d2c2cf4957c21093d8b5,CMS_IOS_Count Masters,,,486.11,draftkings.com,10818.87,0.2,"IAB17,IAB9,IAB9-7",V1-6,V1-6 (Gambling),category_exempted,False,True,V1-6,True,"[{""advCatId"": ""V1-6"", ""domain"": ""draftkings.com"", ""bundle"": """", ""rtbAccountId"": ""5f6413c9612b1a0015099993"", ""country"": """"}, {""advCatId"": ""V1-6"", ""domain"": ""draftkings.com"", ""bundle"": """", ""rtbAccountId"": ""5bc0e10e25c7d7796ebe8fc0"", ""country"": """"}]"
account,57ea2d4eded16aa12b0000ab,SuperBOX,,,,,478.74,draftkings.com,10818.87,0.19,"IAB17,IAB9,IAB9-7",V1-6,V1-6 (Gambling),category,False,True,V1-6,False,
app,5fb510aa8072bf0015d8d59d,Tap2Play LLC,60e41f4d76d07ccbb31c2f6f,FTR_ANDROID_Fidget Trading,,,474.28,draftkings.com,10818.87,0.19,"IAB17,IAB9,IAB9-7",V1-6,V1-6 (Gambling),category_exempted,False,True,V1-6,True,"[{""advCatId"": ""V1-6"", ""domain"": ""draftkings.com"", ""bundle"": """", ""rtbAccountId"": ""5f6413c9612b1a0015099993"", ""country"": """"}]"
app,59e4bb543f0fa9a20900afa3,TabTale LTD,5fa952a8447cc63a415502da,Phone Case DIY iOS_CL,,,458.87,draftkings.com,10818.87,0.19,"IAB17,IAB9,IAB9-7",V1-6,V1-6 (Gambling),category,False,True,V1-6,False,
app,5c2e46140360b14200b6259c,Super Free Games,5c9a92cf986bfc0017807c86,Word Collect iOS,,,449.18,draftkings.com,10818.87,0.18,"IAB17,IAB9,IAB9-7",V1-6,V1-6 (Gambling),category,False,True,V1-6,False,
account,68a733e9213ed4ecfa1fad75,CASHGRAIL PRIVATE LIMITED,,,,,437.65,draftkings.com,10818.87,0.18,"IAB17,IAB9,IAB9-7",V1-6,V1-6 (Gambling),category,False,True,V1-6,False,
app,561e8d966b8d90f61a0033c4,Moon Active,689afb00a1e0ba6b5d6a0fa7,Merge Hotel Empire: Design,,,396.41,draftkings.com,10818.87,0.16,"IAB17,IAB9,IAB9-7",V1-6,V1-6 (Gambling),category,False,True,V1-6,False,
app,561e8d946b8d90f61a0017d9,Zentertain,59ce09fca81a003c170009ae,Wort Guru,,,391.18,draftkings.com,10818.87,0.16,"IAB17,IAB9,IAB9-7",V1-6,V1-6 (Gambling),category,False,True,V1-6,False,
app,56c3a378adccd1cb7e00000a,Zynga,5ea35a7efbd5250001dec930,Harry Potter,,,390.77,draftkings.com,10818.87,0.16,"IAB17,IAB9,IAB9-7",V1-6,V1-6 (Gambling),category,False,True,V1-6,False,
app,561e8d946b8d90f61a002087,Rovio,6512ae485551fd9849db8def,Angry Birds Dream Blast (Spender),,,387.4,draftkings.com,10818.87,0.16,"IAB17,IAB9,IAB9-7",V1-6,V1-6 (Gambling),category,False,True,V1-6,False,
app,561e8d966b8d90f61a0033c4,Moon Active,57173acc4e8b174875000026,My Cafe Android,,,357.66,draftkings.com,10818.87,0.14,"IAB17,IAB9,IAB9-7",V1-6,V1-6 (Gambling),category,False,True,V1-6,False,
account,6228871f2435180014928c15,madarsoft,,,,,354.02,draftkings.com,10818.87,0.14,"IAB17,IAB9,IAB9-7",V1-6,V1-6 (Gambling),category,False,True,V1-6,False,
account,57161e4b90ba5de06e000059,OFFICE CREATE Corp.,,,,,335.75,draftkings.com,10818.87,0.14,"IAB17,IAB9,IAB9-7",V1-6,V1-6 (Gambling),category,False,True,V1-6,False,
account,5ac21c1686dad73ecbc17757,NORTH STAR,,,,,335.45,draftkings.com,10818.87,0.14,"IAB17,IAB9,IAB9-7",V1-6,V1-6 (Gambling),category,False,True,V1-6,False,
account,637bfae8059dbe0014b199dc,Naver Z Corporation,,,,,329.8,draftkings.com,10818.87,0.13,"IAB17,IAB9,IAB9-7",V1-6,V1-6 (Gambling),category,False,True,V1-6,False,
app,56d55c72562b9c353800000d,Voodoo,62154ba2c1aeb964ddda691c,Wizz - Make new friends - iOS,,,328.32,draftkings.com,10818.87,0.13,"IAB17,IAB9,IAB9-7",V1-6,V1-6 (Gambling),category_exempted,False,True,V1-6,True,"[{""advCatId"": ""V1-6"", ""domain"": ""draftkings.com"", ""bundle"": """", ""rtbAccountId"": ""5f6413c9612b1a0015099993"", ""country"": """"}]"
account,673ed5063800780011af0611,Image Future Investment (HK) Limite,,,,,327.82,draftkings.com,10818.87,0.13,"IAB17,IAB9,IAB9-7",V1-6,V1-6 (Gambling),category,False,True,V1-6,False,
app,5981a22bcf89a5b87f001edf,ROCKETADS LTD BV,67b554672363a440422ff5b1,Grus - Fashion Impress iOS,,,322.11,draftkings.com,10818.87,0.13,"IAB17,IAB9,IAB9-7",V1-6,V1-6 (Gambling),category,False,True,V1-6,False,
account,64be49e17c1dd00011cb052e,LolTap,,,,,310.17,draftkings.com,10818.87,0.13,"IAB17,IAB9,IAB9-7",V1-6,V1-6 (Gambling),category,False,True,V1-6,False,
app,6247027c20721a0018bb6528,First Touch Games,64787b6711f74ed45246d310,Score! Hero,,,300.07,draftkings.com,10818.87,0.12,"IAB17,IAB9,IAB9-7",V1-6,V1-6 (Gambling),category,False,True,V1-6,False,
account,6951f51a84cdc295ad688303,NExT Initiatives Limited,,,,,293.04,draftkings.com,10818.87,0.12,"IAB17,IAB9,IAB9-7",V1-6,V1-6 (Gambling),category,False,True,V1-6,False,
app,6788b18b06da640011023eaf,Transsion OEM,6895ab291e65eaa858e986e8,Phonemaster,,,273.42,draftkings.com,10818.87,0.11,"IAB17,IAB9,IAB9-7",V1-6,V1-6 (Gambling),category,False,True,V1-6,False,
app,561e8d976b8d90f61a00402a,Gameloft - Master Account,5873ca9f3a2fdbe202000596,Disney Magic Kingdoms,,,272.61,draftkings.com,10818.87,0.11,"IAB17,IAB9,IAB9-7",V1-6,V1-6 (Gambling),category,False,True,V1-6,False,
account,57ab0b38c6ebd5c83300007e,Good Job Games (Azur),,,,,266.9,draftkings.com,10818.87,0.11,"IAB17,IAB9,IAB9-7",V1-6,V1-6 (Gambling),category,False,True,V1-6,False,
account,6852951e892f9d0011d467c1,Tencent Music,,,,,260.61,draftkings.com,10818.87,0.11,"IAB17,IAB9,IAB9-7",V1-6,V1-6 (Gambling),category,False,True,V1-6,False,
account,5f740e1f612b1a001509a07e,TP Entertainment,,,,,248.84,draftkings.com,10818.87,0.1,"IAB17,IAB9,IAB9-7",V1-6,V1-6 (Gambling),category,False,True,V1-6,False,
account,68415e707dd0f900116754fe,HelloTalk,,,,,241.03,draftkings.com,10818.87,0.1,"IAB17,IAB9,IAB9-7",V1-6,V1-6 (Gambling),category,False,True,V1-6,False,
app,5e66975545dc130017c52cb8,2K,5e7e2bcf298b770001f9f92b,WWE SuperCard – Multiplayer Card Battle Game Android,,,240.46,draftkings.com,10818.87,0.1,"IAB17,IAB9,IAB9-7",V1-6,V1-6 (Gambling),category,False,True,V1-6,False,
app,6788b18b06da640011023eaf,Transsion OEM,678a007052e0399f6534ab63,XOS Launcher,,,236.07,draftkings.com,10818.87,0.1,"IAB17,IAB9,IAB9-7",V1-6,V1-6 (Gambling),category,False,True,V1-6,False,
account,5a8bdb7eee07eaab7100113a,Noktacom Media Corp.,,,,,226.19,draftkings.com,10818.87,0.09,"IAB17,IAB9,IAB9-7",V1-6,V1-6 (Gambling),category,False,True,V1-6,False,
account,58fb280c667e4279600004a9,GD4Kids,,,,,224.95,draftkings.com,10818.87,0.09,"IAB17,IAB9,IAB9-7",V1-6,V1-6 (Gambling),category,False,True,V1-6,False,
account,561e8d936b8d90f61a00139e,Yodo1,,,,,213.38,draftkings.com,10818.87,0.09,"IAB17,IAB9,IAB9-7",V1-6,V1-6 (Gambling),category,False,True,V1-6,False,
app,561e8d976b8d90f61a003e2e,Murka,56348466dcec046847000033,Scatter Slots Murka Android,,,213.29,draftkings.com,10818.87,0.09,"IAB17,IAB9,IAB9-7",V1-6,V1-6 (Gambling),category,False,True,V1-6,False,
account,6863d0817b40620011280a68,MYNET INTERNET TEKNOLOJI AS,,,,,211.97,draftkings.com,10818.87,0.09,"IAB17,IAB9,IAB9-7",V1-6,V1-6 (Gambling),category,False,True,V1-6,False,
app,5fb510aa8072bf0015d8d59d,Tap2Play LLC,63ff72c440f9e74e6c22fc38,SHO_ANDROID_Shoot It,,,183.73,draftkings.com,10818.87,0.07,"IAB17,IAB9,IAB9-7",V1-6,V1-6 (Gambling),category_exempted,False,True,V1-6,True,"[{""advCatId"": ""V1-6"", ""domain"": ""draftkings.com"", ""bundle"": """", ""rtbAccountId"": ""5f6413c9612b1a0015099993"", ""country"": """"}]"
app,561e8d936b8d90f61a00134a,Veraxen Ltd,671107b44e4ec015241367ad,Goods Sort Andr,,,181.76,draftkings.com,10818.87,0.07,"IAB17,IAB9,IAB9-7",V1-6,V1-6 (Gambling),category,False,True,V1-6,False,
account,5eb538be15474a0017ff985f,DEVGAME OU,,,,,181.37,draftkings.com,10818.87,0.07,"IAB17,IAB9,IAB9-7",V1-6,V1-6 (Gambling),category,False,True,V1-6,False,
account,65afbcd2dc68e70011e13631,Revani Limited,,,,,179.33,draftkings.com,10818.87,0.07,"IAB17,IAB9,IAB9-7",V1-6,V1-6 (Gambling),category,False,True,V1-6,False,
account,561e8d976b8d90f61a003f63,smartstudy,,,,,175.94,draftkings.com,10818.87,0.07,"IAB17,IAB9,IAB9-7",V1-6,V1-6 (Gambling),category,False,True,V1-6,False,
account,62e1450f4dbc53001a4249eb,BLUE HAT FZE LLC,,,,,173.77,draftkings.com,10818.87,0.07,"IAB17,IAB9,IAB9-7",V1-6,V1-6 (Gambling),category,False,True,V1-6,False,
app,561e8d946b8d90f61a001926,WB Games,5e67195e73dde7000173d596,Mortal Kombat Android,,,166.94,draftkings.com,10818.87,0.07,"IAB17,IAB9,IAB9-7",V1-6,V1-6 (Gambling),category,False,True,V1-6,False,
account,69ceb9e50e0891e59aa188ce,Candlelight Games Inc,,,,,151.54,draftkings.com,10818.87,0.06,"IAB17,IAB9,IAB9-7",V1-6,V1-6 (Gambling),category,False,True,V1-6,False,
app,5ca2413d406d8e001260b34f,Coeur de Jeu,5ca241748936930019f2e166,Dazzly,,,144.57,draftkings.com,10818.87,0.06,"IAB17,IAB9,IAB9-7",V1-6,V1-6 (Gambling),category_exempted,False,True,V1-6,True,"[{""advCatId"": ""V1-6"", ""domain"": ""draftkings.com"", ""bundle"": """", ""rtbAccountId"": ""5f6413c9612b1a0015099993"", ""country"": """"}]"
app,59e4bb543f0fa9a20900afa3,TabTale LTD,66c7102a18a521b865426011,Bus Frenzy,,,124.53,draftkings.com,10818.87,0.05,"IAB17,IAB9,IAB9-7",V1-6,V1-6 (Gambling),category,False,True,V1-6,False,
account,5eecaeaded99620015f97c0c,Maglab Oyun Teknolojileri Bilişim Yazılım Tasarım Yay. Tic. A.Ş,,,,,113.57,draftkings.com,10818.87,0.05,"IAB17,IAB9,IAB9-7",V1-6,V1-6 (Gambling),category,False,True,V1-6,False,
app,5fb510aa8072bf0015d8d59d,Tap2Play LLC,624452e28ddaecca4dff7afc,CRO_ANDROID_Crazy Office,,,106.89,draftkings.com,10818.87,0.04,"IAB17,IAB9,IAB9-7",V1-6,V1-6 (Gambling),category_exempted,False,True,V1-6,True,"[{""advCatId"": ""V1-6"", ""domain"": ""draftkings.com"", ""bundle"": """", ""rtbAccountId"": ""5f6413c9612b1a0015099993"", ""country"": """"}]"
account,66d03ee46f113e0011988b4d,Ömer Sina Ceylan,,,,,100.39,draftkings.com,10818.87,0.04,"IAB17,IAB9,IAB9-7",V1-6,V1-6 (Gambling),category,False,True,V1-6,False,
account,69834b2ea3ac73e99b7077db,Teamsnap,,,,,5271.41,fanatics.live,0.0,0.0,,,,domain,True,False,,False,
account,5b975fcedc73276356309362,OAKEVER GAMES PTE LTD,,,,,205458.71,getfliff.com,587.68,14.05,"IAB9,IAB9-7",V1-6,V1-6 (Gambling),category,False,True,V1-6,False,
account,68799f38babc2000110fe539,Duolingo,,,,,51089.77,getfliff.com,587.68,6.68,"IAB9,IAB9-7",V1-6,V1-6 (Gambling),domain+category,True,True,V1-6,False,
app,67c01767cc8ae200116e5d00,Skywork AI PTELTD,689b0fdef369593cb0e287e9,FreeReels-安卓,,,39398.86,getfliff.com,587.68,2.69,"IAB9,IAB9-7",V1-6,V1-6 (Gambling),category,False,True,V1-6,False,
account,5d3a5de9ddc71000189c7a84,"Shanghai Linguan Data Co., Ltd.",,,,,27886.52,getfliff.com,587.68,1.91,"IAB9,IAB9-7",V1-6,V1-6 (Gambling),category,False,True,V1-6,False,
account,66f36da16f113e0011999ff8,Meitu China,,,,,24584.12,getfliff.com,587.68,1.68,"IAB9,IAB9-7",V1-6,V1-6 (Gambling),category,False,True,V1-6,False,
account,64c3551f1e5137001122d418,BYTEDANCE PTE LTD,,,,,21052.62,getfliff.com,587.68,1.44,"IAB9,IAB9-7",V1-6,V1-6 (Gambling),category,False,True,V1-6,False,
app,69379d46192ce0aadaecc874,Particle Media Inc,69437e6fed3b627e3079edb8,NewsBreak: Local News & Alerts,,,20734.58,getfliff.com,587.68,1.42,"IAB9,IAB9-7",V1-6,V1-6 (Gambling),category,False,True,V1-6,False,
account,5b1526a7de961d3317b1d475,X-FLOW LTD,,,,,19213.74,getfliff.com,587.68,1.31,"IAB9,IAB9-7",V1-6,V1-6 (Gambling),category,False,True,V1-6,False,
account,65532f6b6cdf5900118d1f51,STORYMATRIX PTE LTD,,,,,13494.6,getfliff.com,587.68,0.92,"IAB9,IAB9-7",V1-6,V1-6 (Gambling),category,False,True,V1-6,False,
account,5efeed113191d60018f0f4e0,LY Corporation,,,,,13491.98,getfliff.com,587.68,0.92,"IAB9,IAB9-7",V1-6,V1-6 (Gambling),category,False,True,V1-6,False,
account,64075f57d6da1900141e5aba,Code Dish GmbH,,,,,11682.04,getfliff.com,587.68,0.8,"IAB9,IAB9-7",V1-6,V1-6 (Gambling),category,False,True,V1-6,False,
account,67b5b2c077bd1c00117b9adc,Sofa IT doo,,,,,11321.77,getfliff.com,587.68,0.77,"IAB9,IAB9-7",V1-6,V1-6 (Gambling),category,False,True,V1-6,False,
account,5c52bd6ffbeb402419bef87d,SYBO Games,,,,,9010.28,getfliff.com,587.68,0.62,"IAB9,IAB9-7",V1-6,V1-6 (Gambling),category,False,True,V1-6,False,
account,680748860437920011951532,BeSoccer,,,,,7540.87,getfliff.com,587.68,0.52,"IAB9,IAB9-7",V1-6,V1-6 (Gambling),category,False,True,V1-6,False,
app,5aafdd4a0520357fabf54aa6,Badoo,5aafe5c62567717fa575bfc1,Badoo - The Dating App,,,7054.85,getfliff.com,587.68,0.48,"IAB9,IAB9-7",V1-6,V1-6 (Gambling),category,False,True,V1-6,False,
account,5d8880f1444f7200181b5e1d,Lihuhu,,,,,6699.63,getfliff.com,587.68,0.46,"IAB9,IAB9-7",V1-6,V1-6 (Gambling),category,False,True,V1-6,False,
account,69834b2ea3ac73e99b7077db,Teamsnap,,,,,5271.41,getfliff.com,587.68,0.69,"IAB9,IAB9-7",V1-6,V1-6 (Gambling),domain+category,True,True,V1-6,False,
account,5e3692d21cd3cb0018dd4329,SuperSonic Studios,,,,,5156.38,getfliff.com,587.68,0.35,"IAB9,IAB9-7",V1-6,V1-6 (Gambling),category,False,True,V1-6,False,
account,677cecb33b9ea20011273987,Gravity Labs,,,,,5014.63,getfliff.com,587.68,0.34,"IAB9,IAB9-7",V1-6,V1-6 (Gambling),category,False,True,V1-6,False,
account,6863fe9df000940011f80bcb,Chesscom LLC,,,,,4368.47,getfliff.com,587.68,0.57,"IAB9,IAB9-7",V1-6,V1-6 (Gambling),domain+category,True,True,V1-6,False,
account,561e8d956b8d90f61a003365,Fingersoft Oy,,,,,3854.39,getfliff.com,587.68,0.26,"IAB9,IAB9-7",V1-6,V1-6 (Gambling),category,False,True,V1-6,False,
app,561e8d936b8d90f61a00134a,Veraxen Ltd,524ad17f92fcd29365000006,Jigsaw Collection HD,,,3443.48,getfliff.com,587.68,0.24,"IAB9,IAB9-7",V1-6,V1-6 (Gambling),category,False,True,V1-6,False,
account,65e71ba517069f0011a36cfa,Rounds,,,,,3421.73,getfliff.com,587.68,0.23,"IAB9,IAB9-7",V1-6,V1-6 (Gambling),category,False,True,V1-6,False,
account,5d130cdf37472100170775e1,Puzzle1Studio,,,,,3246.32,getfliff.com,587.68,0.22,"IAB9,IAB9-7",V1-6,V1-6 (Gambling),category,False,True,V1-6,False,
account,643d1561e09b08001442e672,Sliide,,,,,3129.23,getfliff.com,587.68,0.21,"IAB9,IAB9-7",V1-6,V1-6 (Gambling),category,False,True,V1-6,False,
account,561e8d936b8d90f61a001260,MAG Interactive,,,,,3089.8,getfliff.com,587.68,0.21,"IAB9,IAB9-7",V1-6,V1-6 (Gambling),category,False,True,V1-6,False,
account,59bbfb5389df7b9d3b000840,Trebel Music,,,,,3005.02,getfliff.com,587.68,0.21,"IAB9,IAB9-7",V1-6,V1-6 (Gambling),category,False,True,V1-6,False,
account,630d8dbfb1095d001bb0f04a,Bitsmedia Pte Ltd,,,,,2940.68,getfliff.com,587.68,0.2,"IAB9,IAB9-7",V1-6,V1-6 (Gambling),category,False,True,V1-6,False,
account,602ad40427689c0015fb2d9e,PhotoCircle Inc.,,,,,2816.29,getfliff.com,587.68,0.19,"IAB9,IAB9-7",V1-6,V1-6 (Gambling),category,False,True,V1-6,False,
account,668fb233514c00001146f038,Free VPN Planet SRL,,,,,2758.7,getfliff.com,587.68,0.19,"IAB9,IAB9-7",V1-6,V1-6 (Gambling),category,False,True,V1-6,False,
account,641d8986be2b36001370ca2a,Mackolik,,,,,2748.7,getfliff.com,587.68,0.19,"IAB9,IAB9-7",V1-6,V1-6 (Gambling),category,False,True,V1-6,False,
account,57fb4876297c8ce634000039,AbiGroup,,,,,2736.86,getfliff.com,587.68,0.19,"IAB9,IAB9-7",V1-6,V1-6 (Gambling),category,False,True,V1-6,False,
app,5a53889945eaab512501251e,AddApptr GmbH,627a7fad9a5916612c6cb77e,IT-PM_Futbin_iOS,,,2708.89,getfliff.com,587.68,0.19,"IAB9,IAB9-7",V1-6,V1-6 (Gambling),category,False,True,V1-6,False,
account,561e8d946b8d90f61a00183b,"Big Blue Bubble, Inc.",,,,,2701.59,getfliff.com,587.68,0.18,"IAB9,IAB9-7",V1-6,V1-6 (Gambling),category,False,True,V1-6,False,
app,561e8d966b8d90f61a0033c4,Moon Active,6874fa4e61fad0cbc8862a9e,Hole Stars,,,2673.03,getfliff.com,587.68,0.18,"IAB9,IAB9-7",V1-6,V1-6 (Gambling),category,False,True,V1-6,False,
account,64b7f29fcca9af0011fd585d,Sonderads,,,,,2655.44,getfliff.com,587.68,0.18,"IAB9,IAB9-7",V1-6,V1-6 (Gambling),category,False,True,V1-6,False,
account,604ec2ae5a93950016a63fdd,"Gstarsoft Co.,ltd",,,,,2582.86,getfliff.com,587.68,0.18,"IAB9,IAB9-7",V1-6,V1-6 (Gambling),category,False,True,V1-6,False,
app,56d55c72562b9c353800000d,Voodoo,6623f108853bc6953cc5709d,BeReal iOS,,,2388.85,getfliff.com,587.68,0.16,"IAB9,IAB9-7",V1-6,V1-6 (Gambling),category,False,True,V1-6,False,
app,59e4bb543f0fa9a20900afa3,TabTale LTD,641854429091f900e1111e9a,Glow: Fashion Idol iOS_CL,,,2381.61,getfliff.com,587.68,0.16,"IAB9,IAB9-7",V1-6,V1-6 (Gambling),category,False,True,V1-6,False,
account,60c71d9d6b22ac0017d0bca4,AnyMind Group,,,,,2341.64,getfliff.com,587.68,0.16,"IAB9,IAB9-7",V1-6,V1-6 (Gambling),category,False,True,V1-6,False,
account,5fc7301f7a7f0200153979c7,Aged Studio Limited,,,,,2269.61,getfliff.com,587.68,0.16,"IAB9,IAB9-7",V1-6,V1-6 (Gambling),category,False,True,V1-6,False,
account,6376f00f3d02dc001b2940b6,MICHAT PTE. LIMITED,,,,,2161.51,getfliff.com,587.68,0.15,"IAB9,IAB9-7",V1-6,V1-6 (Gambling),category,False,True,V1-6,False,
account,68f9f5db75ceafc7a8ee6155,LiveScore,,,,,1978.07,getfliff.com,587.68,0.14,"IAB9,IAB9-7",V1-6,V1-6 (Gambling),category,False,True,V1-6,False,
account,561e8d956b8d90f61a0030cf,Ketchapp,,,,,1857.43,getfliff.com,587.68,0.13,"IAB9,IAB9-7",V1-6,V1-6 (Gambling),category,False,True,V1-6,False,
account,66aafef7514c00001147c0c9,FARSUN PTE LTD,,,,,1663.8,getfliff.com,587.68,0.11,"IAB9,IAB9-7",V1-6,V1-6 (Gambling),category,False,True,V1-6,False,
account,561e8d956b8d90f61a0026fb,Gametion,,,,,1550.37,getfliff.com,587.68,0.11,"IAB9,IAB9-7",V1-6,V1-6 (Gambling),category,False,True,V1-6,False,
account,60013911308f3f00157538f4,"Wonder Kingdom Co., Limited",,,,,1478.69,getfliff.com,587.68,0.1,"IAB9,IAB9-7",V1-6,V1-6 (Gambling),category,False,True,V1-6,False,
account,67e466df11985900110edd85,Activision Blizzard Media,,,,,1255.74,getfliff.com,587.68,0.09,"IAB9,IAB9-7",V1-6,V1-6 (Gambling),category,False,True,V1-6,False,
app,6788b18b06da640011023eaf,Transsion OEM,678a0872a18672e70722ee72,palmplaystore,,,1181.3,getfliff.com,587.68,0.08,"IAB9,IAB9-7",V1-6,V1-6 (Gambling),category,False,True,V1-6,False,
account,680ef700e2291a001165c3eb,HK01 Company Limited,,,,,1066.94,getfliff.com,587.68,0.07,"IAB9,IAB9-7",V1-6,V1-6 (Gambling),category,False,True,V1-6,False,
account,57c05f735b2bd4fa24000030,Severex,,,,,1055.13,getfliff.com,587.68,0.07,"IAB9,IAB9-7",V1-6,V1-6 (Gambling),category,False,True,V1-6,False,
account,64219c0480513f00143dbdc5,Match en Direct,,,,,1006.84,getfliff.com,587.68,0.07,"IAB9,IAB9-7",V1-6,V1-6 (Gambling),category,False,True,V1-6,False,
account,5a6f56062c250d182f0056f3,Kwalee Ltd,,,,,960.59,getfliff.com,587.68,0.07,"IAB9,IAB9-7",V1-6,V1-6 (Gambling),category,False,True,V1-6,False,
account,62ea666c62b76e001b3eca4f,LLC East-Games,,,,,927.24,getfliff.com,587.68,0.06,"IAB9,IAB9-7",V1-6,V1-6 (Gambling),category,False,True,V1-6,False,
account,5a9d60d3b1c1666c2e0056ba,Homa Games,,,,,924.14,getfliff.com,587.68,0.06,"IAB9,IAB9-7",V1-6,V1-6 (Gambling),category,False,True,V1-6,False,
app,6297c4bc012073001b3df035,Yandex Inc.,69297e78b88dcb4daa968fa5,tds-easyapp_com-anoshenko-android-solitaires,,,899.98,getfliff.com,587.68,0.06,"IAB9,IAB9-7",V1-6,V1-6 (Gambling),category,False,True,V1-6,False,
account,57738b4fc76658df57000069,Hipster Whale,,,,,859.95,getfliff.com,587.68,0.06,"IAB9,IAB9-7",V1-6,V1-6 (Gambling),category,False,True,V1-6,False,
account,686c8b9cf56dd70011f46f36,株式会社MIXI,,,,,853.13,getfliff.com,587.68,0.06,"IAB9,IAB9-7",V1-6,V1-6 (Gambling),category,False,True,V1-6,False,
account,59edd2fb2410479748002dd0,Free Block Puzzle Games Inc.,,,,,837.38,getfliff.com,587.68,0.06,"IAB9,IAB9-7",V1-6,V1-6 (Gambling),category,False,True,V1-6,False,
app,561e8d966b8d90f61a003414,Scopely,579c0497be7334703a000072,Wheel of Fortune - iOS,,,784.72,getfliff.com,587.68,0.05,"IAB9,IAB9-7",V1-6,V1-6 (Gambling),category,False,True,V1-6,False,
account,5ed79bc0705d4100103d3ecd,Dramaton LTD,,,,,784.32,getfliff.com,587.68,0.05,"IAB9,IAB9-7",V1-6,V1-6 (Gambling),category,False,True,V1-6,False,
account,5f6830b5352f2900152f8a5a,Playspare,,,,,775.39,getfliff.com,587.68,0.05,"IAB9,IAB9-7",V1-6,V1-6 (Gambling),category,False,True,V1-6,False,
account,63b3f932d7c5be001b86305f,hmbl,,,,,770.76,getfliff.com,587.68,0.05,"IAB9,IAB9-7",V1-6,V1-6 (Gambling),category,False,True,V1-6,False,
account,5e66975545dc130017c52cb8,2K,,,,,743.79,getfliff.com,587.68,0.05,"IAB9,IAB9-7",V1-6,V1-6 (Gambling),category,False,True,V1-6,False,
app,6297c4bc012073001b3df035,Yandex Inc.,691db66d63ddd979c47b5da1,yurihead_com-infoshell-recradio,,,707.53,getfliff.com,587.68,0.05,"IAB9,IAB9-7",V1-6,V1-6 (Gambling),category,False,True,V1-6,False,
app,59e4bb543f0fa9a20900afa3,TabTale LTD,5c8661882c668752470f7fc5,Amaze iOS_CL,,,703.65,getfliff.com,587.68,0.05,"IAB9,IAB9-7",V1-6,V1-6 (Gambling),category,False,True,V1-6,False,
account,561e8d936b8d90f61a0011da,Tactile Entertainment,,,,,700.43,getfliff.com,587.68,0.05,"IAB9,IAB9-7",V1-6,V1-6 (Gambling),category,False,True,V1-6,False,
account,561e8d956b8d90f61a0028f7,Nexters Global LTD,,,,,680.12,getfliff.com,587.68,0.05,"IAB9,IAB9-7",V1-6,V1-6 (Gambling),category,False,True,V1-6,False,
app,561e8d946b8d90f61a002087,Rovio,651283dcb30c764e0a120808,Angry Birds Dream Blast (Spender),,,675.42,getfliff.com,587.68,0.05,"IAB9,IAB9-7",V1-6,V1-6 (Gambling),category,False,True,V1-6,False,
account,652f4f00b1392d0011254667,杭州视洞科技有限公司,,,,,636.54,getfliff.com,587.68,0.04,"IAB9,IAB9-7",V1-6,V1-6 (Gambling),category,False,True,V1-6,False,
account,67bda2410543d20011d5130f,Yalla Group,,,,,634.07,getfliff.com,587.68,0.04,"IAB9,IAB9-7",V1-6,V1-6 (Gambling),category,False,True,V1-6,False,
app,6788b18b06da640011023eaf,Transsion OEM,6791e248ffda0af1dd8c4549,moviebox,,,633.0,getfliff.com,587.68,0.04,"IAB9,IAB9-7",V1-6,V1-6 (Gambling),category,False,True,V1-6,False,
account,561e8d936b8d90f61a000cd1,InnoGames GmbH,,,,,623.45,getfliff.com,587.68,0.04,"IAB9,IAB9-7",V1-6,V1-6 (Gambling),category,False,True,V1-6,False,
account,65cb5af6a3d8e1001191d9d7,GameDuell GmbH,,,,,607.84,getfliff.com,587.68,0.04,"IAB9,IAB9-7",V1-6,V1-6 (Gambling),category,False,True,V1-6,False,
app,561e8d966b8d90f61a0033c4,Moon Active,6963b8c8a37bf42bb0723c32,Jelly Busters iOS,,,585.69,getfliff.com,587.68,0.04,"IAB9,IAB9-7",V1-6,V1-6 (Gambling),category,False,True,V1-6,False,
account,649435c2b588d00011c1b496,Rebel Family,,,,,585.1,getfliff.com,587.68,0.04,"IAB9,IAB9-7",V1-6,V1-6 (Gambling),category,False,True,V1-6,False,
account,5746d3108e99b7da740000ad,MotionVolt Game Ltd,,,,,580.53,getfliff.com,587.68,0.04,"IAB9,IAB9-7",V1-6,V1-6 (Gambling),category,False,True,V1-6,False,
app,561e8d956b8d90f61a003219,"Appodeal, Inc.",5912fb91085bcd9d5d00102a,com.MadOut.BIG/74079,,,530.41,getfliff.com,587.68,0.04,"IAB9,IAB9-7",V1-6,V1-6 (Gambling),category,False,True,V1-6,False,
app,60c71d9d6b22ac0017d0bca4,AnyMind Group,685bd663e06142e32ada8192,VN_Interlink_Android,,,521.61,getfliff.com,587.68,0.04,"IAB9,IAB9-7",V1-6,V1-6 (Gambling),category,False,True,V1-6,False,
account,65088cbbc79cc700111adcc5,Puzzlecats,,,,,510.69,getfliff.com,587.68,0.03,"IAB9,IAB9-7",V1-6,V1-6 (Gambling),category,False,True,V1-6,False,
app,6788b18b06da640011023eaf,Transsion OEM,68ec648fbea871f372009b41,XOS Launcher Split,,,495.92,getfliff.com,587.68,0.03,"IAB9,IAB9-7",V1-6,V1-6 (Gambling),category,False,True,V1-6,False,
app,5fb510aa8072bf0015d8d59d,Tap2Play LLC,60a4d2c2cf4957c21093d8b5,CMS_IOS_Count Masters,,,486.11,getfliff.com,587.68,0.03,"IAB9,IAB9-7",V1-6,V1-6 (Gambling),category,False,True,V1-6,False,
account,57ea2d4eded16aa12b0000ab,SuperBOX,,,,,478.74,getfliff.com,587.68,0.03,"IAB9,IAB9-7",V1-6,V1-6 (Gambling),category,False,True,V1-6,False,
app,5fb510aa8072bf0015d8d59d,Tap2Play LLC,60e41f4d76d07ccbb31c2f6f,FTR_ANDROID_Fidget Trading,,,474.28,getfliff.com,587.68,0.03,"IAB9,IAB9-7",V1-6,V1-6 (Gambling),category,False,True,V1-6,False,
app,59e4bb543f0fa9a20900afa3,TabTale LTD,5fa952a8447cc63a415502da,Phone Case DIY iOS_CL,,,458.87,getfliff.com,587.68,0.03,"IAB9,IAB9-7",V1-6,V1-6 (Gambling),category,False,True,V1-6,False,
app,5c2e46140360b14200b6259c,Super Free Games,5c9a92cf986bfc0017807c86,Word Collect iOS,,,449.18,getfliff.com,587.68,0.03,"IAB9,IAB9-7",V1-6,V1-6 (Gambling),category,False,True,V1-6,False,
account,68a733e9213ed4ecfa1fad75,CASHGRAIL PRIVATE LIMITED,,,,,437.65,getfliff.com,587.68,0.03,"IAB9,IAB9-7",V1-6,V1-6 (Gambling),category,False,True,V1-6,False,
app,561e8d966b8d90f61a0033c4,Moon Active,689afb00a1e0ba6b5d6a0fa7,Merge Hotel Empire: Design,,,396.41,getfliff.com,587.68,0.03,"IAB9,IAB9-7",V1-6,V1-6 (Gambling),category,False,True,V1-6,False,
app,561e8d946b8d90f61a0017d9,Zentertain,59ce09fca81a003c170009ae,Wort Guru,,,391.18,getfliff.com,587.68,0.03,"IAB9,IAB9-7",V1-6,V1-6 (Gambling),category,False,True,V1-6,False,
app,56c3a378adccd1cb7e00000a,Zynga,5ea35a7efbd5250001dec930,Harry Potter,,,390.77,getfliff.com,587.68,0.03,"IAB9,IAB9-7",V1-6,V1-6 (Gambling),category,False,True,V1-6,False,
app,561e8d946b8d90f61a002087,Rovio,6512ae485551fd9849db8def,Angry Birds Dream Blast (Spender),,,387.4,getfliff.com,587.68,0.03,"IAB9,IAB9-7",V1-6,V1-6 (Gambling),category,False,True,V1-6,False,
app,561e8d966b8d90f61a0033c4,Moon Active,57173acc4e8b174875000026,My Cafe Android,,,357.66,getfliff.com,587.68,0.02,"IAB9,IAB9-7",V1-6,V1-6 (Gambling),category,False,True,V1-6,False,
account,6228871f2435180014928c15,madarsoft,,,,,354.02,getfliff.com,587.68,0.02,"IAB9,IAB9-7",V1-6,V1-6 (Gambling),category,False,True,V1-6,False,
account,57161e4b90ba5de06e000059,OFFICE CREATE Corp.,,,,,335.75,getfliff.com,587.68,0.02,"IAB9,IAB9-7",V1-6,V1-6 (Gambling),category,False,True,V1-6,False,
account,5ac21c1686dad73ecbc17757,NORTH STAR,,,,,335.45,getfliff.com,587.68,0.02,"IAB9,IAB9-7",V1-6,V1-6 (Gambling),category,False,True,V1-6,False,
account,637bfae8059dbe0014b199dc,Naver Z Corporation,,,,,329.8,getfliff.com,587.68,0.02,"IAB9,IAB9-7",V1-6,V1-6 (Gambling),category,False,True,V1-6,False,
app,56d55c72562b9c353800000d,Voodoo,62154ba2c1aeb964ddda691c,Wizz - Make new friends - iOS,,,328.32,getfliff.com,587.68,0.02,"IAB9,IAB9-7",V1-6,V1-6 (Gambling),category,False,True,V1-6,False,
account,673ed5063800780011af0611,Image Future Investment (HK) Limite,,,,,327.82,getfliff.com,587.68,0.02,"IAB9,IAB9-7",V1-6,V1-6 (Gambling),category,False,True,V1-6,False,
app,5981a22bcf89a5b87f001edf,ROCKETADS LTD BV,67b554672363a440422ff5b1,Grus - Fashion Impress iOS,,,322.11,getfliff.com,587.68,0.02,"IAB9,IAB9-7",V1-6,V1-6 (Gambling),category,False,True,V1-6,False,
account,64be49e17c1dd00011cb052e,LolTap,,,,,310.17,getfliff.com,587.68,0.02,"IAB9,IAB9-7",V1-6,V1-6 (Gambling),category,False,True,V1-6,False,
app,6247027c20721a0018bb6528,First Touch Games,64787b6711f74ed45246d310,Score! Hero,,,300.07,getfliff.com,587.68,0.02,"IAB9,IAB9-7",V1-6,V1-6 (Gambling),category,False,True,V1-6,False,
account,6951f51a84cdc295ad688303,NExT Initiatives Limited,,,,,293.04,getfliff.com,587.68,0.02,"IAB9,IAB9-7",V1-6,V1-6 (Gambling),category,False,True,V1-6,False,
app,6788b18b06da640011023eaf,Transsion OEM,6895ab291e65eaa858e986e8,Phonemaster,,,273.42,getfliff.com,587.68,0.02,"IAB9,IAB9-7",V1-6,V1-6 (Gambling),category,False,True,V1-6,False,
app,561e8d976b8d90f61a00402a,Gameloft - Master Account,5873ca9f3a2fdbe202000596,Disney Magic Kingdoms,,,272.61,getfliff.com,587.68,0.02,"IAB9,IAB9-7",V1-6,V1-6 (Gambling),category,False,True,V1-6,False,
account,57ab0b38c6ebd5c83300007e,Good Job Games (Azur),,,,,266.9,getfliff.com,587.68,0.02,"IAB9,IAB9-7",V1-6,V1-6 (Gambling),category,False,True,V1-6,False,
account,6852951e892f9d0011d467c1,Tencent Music,,,,,260.61,getfliff.com,587.68,0.02,"IAB9,IAB9-7",V1-6,V1-6 (Gambling),category,False,True,V1-6,False,
account,5f740e1f612b1a001509a07e,TP Entertainment,,,,,248.84,getfliff.com,587.68,0.02,"IAB9,IAB9-7",V1-6,V1-6 (Gambling),category,False,True,V1-6,False,
account,68415e707dd0f900116754fe,HelloTalk,,,,,241.03,getfliff.com,587.68,0.02,"IAB9,IAB9-7",V1-6,V1-6 (Gambling),category,False,True,V1-6,False,
app,5e66975545dc130017c52cb8,2K,5e7e2bcf298b770001f9f92b,WWE SuperCard – Multiplayer Card Battle Game Android,,,240.46,getfliff.com,587.68,0.02,"IAB9,IAB9-7",V1-6,V1-6 (Gambling),category,False,True,V1-6,False,
app,6788b18b06da640011023eaf,Transsion OEM,678a007052e0399f6534ab63,XOS Launcher,,,236.07,getfliff.com,587.68,0.02,"IAB9,IAB9-7",V1-6,V1-6 (Gambling),category,False,True,V1-6,False,
account,5a8bdb7eee07eaab7100113a,Noktacom Media Corp.,,,,,226.19,getfliff.com,587.68,0.02,"IAB9,IAB9-7",V1-6,V1-6 (Gambling),category,False,True,V1-6,False,
account,58fb280c667e4279600004a9,GD4Kids,,,,,224.95,getfliff.com,587.68,0.02,"IAB9,IAB9-7",V1-6,V1-6 (Gambling),category,False,True,V1-6,False,
account,561e8d936b8d90f61a00139e,Yodo1,,,,,213.38,getfliff.com,587.68,0.01,"IAB9,IAB9-7",V1-6,V1-6 (Gambling),category,False,True,V1-6,False,
app,561e8d976b8d90f61a003e2e,Murka,56348466dcec046847000033,Scatter Slots Murka Android,,,213.29,getfliff.com,587.68,0.01,"IAB9,IAB9-7",V1-6,V1-6 (Gambling),category,False,True,V1-6,False,
account,6863d0817b40620011280a68,MYNET INTERNET TEKNOLOJI AS,,,,,211.97,getfliff.com,587.68,0.01,"IAB9,IAB9-7",V1-6,V1-6 (Gambling),category,False,True,V1-6,False,
app,5fb510aa8072bf0015d8d59d,Tap2Play LLC,63ff72c440f9e74e6c22fc38,SHO_ANDROID_Shoot It,,,183.73,getfliff.com,587.68,0.01,"IAB9,IAB9-7",V1-6,V1-6 (Gambling),category,False,True,V1-6,False,
app,561e8d936b8d90f61a00134a,Veraxen Ltd,671107b44e4ec015241367ad,Goods Sort Andr,,,181.76,getfliff.com,587.68,0.01,"IAB9,IAB9-7",V1-6,V1-6 (Gambling),category,False,True,V1-6,False,
account,5eb538be15474a0017ff985f,DEVGAME OU,,,,,181.37,getfliff.com,587.68,0.01,"IAB9,IAB9-7",V1-6,V1-6 (Gambling),category,False,True,V1-6,False,
account,65afbcd2dc68e70011e13631,Revani Limited,,,,,179.33,getfliff.com,587.68,0.01,"IAB9,IAB9-7",V1-6,V1-6 (Gambling),category,False,True,V1-6,False,
account,561e8d976b8d90f61a003f63,smartstudy,,,,,175.94,getfliff.com,587.68,0.01,"IAB9,IAB9-7",V1-6,V1-6 (Gambling),category,False,True,V1-6,False,
account,62e1450f4dbc53001a4249eb,BLUE HAT FZE LLC,,,,,173.77,getfliff.com,587.68,0.01,"IAB9,IAB9-7",V1-6,V1-6 (Gambling),category,False,True,V1-6,False,
app,561e8d946b8d90f61a001926,WB Games,5e67195e73dde7000173d596,Mortal Kombat Android,,,166.94,getfliff.com,587.68,0.01,"IAB9,IAB9-7",V1-6,V1-6 (Gambling),category,False,True,V1-6,False,
account,69ceb9e50e0891e59aa188ce,Candlelight Games Inc,,,,,151.54,getfliff.com,587.68,0.01,"IAB9,IAB9-7",V1-6,V1-6 (Gambling),category,False,True,V1-6,False,
app,5ca2413d406d8e001260b34f,Coeur de Jeu,5ca241748936930019f2e166,Dazzly,,,144.57,getfliff.com,587.68,0.01,"IAB9,IAB9-7",V1-6,V1-6 (Gambling),category,False,True,V1-6,False,
app,59e4bb543f0fa9a20900afa3,TabTale LTD,66c7102a18a521b865426011,Bus Frenzy,,,124.53,getfliff.com,587.68,0.01,"IAB9,IAB9-7",V1-6,V1-6 (Gambling),category,False,True,V1-6,False,
account,5eecaeaded99620015f97c0c,Maglab Oyun Teknolojileri Bilişim Yazılım Tasarım Yay. Tic. A.Ş,,,,,113.57,getfliff.com,587.68,0.01,"IAB9,IAB9-7",V1-6,V1-6 (Gambling),category,False,True,V1-6,False,
app,5fb510aa8072bf0015d8d59d,Tap2Play LLC,624452e28ddaecca4dff7afc,CRO_ANDROID_Crazy Office,,,106.89,getfliff.com,587.68,0.01,"IAB9,IAB9-7",V1-6,V1-6 (Gambling),category,False,True,V1-6,False,
account,66d03ee46f113e0011988b4d,Ömer Sina Ceylan,,,,,100.39,getfliff.com,587.68,0.01,"IAB9,IAB9-7",V1-6,V1-6 (Gambling),category,False,True,V1-6,False,
account,5b975fcedc73276356309362,OAKEVER GAMES PTE LTD,,,,,205458.71,hardrock.bet,1855.36,11.28,"IAB1,IAB17,IAB9-7",V1-6,V1-6 (Gambling),category,False,True,V1-6,False,
app,606c7bac7a37680015801ad8,jiayou,633549fb3901c096a37b2893,Block Juggle—GP,,,73570.5,hardrock.bet,1855.36,30.38,"IAB1,IAB17,IAB9-7",V1-6,,domain,True,False,,False,
account,68799f38babc2000110fe539,Duolingo,,,,,51089.77,hardrock.bet,1855.36,21.1,"IAB1,IAB17,IAB9-7",V1-6,V1-6 (Gambling),domain+category,True,True,V1-6,False,
app,67c01767cc8ae200116e5d00,Skywork AI PTELTD,689b0fdef369593cb0e287e9,FreeReels-安卓,,,39398.86,hardrock.bet,1855.36,2.16,"IAB1,IAB17,IAB9-7",V1-6,V1-6 (Gambling),category,False,True,V1-6,False,
account,5d3a5de9ddc71000189c7a84,"Shanghai Linguan Data Co., Ltd.",,,,,27886.52,hardrock.bet,1855.36,1.53,"IAB1,IAB17,IAB9-7",V1-6,V1-6 (Gambling),category,False,True,V1-6,False,
account,66f36da16f113e0011999ff8,Meitu China,,,,,24584.12,hardrock.bet,1855.36,1.35,"IAB1,IAB17,IAB9-7",V1-6,V1-6 (Gambling),category,False,True,V1-6,False,
app,685efaf2892f9d0011d7b87f,The Weather Company,685f0edd6d5c129491a495a9,Weather - The Weather Channel,,,23269.13,hardrock.bet,1855.36,9.61,"IAB1,IAB17,IAB9-7",V1-6,,domain,True,False,,False,
account,64c3551f1e5137001122d418,BYTEDANCE PTE LTD,,,,,21052.62,hardrock.bet,1855.36,1.16,"IAB1,IAB17,IAB9-7",V1-6,V1-6 (Gambling),category,False,True,V1-6,False,
app,69379d46192ce0aadaecc874,Particle Media Inc,69437e6fed3b627e3079edb8,NewsBreak: Local News & Alerts,,,20734.58,hardrock.bet,1855.36,1.14,"IAB1,IAB17,IAB9-7",V1-6,V1-6 (Gambling),category,False,True,V1-6,False,
account,5b1526a7de961d3317b1d475,X-FLOW LTD,,,,,19213.74,hardrock.bet,1855.36,1.06,"IAB1,IAB17,IAB9-7",V1-6,V1-6 (Gambling),category,False,True,V1-6,False,
account,65532f6b6cdf5900118d1f51,STORYMATRIX PTE LTD,,,,,13494.6,hardrock.bet,1855.36,0.74,"IAB1,IAB17,IAB9-7",V1-6,V1-6 (Gambling),category,False,True,V1-6,False,
account,5efeed113191d60018f0f4e0,LY Corporation,,,,,13491.98,hardrock.bet,1855.36,0.74,"IAB1,IAB17,IAB9-7",V1-6,V1-6 (Gambling),category,False,True,V1-6,False,
account,64075f57d6da1900141e5aba,Code Dish GmbH,,,,,11682.04,hardrock.bet,1855.36,0.64,"IAB1,IAB17,IAB9-7",V1-6,V1-6 (Gambling),category,False,True,V1-6,False,
account,67b5b2c077bd1c00117b9adc,Sofa IT doo,,,,,11321.77,hardrock.bet,1855.36,0.62,"IAB1,IAB17,IAB9-7",V1-6,V1-6 (Gambling),category,False,True,V1-6,False,
account,5c52bd6ffbeb402419bef87d,SYBO Games,,,,,9010.28,hardrock.bet,1855.36,0.49,"IAB1,IAB17,IAB9-7",V1-6,V1-6 (Gambling),category,False,True,V1-6,False,
account,680748860437920011951532,BeSoccer,,,,,7540.87,hardrock.bet,1855.36,0.41,"IAB1,IAB17,IAB9-7",V1-6,V1-6 (Gambling),category,False,True,V1-6,False,
app,5aafdd4a0520357fabf54aa6,Badoo,5aafe5c62567717fa575bfc1,Badoo - The Dating App,,,7054.85,hardrock.bet,1855.36,0.39,"IAB1,IAB17,IAB9-7",V1-6,V1-6 (Gambling),category_exempted,False,True,V1-6,True,"[{""advCatId"": ""V1-6"", ""domain"": ""hardrock.bet"", ""bundle"": """", ""rtbAccountId"": ""5bc0e10e25c7d7796ebe8fc0"", ""country"": """"}]"
account,5d8880f1444f7200181b5e1d,Lihuhu,,,,,6699.63,hardrock.bet,1855.36,0.37,"IAB1,IAB17,IAB9-7",V1-6,V1-6 (Gambling),category,False,True,V1-6,False,
account,69834b2ea3ac73e99b7077db,Teamsnap,,,,,5271.41,hardrock.bet,1855.36,2.18,"IAB1,IAB17,IAB9-7",V1-6,V1-6 (Gambling),domain+category,True,True,V1-6,False,
account,5e3692d21cd3cb0018dd4329,SuperSonic Studios,,,,,5156.38,hardrock.bet,1855.36,0.28,"IAB1,IAB17,IAB9-7",V1-6,V1-6 (Gambling),category,False,True,V1-6,False,
account,677cecb33b9ea20011273987,Gravity Labs,,,,,5014.63,hardrock.bet,1855.36,0.28,"IAB1,IAB17,IAB9-7",V1-6,V1-6 (Gambling),category,False,True,V1-6,False,
account,6863fe9df000940011f80bcb,Chesscom LLC,,,,,4368.47,hardrock.bet,1855.36,1.8,"IAB1,IAB17,IAB9-7",V1-6,V1-6 (Gambling),domain+category,True,True,V1-6,False,
account,561e8d956b8d90f61a003365,Fingersoft Oy,,,,,3854.39,hardrock.bet,1855.36,0.21,"IAB1,IAB17,IAB9-7",V1-6,V1-6 (Gambling),category,False,True,V1-6,False,
app,561e8d936b8d90f61a00134a,Veraxen Ltd,524ad17f92fcd29365000006,Jigsaw Collection HD,,,3443.48,hardrock.bet,1855.36,0.19,"IAB1,IAB17,IAB9-7",V1-6,V1-6 (Gambling),category,False,True,V1-6,False,
account,65e71ba517069f0011a36cfa,Rounds,,,,,3421.73,hardrock.bet,1855.36,0.19,"IAB1,IAB17,IAB9-7",V1-6,V1-6 (Gambling),category,False,True,V1-6,False,
account,5d130cdf37472100170775e1,Puzzle1Studio,,,,,3246.32,hardrock.bet,1855.36,0.18,"IAB1,IAB17,IAB9-7",V1-6,V1-6 (Gambling),category,False,True,V1-6,False,
account,643d1561e09b08001442e672,Sliide,,,,,3129.23,hardrock.bet,1855.36,0.17,"IAB1,IAB17,IAB9-7",V1-6,V1-6 (Gambling),category,False,True,V1-6,False,
account,561e8d936b8d90f61a001260,MAG Interactive,,,,,3089.8,hardrock.bet,1855.36,0.17,"IAB1,IAB17,IAB9-7",V1-6,V1-6 (Gambling),category,False,True,V1-6,False,
account,59bbfb5389df7b9d3b000840,Trebel Music,,,,,3005.02,hardrock.bet,1855.36,0.17,"IAB1,IAB17,IAB9-7",V1-6,V1-6 (Gambling),category,False,True,V1-6,False,
account,630d8dbfb1095d001bb0f04a,Bitsmedia Pte Ltd,,,,,2940.68,hardrock.bet,1855.36,0.16,"IAB1,IAB17,IAB9-7",V1-6,V1-6 (Gambling),category,False,True,V1-6,False,
account,602ad40427689c0015fb2d9e,PhotoCircle Inc.,,,,,2816.29,hardrock.bet,1855.36,0.15,"IAB1,IAB17,IAB9-7",V1-6,V1-6 (Gambling),category,False,True,V1-6,False,
account,668fb233514c00001146f038,Free VPN Planet SRL,,,,,2758.7,hardrock.bet,1855.36,0.15,"IAB1,IAB17,IAB9-7",V1-6,V1-6 (Gambling),category,False,True,V1-6,False,
account,641d8986be2b36001370ca2a,Mackolik,,,,,2748.7,hardrock.bet,1855.36,0.15,"IAB1,IAB17,IAB9-7",V1-6,V1-6 (Gambling),category,False,True,V1-6,False,
account,57fb4876297c8ce634000039,AbiGroup,,,,,2736.86,hardrock.bet,1855.36,0.15,"IAB1,IAB17,IAB9-7",V1-6,V1-6 (Gambling),category,False,True,V1-6,False,
app,5a53889945eaab512501251e,AddApptr GmbH,627a7fad9a5916612c6cb77e,IT-PM_Futbin_iOS,,,2708.89,hardrock.bet,1855.36,0.15,"IAB1,IAB17,IAB9-7",V1-6,V1-6 (Gambling),category,False,True,V1-6,False,
account,561e8d946b8d90f61a00183b,"Big Blue Bubble, Inc.",,,,,2701.59,hardrock.bet,1855.36,0.15,"IAB1,IAB17,IAB9-7",V1-6,V1-6 (Gambling),category,False,True,V1-6,False,
app,561e8d966b8d90f61a0033c4,Moon Active,6874fa4e61fad0cbc8862a9e,Hole Stars,,,2673.03,hardrock.bet,1855.36,0.15,"IAB1,IAB17,IAB9-7",V1-6,V1-6 (Gambling),category,False,True,V1-6,False,
account,64b7f29fcca9af0011fd585d,Sonderads,,,,,2655.44,hardrock.bet,1855.36,0.15,"IAB1,IAB17,IAB9-7",V1-6,V1-6 (Gambling),category,False,True,V1-6,False,
account,604ec2ae5a93950016a63fdd,"Gstarsoft Co.,ltd",,,,,2582.86,hardrock.bet,1855.36,0.14,"IAB1,IAB17,IAB9-7",V1-6,V1-6 (Gambling),category,False,True,V1-6,False,
app,56d55c72562b9c353800000d,Voodoo,6623f108853bc6953cc5709d,BeReal iOS,,,2388.85,hardrock.bet,1855.36,0.13,"IAB1,IAB17,IAB9-7",V1-6,V1-6 (Gambling),category_exempted,False,True,V1-6,True,"[{""advCatId"": ""V1-6"", ""domain"": ""hardrock.bet"", ""bundle"": """", ""rtbAccountId"": ""5bc0e10e25c7d7796ebe8fc0"", ""country"": """"}]"
app,59e4bb543f0fa9a20900afa3,TabTale LTD,641854429091f900e1111e9a,Glow: Fashion Idol iOS_CL,,,2381.61,hardrock.bet,1855.36,0.13,"IAB1,IAB17,IAB9-7",V1-6,V1-6 (Gambling),category,False,True,V1-6,False,
account,60c71d9d6b22ac0017d0bca4,AnyMind Group,,,,,2341.64,hardrock.bet,1855.36,0.13,"IAB1,IAB17,IAB9-7",V1-6,V1-6 (Gambling),category,False,True,V1-6,False,
account,5fc7301f7a7f0200153979c7,Aged Studio Limited,,,,,2269.61,hardrock.bet,1855.36,0.12,"IAB1,IAB17,IAB9-7",V1-6,V1-6 (Gambling),category,False,True,V1-6,False,
account,6376f00f3d02dc001b2940b6,MICHAT PTE. LIMITED,,,,,2161.51,hardrock.bet,1855.36,0.12,"IAB1,IAB17,IAB9-7",V1-6,V1-6 (Gambling),category,False,True,V1-6,False,
account,68f9f5db75ceafc7a8ee6155,LiveScore,,,,,1978.07,hardrock.bet,1855.36,0.11,"IAB1,IAB17,IAB9-7",V1-6,V1-6 (Gambling),category,False,True,V1-6,False,
account,561e8d956b8d90f61a0030cf,Ketchapp,,,,,1857.43,hardrock.bet,1855.36,0.1,"IAB1,IAB17,IAB9-7",V1-6,V1-6 (Gambling),category,False,True,V1-6,False,
account,66aafef7514c00001147c0c9,FARSUN PTE LTD,,,,,1663.8,hardrock.bet,1855.36,0.09,"IAB1,IAB17,IAB9-7",V1-6,V1-6 (Gambling),category,False,True,V1-6,False,
account,561e8d956b8d90f61a0026fb,Gametion,,,,,1550.37,hardrock.bet,1855.36,0.09,"IAB1,IAB17,IAB9-7",V1-6,V1-6 (Gambling),category,False,True,V1-6,False,
account,60013911308f3f00157538f4,"Wonder Kingdom Co., Limited",,,,,1478.69,hardrock.bet,1855.36,0.08,"IAB1,IAB17,IAB9-7",V1-6,V1-6 (Gambling),category,False,True,V1-6,False,
account,67e466df11985900110edd85,Activision Blizzard Media,,,,,1255.74,hardrock.bet,1855.36,0.07,"IAB1,IAB17,IAB9-7",V1-6,V1-6 (Gambling),category,False,True,V1-6,False,
app,6788b18b06da640011023eaf,Transsion OEM,678a0872a18672e70722ee72,palmplaystore,,,1181.3,hardrock.bet,1855.36,0.06,"IAB1,IAB17,IAB9-7",V1-6,V1-6 (Gambling),category,False,True,V1-6,False,
account,680ef700e2291a001165c3eb,HK01 Company Limited,,,,,1066.94,hardrock.bet,1855.36,0.06,"IAB1,IAB17,IAB9-7",V1-6,V1-6 (Gambling),category,False,True,V1-6,False,
account,57c05f735b2bd4fa24000030,Severex,,,,,1055.13,hardrock.bet,1855.36,0.06,"IAB1,IAB17,IAB9-7",V1-6,V1-6 (Gambling),category,False,True,V1-6,False,
account,64219c0480513f00143dbdc5,Match en Direct,,,,,1006.84,hardrock.bet,1855.36,0.06,"IAB1,IAB17,IAB9-7",V1-6,V1-6 (Gambling),category,False,True,V1-6,False,
account,5a6f56062c250d182f0056f3,Kwalee Ltd,,,,,960.59,hardrock.bet,1855.36,0.05,"IAB1,IAB17,IAB9-7",V1-6,V1-6 (Gambling),category,False,True,V1-6,False,
account,62ea666c62b76e001b3eca4f,LLC East-Games,,,,,927.24,hardrock.bet,1855.36,0.05,"IAB1,IAB17,IAB9-7",V1-6,V1-6 (Gambling),category,False,True,V1-6,False,
account,5a9d60d3b1c1666c2e0056ba,Homa Games,,,,,924.14,hardrock.bet,1855.36,0.05,"IAB1,IAB17,IAB9-7",V1-6,V1-6 (Gambling),category,False,True,V1-6,False,
app,6297c4bc012073001b3df035,Yandex Inc.,69297e78b88dcb4daa968fa5,tds-easyapp_com-anoshenko-android-solitaires,,,899.98,hardrock.bet,1855.36,0.05,"IAB1,IAB17,IAB9-7",V1-6,V1-6 (Gambling),category,False,True,V1-6,False,
account,57738b4fc76658df57000069,Hipster Whale,,,,,859.95,hardrock.bet,1855.36,0.05,"IAB1,IAB17,IAB9-7",V1-6,V1-6 (Gambling),category,False,True,V1-6,False,
account,686c8b9cf56dd70011f46f36,株式会社MIXI,,,,,853.13,hardrock.bet,1855.36,0.05,"IAB1,IAB17,IAB9-7",V1-6,V1-6 (Gambling),category,False,True,V1-6,False,
account,59edd2fb2410479748002dd0,Free Block Puzzle Games Inc.,,,,,837.38,hardrock.bet,1855.36,0.05,"IAB1,IAB17,IAB9-7",V1-6,V1-6 (Gambling),category,False,True,V1-6,False,
app,561e8d966b8d90f61a003414,Scopely,579c0497be7334703a000072,Wheel of Fortune - iOS,,,784.72,hardrock.bet,1855.36,0.04,"IAB1,IAB17,IAB9-7",V1-6,V1-6 (Gambling),category_exempted,False,True,V1-6,True,"[{""advCatId"": ""V1-6"", ""domain"": ""hardrock.bet"", ""bundle"": """", ""rtbAccountId"": ""5bc0e10e25c7d7796ebe8fc0"", ""country"": """"}]"
account,5ed79bc0705d4100103d3ecd,Dramaton LTD,,,,,784.32,hardrock.bet,1855.36,0.04,"IAB1,IAB17,IAB9-7",V1-6,V1-6 (Gambling),category,False,True,V1-6,False,
account,5f6830b5352f2900152f8a5a,Playspare,,,,,775.39,hardrock.bet,1855.36,0.04,"IAB1,IAB17,IAB9-7",V1-6,V1-6 (Gambling),category,False,True,V1-6,False,
account,63b3f932d7c5be001b86305f,hmbl,,,,,770.76,hardrock.bet,1855.36,0.04,"IAB1,IAB17,IAB9-7",V1-6,V1-6 (Gambling),category,False,True,V1-6,False,
account,5e66975545dc130017c52cb8,2K,,,,,743.79,hardrock.bet,1855.36,0.04,"IAB1,IAB17,IAB9-7",V1-6,V1-6 (Gambling),category,False,True,V1-6,False,
app,6297c4bc012073001b3df035,Yandex Inc.,691db66d63ddd979c47b5da1,yurihead_com-infoshell-recradio,,,707.53,hardrock.bet,1855.36,0.04,"IAB1,IAB17,IAB9-7",V1-6,V1-6 (Gambling),category,False,True,V1-6,False,
app,59e4bb543f0fa9a20900afa3,TabTale LTD,5c8661882c668752470f7fc5,Amaze iOS_CL,,,703.65,hardrock.bet,1855.36,0.04,"IAB1,IAB17,IAB9-7",V1-6,V1-6 (Gambling),category,False,True,V1-6,False,
account,561e8d936b8d90f61a0011da,Tactile Entertainment,,,,,700.43,hardrock.bet,1855.36,0.04,"IAB1,IAB17,IAB9-7",V1-6,V1-6 (Gambling),category,False,True,V1-6,False,
account,561e8d956b8d90f61a0028f7,Nexters Global LTD,,,,,680.12,hardrock.bet,1855.36,0.04,"IAB1,IAB17,IAB9-7",V1-6,V1-6 (Gambling),category,False,True,V1-6,False,
app,561e8d946b8d90f61a002087,Rovio,651283dcb30c764e0a120808,Angry Birds Dream Blast (Spender),,,675.42,hardrock.bet,1855.36,0.04,"IAB1,IAB17,IAB9-7",V1-6,V1-6 (Gambling),category,False,True,V1-6,False,
account,652f4f00b1392d0011254667,杭州视洞科技有限公司,,,,,636.54,hardrock.bet,1855.36,0.03,"IAB1,IAB17,IAB9-7",V1-6,V1-6 (Gambling),category,False,True,V1-6,False,
account,67bda2410543d20011d5130f,Yalla Group,,,,,634.07,hardrock.bet,1855.36,0.03,"IAB1,IAB17,IAB9-7",V1-6,V1-6 (Gambling),category,False,True,V1-6,False,
app,6788b18b06da640011023eaf,Transsion OEM,6791e248ffda0af1dd8c4549,moviebox,,,633.0,hardrock.bet,1855.36,0.03,"IAB1,IAB17,IAB9-7",V1-6,V1-6 (Gambling),category,False,True,V1-6,False,
account,561e8d936b8d90f61a000cd1,InnoGames GmbH,,,,,623.45,hardrock.bet,1855.36,0.03,"IAB1,IAB17,IAB9-7",V1-6,V1-6 (Gambling),category,False,True,V1-6,False,
account,65cb5af6a3d8e1001191d9d7,GameDuell GmbH,,,,,607.84,hardrock.bet,1855.36,0.03,"IAB1,IAB17,IAB9-7",V1-6,V1-6 (Gambling),category,False,True,V1-6,False,
app,561e8d966b8d90f61a0033c4,Moon Active,6963b8c8a37bf42bb0723c32,Jelly Busters iOS,,,585.69,hardrock.bet,1855.36,0.03,"IAB1,IAB17,IAB9-7",V1-6,V1-6 (Gambling),category,False,True,V1-6,False,
account,649435c2b588d00011c1b496,Rebel Family,,,,,585.1,hardrock.bet,1855.36,0.03,"IAB1,IAB17,IAB9-7",V1-6,V1-6 (Gambling),category,False,True,V1-6,False,
account,5746d3108e99b7da740000ad,MotionVolt Game Ltd,,,,,580.53,hardrock.bet,1855.36,0.03,"IAB1,IAB17,IAB9-7",V1-6,V1-6 (Gambling),category,False,True,V1-6,False,
app,561e8d956b8d90f61a003219,"Appodeal, Inc.",5912fb91085bcd9d5d00102a,com.MadOut.BIG/74079,,,530.41,hardrock.bet,1855.36,0.03,"IAB1,IAB17,IAB9-7",V1-6,V1-6 (Gambling),category,False,True,V1-6,False,
app,60c71d9d6b22ac0017d0bca4,AnyMind Group,685bd663e06142e32ada8192,VN_Interlink_Android,,,521.61,hardrock.bet,1855.36,0.03,"IAB1,IAB17,IAB9-7",V1-6,V1-6 (Gambling),category,False,True,V1-6,False,
account,65088cbbc79cc700111adcc5,Puzzlecats,,,,,510.69,hardrock.bet,1855.36,0.03,"IAB1,IAB17,IAB9-7",V1-6,V1-6 (Gambling),category,False,True,V1-6,False,
app,6788b18b06da640011023eaf,Transsion OEM,68ec648fbea871f372009b41,XOS Launcher Split,,,495.92,hardrock.bet,1855.36,0.03,"IAB1,IAB17,IAB9-7",V1-6,V1-6 (Gambling),category,False,True,V1-6,False,
app,5fb510aa8072bf0015d8d59d,Tap2Play LLC,60a4d2c2cf4957c21093d8b5,CMS_IOS_Count Masters,,,486.11,hardrock.bet,1855.36,0.03,"IAB1,IAB17,IAB9-7",V1-6,V1-6 (Gambling),category_exempted,False,True,V1-6,True,"[{""advCatId"": ""V1-6"", ""domain"": ""hardrock.bet"", ""bundle"": """", ""rtbAccountId"": ""5bc0e10e25c7d7796ebe8fc0"", ""country"": """"}]"
account,57ea2d4eded16aa12b0000ab,SuperBOX,,,,,478.74,hardrock.bet,1855.36,0.03,"IAB1,IAB17,IAB9-7",V1-6,V1-6 (Gambling),category,False,True,V1-6,False,
app,5fb510aa8072bf0015d8d59d,Tap2Play LLC,60e41f4d76d07ccbb31c2f6f,FTR_ANDROID_Fidget Trading,,,474.28,hardrock.bet,1855.36,0.03,"IAB1,IAB17,IAB9-7",V1-6,V1-6 (Gambling),category,False,True,V1-6,False,
app,59e4bb543f0fa9a20900afa3,TabTale LTD,5fa952a8447cc63a415502da,Phone Case DIY iOS_CL,,,458.87,hardrock.bet,1855.36,0.03,"IAB1,IAB17,IAB9-7",V1-6,V1-6 (Gambling),category,False,True,V1-6,False,
app,5c2e46140360b14200b6259c,Super Free Games,5c9a92cf986bfc0017807c86,Word Collect iOS,,,449.18,hardrock.bet,1855.36,0.02,"IAB1,IAB17,IAB9-7",V1-6,V1-6 (Gambling),category,False,True,V1-6,False,
account,68a733e9213ed4ecfa1fad75,CASHGRAIL PRIVATE LIMITED,,,,,437.65,hardrock.bet,1855.36,0.02,"IAB1,IAB17,IAB9-7",V1-6,V1-6 (Gambling),category,False,True,V1-6,False,
app,561e8d966b8d90f61a0033c4,Moon Active,689afb00a1e0ba6b5d6a0fa7,Merge Hotel Empire: Design,,,396.41,hardrock.bet,1855.36,0.02,"IAB1,IAB17,IAB9-7",V1-6,V1-6 (Gambling),category,False,True,V1-6,False,
app,561e8d946b8d90f61a0017d9,Zentertain,59ce09fca81a003c170009ae,Wort Guru,,,391.18,hardrock.bet,1855.36,0.02,"IAB1,IAB17,IAB9-7",V1-6,V1-6 (Gambling),category,False,True,V1-6,False,
app,56c3a378adccd1cb7e00000a,Zynga,5ea35a7efbd5250001dec930,Harry Potter,,,390.77,hardrock.bet,1855.36,0.02,"IAB1,IAB17,IAB9-7",V1-6,V1-6 (Gambling),category,False,True,V1-6,False,
app,561e8d946b8d90f61a002087,Rovio,6512ae485551fd9849db8def,Angry Birds Dream Blast (Spender),,,387.4,hardrock.bet,1855.36,0.02,"IAB1,IAB17,IAB9-7",V1-6,V1-6 (Gambling),category,False,True,V1-6,False,
app,561e8d966b8d90f61a0033c4,Moon Active,57173acc4e8b174875000026,My Cafe Android,,,357.66,hardrock.bet,1855.36,0.02,"IAB1,IAB17,IAB9-7",V1-6,V1-6 (Gambling),category,False,True,V1-6,False,
account,6228871f2435180014928c15,madarsoft,,,,,354.02,hardrock.bet,1855.36,0.02,"IAB1,IAB17,IAB9-7",V1-6,V1-6 (Gambling),category,False,True,V1-6,False,
account,57161e4b90ba5de06e000059,OFFICE CREATE Corp.,,,,,335.75,hardrock.bet,1855.36,0.02,"IAB1,IAB17,IAB9-7",V1-6,V1-6 (Gambling),category,False,True,V1-6,False,
account,5ac21c1686dad73ecbc17757,NORTH STAR,,,,,335.45,hardrock.bet,1855.36,0.02,"IAB1,IAB17,IAB9-7",V1-6,V1-6 (Gambling),category,False,True,V1-6,False,
account,637bfae8059dbe0014b199dc,Naver Z Corporation,,,,,329.8,hardrock.bet,1855.36,0.02,"IAB1,IAB17,IAB9-7",V1-6,V1-6 (Gambling),category,False,True,V1-6,False,
app,56d55c72562b9c353800000d,Voodoo,62154ba2c1aeb964ddda691c,Wizz - Make new friends - iOS,,,328.32,hardrock.bet,1855.36,0.02,"IAB1,IAB17,IAB9-7",V1-6,V1-6 (Gambling),category,False,True,V1-6,False,
account,673ed5063800780011af0611,Image Future Investment (HK) Limite,,,,,327.82,hardrock.bet,1855.36,0.02,"IAB1,IAB17,IAB9-7",V1-6,V1-6 (Gambling),category,False,True,V1-6,False,
app,5981a22bcf89a5b87f001edf,ROCKETADS LTD BV,67b554672363a440422ff5b1,Grus - Fashion Impress iOS,,,322.11,hardrock.bet,1855.36,0.02,"IAB1,IAB17,IAB9-7",V1-6,V1-6 (Gambling),category,False,True,V1-6,False,
account,64be49e17c1dd00011cb052e,LolTap,,,,,310.17,hardrock.bet,1855.36,0.02,"IAB1,IAB17,IAB9-7",V1-6,V1-6 (Gambling),category,False,True,V1-6,False,
app,6247027c20721a0018bb6528,First Touch Games,64787b6711f74ed45246d310,Score! Hero,,,300.07,hardrock.bet,1855.36,0.02,"IAB1,IAB17,IAB9-7",V1-6,V1-6 (Gambling),category,False,True,V1-6,False,
account,6951f51a84cdc295ad688303,NExT Initiatives Limited,,,,,293.04,hardrock.bet,1855.36,0.02,"IAB1,IAB17,IAB9-7",V1-6,V1-6 (Gambling),category,False,True,V1-6,False,
app,6788b18b06da640011023eaf,Transsion OEM,6895ab291e65eaa858e986e8,Phonemaster,,,273.42,hardrock.bet,1855.36,0.02,"IAB1,IAB17,IAB9-7",V1-6,V1-6 (Gambling),category,False,True,V1-6,False,
app,561e8d976b8d90f61a00402a,Gameloft - Master Account,5873ca9f3a2fdbe202000596,Disney Magic Kingdoms,,,272.61,hardrock.bet,1855.36,0.01,"IAB1,IAB17,IAB9-7",V1-6,V1-6 (Gambling),category,False,True,V1-6,False,
account,57ab0b38c6ebd5c83300007e,Good Job Games (Azur),,,,,266.9,hardrock.bet,1855.36,0.01,"IAB1,IAB17,IAB9-7",V1-6,V1-6 (Gambling),category,False,True,V1-6,False,
account,6852951e892f9d0011d467c1,Tencent Music,,,,,260.61,hardrock.bet,1855.36,0.01,"IAB1,IAB17,IAB9-7",V1-6,V1-6 (Gambling),category,False,True,V1-6,False,
account,5f740e1f612b1a001509a07e,TP Entertainment,,,,,248.84,hardrock.bet,1855.36,0.01,"IAB1,IAB17,IAB9-7",V1-6,V1-6 (Gambling),category,False,True,V1-6,False,
account,5832fc12c94787f84d000222,TutoTOONS Limited,,,,,248.66,hardrock.bet,1855.36,0.1,"IAB1,IAB17,IAB9-7",V1-6,,domain,True,False,,False,
account,68415e707dd0f900116754fe,HelloTalk,,,,,241.03,hardrock.bet,1855.36,0.01,"IAB1,IAB17,IAB9-7",V1-6,V1-6 (Gambling),category,False,True,V1-6,False,
app,5e66975545dc130017c52cb8,2K,5e7e2bcf298b770001f9f92b,WWE SuperCard – Multiplayer Card Battle Game Android,,,240.46,hardrock.bet,1855.36,0.01,"IAB1,IAB17,IAB9-7",V1-6,V1-6 (Gambling),category,False,True,V1-6,False,
app,6788b18b06da640011023eaf,Transsion OEM,678a007052e0399f6534ab63,XOS Launcher,,,236.07,hardrock.bet,1855.36,0.01,"IAB1,IAB17,IAB9-7",V1-6,V1-6 (Gambling),category,False,True,V1-6,False,
account,5a8bdb7eee07eaab7100113a,Noktacom Media Corp.,,,,,226.19,hardrock.bet,1855.36,0.01,"IAB1,IAB17,IAB9-7",V1-6,V1-6 (Gambling),category,False,True,V1-6,False,
account,58fb280c667e4279600004a9,GD4Kids,,,,,224.95,hardrock.bet,1855.36,0.01,"IAB1,IAB17,IAB9-7",V1-6,V1-6 (Gambling),category,False,True,V1-6,False,
account,561e8d936b8d90f61a00139e,Yodo1,,,,,213.38,hardrock.bet,1855.36,0.01,"IAB1,IAB17,IAB9-7",V1-6,V1-6 (Gambling),category,False,True,V1-6,False,
app,561e8d976b8d90f61a003e2e,Murka,56348466dcec046847000033,Scatter Slots Murka Android,,,213.29,hardrock.bet,1855.36,0.01,"IAB1,IAB17,IAB9-7",V1-6,V1-6 (Gambling),category,False,True,V1-6,False,
account,6863d0817b40620011280a68,MYNET INTERNET TEKNOLOJI AS,,,,,211.97,hardrock.bet,1855.36,0.01,"IAB1,IAB17,IAB9-7",V1-6,V1-6 (Gambling),category,False,True,V1-6,False,
app,5fb510aa8072bf0015d8d59d,Tap2Play LLC,63ff72c440f9e74e6c22fc38,SHO_ANDROID_Shoot It,,,183.73,hardrock.bet,1855.36,0.01,"IAB1,IAB17,IAB9-7",V1-6,V1-6 (Gambling),category,False,True,V1-6,False,
app,561e8d936b8d90f61a00134a,Veraxen Ltd,671107b44e4ec015241367ad,Goods Sort Andr,,,181.76,hardrock.bet,1855.36,0.01,"IAB1,IAB17,IAB9-7",V1-6,V1-6 (Gambling),category,False,True,V1-6,False,
account,5eb538be15474a0017ff985f,DEVGAME OU,,,,,181.37,hardrock.bet,1855.36,0.01,"IAB1,IAB17,IAB9-7",V1-6,V1-6 (Gambling),category,False,True,V1-6,False,
account,65afbcd2dc68e70011e13631,Revani Limited,,,,,179.33,hardrock.bet,1855.36,0.01,"IAB1,IAB17,IAB9-7",V1-6,V1-6 (Gambling),category,False,True,V1-6,False,
account,561e8d976b8d90f61a003f63,smartstudy,,,,,175.94,hardrock.bet,1855.36,0.01,"IAB1,IAB17,IAB9-7",V1-6,V1-6 (Gambling),category,False,True,V1-6,False,
account,62e1450f4dbc53001a4249eb,BLUE HAT FZE LLC,,,,,173.77,hardrock.bet,1855.36,0.01,"IAB1,IAB17,IAB9-7",V1-6,V1-6 (Gambling),category,False,True,V1-6,False,
app,561e8d946b8d90f61a001926,WB Games,5e67195e73dde7000173d596,Mortal Kombat Android,,,166.94,hardrock.bet,1855.36,0.01,"IAB1,IAB17,IAB9-7",V1-6,V1-6 (Gambling),category,False,True,V1-6,False,
account,69ceb9e50e0891e59aa188ce,Candlelight Games Inc,,,,,151.54,hardrock.bet,1855.36,0.01,"IAB1,IAB17,IAB9-7",V1-6,V1-6 (Gambling),category,False,True,V1-6,False,
app,5ca2413d406d8e001260b34f,Coeur de Jeu,5ca241748936930019f2e166,Dazzly,,,144.57,hardrock.bet,1855.36,0.01,"IAB1,IAB17,IAB9-7",V1-6,V1-6 (Gambling),category,False,True,V1-6,False,
app,59e4bb543f0fa9a20900afa3,TabTale LTD,66c7102a18a521b865426011,Bus Frenzy,,,124.53,hardrock.bet,1855.36,0.01,"IAB1,IAB17,IAB9-7",V1-6,V1-6 (Gambling),category,False,True,V1-6,False,
account,5eecaeaded99620015f97c0c,Maglab Oyun Teknolojileri Bilişim Yazılım Tasarım Yay. Tic. A.Ş,,,,,113.57,hardrock.bet,1855.36,0.01,"IAB1,IAB17,IAB9-7",V1-6,V1-6 (Gambling),category,False,True,V1-6,False,
app,5fb510aa8072bf0015d8d59d,Tap2Play LLC,624452e28ddaecca4dff7afc,CRO_ANDROID_Crazy Office,,,106.89,hardrock.bet,1855.36,0.01,"IAB1,IAB17,IAB9-7",V1-6,V1-6 (Gambling),category,False,True,V1-6,False,
account,66d03ee46f113e0011988b4d,Ömer Sina Ceylan,,,,,100.39,hardrock.bet,1855.36,0.01,"IAB1,IAB17,IAB9-7",V1-6,V1-6 (Gambling),category,False,True,V1-6,False,
app,643d1561e09b08001442e672,Sliide,68d40d4f63e6cee0292ae24b,T-Mobile Play,,,1169.08,help.kalshi.com,53.99,0.01,IAB13,V2-10,V2-10 (Personal Finance),category,False,True,V2-10,False,
account,680ef700e2291a001165c3eb,HK01 Company Limited,,,,,1066.94,help.kalshi.com,53.99,0.01,IAB13,V2-10,V2-10 (Personal Finance),category,False,True,V2-10,False,
account,686c8b9cf56dd70011f46f36,株式会社MIXI,,,,,853.13,help.kalshi.com,53.99,0.01,IAB13,V2-10,V2-10 (Personal Finance),category,False,True,V2-10,False,
account,5746d3108e99b7da740000ad,MotionVolt Game Ltd,,,,,580.53,help.kalshi.com,53.99,0.01,IAB13,V2-10,V2-10 (Personal Finance),category,False,True,V2-10,False,
app,561e8d946b8d90f61a0017d9,Zentertain,59ce09fca81a003c170009ae,Wort Guru,,,391.18,help.kalshi.com,53.99,0.0,IAB13,V2-10,V2-10 (Personal Finance),category,False,True,V2-10,False,
app,561e8d966b8d90f61a0033c4,Moon Active,57173acc4e8b174875000026,My Cafe Android,,,357.66,help.kalshi.com,53.99,0.0,IAB13,V2-10,V2-10 (Personal Finance),category,False,True,V2-10,False,
app,56d55c72562b9c353800000d,Voodoo,62154ba2c1aeb964ddda691c,Wizz - Make new friends - iOS,,,328.32,help.kalshi.com,53.99,0.0,IAB13,V2-10,V2-10 (Personal Finance),category,False,True,V2-10,False,
account,64be49e17c1dd00011cb052e,LolTap,,,,,310.17,help.kalshi.com,53.99,0.0,IAB13,V2-10,V2-10 (Personal Finance),category,False,True,V2-10,False,
account,6852951e892f9d0011d467c1,Tencent Music,,,,,260.61,help.kalshi.com,53.99,0.0,IAB13,V2-10,V2-10 (Personal Finance),category,False,True,V2-10,False,
app,5efeed113191d60018f0f4e0,LY Corporation,6848d125575c21961f18f2e0,LINEウォーク(TW),,,207.16,help.kalshi.com,53.99,0.0,IAB13,V2-10,V2-10 (Personal Finance),category,False,True,V2-10,False,
account,69ceb9e50e0891e59aa188ce,Candlelight Games Inc,,,,,151.54,help.kalshi.com,53.99,0.0,IAB13,V2-10,V2-10 (Personal Finance),category,False,True,V2-10,False,
app,5efeed113191d60018f0f4e0,LY Corporation,6848d15bc195c4600e871733,LINEウォーク(TW),,,119.14,help.kalshi.com,53.99,0.0,IAB13,V2-10,V2-10 (Personal Finance),category,False,True,V2-10,False,
account,561e8d936b8d90f61a000455,Mobility Ware,,,,,103828.46,kalshi.com,74442.93,1720.35,"IAB13,IAB13-7",V2-10,,domain,True,False,,False,
account,68799f38babc2000110fe539,Duolingo,,,,,51089.77,kalshi.com,74442.93,846.51,"IAB13,IAB13-7",V2-10,,domain,True,False,,False,
account,5f73ab8ec84db80016b354bb,Audiomack Inc.,,,,,9371.51,kalshi.com,74442.93,155.28,"IAB13,IAB13-7",V2-10,,domain,True,False,,False,
account,6863fe9df000940011f80bcb,Chesscom LLC,,,,,4368.47,kalshi.com,74442.93,72.38,"IAB13,IAB13-7",V2-10,,domain,True,False,,False,
account,561e8d946b8d90f61a00183b,"Big Blue Bubble, Inc.",,,,,2701.59,kalshi.com,74442.93,44.76,"IAB13,IAB13-7",V2-10,,domain,True,False,,False,
app,643d1561e09b08001442e672,Sliide,68d40d4f63e6cee0292ae24b,T-Mobile Play,,,1169.08,kalshi.com,74442.93,19.32,"IAB13,IAB13-7",V2-10,V2-10 (Personal Finance),category,False,True,V2-10,False,
account,65241b8db3ff7d001153bca8,Onefootball Gmbh,,,,,1135.18,kalshi.com,74442.93,18.81,"IAB13,IAB13-7",V2-10,,domain,True,False,,False,
account,680ef700e2291a001165c3eb,HK01 Company Limited,,,,,1066.94,kalshi.com,74442.93,17.63,"IAB13,IAB13-7",V2-10,V2-10 (Personal Finance),category,False,True,V2-10,False,
account,686c8b9cf56dd70011f46f36,株式会社MIXI,,,,,853.13,kalshi.com,74442.93,14.1,"IAB13,IAB13-7",V2-10,V2-10 (Personal Finance),category,False,True,V2-10,False,
account,5746d3108e99b7da740000ad,MotionVolt Game Ltd,,,,,580.53,kalshi.com,74442.93,9.59,"IAB13,IAB13-7",V2-10,V2-10 (Personal Finance),category,False,True,V2-10,False,
app,561e8d946b8d90f61a0017d9,Zentertain,59ce09fca81a003c170009ae,Wort Guru,,,391.18,kalshi.com,74442.93,6.46,"IAB13,IAB13-7",V2-10,V2-10 (Personal Finance),category,False,True,V2-10,False,
app,561e8d966b8d90f61a0033c4,Moon Active,57173acc4e8b174875000026,My Cafe Android,,,357.66,kalshi.com,74442.93,5.91,"IAB13,IAB13-7",V2-10,V2-10 (Personal Finance),category,False,True,V2-10,False,
app,56d55c72562b9c353800000d,Voodoo,62154ba2c1aeb964ddda691c,Wizz - Make new friends - iOS,,,328.32,kalshi.com,74442.93,5.43,"IAB13,IAB13-7",V2-10,V2-10 (Personal Finance),category,False,True,V2-10,False,
account,64be49e17c1dd00011cb052e,LolTap,,,,,310.17,kalshi.com,74442.93,5.13,"IAB13,IAB13-7",V2-10,V2-10 (Personal Finance),category,False,True,V2-10,False,
account,6852951e892f9d0011d467c1,Tencent Music,,,,,260.61,kalshi.com,74442.93,4.31,"IAB13,IAB13-7",V2-10,V2-10 (Personal Finance),category,False,True,V2-10,False,
app,5efeed113191d60018f0f4e0,LY Corporation,6848d125575c21961f18f2e0,LINEウォーク(TW),,,207.16,kalshi.com,74442.93,3.42,"IAB13,IAB13-7",V2-10,V2-10 (Personal Finance),category,False,True,V2-10,False,
account,69ceb9e50e0891e59aa188ce,Candlelight Games Inc,,,,,151.54,kalshi.com,74442.93,2.5,"IAB13,IAB13-7",V2-10,V2-10 (Personal Finance),category,False,True,V2-10,False,
app,5efeed113191d60018f0f4e0,LY Corporation,6848d15bc195c4600e871733,LINEウォーク(TW),,,119.14,kalshi.com,74442.93,1.97,"IAB13,IAB13-7",V2-10,V2-10 (Personal Finance),category,False,True,V2-10,False,
account,68799f38babc2000110fe539,Duolingo,,,,,51089.77,ladbrokes.com,412.21,4.69,IAB9,,,domain,True,False,,False,
account,69834b2ea3ac73e99b7077db,Teamsnap,,,,,5271.41,ladbrokes.com,412.21,0.48,IAB9,,,domain,True,False,,False,
account,561e8d936b8d90f61a00134a,Veraxen Ltd,,,,,4262.02,ladbrokes.com,412.21,0.39,IAB9,,,domain,True,False,,False,
app,5a53889945eaab512501251e,AddApptr GmbH,627a7fad9a5916612c6cb77e,IT-PM_Futbin_iOS,,,2708.89,ladbrokes.com,412.21,0.25,IAB9,,,domain,True,False,,False,
account,68f9f5db75ceafc7a8ee6155,LiveScore,,,,,1978.07,ladbrokes.com,412.21,0.18,IAB9,,,domain,True,False,,False,
account,5b975fcedc73276356309362,OAKEVER GAMES PTE LTD,,,,,205458.71,m.betclic.pt,486.03,22.23,IAB9-7,V1-6,V1-6 (Gambling),category,False,True,V1-6,False,
account,68799f38babc2000110fe539,Duolingo,,,,,51089.77,m.betclic.pt,486.03,5.53,IAB9-7,V1-6,V1-6 (Gambling),domain+category,True,True,V1-6,False,
app,67c01767cc8ae200116e5d00,Skywork AI PTELTD,689b0fdef369593cb0e287e9,FreeReels-安卓,,,39398.86,m.betclic.pt,486.03,4.26,IAB9-7,V1-6,V1-6 (Gambling),category,False,True,V1-6,False,
account,5d3a5de9ddc71000189c7a84,"Shanghai Linguan Data Co., Ltd.",,,,,27886.52,m.betclic.pt,486.03,3.02,IAB9-7,V1-6,V1-6 (Gambling),category,False,True,V1-6,False,
account,66f36da16f113e0011999ff8,Meitu China,,,,,24584.12,m.betclic.pt,486.03,2.66,IAB9-7,V1-6,V1-6 (Gambling),category,False,True,V1-6,False,
account,64c3551f1e5137001122d418,BYTEDANCE PTE LTD,,,,,21052.62,m.betclic.pt,486.03,2.28,IAB9-7,V1-6,V1-6 (Gambling),category,False,True,V1-6,False,
app,69379d46192ce0aadaecc874,Particle Media Inc,69437e6fed3b627e3079edb8,NewsBreak: Local News & Alerts,,,20734.58,m.betclic.pt,486.03,2.24,IAB9-7,V1-6,V1-6 (Gambling),category,False,True,V1-6,False,
account,5b1526a7de961d3317b1d475,X-FLOW LTD,,,,,19213.74,m.betclic.pt,486.03,2.08,IAB9-7,V1-6,V1-6 (Gambling),category,False,True,V1-6,False,
account,65532f6b6cdf5900118d1f51,STORYMATRIX PTE LTD,,,,,13494.6,m.betclic.pt,486.03,1.46,IAB9-7,V1-6,V1-6 (Gambling),category,False,True,V1-6,False,
account,5efeed113191d60018f0f4e0,LY Corporation,,,,,13491.98,m.betclic.pt,486.03,1.46,IAB9-7,V1-6,V1-6 (Gambling),category,False,True,V1-6,False,
account,64075f57d6da1900141e5aba,Code Dish GmbH,,,,,11682.04,m.betclic.pt,486.03,1.26,IAB9-7,V1-6,V1-6 (Gambling),category,False,True,V1-6,False,
account,67b5b2c077bd1c00117b9adc,Sofa IT doo,,,,,11321.77,m.betclic.pt,486.03,1.22,IAB9-7,V1-6,V1-6 (Gambling),category,False,True,V1-6,False,
account,5c52bd6ffbeb402419bef87d,SYBO Games,,,,,9010.28,m.betclic.pt,486.03,0.97,IAB9-7,V1-6,V1-6 (Gambling),category,False,True,V1-6,False,
account,680748860437920011951532,BeSoccer,,,,,7540.87,m.betclic.pt,486.03,0.82,IAB9-7,V1-6,V1-6 (Gambling),category,False,True,V1-6,False,
app,5aafdd4a0520357fabf54aa6,Badoo,5aafe5c62567717fa575bfc1,Badoo - The Dating App,,,7054.85,m.betclic.pt,486.03,0.76,IAB9-7,V1-6,V1-6 (Gambling),category,False,True,V1-6,False,
account,5d8880f1444f7200181b5e1d,Lihuhu,,,,,6699.63,m.betclic.pt,486.03,0.72,IAB9-7,V1-6,V1-6 (Gambling),category,False,True,V1-6,False,
account,69834b2ea3ac73e99b7077db,Teamsnap,,,,,5271.41,m.betclic.pt,486.03,0.57,IAB9-7,V1-6,V1-6 (Gambling),category,False,True,V1-6,False,
account,5e3692d21cd3cb0018dd4329,SuperSonic Studios,,,,,5156.38,m.betclic.pt,486.03,0.56,IAB9-7,V1-6,V1-6 (Gambling),category,False,True,V1-6,False,
account,677cecb33b9ea20011273987,Gravity Labs,,,,,5014.63,m.betclic.pt,486.03,0.54,IAB9-7,V1-6,V1-6 (Gambling),category,False,True,V1-6,False,
account,6863fe9df000940011f80bcb,Chesscom LLC,,,,,4368.47,m.betclic.pt,486.03,0.47,IAB9-7,V1-6,V1-6 (Gambling),category,False,True,V1-6,False,
account,561e8d956b8d90f61a003365,Fingersoft Oy,,,,,3854.39,m.betclic.pt,486.03,0.42,IAB9-7,V1-6,V1-6 (Gambling),category,False,True,V1-6,False,
app,561e8d936b8d90f61a00134a,Veraxen Ltd,524ad17f92fcd29365000006,Jigsaw Collection HD,,,3443.48,m.betclic.pt,486.03,0.37,IAB9-7,V1-6,V1-6 (Gambling),category,False,True,V1-6,False,
account,65e71ba517069f0011a36cfa,Rounds,,,,,3421.73,m.betclic.pt,486.03,0.37,IAB9-7,V1-6,V1-6 (Gambling),category,False,True,V1-6,False,
account,5d130cdf37472100170775e1,Puzzle1Studio,,,,,3246.32,m.betclic.pt,486.03,0.35,IAB9-7,V1-6,V1-6 (Gambling),category,False,True,V1-6,False,
account,643d1561e09b08001442e672,Sliide,,,,,3129.23,m.betclic.pt,486.03,0.34,IAB9-7,V1-6,V1-6 (Gambling),category,False,True,V1-6,False,
account,561e8d936b8d90f61a001260,MAG Interactive,,,,,3089.8,m.betclic.pt,486.03,0.33,IAB9-7,V1-6,V1-6 (Gambling),category,False,True,V1-6,False,
account,59bbfb5389df7b9d3b000840,Trebel Music,,,,,3005.02,m.betclic.pt,486.03,0.33,IAB9-7,V1-6,V1-6 (Gambling),category,False,True,V1-6,False,
account,630d8dbfb1095d001bb0f04a,Bitsmedia Pte Ltd,,,,,2940.68,m.betclic.pt,486.03,0.32,IAB9-7,V1-6,V1-6 (Gambling),category,False,True,V1-6,False,
account,602ad40427689c0015fb2d9e,PhotoCircle Inc.,,,,,2816.29,m.betclic.pt,486.03,0.3,IAB9-7,V1-6,V1-6 (Gambling),category,False,True,V1-6,False,
account,668fb233514c00001146f038,Free VPN Planet SRL,,,,,2758.7,m.betclic.pt,486.03,0.3,IAB9-7,V1-6,V1-6 (Gambling),category,False,True,V1-6,False,
account,641d8986be2b36001370ca2a,Mackolik,,,,,2748.7,m.betclic.pt,486.03,0.3,IAB9-7,V1-6,V1-6 (Gambling),category,False,True,V1-6,False,
account,57fb4876297c8ce634000039,AbiGroup,,,,,2736.86,m.betclic.pt,486.03,0.3,IAB9-7,V1-6,V1-6 (Gambling),category,False,True,V1-6,False,
app,5a53889945eaab512501251e,AddApptr GmbH,627a7fad9a5916612c6cb77e,IT-PM_Futbin_iOS,,,2708.89,m.betclic.pt,486.03,0.29,IAB9-7,V1-6,V1-6 (Gambling),category,False,True,V1-6,False,
account,561e8d946b8d90f61a00183b,"Big Blue Bubble, Inc.",,,,,2701.59,m.betclic.pt,486.03,0.29,IAB9-7,V1-6,V1-6 (Gambling),category,False,True,V1-6,False,
app,561e8d966b8d90f61a0033c4,Moon Active,6874fa4e61fad0cbc8862a9e,Hole Stars,,,2673.03,m.betclic.pt,486.03,0.29,IAB9-7,V1-6,V1-6 (Gambling),category,False,True,V1-6,False,
account,64b7f29fcca9af0011fd585d,Sonderads,,,,,2655.44,m.betclic.pt,486.03,0.29,IAB9-7,V1-6,V1-6 (Gambling),category,False,True,V1-6,False,
account,604ec2ae5a93950016a63fdd,"Gstarsoft Co.,ltd",,,,,2582.86,m.betclic.pt,486.03,0.28,IAB9-7,V1-6,V1-6 (Gambling),category,False,True,V1-6,False,
app,56d55c72562b9c353800000d,Voodoo,6623f108853bc6953cc5709d,BeReal iOS,,,2388.85,m.betclic.pt,486.03,0.26,IAB9-7,V1-6,V1-6 (Gambling),category,False,True,V1-6,False,
app,59e4bb543f0fa9a20900afa3,TabTale LTD,641854429091f900e1111e9a,Glow: Fashion Idol iOS_CL,,,2381.61,m.betclic.pt,486.03,0.26,IAB9-7,V1-6,V1-6 (Gambling),category,False,True,V1-6,False,
account,60c71d9d6b22ac0017d0bca4,AnyMind Group,,,,,2341.64,m.betclic.pt,486.03,0.25,IAB9-7,V1-6,V1-6 (Gambling),category,False,True,V1-6,False,
account,5fc7301f7a7f0200153979c7,Aged Studio Limited,,,,,2269.61,m.betclic.pt,486.03,0.25,IAB9-7,V1-6,V1-6 (Gambling),category,False,True,V1-6,False,
account,6376f00f3d02dc001b2940b6,MICHAT PTE. LIMITED,,,,,2161.51,m.betclic.pt,486.03,0.23,IAB9-7,V1-6,V1-6 (Gambling),category,False,True,V1-6,False,
account,68f9f5db75ceafc7a8ee6155,LiveScore,,,,,1978.07,m.betclic.pt,486.03,0.21,IAB9-7,V1-6,V1-6 (Gambling),category,False,True,V1-6,False,
account,561e8d956b8d90f61a0030cf,Ketchapp,,,,,1857.43,m.betclic.pt,486.03,0.2,IAB9-7,V1-6,V1-6 (Gambling),category,False,True,V1-6,False,
account,66aafef7514c00001147c0c9,FARSUN PTE LTD,,,,,1663.8,m.betclic.pt,486.03,0.18,IAB9-7,V1-6,V1-6 (Gambling),category,False,True,V1-6,False,
account,561e8d956b8d90f61a0026fb,Gametion,,,,,1550.37,m.betclic.pt,486.03,0.17,IAB9-7,V1-6,V1-6 (Gambling),category,False,True,V1-6,False,
account,60013911308f3f00157538f4,"Wonder Kingdom Co., Limited",,,,,1478.69,m.betclic.pt,486.03,0.16,IAB9-7,V1-6,V1-6 (Gambling),category,False,True,V1-6,False,
account,67e466df11985900110edd85,Activision Blizzard Media,,,,,1255.74,m.betclic.pt,486.03,0.14,IAB9-7,V1-6,V1-6 (Gambling),category,False,True,V1-6,False,
app,6788b18b06da640011023eaf,Transsion OEM,678a0872a18672e70722ee72,palmplaystore,,,1181.3,m.betclic.pt,486.03,0.13,IAB9-7,V1-6,V1-6 (Gambling),category,False,True,V1-6,False,
account,680ef700e2291a001165c3eb,HK01 Company Limited,,,,,1066.94,m.betclic.pt,486.03,0.12,IAB9-7,V1-6,V1-6 (Gambling),category,False,True,V1-6,False,
account,57c05f735b2bd4fa24000030,Severex,,,,,1055.13,m.betclic.pt,486.03,0.11,IAB9-7,V1-6,V1-6 (Gambling),category,False,True,V1-6,False,
account,64219c0480513f00143dbdc5,Match en Direct,,,,,1006.84,m.betclic.pt,486.03,0.11,IAB9-7,V1-6,V1-6 (Gambling),category,False,True,V1-6,False,
account,5a6f56062c250d182f0056f3,Kwalee Ltd,,,,,960.59,m.betclic.pt,486.03,0.1,IAB9-7,V1-6,V1-6 (Gambling),category,False,True,V1-6,False,
account,62ea666c62b76e001b3eca4f,LLC East-Games,,,,,927.24,m.betclic.pt,486.03,0.1,IAB9-7,V1-6,V1-6 (Gambling),category,False,True,V1-6,False,
account,5a9d60d3b1c1666c2e0056ba,Homa Games,,,,,924.14,m.betclic.pt,486.03,0.1,IAB9-7,V1-6,V1-6 (Gambling),category,False,True,V1-6,False,
app,6297c4bc012073001b3df035,Yandex Inc.,69297e78b88dcb4daa968fa5,tds-easyapp_com-anoshenko-android-solitaires,,,899.98,m.betclic.pt,486.03,0.1,IAB9-7,V1-6,V1-6 (Gambling),category,False,True,V1-6,False,
account,57738b4fc76658df57000069,Hipster Whale,,,,,859.95,m.betclic.pt,486.03,0.09,IAB9-7,V1-6,V1-6 (Gambling),category,False,True,V1-6,False,
account,686c8b9cf56dd70011f46f36,株式会社MIXI,,,,,853.13,m.betclic.pt,486.03,0.09,IAB9-7,V1-6,V1-6 (Gambling),category,False,True,V1-6,False,
account,59edd2fb2410479748002dd0,Free Block Puzzle Games Inc.,,,,,837.38,m.betclic.pt,486.03,0.09,IAB9-7,V1-6,V1-6 (Gambling),category,False,True,V1-6,False,
app,561e8d966b8d90f61a003414,Scopely,579c0497be7334703a000072,Wheel of Fortune - iOS,,,784.72,m.betclic.pt,486.03,0.08,IAB9-7,V1-6,V1-6 (Gambling),category,False,True,V1-6,False,
account,5ed79bc0705d4100103d3ecd,Dramaton LTD,,,,,784.32,m.betclic.pt,486.03,0.08,IAB9-7,V1-6,V1-6 (Gambling),category,False,True,V1-6,False,
account,5f6830b5352f2900152f8a5a,Playspare,,,,,775.39,m.betclic.pt,486.03,0.08,IAB9-7,V1-6,V1-6 (Gambling),category,False,True,V1-6,False,
account,63b3f932d7c5be001b86305f,hmbl,,,,,770.76,m.betclic.pt,486.03,0.08,IAB9-7,V1-6,V1-6 (Gambling),category,False,True,V1-6,False,
account,5e66975545dc130017c52cb8,2K,,,,,743.79,m.betclic.pt,486.03,0.08,IAB9-7,V1-6,V1-6 (Gambling),category,False,True,V1-6,False,
app,6297c4bc012073001b3df035,Yandex Inc.,691db66d63ddd979c47b5da1,yurihead_com-infoshell-recradio,,,707.53,m.betclic.pt,486.03,0.08,IAB9-7,V1-6,V1-6 (Gambling),category,False,True,V1-6,False,
app,59e4bb543f0fa9a20900afa3,TabTale LTD,5c8661882c668752470f7fc5,Amaze iOS_CL,,,703.65,m.betclic.pt,486.03,0.08,IAB9-7,V1-6,V1-6 (Gambling),category,False,True,V1-6,False,
account,561e8d936b8d90f61a0011da,Tactile Entertainment,,,,,700.43,m.betclic.pt,486.03,0.08,IAB9-7,V1-6,V1-6 (Gambling),category,False,True,V1-6,False,
account,561e8d956b8d90f61a0028f7,Nexters Global LTD,,,,,680.12,m.betclic.pt,486.03,0.07,IAB9-7,V1-6,V1-6 (Gambling),category,False,True,V1-6,False,
app,561e8d946b8d90f61a002087,Rovio,651283dcb30c764e0a120808,Angry Birds Dream Blast (Spender),,,675.42,m.betclic.pt,486.03,0.07,IAB9-7,V1-6,V1-6 (Gambling),category,False,True,V1-6,False,
account,652f4f00b1392d0011254667,杭州视洞科技有限公司,,,,,636.54,m.betclic.pt,486.03,0.07,IAB9-7,V1-6,V1-6 (Gambling),category,False,True,V1-6,False,
account,67bda2410543d20011d5130f,Yalla Group,,,,,634.07,m.betclic.pt,486.03,0.07,IAB9-7,V1-6,V1-6 (Gambling),category,False,True,V1-6,False,
app,6788b18b06da640011023eaf,Transsion OEM,6791e248ffda0af1dd8c4549,moviebox,,,633.0,m.betclic.pt,486.03,0.07,IAB9-7,V1-6,V1-6 (Gambling),category,False,True,V1-6,False,
account,561e8d936b8d90f61a000cd1,InnoGames GmbH,,,,,623.45,m.betclic.pt,486.03,0.07,IAB9-7,V1-6,V1-6 (Gambling),category,False,True,V1-6,False,
account,65cb5af6a3d8e1001191d9d7,GameDuell GmbH,,,,,607.84,m.betclic.pt,486.03,0.07,IAB9-7,V1-6,V1-6 (Gambling),category,False,True,V1-6,False,
app,561e8d966b8d90f61a0033c4,Moon Active,6963b8c8a37bf42bb0723c32,Jelly Busters iOS,,,585.69,m.betclic.pt,486.03,0.06,IAB9-7,V1-6,V1-6 (Gambling),category,False,True,V1-6,False,
account,649435c2b588d00011c1b496,Rebel Family,,,,,585.1,m.betclic.pt,486.03,0.06,IAB9-7,V1-6,V1-6 (Gambling),category,False,True,V1-6,False,
account,5746d3108e99b7da740000ad,MotionVolt Game Ltd,,,,,580.53,m.betclic.pt,486.03,0.06,IAB9-7,V1-6,V1-6 (Gambling),category,False,True,V1-6,False,
app,561e8d956b8d90f61a003219,"Appodeal, Inc.",5912fb91085bcd9d5d00102a,com.MadOut.BIG/74079,,,530.41,m.betclic.pt,486.03,0.06,IAB9-7,V1-6,V1-6 (Gambling),category,False,True,V1-6,False,
app,60c71d9d6b22ac0017d0bca4,AnyMind Group,685bd663e06142e32ada8192,VN_Interlink_Android,,,521.61,m.betclic.pt,486.03,0.06,IAB9-7,V1-6,V1-6 (Gambling),category,False,True,V1-6,False,
account,65088cbbc79cc700111adcc5,Puzzlecats,,,,,510.69,m.betclic.pt,486.03,0.06,IAB9-7,V1-6,V1-6 (Gambling),category,False,True,V1-6,False,
app,6788b18b06da640011023eaf,Transsion OEM,68ec648fbea871f372009b41,XOS Launcher Split,,,495.92,m.betclic.pt,486.03,0.05,IAB9-7,V1-6,V1-6 (Gambling),category,False,True,V1-6,False,
app,5fb510aa8072bf0015d8d59d,Tap2Play LLC,60a4d2c2cf4957c21093d8b5,CMS_IOS_Count Masters,,,486.11,m.betclic.pt,486.03,0.05,IAB9-7,V1-6,V1-6 (Gambling),category,False,True,V1-6,False,
account,57ea2d4eded16aa12b0000ab,SuperBOX,,,,,478.74,m.betclic.pt,486.03,0.05,IAB9-7,V1-6,V1-6 (Gambling),category,False,True,V1-6,False,
app,5fb510aa8072bf0015d8d59d,Tap2Play LLC,60e41f4d76d07ccbb31c2f6f,FTR_ANDROID_Fidget Trading,,,474.28,m.betclic.pt,486.03,0.05,IAB9-7,V1-6,V1-6 (Gambling),category,False,True,V1-6,False,
app,59e4bb543f0fa9a20900afa3,TabTale LTD,5fa952a8447cc63a415502da,Phone Case DIY iOS_CL,,,458.87,m.betclic.pt,486.03,0.05,IAB9-7,V1-6,V1-6 (Gambling),category,False,True,V1-6,False,
app,5c2e46140360b14200b6259c,Super Free Games,5c9a92cf986bfc0017807c86,Word Collect iOS,,,449.18,m.betclic.pt,486.03,0.05,IAB9-7,V1-6,V1-6 (Gambling),category,False,True,V1-6,False,
account,68a733e9213ed4ecfa1fad75,CASHGRAIL PRIVATE LIMITED,,,,,437.65,m.betclic.pt,486.03,0.05,IAB9-7,V1-6,V1-6 (Gambling),category,False,True,V1-6,False,
app,561e8d966b8d90f61a0033c4,Moon Active,689afb00a1e0ba6b5d6a0fa7,Merge Hotel Empire: Design,,,396.41,m.betclic.pt,486.03,0.04,IAB9-7,V1-6,V1-6 (Gambling),category,False,True,V1-6,False,
app,561e8d946b8d90f61a0017d9,Zentertain,59ce09fca81a003c170009ae,Wort Guru,,,391.18,m.betclic.pt,486.03,0.04,IAB9-7,V1-6,V1-6 (Gambling),category,False,True,V1-6,False,
app,56c3a378adccd1cb7e00000a,Zynga,5ea35a7efbd5250001dec930,Harry Potter,,,390.77,m.betclic.pt,486.03,0.04,IAB9-7,V1-6,V1-6 (Gambling),category,False,True,V1-6,False,
app,561e8d946b8d90f61a002087,Rovio,6512ae485551fd9849db8def,Angry Birds Dream Blast (Spender),,,387.4,m.betclic.pt,486.03,0.04,IAB9-7,V1-6,V1-6 (Gambling),category,False,True,V1-6,False,
app,561e8d966b8d90f61a0033c4,Moon Active,57173acc4e8b174875000026,My Cafe Android,,,357.66,m.betclic.pt,486.03,0.04,IAB9-7,V1-6,V1-6 (Gambling),category,False,True,V1-6,False,
account,6228871f2435180014928c15,madarsoft,,,,,354.02,m.betclic.pt,486.03,0.04,IAB9-7,V1-6,V1-6 (Gambling),category,False,True,V1-6,False,
account,57161e4b90ba5de06e000059,OFFICE CREATE Corp.,,,,,335.75,m.betclic.pt,486.03,0.04,IAB9-7,V1-6,V1-6 (Gambling),category,False,True,V1-6,False,
account,5ac21c1686dad73ecbc17757,NORTH STAR,,,,,335.45,m.betclic.pt,486.03,0.04,IAB9-7,V1-6,V1-6 (Gambling),category,False,True,V1-6,False,
account,637bfae8059dbe0014b199dc,Naver Z Corporation,,,,,329.8,m.betclic.pt,486.03,0.04,IAB9-7,V1-6,V1-6 (Gambling),category,False,True,V1-6,False,
app,56d55c72562b9c353800000d,Voodoo,62154ba2c1aeb964ddda691c,Wizz - Make new friends - iOS,,,328.32,m.betclic.pt,486.03,0.04,IAB9-7,V1-6,V1-6 (Gambling),category,False,True,V1-6,False,
account,673ed5063800780011af0611,Image Future Investment (HK) Limite,,,,,327.82,m.betclic.pt,486.03,0.04,IAB9-7,V1-6,V1-6 (Gambling),category,False,True,V1-6,False,
app,5981a22bcf89a5b87f001edf,ROCKETADS LTD BV,67b554672363a440422ff5b1,Grus - Fashion Impress iOS,,,322.11,m.betclic.pt,486.03,0.03,IAB9-7,V1-6,V1-6 (Gambling),category,False,True,V1-6,False,
account,64be49e17c1dd00011cb052e,LolTap,,,,,310.17,m.betclic.pt,486.03,0.03,IAB9-7,V1-6,V1-6 (Gambling),category,False,True,V1-6,False,
app,6247027c20721a0018bb6528,First Touch Games,64787b6711f74ed45246d310,Score! Hero,,,300.07,m.betclic.pt,486.03,0.03,IAB9-7,V1-6,V1-6 (Gambling),category,False,True,V1-6,False,
account,6951f51a84cdc295ad688303,NExT Initiatives Limited,,,,,293.04,m.betclic.pt,486.03,0.03,IAB9-7,V1-6,V1-6 (Gambling),category,False,True,V1-6,False,
app,6788b18b06da640011023eaf,Transsion OEM,6895ab291e65eaa858e986e8,Phonemaster,,,273.42,m.betclic.pt,486.03,0.03,IAB9-7,V1-6,V1-6 (Gambling),category,False,True,V1-6,False,
app,561e8d976b8d90f61a00402a,Gameloft - Master Account,5873ca9f3a2fdbe202000596,Disney Magic Kingdoms,,,272.61,m.betclic.pt,486.03,0.03,IAB9-7,V1-6,V1-6 (Gambling),category,False,True,V1-6,False,
account,57ab0b38c6ebd5c83300007e,Good Job Games (Azur),,,,,266.9,m.betclic.pt,486.03,0.03,IAB9-7,V1-6,V1-6 (Gambling),category,False,True,V1-6,False,
account,6852951e892f9d0011d467c1,Tencent Music,,,,,260.61,m.betclic.pt,486.03,0.03,IAB9-7,V1-6,V1-6 (Gambling),category,False,True,V1-6,False,
account,5f740e1f612b1a001509a07e,TP Entertainment,,,,,248.84,m.betclic.pt,486.03,0.03,IAB9-7,V1-6,V1-6 (Gambling),category,False,True,V1-6,False,
account,68415e707dd0f900116754fe,HelloTalk,,,,,241.03,m.betclic.pt,486.03,0.03,IAB9-7,V1-6,V1-6 (Gambling),category,False,True,V1-6,False,
app,5e66975545dc130017c52cb8,2K,5e7e2bcf298b770001f9f92b,WWE SuperCard – Multiplayer Card Battle Game Android,,,240.46,m.betclic.pt,486.03,0.03,IAB9-7,V1-6,V1-6 (Gambling),category,False,True,V1-6,False,
app,6788b18b06da640011023eaf,Transsion OEM,678a007052e0399f6534ab63,XOS Launcher,,,236.07,m.betclic.pt,486.03,0.03,IAB9-7,V1-6,V1-6 (Gambling),category,False,True,V1-6,False,
account,5a8bdb7eee07eaab7100113a,Noktacom Media Corp.,,,,,226.19,m.betclic.pt,486.03,0.02,IAB9-7,V1-6,V1-6 (Gambling),category,False,True,V1-6,False,
account,58fb280c667e4279600004a9,GD4Kids,,,,,224.95,m.betclic.pt,486.03,0.02,IAB9-7,V1-6,V1-6 (Gambling),category,False,True,V1-6,False,
account,561e8d936b8d90f61a00139e,Yodo1,,,,,213.38,m.betclic.pt,486.03,0.02,IAB9-7,V1-6,V1-6 (Gambling),category,False,True,V1-6,False,
app,561e8d976b8d90f61a003e2e,Murka,56348466dcec046847000033,Scatter Slots Murka Android,,,213.29,m.betclic.pt,486.03,0.02,IAB9-7,V1-6,V1-6 (Gambling),category,False,True,V1-6,False,
account,6863d0817b40620011280a68,MYNET INTERNET TEKNOLOJI AS,,,,,211.97,m.betclic.pt,486.03,0.02,IAB9-7,V1-6,V1-6 (Gambling),category,False,True,V1-6,False,
app,5fb510aa8072bf0015d8d59d,Tap2Play LLC,63ff72c440f9e74e6c22fc38,SHO_ANDROID_Shoot It,,,183.73,m.betclic.pt,486.03,0.02,IAB9-7,V1-6,V1-6 (Gambling),category,False,True,V1-6,False,
app,561e8d936b8d90f61a00134a,Veraxen Ltd,671107b44e4ec015241367ad,Goods Sort Andr,,,181.76,m.betclic.pt,486.03,0.02,IAB9-7,V1-6,V1-6 (Gambling),category,False,True,V1-6,False,
account,5eb538be15474a0017ff985f,DEVGAME OU,,,,,181.37,m.betclic.pt,486.03,0.02,IAB9-7,V1-6,V1-6 (Gambling),category,False,True,V1-6,False,
account,65afbcd2dc68e70011e13631,Revani Limited,,,,,179.33,m.betclic.pt,486.03,0.02,IAB9-7,V1-6,V1-6 (Gambling),category,False,True,V1-6,False,
account,561e8d976b8d90f61a003f63,smartstudy,,,,,175.94,m.betclic.pt,486.03,0.02,IAB9-7,V1-6,V1-6 (Gambling),category,False,True,V1-6,False,
account,62e1450f4dbc53001a4249eb,BLUE HAT FZE LLC,,,,,173.77,m.betclic.pt,486.03,0.02,IAB9-7,V1-6,V1-6 (Gambling),category,False,True,V1-6,False,
app,561e8d946b8d90f61a001926,WB Games,5e67195e73dde7000173d596,Mortal Kombat Android,,,166.94,m.betclic.pt,486.03,0.02,IAB9-7,V1-6,V1-6 (Gambling),category,False,True,V1-6,False,
account,69ceb9e50e0891e59aa188ce,Candlelight Games Inc,,,,,151.54,m.betclic.pt,486.03,0.02,IAB9-7,V1-6,V1-6 (Gambling),category,False,True,V1-6,False,
app,5ca2413d406d8e001260b34f,Coeur de Jeu,5ca241748936930019f2e166,Dazzly,,,144.57,m.betclic.pt,486.03,0.02,IAB9-7,V1-6,V1-6 (Gambling),category,False,True,V1-6,False,
app,59e4bb543f0fa9a20900afa3,TabTale LTD,66c7102a18a521b865426011,Bus Frenzy,,,124.53,m.betclic.pt,486.03,0.01,IAB9-7,V1-6,V1-6 (Gambling),category,False,True,V1-6,False,
account,5eecaeaded99620015f97c0c,Maglab Oyun Teknolojileri Bilişim Yazılım Tasarım Yay. Tic. A.Ş,,,,,113.57,m.betclic.pt,486.03,0.01,IAB9-7,V1-6,V1-6 (Gambling),category,False,True,V1-6,False,
app,5fb510aa8072bf0015d8d59d,Tap2Play LLC,624452e28ddaecca4dff7afc,CRO_ANDROID_Crazy Office,,,106.89,m.betclic.pt,486.03,0.01,IAB9-7,V1-6,V1-6 (Gambling),category,False,True,V1-6,False,
account,66d03ee46f113e0011988b4d,Ömer Sina Ceylan,,,,,100.39,m.betclic.pt,486.03,0.01,IAB9-7,V1-6,V1-6 (Gambling),category,False,True,V1-6,False,
app,685efaf2892f9d0011d7b87f,The Weather Company,685f0edd6d5c129491a495a9,Weather - The Weather Channel,,,23269.13,matryoshka.com,26.64,0.14,IAB9,,,domain,True,False,,False,
account,69834b2ea3ac73e99b7077db,Teamsnap,,,,,5271.41,matryoshka.com,26.64,0.03,IAB9,,,domain,True,False,,False,
account,69834b2ea3ac73e99b7077db,Teamsnap,,,,,5271.41,novig.us,298.31,0.35,IAB17,,,domain,True,False,,False,
account,561e8d936b8d90f61a00134a,Veraxen Ltd,,,,,4262.02,on.betrivers.ca,0.0,0.0,,,,domain,True,False,,False,
app,56c3a378adccd1cb7e00000a,Zynga,5ea35a7efbd5250001dec930,Harry Potter,,,390.77,on.betrivers.ca,0.0,0.0,,,,domain,True,False,,False,
account,561e8d936b8d90f61a000455,Mobility Ware,,,,,103828.46,polymarket.us,9570.91,221.18,IAB12,V2-2,V2-2 (News),category,False,True,V2-2,False,
app,69379d46192ce0aadaecc874,Particle Media Inc,69437e6fed3b627e3079edb8,NewsBreak: Local News & Alerts,,,20734.58,polymarket.us,9570.91,44.17,IAB12,V2-2,V2-2 (News),category,False,True,V2-2,False,
account,5af5b8f9e408f136156e7cae,"Zedge, Inc.",,,,,17401.01,polymarket.us,9570.91,37.07,IAB12,V2-2,V2-2 (News),category,False,True,V2-2,False,
account,561e8d966b8d90f61a003414,Scopely,,,,,16909.74,polymarket.us,9570.91,36.02,IAB12,V2-2,V2-2 (News),category,False,True,V2-2,False,
account,59fb487bbe77065f5800afc3,Azur Games,,,,,7465.11,polymarket.us,9570.91,15.9,IAB12,V2-2,V2-2 (News),category,False,True,V2-2,False,
app,561e8d936b8d90f61a00134a,Veraxen Ltd,524ad17f92fcd29365000006,Jigsaw Collection HD,,,3443.48,polymarket.us,9570.91,7.34,IAB12,V2-2,V2-2 (News),category,False,True,V2-2,False,
account,6093fd75b33a50001533d418,Goodgame Studios,,,,,2924.89,polymarket.us,9570.91,6.23,IAB12,V2-2,V2-2 (News),category,False,True,V2-2,False,
account,561e8d936b8d90f61a000da4,XIMAD Inc.,,,,,1220.41,polymarket.us,9570.91,2.6,IAB12,V2-2,V2-2 (News),category,False,True,V2-2,False,
account,65241b8db3ff7d001153bca8,Onefootball Gmbh,,,,,1135.18,polymarket.us,9570.91,2.42,IAB12,V2-2,V2-2 (News),category,False,True,V2-2,False,
account,680ef700e2291a001165c3eb,HK01 Company Limited,,,,,1066.94,polymarket.us,9570.91,2.27,IAB12,V2-2,V2-2 (News),category,False,True,V2-2,False,
account,561e8d956b8d90f61a0028f7,Nexters Global LTD,,,,,680.12,polymarket.us,9570.91,1.45,IAB12,V2-2,V2-2 (News),category,False,True,V2-2,False,
app,561e8d946b8d90f61a0017d9,Zentertain,59ce09fca81a003c170009ae,Wort Guru,,,391.18,polymarket.us,9570.91,0.83,IAB12,V2-2,V2-2 (News),category,False,True,V2-2,False,
app,56d55c72562b9c353800000d,Voodoo,62154ba2c1aeb964ddda691c,Wizz - Make new friends - iOS,,,328.32,polymarket.us,9570.91,0.7,IAB12,V2-2,V2-2 (News),category,False,True,V2-2,False,
account,64be49e17c1dd00011cb052e,LolTap,,,,,310.17,polymarket.us,9570.91,0.66,IAB12,V2-2,V2-2 (News),category,False,True,V2-2,False,
account,5832fc12c94787f84d000222,TutoTOONS Limited,,,,,248.66,polymarket.us,9570.91,0.53,IAB12,V2-2,V2-2 (News),category,False,True,V2-2,False,
app,561e8d936b8d90f61a00134a,Veraxen Ltd,671107b44e4ec015241367ad,Goods Sort Andr,,,181.76,polymarket.us,9570.91,0.39,IAB12,V2-2,V2-2 (News),category,False,True,V2-2,False,
account,68799f38babc2000110fe539,Duolingo,,,,,51089.77,prizepicks.com,4973.81,56.56,IAB17,,,domain,True,False,,False,
account,69834b2ea3ac73e99b7077db,Teamsnap,,,,,5271.41,prizepicks.com,4973.81,5.84,IAB17,,,domain,True,False,,False,
account,6863fe9df000940011f80bcb,Chesscom LLC,,,,,4368.47,prizepicks.com,4973.81,4.84,IAB17,,,domain,True,False,,False,
account,5d130cdf37472100170775e1,Puzzle1Studio,,,,,3246.32,prizepicks.com,4973.81,3.59,IAB17,,,domain,True,False,,False,
account,5a6f56062c250d182f0056f3,Kwalee Ltd,,,,,960.59,prizepicks.com,4973.81,1.06,IAB17,,,domain,True,False,,False,
account,5832fc12c94787f84d000222,TutoTOONS Limited,,,,,248.66,prizepicks.com,4973.81,0.28,IAB17,,,domain,True,False,,False,
account,67b5b2c077bd1c00117b9adc,Sofa IT doo,,,,,11321.77,robinhood.com,15186.78,38.27,"IAB13,IAB13-4,IAB13-7",V2-10,,domain,True,False,,False,
account,6863fe9df000940011f80bcb,Chesscom LLC,,,,,4368.47,robinhood.com,15186.78,14.77,"IAB13,IAB13-4,IAB13-7",V2-10,,domain,True,False,,False,
app,643d1561e09b08001442e672,Sliide,68d40d4f63e6cee0292ae24b,T-Mobile Play,,,1169.08,robinhood.com,15186.78,0.54,"IAB13,IAB13-4,IAB13-7",V2-10,V2-10 (Personal Finance),category,False,True,V2-10,False,
account,680ef700e2291a001165c3eb,HK01 Company Limited,,,,,1066.94,robinhood.com,15186.78,0.49,"IAB13,IAB13-4,IAB13-7",V2-10,V2-10 (Personal Finance),category,False,True,V2-10,False,
account,686c8b9cf56dd70011f46f36,株式会社MIXI,,,,,853.13,robinhood.com,15186.78,0.39,"IAB13,IAB13-4,IAB13-7",V2-10,V2-10 (Personal Finance),category,False,True,V2-10,False,
account,5746d3108e99b7da740000ad,MotionVolt Game Ltd,,,,,580.53,robinhood.com,15186.78,0.27,"IAB13,IAB13-4,IAB13-7",V2-10,V2-10 (Personal Finance),category,False,True,V2-10,False,
app,561e8d946b8d90f61a0017d9,Zentertain,59ce09fca81a003c170009ae,Wort Guru,,,391.18,robinhood.com,15186.78,0.18,"IAB13,IAB13-4,IAB13-7",V2-10,V2-10 (Personal Finance),category,False,True,V2-10,False,
app,561e8d966b8d90f61a0033c4,Moon Active,57173acc4e8b174875000026,My Cafe Android,,,357.66,robinhood.com,15186.78,0.16,"IAB13,IAB13-4,IAB13-7",V2-10,V2-10 (Personal Finance),category,False,True,V2-10,False,
app,56d55c72562b9c353800000d,Voodoo,62154ba2c1aeb964ddda691c,Wizz - Make new friends - iOS,,,328.32,robinhood.com,15186.78,0.15,"IAB13,IAB13-4,IAB13-7",V2-10,V2-10 (Personal Finance),category,False,True,V2-10,False,
account,64be49e17c1dd00011cb052e,LolTap,,,,,310.17,robinhood.com,15186.78,0.14,"IAB13,IAB13-4,IAB13-7",V2-10,V2-10 (Personal Finance),category,False,True,V2-10,False,
account,6852951e892f9d0011d467c1,Tencent Music,,,,,260.61,robinhood.com,15186.78,0.12,"IAB13,IAB13-4,IAB13-7",V2-10,V2-10 (Personal Finance),category,False,True,V2-10,False,
app,5efeed113191d60018f0f4e0,LY Corporation,6848d125575c21961f18f2e0,LINEウォーク(TW),,,207.16,robinhood.com,15186.78,0.09,"IAB13,IAB13-4,IAB13-7",V2-10,V2-10 (Personal Finance),category,False,True,V2-10,False,
account,69ceb9e50e0891e59aa188ce,Candlelight Games Inc,,,,,151.54,robinhood.com,15186.78,0.07,"IAB13,IAB13-4,IAB13-7",V2-10,V2-10 (Personal Finance),category,False,True,V2-10,False,
app,5efeed113191d60018f0f4e0,LY Corporation,6848d15bc195c4600e871733,LINEウォーク(TW),,,119.14,robinhood.com,15186.78,0.05,"IAB13,IAB13-4,IAB13-7",V2-10,V2-10 (Personal Finance),category,False,True,V2-10,False,
app,606c7bac7a37680015801ad8,jiayou,633549fb3901c096a37b2893,Block Juggle—GP,,,73570.5,sports.betmgm.com,226.56,3.71,IAB17,,,domain,True,False,,False,
account,65532f6b6cdf5900118d1f51,STORYMATRIX PTE LTD,,,,,13494.6,sports.betmgm.com,226.56,0.68,IAB17,,,domain,True,False,,False,
app,561e8d946b8d90f61a001926,WB Games,5bc0e04df49c4a0016d4f24b,Mortal Kombat iOS,,,197.61,sports.betmgm.com,226.56,0.01,IAB17,,,domain,True,False,,False,
account,68799f38babc2000110fe539,Duolingo,,,,,51089.77,sports.bwin.com,43.13,0.49,IAB17,,,domain,True,False,,False,
account,67078359be02e20011a686ec,365scores,,,,,16629.47,sports.bwin.com,43.13,0.16,IAB17,,,domain,True,False,,False,
account,6863fe9df000940011f80bcb,Chesscom LLC,,,,,4368.47,sports.bwin.com,43.13,0.04,IAB17,,,domain,True,False,,False,
app,5a53889945eaab512501251e,AddApptr GmbH,627a7fad9a5916612c6cb77e,IT-PM_Futbin_iOS,,,2708.89,sports.bwin.com,43.13,0.03,IAB17,,,domain,True,False,,False,
account,68799f38babc2000110fe539,Duolingo,,,,,51089.77,sports.bwin.de,46.25,0.53,IAB17,,,domain,True,False,,False,
account,6863fe9df000940011f80bcb,Chesscom LLC,,,,,4368.47,sports.bwin.de,46.25,0.04,IAB17,,,domain,True,False,,False,
app,5a53889945eaab512501251e,AddApptr GmbH,627a7fad9a5916612c6cb77e,IT-PM_Futbin_iOS,,,2708.89,sports.bwin.de,46.25,0.03,IAB17,,,domain,True,False,,False,
app,606c7bac7a37680015801ad8,jiayou,633549fb3901c096a37b2893,Block Juggle—GP,,,73570.5,sports.bwin.es,815.75,13.36,"IAB17,IAB9",,,domain,True,False,,False,
account,68799f38babc2000110fe539,Duolingo,,,,,51089.77,sports.bwin.es,815.75,9.28,"IAB17,IAB9",,,domain,True,False,,False,
account,67078359be02e20011a686ec,365scores,,,,,16629.47,sports.bwin.es,815.75,3.02,"IAB17,IAB9",,,domain,True,False,,False,
app,5a53889945eaab512501251e,AddApptr GmbH,627a7fad9a5916612c6cb77e,IT-PM_Futbin_iOS,,,2708.89,sports.bwin.es,815.75,0.49,"IAB17,IAB9",,,domain,True,False,,False,
account,68799f38babc2000110fe539,Duolingo,,,,,51089.77,sports.nj.betmgm.com,1080.94,12.29,IAB17,,,domain,True,False,,False,
account,5b975fcedc73276356309362,OAKEVER GAMES PTE LTD,,,,,205458.71,sportsbook.draftkings.com,2072.8,94.79,IAB9-7,V1-6,V1-6 (Gambling),category,False,True,V1-6,False,
account,68799f38babc2000110fe539,Duolingo,,,,,51089.77,sportsbook.draftkings.com,2072.8,23.57,IAB9-7,V1-6,V1-6 (Gambling),domain+category,True,True,V1-6,False,
app,67c01767cc8ae200116e5d00,Skywork AI PTELTD,689b0fdef369593cb0e287e9,FreeReels-安卓,,,39398.86,sportsbook.draftkings.com,2072.8,18.18,IAB9-7,V1-6,V1-6 (Gambling),category,False,True,V1-6,False,
account,5d3a5de9ddc71000189c7a84,"Shanghai Linguan Data Co., Ltd.",,,,,27886.52,sportsbook.draftkings.com,2072.8,12.87,IAB9-7,V1-6,V1-6 (Gambling),category,False,True,V1-6,False,
account,66f36da16f113e0011999ff8,Meitu China,,,,,24584.12,sportsbook.draftkings.com,2072.8,11.34,IAB9-7,V1-6,V1-6 (Gambling),category,False,True,V1-6,False,
account,64c3551f1e5137001122d418,BYTEDANCE PTE LTD,,,,,21052.62,sportsbook.draftkings.com,2072.8,9.71,IAB9-7,V1-6,V1-6 (Gambling),category,False,True,V1-6,False,
app,69379d46192ce0aadaecc874,Particle Media Inc,69437e6fed3b627e3079edb8,NewsBreak: Local News & Alerts,,,20734.58,sportsbook.draftkings.com,2072.8,9.57,IAB9-7,V1-6,V1-6 (Gambling),category,False,True,V1-6,False,
account,5b1526a7de961d3317b1d475,X-FLOW LTD,,,,,19213.74,sportsbook.draftkings.com,2072.8,8.86,IAB9-7,V1-6,V1-6 (Gambling),category,False,True,V1-6,False,
account,65532f6b6cdf5900118d1f51,STORYMATRIX PTE LTD,,,,,13494.6,sportsbook.draftkings.com,2072.8,6.23,IAB9-7,V1-6,V1-6 (Gambling),category,False,True,V1-6,False,
account,5efeed113191d60018f0f4e0,LY Corporation,,,,,13491.98,sportsbook.draftkings.com,2072.8,6.22,IAB9-7,V1-6,V1-6 (Gambling),category,False,True,V1-6,False,
account,64075f57d6da1900141e5aba,Code Dish GmbH,,,,,11682.04,sportsbook.draftkings.com,2072.8,5.39,IAB9-7,V1-6,V1-6 (Gambling),category,False,True,V1-6,False,
account,67b5b2c077bd1c00117b9adc,Sofa IT doo,,,,,11321.77,sportsbook.draftkings.com,2072.8,5.22,IAB9-7,V1-6,V1-6 (Gambling),category,False,True,V1-6,False,
account,5c52bd6ffbeb402419bef87d,SYBO Games,,,,,9010.28,sportsbook.draftkings.com,2072.8,4.16,IAB9-7,V1-6,V1-6 (Gambling),category,False,True,V1-6,False,
account,680748860437920011951532,BeSoccer,,,,,7540.87,sportsbook.draftkings.com,2072.8,3.48,IAB9-7,V1-6,V1-6 (Gambling),category,False,True,V1-6,False,
app,5aafdd4a0520357fabf54aa6,Badoo,5aafe5c62567717fa575bfc1,Badoo - The Dating App,,,7054.85,sportsbook.draftkings.com,2072.8,3.25,IAB9-7,V1-6,V1-6 (Gambling),category_exempted,False,True,V1-6,True,"[{""advCatId"": ""V1-6"", ""domain"": ""sportsbook.draftkings.com"", ""bundle"": """", ""rtbAccountId"": ""62f47a393a874f001b0a20c6"", ""country"": """"}, {""advCatId"": ""V1-6"", ""domain"": ""sportsbook.draftkings.com"", ""bundle"": """", ""rtbAccountId"": ""67926a1377bd1c00117a7b54"", ""country"": """"}, {""advCatId"": ""V1-6"", ""domain"": ""sportsbook.draftkings.com"", ""bundle"": """", ""rtbAccountId"": ""62563a74f5c7a20011b32398"", ""country"": """"}, {""advCatId"": ""V1-6"", ""domain"": ""sportsbook.draftkings.com"", ""bundle"": """", ""rtbAccountId"": ""6358477435d47b0014f36d9b"", ""country"": """"}, {""advCatId"": ""V1-6"", ""domain"": ""sportsbook.draftkings.com"", ""bundle"": """", ""rtbAccountId"": ""5bc0e10e25c7d7796ebe8fc0"", ""country"": """"}]"
account,5d8880f1444f7200181b5e1d,Lihuhu,,,,,6699.63,sportsbook.draftkings.com,2072.8,3.09,IAB9-7,V1-6,V1-6 (Gambling),category,False,True,V1-6,False,
account,69834b2ea3ac73e99b7077db,Teamsnap,,,,,5271.41,sportsbook.draftkings.com,2072.8,2.43,IAB9-7,V1-6,V1-6 (Gambling),category,False,True,V1-6,False,
account,5e3692d21cd3cb0018dd4329,SuperSonic Studios,,,,,5156.38,sportsbook.draftkings.com,2072.8,2.38,IAB9-7,V1-6,V1-6 (Gambling),category,False,True,V1-6,False,
account,677cecb33b9ea20011273987,Gravity Labs,,,,,5014.63,sportsbook.draftkings.com,2072.8,2.31,IAB9-7,V1-6,V1-6 (Gambling),category,False,True,V1-6,False,
account,6863fe9df000940011f80bcb,Chesscom LLC,,,,,4368.47,sportsbook.draftkings.com,2072.8,2.02,IAB9-7,V1-6,V1-6 (Gambling),category,False,True,V1-6,False,
account,561e8d936b8d90f61a00134a,Veraxen Ltd,,,,,4262.02,sportsbook.draftkings.com,2072.8,1.97,IAB9-7,V1-6,,domain,True,False,,False,
account,561e8d956b8d90f61a003365,Fingersoft Oy,,,,,3854.39,sportsbook.draftkings.com,2072.8,1.78,IAB9-7,V1-6,V1-6 (Gambling),category,False,True,V1-6,False,
app,561e8d936b8d90f61a00134a,Veraxen Ltd,524ad17f92fcd29365000006,Jigsaw Collection HD,,,3443.48,sportsbook.draftkings.com,2072.8,1.59,IAB9-7,V1-6,V1-6 (Gambling),category,False,True,V1-6,False,
account,65e71ba517069f0011a36cfa,Rounds,,,,,3421.73,sportsbook.draftkings.com,2072.8,1.58,IAB9-7,V1-6,V1-6 (Gambling),category,False,True,V1-6,False,
account,5d130cdf37472100170775e1,Puzzle1Studio,,,,,3246.32,sportsbook.draftkings.com,2072.8,1.5,IAB9-7,V1-6,V1-6 (Gambling),category,False,True,V1-6,False,
account,643d1561e09b08001442e672,Sliide,,,,,3129.23,sportsbook.draftkings.com,2072.8,1.44,IAB9-7,V1-6,V1-6 (Gambling),category,False,True,V1-6,False,
account,561e8d936b8d90f61a001260,MAG Interactive,,,,,3089.8,sportsbook.draftkings.com,2072.8,1.43,IAB9-7,V1-6,V1-6 (Gambling),category,False,True,V1-6,False,
account,59bbfb5389df7b9d3b000840,Trebel Music,,,,,3005.02,sportsbook.draftkings.com,2072.8,1.39,IAB9-7,V1-6,V1-6 (Gambling),category,False,True,V1-6,False,
account,630d8dbfb1095d001bb0f04a,Bitsmedia Pte Ltd,,,,,2940.68,sportsbook.draftkings.com,2072.8,1.36,IAB9-7,V1-6,V1-6 (Gambling),category,False,True,V1-6,False,
account,602ad40427689c0015fb2d9e,PhotoCircle Inc.,,,,,2816.29,sportsbook.draftkings.com,2072.8,1.3,IAB9-7,V1-6,V1-6 (Gambling),category,False,True,V1-6,False,
account,668fb233514c00001146f038,Free VPN Planet SRL,,,,,2758.7,sportsbook.draftkings.com,2072.8,1.27,IAB9-7,V1-6,V1-6 (Gambling),category,False,True,V1-6,False,
account,641d8986be2b36001370ca2a,Mackolik,,,,,2748.7,sportsbook.draftkings.com,2072.8,1.27,IAB9-7,V1-6,V1-6 (Gambling),category,False,True,V1-6,False,
account,57fb4876297c8ce634000039,AbiGroup,,,,,2736.86,sportsbook.draftkings.com,2072.8,1.26,IAB9-7,V1-6,V1-6 (Gambling),category,False,True,V1-6,False,
app,5a53889945eaab512501251e,AddApptr GmbH,627a7fad9a5916612c6cb77e,IT-PM_Futbin_iOS,,,2708.89,sportsbook.draftkings.com,2072.8,1.25,IAB9-7,V1-6,V1-6 (Gambling),category,False,True,V1-6,False,
account,561e8d946b8d90f61a00183b,"Big Blue Bubble, Inc.",,,,,2701.59,sportsbook.draftkings.com,2072.8,1.25,IAB9-7,V1-6,V1-6 (Gambling),category,False,True,V1-6,False,
app,561e8d966b8d90f61a0033c4,Moon Active,6874fa4e61fad0cbc8862a9e,Hole Stars,,,2673.03,sportsbook.draftkings.com,2072.8,1.23,IAB9-7,V1-6,V1-6 (Gambling),category,False,True,V1-6,False,
account,64b7f29fcca9af0011fd585d,Sonderads,,,,,2655.44,sportsbook.draftkings.com,2072.8,1.23,IAB9-7,V1-6,V1-6 (Gambling),category,False,True,V1-6,False,
account,604ec2ae5a93950016a63fdd,"Gstarsoft Co.,ltd",,,,,2582.86,sportsbook.draftkings.com,2072.8,1.19,IAB9-7,V1-6,V1-6 (Gambling),category,False,True,V1-6,False,
app,56d55c72562b9c353800000d,Voodoo,6623f108853bc6953cc5709d,BeReal iOS,,,2388.85,sportsbook.draftkings.com,2072.8,1.1,IAB9-7,V1-6,V1-6 (Gambling),category_exempted,False,True,V1-6,True,"[{""advCatId"": ""V1-6"", ""domain"": ""sportsbook.draftkings.com"", ""bundle"": """", ""rtbAccountId"": ""5bc0e10e25c7d7796ebe8fc0"", ""country"": """"}]"
app,59e4bb543f0fa9a20900afa3,TabTale LTD,641854429091f900e1111e9a,Glow: Fashion Idol iOS_CL,,,2381.61,sportsbook.draftkings.com,2072.8,1.1,IAB9-7,V1-6,V1-6 (Gambling),category,False,True,V1-6,False,
account,60c71d9d6b22ac0017d0bca4,AnyMind Group,,,,,2341.64,sportsbook.draftkings.com,2072.8,1.08,IAB9-7,V1-6,V1-6 (Gambling),category,False,True,V1-6,False,
account,5fc7301f7a7f0200153979c7,Aged Studio Limited,,,,,2269.61,sportsbook.draftkings.com,2072.8,1.05,IAB9-7,V1-6,V1-6 (Gambling),category,False,True,V1-6,False,
account,6376f00f3d02dc001b2940b6,MICHAT PTE. LIMITED,,,,,2161.51,sportsbook.draftkings.com,2072.8,1.0,IAB9-7,V1-6,V1-6 (Gambling),category,False,True,V1-6,False,
account,68f9f5db75ceafc7a8ee6155,LiveScore,,,,,1978.07,sportsbook.draftkings.com,2072.8,0.91,IAB9-7,V1-6,V1-6 (Gambling),category,False,True,V1-6,False,
account,561e8d956b8d90f61a0030cf,Ketchapp,,,,,1857.43,sportsbook.draftkings.com,2072.8,0.86,IAB9-7,V1-6,V1-6 (Gambling),category,False,True,V1-6,False,
account,66aafef7514c00001147c0c9,FARSUN PTE LTD,,,,,1663.8,sportsbook.draftkings.com,2072.8,0.77,IAB9-7,V1-6,V1-6 (Gambling),category,False,True,V1-6,False,
account,561e8d956b8d90f61a0026fb,Gametion,,,,,1550.37,sportsbook.draftkings.com,2072.8,0.72,IAB9-7,V1-6,V1-6 (Gambling),category,False,True,V1-6,False,
account,60013911308f3f00157538f4,"Wonder Kingdom Co., Limited",,,,,1478.69,sportsbook.draftkings.com,2072.8,0.68,IAB9-7,V1-6,V1-6 (Gambling),category,False,True,V1-6,False,
account,67e466df11985900110edd85,Activision Blizzard Media,,,,,1255.74,sportsbook.draftkings.com,2072.8,0.58,IAB9-7,V1-6,V1-6 (Gambling),category,False,True,V1-6,False,
app,6788b18b06da640011023eaf,Transsion OEM,678a0872a18672e70722ee72,palmplaystore,,,1181.3,sportsbook.draftkings.com,2072.8,0.54,IAB9-7,V1-6,V1-6 (Gambling),category,False,True,V1-6,False,
account,680ef700e2291a001165c3eb,HK01 Company Limited,,,,,1066.94,sportsbook.draftkings.com,2072.8,0.49,IAB9-7,V1-6,V1-6 (Gambling),category,False,True,V1-6,False,
account,57c05f735b2bd4fa24000030,Severex,,,,,1055.13,sportsbook.draftkings.com,2072.8,0.49,IAB9-7,V1-6,V1-6 (Gambling),category,False,True,V1-6,False,
account,64219c0480513f00143dbdc5,Match en Direct,,,,,1006.84,sportsbook.draftkings.com,2072.8,0.46,IAB9-7,V1-6,V1-6 (Gambling),category,False,True,V1-6,False,
account,5a6f56062c250d182f0056f3,Kwalee Ltd,,,,,960.59,sportsbook.draftkings.com,2072.8,0.44,IAB9-7,V1-6,V1-6 (Gambling),category,False,True,V1-6,False,
account,62ea666c62b76e001b3eca4f,LLC East-Games,,,,,927.24,sportsbook.draftkings.com,2072.8,0.43,IAB9-7,V1-6,V1-6 (Gambling),category,False,True,V1-6,False,
account,5a9d60d3b1c1666c2e0056ba,Homa Games,,,,,924.14,sportsbook.draftkings.com,2072.8,0.43,IAB9-7,V1-6,V1-6 (Gambling),category,False,True,V1-6,False,
app,6297c4bc012073001b3df035,Yandex Inc.,69297e78b88dcb4daa968fa5,tds-easyapp_com-anoshenko-android-solitaires,,,899.98,sportsbook.draftkings.com,2072.8,0.42,IAB9-7,V1-6,V1-6 (Gambling),category,False,True,V1-6,False,
account,57738b4fc76658df57000069,Hipster Whale,,,,,859.95,sportsbook.draftkings.com,2072.8,0.4,IAB9-7,V1-6,V1-6 (Gambling),category,False,True,V1-6,False,
account,686c8b9cf56dd70011f46f36,株式会社MIXI,,,,,853.13,sportsbook.draftkings.com,2072.8,0.39,IAB9-7,V1-6,V1-6 (Gambling),category,False,True,V1-6,False,
account,59edd2fb2410479748002dd0,Free Block Puzzle Games Inc.,,,,,837.38,sportsbook.draftkings.com,2072.8,0.39,IAB9-7,V1-6,V1-6 (Gambling),category,False,True,V1-6,False,
app,561e8d966b8d90f61a003414,Scopely,579c0497be7334703a000072,Wheel of Fortune - iOS,,,784.72,sportsbook.draftkings.com,2072.8,0.36,IAB9-7,V1-6,V1-6 (Gambling),category_exempted,False,True,V1-6,True,"[{""advCatId"": ""V1-6"", ""domain"": ""sportsbook.draftkings.com"", ""bundle"": """", ""rtbAccountId"": ""5bc0e10e25c7d7796ebe8fc0"", ""country"": """"}]"
account,5ed79bc0705d4100103d3ecd,Dramaton LTD,,,,,784.32,sportsbook.draftkings.com,2072.8,0.36,IAB9-7,V1-6,V1-6 (Gambling),category,False,True,V1-6,False,
account,5f6830b5352f2900152f8a5a,Playspare,,,,,775.39,sportsbook.draftkings.com,2072.8,0.36,IAB9-7,V1-6,V1-6 (Gambling),category,False,True,V1-6,False,
account,63b3f932d7c5be001b86305f,hmbl,,,,,770.76,sportsbook.draftkings.com,2072.8,0.36,IAB9-7,V1-6,V1-6 (Gambling),category,False,True,V1-6,False,
account,5e66975545dc130017c52cb8,2K,,,,,743.79,sportsbook.draftkings.com,2072.8,0.34,IAB9-7,V1-6,V1-6 (Gambling),category,False,True,V1-6,False,
app,6297c4bc012073001b3df035,Yandex Inc.,691db66d63ddd979c47b5da1,yurihead_com-infoshell-recradio,,,707.53,sportsbook.draftkings.com,2072.8,0.33,IAB9-7,V1-6,V1-6 (Gambling),category,False,True,V1-6,False,
app,59e4bb543f0fa9a20900afa3,TabTale LTD,5c8661882c668752470f7fc5,Amaze iOS_CL,,,703.65,sportsbook.draftkings.com,2072.8,0.32,IAB9-7,V1-6,V1-6 (Gambling),category,False,True,V1-6,False,
account,561e8d936b8d90f61a0011da,Tactile Entertainment,,,,,700.43,sportsbook.draftkings.com,2072.8,0.32,IAB9-7,V1-6,V1-6 (Gambling),category,False,True,V1-6,False,
account,561e8d956b8d90f61a0028f7,Nexters Global LTD,,,,,680.12,sportsbook.draftkings.com,2072.8,0.31,IAB9-7,V1-6,V1-6 (Gambling),category,False,True,V1-6,False,
app,561e8d946b8d90f61a002087,Rovio,651283dcb30c764e0a120808,Angry Birds Dream Blast (Spender),,,675.42,sportsbook.draftkings.com,2072.8,0.31,IAB9-7,V1-6,V1-6 (Gambling),category,False,True,V1-6,False,
account,652f4f00b1392d0011254667,杭州视洞科技有限公司,,,,,636.54,sportsbook.draftkings.com,2072.8,0.29,IAB9-7,V1-6,V1-6 (Gambling),category,False,True,V1-6,False,
account,67bda2410543d20011d5130f,Yalla Group,,,,,634.07,sportsbook.draftkings.com,2072.8,0.29,IAB9-7,V1-6,V1-6 (Gambling),category,False,True,V1-6,False,
app,6788b18b06da640011023eaf,Transsion OEM,6791e248ffda0af1dd8c4549,moviebox,,,633.0,sportsbook.draftkings.com,2072.8,0.29,IAB9-7,V1-6,V1-6 (Gambling),category,False,True,V1-6,False,
account,561e8d936b8d90f61a000cd1,InnoGames GmbH,,,,,623.45,sportsbook.draftkings.com,2072.8,0.29,IAB9-7,V1-6,V1-6 (Gambling),category,False,True,V1-6,False,
account,65cb5af6a3d8e1001191d9d7,GameDuell GmbH,,,,,607.84,sportsbook.draftkings.com,2072.8,0.28,IAB9-7,V1-6,V1-6 (Gambling),category,False,True,V1-6,False,
app,561e8d966b8d90f61a0033c4,Moon Active,6963b8c8a37bf42bb0723c32,Jelly Busters iOS,,,585.69,sportsbook.draftkings.com,2072.8,0.27,IAB9-7,V1-6,V1-6 (Gambling),category,False,True,V1-6,False,
account,649435c2b588d00011c1b496,Rebel Family,,,,,585.1,sportsbook.draftkings.com,2072.8,0.27,IAB9-7,V1-6,V1-6 (Gambling),category,False,True,V1-6,False,
account,5746d3108e99b7da740000ad,MotionVolt Game Ltd,,,,,580.53,sportsbook.draftkings.com,2072.8,0.27,IAB9-7,V1-6,V1-6 (Gambling),category,False,True,V1-6,False,
app,561e8d956b8d90f61a003219,"Appodeal, Inc.",5912fb91085bcd9d5d00102a,com.MadOut.BIG/74079,,,530.41,sportsbook.draftkings.com,2072.8,0.24,IAB9-7,V1-6,V1-6 (Gambling),category,False,True,V1-6,False,
app,60c71d9d6b22ac0017d0bca4,AnyMind Group,685bd663e06142e32ada8192,VN_Interlink_Android,,,521.61,sportsbook.draftkings.com,2072.8,0.24,IAB9-7,V1-6,V1-6 (Gambling),category,False,True,V1-6,False,
account,65088cbbc79cc700111adcc5,Puzzlecats,,,,,510.69,sportsbook.draftkings.com,2072.8,0.24,IAB9-7,V1-6,V1-6 (Gambling),category,False,True,V1-6,False,
app,6788b18b06da640011023eaf,Transsion OEM,68ec648fbea871f372009b41,XOS Launcher Split,,,495.92,sportsbook.draftkings.com,2072.8,0.23,IAB9-7,V1-6,V1-6 (Gambling),category,False,True,V1-6,False,
app,5fb510aa8072bf0015d8d59d,Tap2Play LLC,60a4d2c2cf4957c21093d8b5,CMS_IOS_Count Masters,,,486.11,sportsbook.draftkings.com,2072.8,0.22,IAB9-7,V1-6,V1-6 (Gambling),category_exempted,False,True,V1-6,True,"[{""advCatId"": ""V1-6"", ""domain"": ""sportsbook.draftkings.com"", ""bundle"": """", ""rtbAccountId"": ""5bc0e10e25c7d7796ebe8fc0"", ""country"": """"}]"
account,57ea2d4eded16aa12b0000ab,SuperBOX,,,,,478.74,sportsbook.draftkings.com,2072.8,0.22,IAB9-7,V1-6,V1-6 (Gambling),category,False,True,V1-6,False,
app,5fb510aa8072bf0015d8d59d,Tap2Play LLC,60e41f4d76d07ccbb31c2f6f,FTR_ANDROID_Fidget Trading,,,474.28,sportsbook.draftkings.com,2072.8,0.22,IAB9-7,V1-6,V1-6 (Gambling),category,False,True,V1-6,False,
app,59e4bb543f0fa9a20900afa3,TabTale LTD,5fa952a8447cc63a415502da,Phone Case DIY iOS_CL,,,458.87,sportsbook.draftkings.com,2072.8,0.21,IAB9-7,V1-6,V1-6 (Gambling),category,False,True,V1-6,False,
app,5c2e46140360b14200b6259c,Super Free Games,5c9a92cf986bfc0017807c86,Word Collect iOS,,,449.18,sportsbook.draftkings.com,2072.8,0.21,IAB9-7,V1-6,V1-6 (Gambling),category,False,True,V1-6,False,
account,68a733e9213ed4ecfa1fad75,CASHGRAIL PRIVATE LIMITED,,,,,437.65,sportsbook.draftkings.com,2072.8,0.2,IAB9-7,V1-6,V1-6 (Gambling),category,False,True,V1-6,False,
app,561e8d966b8d90f61a0033c4,Moon Active,689afb00a1e0ba6b5d6a0fa7,Merge Hotel Empire: Design,,,396.41,sportsbook.draftkings.com,2072.8,0.18,IAB9-7,V1-6,V1-6 (Gambling),category,False,True,V1-6,False,
app,561e8d946b8d90f61a0017d9,Zentertain,59ce09fca81a003c170009ae,Wort Guru,,,391.18,sportsbook.draftkings.com,2072.8,0.18,IAB9-7,V1-6,V1-6 (Gambling),category,False,True,V1-6,False,
app,56c3a378adccd1cb7e00000a,Zynga,5ea35a7efbd5250001dec930,Harry Potter,,,390.77,sportsbook.draftkings.com,2072.8,0.18,IAB9-7,V1-6,V1-6 (Gambling),category,False,True,V1-6,False,
app,561e8d946b8d90f61a002087,Rovio,6512ae485551fd9849db8def,Angry Birds Dream Blast (Spender),,,387.4,sportsbook.draftkings.com,2072.8,0.18,IAB9-7,V1-6,V1-6 (Gambling),category,False,True,V1-6,False,
app,561e8d966b8d90f61a0033c4,Moon Active,57173acc4e8b174875000026,My Cafe Android,,,357.66,sportsbook.draftkings.com,2072.8,0.17,IAB9-7,V1-6,V1-6 (Gambling),category,False,True,V1-6,False,
account,6228871f2435180014928c15,madarsoft,,,,,354.02,sportsbook.draftkings.com,2072.8,0.16,IAB9-7,V1-6,V1-6 (Gambling),category,False,True,V1-6,False,
account,57161e4b90ba5de06e000059,OFFICE CREATE Corp.,,,,,335.75,sportsbook.draftkings.com,2072.8,0.15,IAB9-7,V1-6,V1-6 (Gambling),category,False,True,V1-6,False,
account,5ac21c1686dad73ecbc17757,NORTH STAR,,,,,335.45,sportsbook.draftkings.com,2072.8,0.15,IAB9-7,V1-6,V1-6 (Gambling),category,False,True,V1-6,False,
account,637bfae8059dbe0014b199dc,Naver Z Corporation,,,,,329.8,sportsbook.draftkings.com,2072.8,0.15,IAB9-7,V1-6,V1-6 (Gambling),category,False,True,V1-6,False,
app,56d55c72562b9c353800000d,Voodoo,62154ba2c1aeb964ddda691c,Wizz - Make new friends - iOS,,,328.32,sportsbook.draftkings.com,2072.8,0.15,IAB9-7,V1-6,V1-6 (Gambling),category,False,True,V1-6,False,
account,673ed5063800780011af0611,Image Future Investment (HK) Limite,,,,,327.82,sportsbook.draftkings.com,2072.8,0.15,IAB9-7,V1-6,V1-6 (Gambling),category,False,True,V1-6,False,
app,5981a22bcf89a5b87f001edf,ROCKETADS LTD BV,67b554672363a440422ff5b1,Grus - Fashion Impress iOS,,,322.11,sportsbook.draftkings.com,2072.8,0.15,IAB9-7,V1-6,V1-6 (Gambling),category,False,True,V1-6,False,
account,64be49e17c1dd00011cb052e,LolTap,,,,,310.17,sportsbook.draftkings.com,2072.8,0.14,IAB9-7,V1-6,V1-6 (Gambling),category,False,True,V1-6,False,
app,6247027c20721a0018bb6528,First Touch Games,64787b6711f74ed45246d310,Score! Hero,,,300.07,sportsbook.draftkings.com,2072.8,0.14,IAB9-7,V1-6,V1-6 (Gambling),category,False,True,V1-6,False,
account,6951f51a84cdc295ad688303,NExT Initiatives Limited,,,,,293.04,sportsbook.draftkings.com,2072.8,0.14,IAB9-7,V1-6,V1-6 (Gambling),category,False,True,V1-6,False,
app,6788b18b06da640011023eaf,Transsion OEM,6895ab291e65eaa858e986e8,Phonemaster,,,273.42,sportsbook.draftkings.com,2072.8,0.13,IAB9-7,V1-6,V1-6 (Gambling),category,False,True,V1-6,False,
app,561e8d976b8d90f61a00402a,Gameloft - Master Account,5873ca9f3a2fdbe202000596,Disney Magic Kingdoms,,,272.61,sportsbook.draftkings.com,2072.8,0.13,IAB9-7,V1-6,V1-6 (Gambling),category,False,True,V1-6,False,
account,57ab0b38c6ebd5c83300007e,Good Job Games (Azur),,,,,266.9,sportsbook.draftkings.com,2072.8,0.12,IAB9-7,V1-6,V1-6 (Gambling),category,False,True,V1-6,False,
account,6852951e892f9d0011d467c1,Tencent Music,,,,,260.61,sportsbook.draftkings.com,2072.8,0.12,IAB9-7,V1-6,V1-6 (Gambling),category,False,True,V1-6,False,
account,5f740e1f612b1a001509a07e,TP Entertainment,,,,,248.84,sportsbook.draftkings.com,2072.8,0.11,IAB9-7,V1-6,V1-6 (Gambling),category,False,True,V1-6,False,
account,68415e707dd0f900116754fe,HelloTalk,,,,,241.03,sportsbook.draftkings.com,2072.8,0.11,IAB9-7,V1-6,V1-6 (Gambling),category,False,True,V1-6,False,
app,5e66975545dc130017c52cb8,2K,5e7e2bcf298b770001f9f92b,WWE SuperCard – Multiplayer Card Battle Game Android,,,240.46,sportsbook.draftkings.com,2072.8,0.11,IAB9-7,V1-6,V1-6 (Gambling),category,False,True,V1-6,False,
app,6788b18b06da640011023eaf,Transsion OEM,678a007052e0399f6534ab63,XOS Launcher,,,236.07,sportsbook.draftkings.com,2072.8,0.11,IAB9-7,V1-6,V1-6 (Gambling),category,False,True,V1-6,False,
account,5a8bdb7eee07eaab7100113a,Noktacom Media Corp.,,,,,226.19,sportsbook.draftkings.com,2072.8,0.1,IAB9-7,V1-6,V1-6 (Gambling),category,False,True,V1-6,False,
account,58fb280c667e4279600004a9,GD4Kids,,,,,224.95,sportsbook.draftkings.com,2072.8,0.1,IAB9-7,V1-6,V1-6 (Gambling),category,False,True,V1-6,False,
account,561e8d936b8d90f61a00139e,Yodo1,,,,,213.38,sportsbook.draftkings.com,2072.8,0.1,IAB9-7,V1-6,V1-6 (Gambling),category,False,True,V1-6,False,
app,561e8d976b8d90f61a003e2e,Murka,56348466dcec046847000033,Scatter Slots Murka Android,,,213.29,sportsbook.draftkings.com,2072.8,0.1,IAB9-7,V1-6,V1-6 (Gambling),category,False,True,V1-6,False,
account,6863d0817b40620011280a68,MYNET INTERNET TEKNOLOJI AS,,,,,211.97,sportsbook.draftkings.com,2072.8,0.1,IAB9-7,V1-6,V1-6 (Gambling),category,False,True,V1-6,False,
app,5fb510aa8072bf0015d8d59d,Tap2Play LLC,63ff72c440f9e74e6c22fc38,SHO_ANDROID_Shoot It,,,183.73,sportsbook.draftkings.com,2072.8,0.08,IAB9-7,V1-6,V1-6 (Gambling),category,False,True,V1-6,False,
app,561e8d936b8d90f61a00134a,Veraxen Ltd,671107b44e4ec015241367ad,Goods Sort Andr,,,181.76,sportsbook.draftkings.com,2072.8,0.08,IAB9-7,V1-6,V1-6 (Gambling),category,False,True,V1-6,False,
account,5eb538be15474a0017ff985f,DEVGAME OU,,,,,181.37,sportsbook.draftkings.com,2072.8,0.08,IAB9-7,V1-6,V1-6 (Gambling),category,False,True,V1-6,False,
account,65afbcd2dc68e70011e13631,Revani Limited,,,,,179.33,sportsbook.draftkings.com,2072.8,0.08,IAB9-7,V1-6,V1-6 (Gambling),category,False,True,V1-6,False,
account,561e8d976b8d90f61a003f63,smartstudy,,,,,175.94,sportsbook.draftkings.com,2072.8,0.08,IAB9-7,V1-6,V1-6 (Gambling),category,False,True,V1-6,False,
account,62e1450f4dbc53001a4249eb,BLUE HAT FZE LLC,,,,,173.77,sportsbook.draftkings.com,2072.8,0.08,IAB9-7,V1-6,V1-6 (Gambling),category,False,True,V1-6,False,
app,561e8d946b8d90f61a001926,WB Games,5e67195e73dde7000173d596,Mortal Kombat Android,,,166.94,sportsbook.draftkings.com,2072.8,0.08,IAB9-7,V1-6,V1-6 (Gambling),category,False,True,V1-6,False,
account,69ceb9e50e0891e59aa188ce,Candlelight Games Inc,,,,,151.54,sportsbook.draftkings.com,2072.8,0.07,IAB9-7,V1-6,V1-6 (Gambling),category,False,True,V1-6,False,
app,5ca2413d406d8e001260b34f,Coeur de Jeu,5ca241748936930019f2e166,Dazzly,,,144.57,sportsbook.draftkings.com,2072.8,0.07,IAB9-7,V1-6,V1-6 (Gambling),category,False,True,V1-6,False,
app,59e4bb543f0fa9a20900afa3,TabTale LTD,66c7102a18a521b865426011,Bus Frenzy,,,124.53,sportsbook.draftkings.com,2072.8,0.06,IAB9-7,V1-6,V1-6 (Gambling),category,False,True,V1-6,False,
account,5eecaeaded99620015f97c0c,Maglab Oyun Teknolojileri Bilişim Yazılım Tasarım Yay. Tic. A.Ş,,,,,113.57,sportsbook.draftkings.com,2072.8,0.05,IAB9-7,V1-6,V1-6 (Gambling),category,False,True,V1-6,False,
app,5fb510aa8072bf0015d8d59d,Tap2Play LLC,624452e28ddaecca4dff7afc,CRO_ANDROID_Crazy Office,,,106.89,sportsbook.draftkings.com,2072.8,0.05,IAB9-7,V1-6,V1-6 (Gambling),category,False,True,V1-6,False,
account,66d03ee46f113e0011988b4d,Ömer Sina Ceylan,,,,,100.39,sportsbook.draftkings.com,2072.8,0.05,IAB9-7,V1-6,V1-6 (Gambling),category,False,True,V1-6,False,
account,69834b2ea3ac73e99b7077db,Teamsnap,,,,,5271.41,tonybet.ca,116.39,0.14,IAB9,,,domain,True,False,,False,
app,606c7bac7a37680015801ad8,jiayou,633549fb3901c096a37b2893,Block Juggle—GP,,,73570.5,tonybet.com,114.3,1.87,IAB9,,,domain,True,False,,False,
account,680748860437920011951532,BeSoccer,,,,,7540.87,tonybet.com,114.3,0.19,IAB9,,,domain,True,False,,False,
account,69834b2ea3ac73e99b7077db,Teamsnap,,,,,5271.41,tonybet.com,114.3,0.13,IAB9,,,domain,True,False,,False,
account,6863fe9df000940011f80bcb,Chesscom LLC,,,,,4368.47,tonybet.com,114.3,0.11,IAB9,,,domain,True,False,,False,
account,561e8d936b8d90f61a00134a,Veraxen Ltd,,,,,4262.02,tonybet.com,114.3,0.11,IAB9,,,domain,True,False,,False,
app,5a53889945eaab512501251e,AddApptr GmbH,627a7fad9a5916612c6cb77e,IT-PM_Futbin_iOS,,,2708.89,tonybet.com,114.3,0.07,IAB9,,,domain,True,False,,False,
account,68f9f5db75ceafc7a8ee6155,LiveScore,,,,,1978.07,tonybet.com,114.3,0.05,IAB9,,,domain,True,False,,False,
account,680748860437920011951532,BeSoccer,,,,,7540.87,tonybet.es,69.7,0.12,IAB9,,,domain,True,False,,False,
app,606c7bac7a37680015801ad8,jiayou,633549fb3901c096a37b2893,Block Juggle—GP,,,73570.5,trading212.com,862.22,14.12,IAB13,V2-10,,domain,True,False,,False,
account,68799f38babc2000110fe539,Duolingo,,,,,51089.77,trading212.com,862.22,9.8,IAB13,V2-10,,domain,True,False,,False,
account,6863fe9df000940011f80bcb,Chesscom LLC,,,,,4368.47,trading212.com,862.22,0.84,IAB13,V2-10,,domain,True,False,,False,
app,643d1561e09b08001442e672,Sliide,68d40d4f63e6cee0292ae24b,T-Mobile Play,,,1169.08,trading212.com,862.22,0.22,IAB13,V2-10,V2-10 (Personal Finance),category,False,True,V2-10,False,
account,680ef700e2291a001165c3eb,HK01 Company Limited,,,,,1066.94,trading212.com,862.22,0.2,IAB13,V2-10,V2-10 (Personal Finance),category,False,True,V2-10,False,
account,686c8b9cf56dd70011f46f36,株式会社MIXI,,,,,853.13,trading212.com,862.22,0.16,IAB13,V2-10,V2-10 (Personal Finance),category,False,True,V2-10,False,
account,5746d3108e99b7da740000ad,MotionVolt Game Ltd,,,,,580.53,trading212.com,862.22,0.11,IAB13,V2-10,V2-10 (Personal Finance),category,False,True,V2-10,False,
app,561e8d946b8d90f61a0017d9,Zentertain,59ce09fca81a003c170009ae,Wort Guru,,,391.18,trading212.com,862.22,0.08,IAB13,V2-10,V2-10 (Personal Finance),category,False,True,V2-10,False,
app,561e8d966b8d90f61a0033c4,Moon Active,57173acc4e8b174875000026,My Cafe Android,,,357.66,trading212.com,862.22,0.07,IAB13,V2-10,V2-10 (Personal Finance),category,False,True,V2-10,False,
app,56d55c72562b9c353800000d,Voodoo,62154ba2c1aeb964ddda691c,Wizz - Make new friends - iOS,,,328.32,trading212.com,862.22,0.06,IAB13,V2-10,V2-10 (Personal Finance),category,False,True,V2-10,False,
account,64be49e17c1dd00011cb052e,LolTap,,,,,310.17,trading212.com,862.22,0.06,IAB13,V2-10,V2-10 (Personal Finance),category,False,True,V2-10,False,
account,6852951e892f9d0011d467c1,Tencent Music,,,,,260.61,trading212.com,862.22,0.05,IAB13,V2-10,V2-10 (Personal Finance),category,False,True,V2-10,False,
app,5efeed113191d60018f0f4e0,LY Corporation,6848d125575c21961f18f2e0,LINEウォーク(TW),,,207.16,trading212.com,862.22,0.04,IAB13,V2-10,V2-10 (Personal Finance),category,False,True,V2-10,False,
account,69ceb9e50e0891e59aa188ce,Candlelight Games Inc,,,,,151.54,trading212.com,862.22,0.03,IAB13,V2-10,V2-10 (Personal Finance),category,False,True,V2-10,False,
app,5efeed113191d60018f0f4e0,LY Corporation,6848d15bc195c4600e871733,LINEウォーク(TW),,,119.14,trading212.com,862.22,0.02,IAB13,V2-10,V2-10 (Personal Finance),category,False,True,V2-10,False,
account,5b975fcedc73276356309362,OAKEVER GAMES PTE LTD,,,,,205458.71,underdogfantasy.com,96.23,4.4,IAB9-7,V1-6,V1-6 (Gambling),category,False,True,V1-6,False,
app,606c7bac7a37680015801ad8,jiayou,633549fb3901c096a37b2893,Block Juggle—GP,,,73570.5,underdogfantasy.com,96.23,1.58,IAB9-7,V1-6,,domain,True,False,,False,
account,68799f38babc2000110fe539,Duolingo,,,,,51089.77,underdogfantasy.com,96.23,1.09,IAB9-7,V1-6,V1-6 (Gambling),domain+category,True,True,V1-6,False,
app,67c01767cc8ae200116e5d00,Skywork AI PTELTD,689b0fdef369593cb0e287e9,FreeReels-安卓,,,39398.86,underdogfantasy.com,96.23,0.84,IAB9-7,V1-6,V1-6 (Gambling),category,False,True,V1-6,False,
account,5d3a5de9ddc71000189c7a84,"Shanghai Linguan Data Co., Ltd.",,,,,27886.52,underdogfantasy.com,96.23,0.6,IAB9-7,V1-6,V1-6 (Gambling),category,False,True,V1-6,False,
account,66f36da16f113e0011999ff8,Meitu China,,,,,24584.12,underdogfantasy.com,96.23,0.53,IAB9-7,V1-6,V1-6 (Gambling),category,False,True,V1-6,False,
account,64c3551f1e5137001122d418,BYTEDANCE PTE LTD,,,,,21052.62,underdogfantasy.com,96.23,0.45,IAB9-7,V1-6,V1-6 (Gambling),category,False,True,V1-6,False,
app,69379d46192ce0aadaecc874,Particle Media Inc,69437e6fed3b627e3079edb8,NewsBreak: Local News & Alerts,,,20734.58,underdogfantasy.com,96.23,0.44,IAB9-7,V1-6,V1-6 (Gambling),category,False,True,V1-6,False,
account,5b1526a7de961d3317b1d475,X-FLOW LTD,,,,,19213.74,underdogfantasy.com,96.23,0.41,IAB9-7,V1-6,V1-6 (Gambling),category,False,True,V1-6,False,
account,65532f6b6cdf5900118d1f51,STORYMATRIX PTE LTD,,,,,13494.6,underdogfantasy.com,96.23,0.29,IAB9-7,V1-6,V1-6 (Gambling),category,False,True,V1-6,False,
account,5efeed113191d60018f0f4e0,LY Corporation,,,,,13491.98,underdogfantasy.com,96.23,0.29,IAB9-7,V1-6,V1-6 (Gambling),category,False,True,V1-6,False,
account,64075f57d6da1900141e5aba,Code Dish GmbH,,,,,11682.04,underdogfantasy.com,96.23,0.25,IAB9-7,V1-6,V1-6 (Gambling),category,False,True,V1-6,False,
account,67b5b2c077bd1c00117b9adc,Sofa IT doo,,,,,11321.77,underdogfantasy.com,96.23,0.24,IAB9-7,V1-6,V1-6 (Gambling),category,False,True,V1-6,False,
account,5c52bd6ffbeb402419bef87d,SYBO Games,,,,,9010.28,underdogfantasy.com,96.23,0.19,IAB9-7,V1-6,V1-6 (Gambling),category,False,True,V1-6,False,
account,680748860437920011951532,BeSoccer,,,,,7540.87,underdogfantasy.com,96.23,0.16,IAB9-7,V1-6,V1-6 (Gambling),category,False,True,V1-6,False,
app,5aafdd4a0520357fabf54aa6,Badoo,5aafe5c62567717fa575bfc1,Badoo - The Dating App,,,7054.85,underdogfantasy.com,96.23,0.15,IAB9-7,V1-6,V1-6 (Gambling),category_exempted,False,True,V1-6,True,"[{""advCatId"": ""V1-6"", ""domain"": ""underdogfantasy.com"", ""bundle"": """", ""rtbAccountId"": ""5f6413c9612b1a0015099993"", ""country"": """"}, {""advCatId"": ""V1-6"", ""domain"": ""underdogfantasy.com"", ""bundle"": """", ""rtbAccountId"": ""5bc0e10e25c7d7796ebe8fc0"", ""country"": """"}]"
account,5d8880f1444f7200181b5e1d,Lihuhu,,,,,6699.63,underdogfantasy.com,96.23,0.14,IAB9-7,V1-6,V1-6 (Gambling),category,False,True,V1-6,False,
account,69834b2ea3ac73e99b7077db,Teamsnap,,,,,5271.41,underdogfantasy.com,96.23,0.11,IAB9-7,V1-6,V1-6 (Gambling),domain+category,True,True,V1-6,False,
account,5e3692d21cd3cb0018dd4329,SuperSonic Studios,,,,,5156.38,underdogfantasy.com,96.23,0.11,IAB9-7,V1-6,V1-6 (Gambling),category,False,True,V1-6,False,
account,677cecb33b9ea20011273987,Gravity Labs,,,,,5014.63,underdogfantasy.com,96.23,0.11,IAB9-7,V1-6,V1-6 (Gambling),category,False,True,V1-6,False,
account,6863fe9df000940011f80bcb,Chesscom LLC,,,,,4368.47,underdogfantasy.com,96.23,0.09,IAB9-7,V1-6,V1-6 (Gambling),domain+category,True,True,V1-6,False,
account,561e8d956b8d90f61a003365,Fingersoft Oy,,,,,3854.39,underdogfantasy.com,96.23,0.08,IAB9-7,V1-6,V1-6 (Gambling),category,False,True,V1-6,False,
app,561e8d936b8d90f61a00134a,Veraxen Ltd,524ad17f92fcd29365000006,Jigsaw Collection HD,,,3443.48,underdogfantasy.com,96.23,0.07,IAB9-7,V1-6,V1-6 (Gambling),category,False,True,V1-6,False,
account,65e71ba517069f0011a36cfa,Rounds,,,,,3421.73,underdogfantasy.com,96.23,0.07,IAB9-7,V1-6,V1-6 (Gambling),category,False,True,V1-6,False,
account,5d130cdf37472100170775e1,Puzzle1Studio,,,,,3246.32,underdogfantasy.com,96.23,0.07,IAB9-7,V1-6,V1-6 (Gambling),category,False,True,V1-6,False,
account,643d1561e09b08001442e672,Sliide,,,,,3129.23,underdogfantasy.com,96.23,0.07,IAB9-7,V1-6,V1-6 (Gambling),category,False,True,V1-6,False,
account,561e8d936b8d90f61a001260,MAG Interactive,,,,,3089.8,underdogfantasy.com,96.23,0.07,IAB9-7,V1-6,V1-6 (Gambling),category,False,True,V1-6,False,
account,59bbfb5389df7b9d3b000840,Trebel Music,,,,,3005.02,underdogfantasy.com,96.23,0.06,IAB9-7,V1-6,V1-6 (Gambling),category,False,True,V1-6,False,
account,630d8dbfb1095d001bb0f04a,Bitsmedia Pte Ltd,,,,,2940.68,underdogfantasy.com,96.23,0.06,IAB9-7,V1-6,V1-6 (Gambling),category,False,True,V1-6,False,
account,602ad40427689c0015fb2d9e,PhotoCircle Inc.,,,,,2816.29,underdogfantasy.com,96.23,0.06,IAB9-7,V1-6,V1-6 (Gambling),category,False,True,V1-6,False,
account,668fb233514c00001146f038,Free VPN Planet SRL,,,,,2758.7,underdogfantasy.com,96.23,0.06,IAB9-7,V1-6,V1-6 (Gambling),category,False,True,V1-6,False,
account,641d8986be2b36001370ca2a,Mackolik,,,,,2748.7,underdogfantasy.com,96.23,0.06,IAB9-7,V1-6,V1-6 (Gambling),category,False,True,V1-6,False,
account,57fb4876297c8ce634000039,AbiGroup,,,,,2736.86,underdogfantasy.com,96.23,0.06,IAB9-7,V1-6,V1-6 (Gambling),category,False,True,V1-6,False,
app,5a53889945eaab512501251e,AddApptr GmbH,627a7fad9a5916612c6cb77e,IT-PM_Futbin_iOS,,,2708.89,underdogfantasy.com,96.23,0.06,IAB9-7,V1-6,V1-6 (Gambling),category,False,True,V1-6,False,
account,561e8d946b8d90f61a00183b,"Big Blue Bubble, Inc.",,,,,2701.59,underdogfantasy.com,96.23,0.06,IAB9-7,V1-6,V1-6 (Gambling),category,False,True,V1-6,False,
app,561e8d966b8d90f61a0033c4,Moon Active,6874fa4e61fad0cbc8862a9e,Hole Stars,,,2673.03,underdogfantasy.com,96.23,0.06,IAB9-7,V1-6,V1-6 (Gambling),category,False,True,V1-6,False,
account,64b7f29fcca9af0011fd585d,Sonderads,,,,,2655.44,underdogfantasy.com,96.23,0.06,IAB9-7,V1-6,V1-6 (Gambling),category,False,True,V1-6,False,
account,604ec2ae5a93950016a63fdd,"Gstarsoft Co.,ltd",,,,,2582.86,underdogfantasy.com,96.23,0.06,IAB9-7,V1-6,V1-6 (Gambling),category,False,True,V1-6,False,
app,56d55c72562b9c353800000d,Voodoo,6623f108853bc6953cc5709d,BeReal iOS,,,2388.85,underdogfantasy.com,96.23,0.05,IAB9-7,V1-6,V1-6 (Gambling),category_exempted,False,True,V1-6,True,"[{""advCatId"": ""V1-6"", ""domain"": ""underdogfantasy.com"", ""bundle"": """", ""rtbAccountId"": ""5f6413c9612b1a0015099993"", ""country"": """"}, {""advCatId"": ""V1-6"", ""domain"": ""underdogfantasy.com"", ""bundle"": """", ""rtbAccountId"": ""5bc0e10e25c7d7796ebe8fc0"", ""country"": """"}]"
app,59e4bb543f0fa9a20900afa3,TabTale LTD,641854429091f900e1111e9a,Glow: Fashion Idol iOS_CL,,,2381.61,underdogfantasy.com,96.23,0.05,IAB9-7,V1-6,V1-6 (Gambling),category,False,True,V1-6,False,
account,60c71d9d6b22ac0017d0bca4,AnyMind Group,,,,,2341.64,underdogfantasy.com,96.23,0.05,IAB9-7,V1-6,V1-6 (Gambling),category,False,True,V1-6,False,
account,5fc7301f7a7f0200153979c7,Aged Studio Limited,,,,,2269.61,underdogfantasy.com,96.23,0.05,IAB9-7,V1-6,V1-6 (Gambling),category,False,True,V1-6,False,
account,6376f00f3d02dc001b2940b6,MICHAT PTE. LIMITED,,,,,2161.51,underdogfantasy.com,96.23,0.05,IAB9-7,V1-6,V1-6 (Gambling),category,False,True,V1-6,False,
account,68f9f5db75ceafc7a8ee6155,LiveScore,,,,,1978.07,underdogfantasy.com,96.23,0.04,IAB9-7,V1-6,V1-6 (Gambling),category,False,True,V1-6,False,
account,561e8d956b8d90f61a0030cf,Ketchapp,,,,,1857.43,underdogfantasy.com,96.23,0.04,IAB9-7,V1-6,V1-6 (Gambling),category,False,True,V1-6,False,
account,66aafef7514c00001147c0c9,FARSUN PTE LTD,,,,,1663.8,underdogfantasy.com,96.23,0.04,IAB9-7,V1-6,V1-6 (Gambling),category,False,True,V1-6,False,
account,561e8d956b8d90f61a0026fb,Gametion,,,,,1550.37,underdogfantasy.com,96.23,0.03,IAB9-7,V1-6,V1-6 (Gambling),category,False,True,V1-6,False,
account,60013911308f3f00157538f4,"Wonder Kingdom Co., Limited",,,,,1478.69,underdogfantasy.com,96.23,0.03,IAB9-7,V1-6,V1-6 (Gambling),category,False,True,V1-6,False,
account,67e466df11985900110edd85,Activision Blizzard Media,,,,,1255.74,underdogfantasy.com,96.23,0.03,IAB9-7,V1-6,V1-6 (Gambling),category,False,True,V1-6,False,
app,6788b18b06da640011023eaf,Transsion OEM,678a0872a18672e70722ee72,palmplaystore,,,1181.3,underdogfantasy.com,96.23,0.03,IAB9-7,V1-6,V1-6 (Gambling),category,False,True,V1-6,False,
account,680ef700e2291a001165c3eb,HK01 Company Limited,,,,,1066.94,underdogfantasy.com,96.23,0.02,IAB9-7,V1-6,V1-6 (Gambling),category,False,True,V1-6,False,
account,57c05f735b2bd4fa24000030,Severex,,,,,1055.13,underdogfantasy.com,96.23,0.02,IAB9-7,V1-6,V1-6 (Gambling),category,False,True,V1-6,False,
account,64219c0480513f00143dbdc5,Match en Direct,,,,,1006.84,underdogfantasy.com,96.23,0.02,IAB9-7,V1-6,V1-6 (Gambling),category,False,True,V1-6,False,
account,5a6f56062c250d182f0056f3,Kwalee Ltd,,,,,960.59,underdogfantasy.com,96.23,0.02,IAB9-7,V1-6,V1-6 (Gambling),category,False,True,V1-6,False,
account,62ea666c62b76e001b3eca4f,LLC East-Games,,,,,927.24,underdogfantasy.com,96.23,0.02,IAB9-7,V1-6,V1-6 (Gambling),category,False,True,V1-6,False,
account,5a9d60d3b1c1666c2e0056ba,Homa Games,,,,,924.14,underdogfantasy.com,96.23,0.02,IAB9-7,V1-6,V1-6 (Gambling),category,False,True,V1-6,False,
app,6297c4bc012073001b3df035,Yandex Inc.,69297e78b88dcb4daa968fa5,tds-easyapp_com-anoshenko-android-solitaires,,,899.98,underdogfantasy.com,96.23,0.02,IAB9-7,V1-6,V1-6 (Gambling),category,False,True,V1-6,False,
account,57738b4fc76658df57000069,Hipster Whale,,,,,859.95,underdogfantasy.com,96.23,0.02,IAB9-7,V1-6,V1-6 (Gambling),category,False,True,V1-6,False,
account,686c8b9cf56dd70011f46f36,株式会社MIXI,,,,,853.13,underdogfantasy.com,96.23,0.02,IAB9-7,V1-6,V1-6 (Gambling),category,False,True,V1-6,False,
account,59edd2fb2410479748002dd0,Free Block Puzzle Games Inc.,,,,,837.38,underdogfantasy.com,96.23,0.02,IAB9-7,V1-6,V1-6 (Gambling),category,False,True,V1-6,False,
app,561e8d966b8d90f61a003414,Scopely,579c0497be7334703a000072,Wheel of Fortune - iOS,,,784.72,underdogfantasy.com,96.23,0.02,IAB9-7,V1-6,V1-6 (Gambling),category_exempted,False,True,V1-6,True,"[{""advCatId"": ""V1-6"", ""domain"": ""underdogfantasy.com"", ""bundle"": """", ""rtbAccountId"": ""5f6413c9612b1a0015099993"", ""country"": """"}, {""advCatId"": ""V1-6"", ""domain"": ""underdogfantasy.com"", ""bundle"": """", ""rtbAccountId"": ""5bc0e10e25c7d7796ebe8fc0"", ""country"": """"}]"
account,5ed79bc0705d4100103d3ecd,Dramaton LTD,,,,,784.32,underdogfantasy.com,96.23,0.02,IAB9-7,V1-6,V1-6 (Gambling),category,False,True,V1-6,False,
account,5f6830b5352f2900152f8a5a,Playspare,,,,,775.39,underdogfantasy.com,96.23,0.02,IAB9-7,V1-6,V1-6 (Gambling),category,False,True,V1-6,False,
account,63b3f932d7c5be001b86305f,hmbl,,,,,770.76,underdogfantasy.com,96.23,0.02,IAB9-7,V1-6,V1-6 (Gambling),category,False,True,V1-6,False,
account,5e66975545dc130017c52cb8,2K,,,,,743.79,underdogfantasy.com,96.23,0.02,IAB9-7,V1-6,V1-6 (Gambling),category,False,True,V1-6,False,
app,6297c4bc012073001b3df035,Yandex Inc.,691db66d63ddd979c47b5da1,yurihead_com-infoshell-recradio,,,707.53,underdogfantasy.com,96.23,0.02,IAB9-7,V1-6,V1-6 (Gambling),category,False,True,V1-6,False,
app,59e4bb543f0fa9a20900afa3,TabTale LTD,5c8661882c668752470f7fc5,Amaze iOS_CL,,,703.65,underdogfantasy.com,96.23,0.02,IAB9-7,V1-6,V1-6 (Gambling),category,False,True,V1-6,False,
account,561e8d936b8d90f61a0011da,Tactile Entertainment,,,,,700.43,underdogfantasy.com,96.23,0.02,IAB9-7,V1-6,V1-6 (Gambling),category,False,True,V1-6,False,
account,561e8d956b8d90f61a0028f7,Nexters Global LTD,,,,,680.12,underdogfantasy.com,96.23,0.01,IAB9-7,V1-6,V1-6 (Gambling),category,False,True,V1-6,False,
app,561e8d946b8d90f61a002087,Rovio,651283dcb30c764e0a120808,Angry Birds Dream Blast (Spender),,,675.42,underdogfantasy.com,96.23,0.01,IAB9-7,V1-6,V1-6 (Gambling),category,False,True,V1-6,False,
account,652f4f00b1392d0011254667,杭州视洞科技有限公司,,,,,636.54,underdogfantasy.com,96.23,0.01,IAB9-7,V1-6,V1-6 (Gambling),category,False,True,V1-6,False,
account,67bda2410543d20011d5130f,Yalla Group,,,,,634.07,underdogfantasy.com,96.23,0.01,IAB9-7,V1-6,V1-6 (Gambling),category,False,True,V1-6,False,
app,6788b18b06da640011023eaf,Transsion OEM,6791e248ffda0af1dd8c4549,moviebox,,,633.0,underdogfantasy.com,96.23,0.01,IAB9-7,V1-6,V1-6 (Gambling),category,False,True,V1-6,False,
account,561e8d936b8d90f61a000cd1,InnoGames GmbH,,,,,623.45,underdogfantasy.com,96.23,0.01,IAB9-7,V1-6,V1-6 (Gambling),category,False,True,V1-6,False,
account,65cb5af6a3d8e1001191d9d7,GameDuell GmbH,,,,,607.84,underdogfantasy.com,96.23,0.01,IAB9-7,V1-6,V1-6 (Gambling),category,False,True,V1-6,False,
app,561e8d966b8d90f61a0033c4,Moon Active,6963b8c8a37bf42bb0723c32,Jelly Busters iOS,,,585.69,underdogfantasy.com,96.23,0.01,IAB9-7,V1-6,V1-6 (Gambling),category,False,True,V1-6,False,
account,649435c2b588d00011c1b496,Rebel Family,,,,,585.1,underdogfantasy.com,96.23,0.01,IAB9-7,V1-6,V1-6 (Gambling),category,False,True,V1-6,False,
account,5746d3108e99b7da740000ad,MotionVolt Game Ltd,,,,,580.53,underdogfantasy.com,96.23,0.01,IAB9-7,V1-6,V1-6 (Gambling),category,False,True,V1-6,False,
app,561e8d956b8d90f61a003219,"Appodeal, Inc.",5912fb91085bcd9d5d00102a,com.MadOut.BIG/74079,,,530.41,underdogfantasy.com,96.23,0.01,IAB9-7,V1-6,V1-6 (Gambling),category,False,True,V1-6,False,
app,60c71d9d6b22ac0017d0bca4,AnyMind Group,685bd663e06142e32ada8192,VN_Interlink_Android,,,521.61,underdogfantasy.com,96.23,0.01,IAB9-7,V1-6,V1-6 (Gambling),category,False,True,V1-6,False,
account,65088cbbc79cc700111adcc5,Puzzlecats,,,,,510.69,underdogfantasy.com,96.23,0.01,IAB9-7,V1-6,V1-6 (Gambling),category,False,True,V1-6,False,
app,6788b18b06da640011023eaf,Transsion OEM,68ec648fbea871f372009b41,XOS Launcher Split,,,495.92,underdogfantasy.com,96.23,0.01,IAB9-7,V1-6,V1-6 (Gambling),category,False,True,V1-6,False,
app,5fb510aa8072bf0015d8d59d,Tap2Play LLC,60a4d2c2cf4957c21093d8b5,CMS_IOS_Count Masters,,,486.11,underdogfantasy.com,96.23,0.01,IAB9-7,V1-6,V1-6 (Gambling),category_exempted,False,True,V1-6,True,"[{""advCatId"": ""V1-6"", ""domain"": ""underdogfantasy.com"", ""bundle"": """", ""rtbAccountId"": ""5f6413c9612b1a0015099993"", ""country"": """"}, {""advCatId"": ""V1-6"", ""domain"": ""underdogfantasy.com"", ""bundle"": """", ""rtbAccountId"": ""5bc0e10e25c7d7796ebe8fc0"", ""country"": """"}]"
account,57ea2d4eded16aa12b0000ab,SuperBOX,,,,,478.74,underdogfantasy.com,96.23,0.01,IAB9-7,V1-6,V1-6 (Gambling),category,False,True,V1-6,False,
app,5fb510aa8072bf0015d8d59d,Tap2Play LLC,60e41f4d76d07ccbb31c2f6f,FTR_ANDROID_Fidget Trading,,,474.28,underdogfantasy.com,96.23,0.01,IAB9-7,V1-6,V1-6 (Gambling),category,False,True,V1-6,False,
app,59e4bb543f0fa9a20900afa3,TabTale LTD,5fa952a8447cc63a415502da,Phone Case DIY iOS_CL,,,458.87,underdogfantasy.com,96.23,0.01,IAB9-7,V1-6,V1-6 (Gambling),category,False,True,V1-6,False,
app,5c2e46140360b14200b6259c,Super Free Games,5c9a92cf986bfc0017807c86,Word Collect iOS,,,449.18,underdogfantasy.com,96.23,0.01,IAB9-7,V1-6,V1-6 (Gambling),category,False,True,V1-6,False,
account,68a733e9213ed4ecfa1fad75,CASHGRAIL PRIVATE LIMITED,,,,,437.65,underdogfantasy.com,96.23,0.01,IAB9-7,V1-6,V1-6 (Gambling),category,False,True,V1-6,False,
app,561e8d966b8d90f61a0033c4,Moon Active,689afb00a1e0ba6b5d6a0fa7,Merge Hotel Empire: Design,,,396.41,underdogfantasy.com,96.23,0.01,IAB9-7,V1-6,V1-6 (Gambling),category,False,True,V1-6,False,
app,561e8d946b8d90f61a0017d9,Zentertain,59ce09fca81a003c170009ae,Wort Guru,,,391.18,underdogfantasy.com,96.23,0.01,IAB9-7,V1-6,V1-6 (Gambling),category,False,True,V1-6,False,
app,56c3a378adccd1cb7e00000a,Zynga,5ea35a7efbd5250001dec930,Harry Potter,,,390.77,underdogfantasy.com,96.23,0.01,IAB9-7,V1-6,V1-6 (Gambling),category,False,True,V1-6,False,
app,561e8d946b8d90f61a002087,Rovio,6512ae485551fd9849db8def,Angry Birds Dream Blast (Spender),,,387.4,underdogfantasy.com,96.23,0.01,IAB9-7,V1-6,V1-6 (Gambling),category,False,True,V1-6,False,
app,561e8d966b8d90f61a0033c4,Moon Active,57173acc4e8b174875000026,My Cafe Android,,,357.66,underdogfantasy.com,96.23,0.01,IAB9-7,V1-6,V1-6 (Gambling),category,False,True,V1-6,False,
account,6228871f2435180014928c15,madarsoft,,,,,354.02,underdogfantasy.com,96.23,0.01,IAB9-7,V1-6,V1-6 (Gambling),category,False,True,V1-6,False,
account,57161e4b90ba5de06e000059,OFFICE CREATE Corp.,,,,,335.75,underdogfantasy.com,96.23,0.01,IAB9-7,V1-6,V1-6 (Gambling),category,False,True,V1-6,False,
account,5ac21c1686dad73ecbc17757,NORTH STAR,,,,,335.45,underdogfantasy.com,96.23,0.01,IAB9-7,V1-6,V1-6 (Gambling),category,False,True,V1-6,False,
account,637bfae8059dbe0014b199dc,Naver Z Corporation,,,,,329.8,underdogfantasy.com,96.23,0.01,IAB9-7,V1-6,V1-6 (Gambling),category,False,True,V1-6,False,
app,56d55c72562b9c353800000d,Voodoo,62154ba2c1aeb964ddda691c,Wizz - Make new friends - iOS,,,328.32,underdogfantasy.com,96.23,0.01,IAB9-7,V1-6,V1-6 (Gambling),category,False,True,V1-6,False,
account,673ed5063800780011af0611,Image Future Investment (HK) Limite,,,,,327.82,underdogfantasy.com,96.23,0.01,IAB9-7,V1-6,V1-6 (Gambling),category,False,True,V1-6,False,
app,5981a22bcf89a5b87f001edf,ROCKETADS LTD BV,67b554672363a440422ff5b1,Grus - Fashion Impress iOS,,,322.11,underdogfantasy.com,96.23,0.01,IAB9-7,V1-6,V1-6 (Gambling),category,False,True,V1-6,False,
account,64be49e17c1dd00011cb052e,LolTap,,,,,310.17,underdogfantasy.com,96.23,0.01,IAB9-7,V1-6,V1-6 (Gambling),category,False,True,V1-6,False,
app,6247027c20721a0018bb6528,First Touch Games,64787b6711f74ed45246d310,Score! Hero,,,300.07,underdogfantasy.com,96.23,0.01,IAB9-7,V1-6,V1-6 (Gambling),category,False,True,V1-6,False,
account,6951f51a84cdc295ad688303,NExT Initiatives Limited,,,,,293.04,underdogfantasy.com,96.23,0.01,IAB9-7,V1-6,V1-6 (Gambling),category,False,True,V1-6,False,
app,6788b18b06da640011023eaf,Transsion OEM,6895ab291e65eaa858e986e8,Phonemaster,,,273.42,underdogfantasy.com,96.23,0.01,IAB9-7,V1-6,V1-6 (Gambling),category,False,True,V1-6,False,
app,561e8d976b8d90f61a00402a,Gameloft - Master Account,5873ca9f3a2fdbe202000596,Disney Magic Kingdoms,,,272.61,underdogfantasy.com,96.23,0.01,IAB9-7,V1-6,V1-6 (Gambling),category,False,True,V1-6,False,
account,57ab0b38c6ebd5c83300007e,Good Job Games (Azur),,,,,266.9,underdogfantasy.com,96.23,0.01,IAB9-7,V1-6,V1-6 (Gambling),category,False,True,V1-6,False,
account,6852951e892f9d0011d467c1,Tencent Music,,,,,260.61,underdogfantasy.com,96.23,0.01,IAB9-7,V1-6,V1-6 (Gambling),category,False,True,V1-6,False,
account,5f740e1f612b1a001509a07e,TP Entertainment,,,,,248.84,underdogfantasy.com,96.23,0.01,IAB9-7,V1-6,V1-6 (Gambling),category,False,True,V1-6,False,
account,68415e707dd0f900116754fe,HelloTalk,,,,,241.03,underdogfantasy.com,96.23,0.01,IAB9-7,V1-6,V1-6 (Gambling),category,False,True,V1-6,False,
app,5e66975545dc130017c52cb8,2K,5e7e2bcf298b770001f9f92b,WWE SuperCard – Multiplayer Card Battle Game Android,,,240.46,underdogfantasy.com,96.23,0.01,IAB9-7,V1-6,V1-6 (Gambling),category,False,True,V1-6,False,
app,6788b18b06da640011023eaf,Transsion OEM,678a007052e0399f6534ab63,XOS Launcher,,,236.07,underdogfantasy.com,96.23,0.01,IAB9-7,V1-6,V1-6 (Gambling),category,False,True,V1-6,False,
account,5a8bdb7eee07eaab7100113a,Noktacom Media Corp.,,,,,226.19,underdogfantasy.com,96.23,0.0,IAB9-7,V1-6,V1-6 (Gambling),category,False,True,V1-6,False,
account,58fb280c667e4279600004a9,GD4Kids,,,,,224.95,underdogfantasy.com,96.23,0.0,IAB9-7,V1-6,V1-6 (Gambling),category,False,True,V1-6,False,
account,561e8d936b8d90f61a00139e,Yodo1,,,,,213.38,underdogfantasy.com,96.23,0.0,IAB9-7,V1-6,V1-6 (Gambling),category,False,True,V1-6,False,
app,561e8d976b8d90f61a003e2e,Murka,56348466dcec046847000033,Scatter Slots Murka Android,,,213.29,underdogfantasy.com,96.23,0.0,IAB9-7,V1-6,V1-6 (Gambling),category,False,True,V1-6,False,
account,6863d0817b40620011280a68,MYNET INTERNET TEKNOLOJI AS,,,,,211.97,underdogfantasy.com,96.23,0.0,IAB9-7,V1-6,V1-6 (Gambling),category,False,True,V1-6,False,
app,5fb510aa8072bf0015d8d59d,Tap2Play LLC,63ff72c440f9e74e6c22fc38,SHO_ANDROID_Shoot It,,,183.73,underdogfantasy.com,96.23,0.0,IAB9-7,V1-6,V1-6 (Gambling),category,False,True,V1-6,False,
app,561e8d936b8d90f61a00134a,Veraxen Ltd,671107b44e4ec015241367ad,Goods Sort Andr,,,181.76,underdogfantasy.com,96.23,0.0,IAB9-7,V1-6,V1-6 (Gambling),category,False,True,V1-6,False,
account,5eb538be15474a0017ff985f,DEVGAME OU,,,,,181.37,underdogfantasy.com,96.23,0.0,IAB9-7,V1-6,V1-6 (Gambling),category,False,True,V1-6,False,
account,65afbcd2dc68e70011e13631,Revani Limited,,,,,179.33,underdogfantasy.com,96.23,0.0,IAB9-7,V1-6,V1-6 (Gambling),category,False,True,V1-6,False,
account,561e8d976b8d90f61a003f63,smartstudy,,,,,175.94,underdogfantasy.com,96.23,0.0,IAB9-7,V1-6,V1-6 (Gambling),category,False,True,V1-6,False,
account,62e1450f4dbc53001a4249eb,BLUE HAT FZE LLC,,,,,173.77,underdogfantasy.com,96.23,0.0,IAB9-7,V1-6,V1-6 (Gambling),category,False,True,V1-6,False,
app,561e8d946b8d90f61a001926,WB Games,5e67195e73dde7000173d596,Mortal Kombat Android,,,166.94,underdogfantasy.com,96.23,0.0,IAB9-7,V1-6,V1-6 (Gambling),category,False,True,V1-6,False,
account,69ceb9e50e0891e59aa188ce,Candlelight Games Inc,,,,,151.54,underdogfantasy.com,96.23,0.0,IAB9-7,V1-6,V1-6 (Gambling),category,False,True,V1-6,False,
app,5ca2413d406d8e001260b34f,Coeur de Jeu,5ca241748936930019f2e166,Dazzly,,,144.57,underdogfantasy.com,96.23,0.0,IAB9-7,V1-6,V1-6 (Gambling),category,False,True,V1-6,False,
app,59e4bb543f0fa9a20900afa3,TabTale LTD,66c7102a18a521b865426011,Bus Frenzy,,,124.53,underdogfantasy.com,96.23,0.0,IAB9-7,V1-6,V1-6 (Gambling),category,False,True,V1-6,False,
account,5eecaeaded99620015f97c0c,Maglab Oyun Teknolojileri Bilişim Yazılım Tasarım Yay. Tic. A.Ş,,,,,113.57,underdogfantasy.com,96.23,0.0,IAB9-7,V1-6,V1-6 (Gambling),category,False,True,V1-6,False,
app,5fb510aa8072bf0015d8d59d,Tap2Play LLC,624452e28ddaecca4dff7afc,CRO_ANDROID_Crazy Office,,,106.89,underdogfantasy.com,96.23,0.0,IAB9-7,V1-6,V1-6 (Gambling),category,False,True,V1-6,False,
account,66d03ee46f113e0011988b4d,Ömer Sina Ceylan,,,,,100.39,underdogfantasy.com,96.23,0.0,IAB9-7,V1-6,V1-6 (Gambling),category,False,True,V1-6,False,
